patient_id,tile_id,outer_fold,target,y_true,mu_pred
CH_L_275a,10-11,0,FMRP,-0.027519202,-0.025131523609161377
CH_L_275a,10-12,0,FMRP,-0.011833278,-0.025280281901359558
CH_L_275a,10-13,0,FMRP,-0.04381521,-0.02530241385102272
CH_L_275a,10-14,0,FMRP,-0.061284114,-0.025531820952892303
CH_L_275a,10-15,0,FMRP,-0.089871824,-0.0260885301977396
CH_L_275a,6-11,0,FMRP,0.022554794,-0.024826811626553535
CH_L_275a,6-12,0,FMRP,0.05045089,-0.024821704253554344
CH_L_275a,6-13,0,FMRP,0.03515567,-0.02476852759718895
CH_L_275a,6-14,0,FMRP,0.0009340256,-0.02532222867012024
CH_L_275a,7-11,0,FMRP,0.04380312,-0.025031335651874542
CH_L_275a,7-12,0,FMRP,0.048990447,-0.02491144835948944
CH_L_275a,7-13,0,FMRP,0.04749385,-0.024889107793569565
CH_L_275a,7-14,0,FMRP,-0.019500354,-0.02534499578177929
CH_L_275a,8-11,0,FMRP,0.04612898,-0.025153638795018196
CH_L_275a,8-12,0,FMRP,0.034566037,-0.02522486262023449
CH_L_275a,8-13,0,FMRP,0.006194538,-0.025186382234096527
CH_L_275a,8-14,0,FMRP,0.006230027,-0.025522381067276
CH_L_275a,8-15,0,FMRP,-0.0351042,-0.025932999327778816
CH_L_275a,9-11,0,FMRP,0.004217366,-0.02520602196455002
CH_L_275a,9-12,0,FMRP,0.01813283,-0.02529233694076538
CH_L_275a,9-13,0,FMRP,-0.0133926235,-0.025195490568876266
CH_L_275a,9-14,0,FMRP,-0.026707584,-0.02557368390262127
CH_L_275a,9-15,0,FMRP,-0.0657223,-0.025991695001721382
CH_L_276a,10-10,4,FMRP,-0.05284058,-0.023582272231578827
CH_L_276a,10-11,4,FMRP,-0.042053293,-0.023720374330878258
CH_L_276a,10-12,4,FMRP,-0.03826153,-0.023715006187558174
CH_L_276a,10-8,4,FMRP,-0.046102803,-0.02358042262494564
CH_L_276a,10-9,4,FMRP,-0.050950687,-0.02362651564180851
CH_L_276a,5-10,4,FMRP,-0.021996325,-0.023681137710809708
CH_L_276a,5-9,4,FMRP,-0.05149818,-0.02355853095650673
CH_L_276a,6-10,4,FMRP,-0.027178438,-0.023972395807504654
CH_L_276a,6-11,4,FMRP,-0.005548614,-0.02395011857151985
CH_L_276a,6-8,4,FMRP,-0.08787746,-0.02347417362034321
CH_L_276a,6-9,4,FMRP,-0.041709434,-0.023432884365320206
CH_L_276a,7-10,4,FMRP,-0.03245046,-0.02362224832177162
CH_L_276a,7-11,4,FMRP,-0.009840398,-0.023975426331162453
CH_L_276a,7-8,4,FMRP,-0.07922876,-0.023586228489875793
CH_L_276a,7-9,4,FMRP,-0.041621514,-0.023599330335855484
CH_L_276a,8-10,4,FMRP,-0.041757643,-0.023648178204894066
CH_L_276a,8-11,4,FMRP,-0.019661486,-0.02383652701973915
CH_L_276a,8-12,4,FMRP,-0.027531555,-0.023825187236070633
CH_L_276a,9-10,4,FMRP,-0.02788908,-0.023629792034626007
CH_L_276a,9-11,4,FMRP,-0.013205808,-0.02395864576101303
CH_L_276a,9-12,4,FMRP,-0.032204762,-0.023934800177812576
CH_L_276a,9-8,4,FMRP,-0.06937417,-0.02333798259496689
CH_L_277a,2-10,4,FMRP,0.080592565,-0.02220960147678852
CH_L_277a,2-8,4,FMRP,0.003170028,-0.02220960147678852
CH_L_277a,2-9,4,FMRP,0.059483536,-0.02220960147678852
CH_L_277a,3-10,4,FMRP,0.028018244,-0.022216912358999252
CH_L_277a,3-6,4,FMRP,-0.045642223,-0.02221699059009552
CH_L_277a,3-7,4,FMRP,-0.004008129,-0.022216912358999252
CH_L_277a,3-8,4,FMRP,0.074490584,-0.022216912358999252
CH_L_277a,3-9,4,FMRP,0.08233103,-0.022216912358999252
CH_L_277a,4-6,4,FMRP,-0.004966299,-0.021920695900917053
CH_L_277a,4-7,4,FMRP,0.05003495,-0.021920695900917053
CH_L_277a,4-8,4,FMRP,0.038066186,-0.021920695900917053
CH_L_277a,4-9,4,FMRP,0.059465006,-0.021920695900917053
CH_L_277a,5-6,4,FMRP,0.024488714,-0.022079285234212875
CH_L_277a,5-7,4,FMRP,0.013252851,-0.022079285234212875
CH_L_277a,5-8,4,FMRP,0.006763961,-0.022079285234212875
CH_L_277a,6-6,4,FMRP,0.0622949,-0.021926378831267357
CH_L_278a,10-11,2,FMRP,-0.006729742,-0.022163743153214455
CH_L_278a,5-10,2,FMRP,0.046956204,-0.021160075441002846
CH_L_278a,7-11,2,FMRP,0.02351476,-0.02215159684419632
CH_L_278a,7-12,2,FMRP,0.025976187,-0.022362271323800087
CH_L_278a,7-14,2,FMRP,0.074587144,-0.022362271323800087
CH_L_278a,8-11,2,FMRP,0.07125903,-0.022284964099526405
CH_L_278a,8-12,2,FMRP,0.06723527,-0.02240966632962227
CH_L_278a,8-13,2,FMRP,0.07910748,-0.02240966632962227
CH_L_278a,8-14,2,FMRP,0.07062872,-0.02240966632962227
CH_L_278a,9-11,2,FMRP,0.09571109,-0.022227693349123
CH_L_278a,9-12,2,FMRP,0.047821715,-0.022184940055012703
CH_L_279a,10-12,0,FMRP,-0.06904382,-0.02555209770798683
CH_L_279a,10-9,0,FMRP,-0.04406245,-0.025210455060005188
CH_L_279a,5-10,0,FMRP,-0.028286608,-0.024561436846852303
CH_L_279a,5-11,0,FMRP,-0.026314432,-0.025458194315433502
CH_L_279a,6-10,0,FMRP,-0.02735865,-0.024585410952568054
CH_L_279a,6-11,0,FMRP,-0.024852062,-0.02545577846467495
CH_L_279a,6-12,0,FMRP,-0.058191426,-0.02545577846467495
CH_L_279a,6-8,0,FMRP,-0.04484999,-0.023493802174925804
CH_L_279a,6-9,0,FMRP,-0.03187962,-0.023429540917277336
CH_L_279a,7-10,0,FMRP,-0.015664455,-0.024381769821047783
CH_L_279a,7-9,0,FMRP,-0.027662156,-0.023609763011336327
CH_L_279a,8-10,0,FMRP,-0.08246946,-0.02475460059940815
CH_L_279a,8-8,0,FMRP,-0.04397033,-0.02404104731976986
CH_L_279a,8-9,0,FMRP,-0.060917538,-0.02365131489932537
CH_L_279a,9-12,0,FMRP,-0.0453565,-0.025465553626418114
CH_L_279a,9-13,0,FMRP,-0.09481051,-0.025465553626418114
CH_L_280a,10-4,1,FMRP,-0.0008065589,-0.02458214946091175
CH_L_280a,10-5,1,FMRP,-0.009710367,-0.02433081530034542
CH_L_280a,10-6,1,FMRP,-0.007782574,-0.024501550942659378
CH_L_280a,10-7,1,FMRP,-0.017054034,-0.02451564185321331
CH_L_280a,10-8,1,FMRP,-0.0069233472,-0.024538889527320862
CH_L_280a,10-9,1,FMRP,0.016391058,-0.024538889527320862
CH_L_280a,11-5,1,FMRP,0.0015770842,-0.02433081530034542
CH_L_280a,11-6,1,FMRP,-0.008202921,-0.024501550942659378
CH_L_280a,11-7,1,FMRP,0.0024229102,-0.02451564185321331
CH_L_280a,11-8,1,FMRP,-0.010990494,-0.024538889527320862
CH_L_280a,6-4,1,FMRP,-0.00649873,-0.024072721600532532
CH_L_280a,6-5,1,FMRP,-0.014388914,-0.024080846458673477
CH_L_280a,6-6,1,FMRP,-0.004416672,-0.02386416122317314
CH_L_280a,6-7,1,FMRP,-0.0052402513,-0.024420175701379776
CH_L_280a,6-8,1,FMRP,0.0010072087,-0.024426717311143875
CH_L_280a,6-9,1,FMRP,0.009966714,-0.024426717311143875
CH_L_280a,7-4,1,FMRP,-0.030375704,-0.024244362488389015
CH_L_280a,7-5,1,FMRP,-0.015128928,-0.02397441305220127
CH_L_280a,7-6,1,FMRP,-0.016951466,-0.024176228791475296
CH_L_280a,7-7,1,FMRP,-0.021768793,-0.02442433126270771
CH_L_280a,7-8,1,FMRP,-0.008045544,-0.02467440813779831
CH_L_280a,7-9,1,FMRP,0.0049744206,-0.02467440813779831
CH_L_280a,8-4,1,FMRP,-0.041315068,-0.02458214946091175
CH_L_280a,8-5,1,FMRP,-0.01683444,-0.02433081530034542
CH_L_280a,8-6,1,FMRP,-0.035029624,-0.024501550942659378
CH_L_280a,8-7,1,FMRP,-0.050863005,-0.02451564185321331
CH_L_280a,8-8,1,FMRP,-0.014641669,-0.024538889527320862
CH_L_280a,8-9,1,FMRP,0.006689229,-0.024538889527320862
CH_L_280a,9-4,1,FMRP,-0.0028848585,-0.02458214946091175
CH_L_280a,9-5,1,FMRP,-0.014661428,-0.02433081530034542
CH_L_280a,9-6,1,FMRP,-0.01499061,-0.024501550942659378
CH_L_280a,9-7,1,FMRP,-0.002485255,-0.02451564185321331
CH_L_280a,9-8,1,FMRP,-0.010131724,-0.024538889527320862
CH_L_280a,9-9,1,FMRP,-0.007994793,-0.024538889527320862
CH_L_281a,10-21,2,FMRP,-0.09782572,-0.022713789716362953
CH_L_281a,10-22,2,FMRP,-0.09171929,-0.022713789716362953
CH_L_281a,10-23,2,FMRP,-0.094098605,-0.022713789716362953
CH_L_281a,10-24,2,FMRP,-0.07632515,-0.022713789716362953
CH_L_281a,11-21,2,FMRP,-0.07165153,-0.02268577553331852
CH_L_281a,11-22,2,FMRP,-0.06810443,-0.02268577553331852
CH_L_281a,6-21,2,FMRP,-0.110051006,-0.022641556337475777
CH_L_281a,6-22,2,FMRP,-0.067593314,-0.022641556337475777
CH_L_281a,6-23,2,FMRP,-0.07412366,-0.022641556337475777
CH_L_281a,6-24,2,FMRP,-0.07802585,-0.022641556337475777
CH_L_281a,6-25,2,FMRP,-0.09200183,-0.022641556337475777
CH_L_281a,6-26,2,FMRP,-0.08529657,-0.022641556337475777
CH_L_281a,7-21,2,FMRP,-0.10712954,-0.022763142362236977
CH_L_281a,7-22,2,FMRP,-0.05704428,-0.022763142362236977
CH_L_281a,7-23,2,FMRP,-0.06552225,-0.022763142362236977
CH_L_281a,7-24,2,FMRP,-0.063076295,-0.022763142362236977
CH_L_281a,7-25,2,FMRP,-0.08270824,-0.022763142362236977
CH_L_281a,7-26,2,FMRP,-0.07880155,-0.022763142362236977
CH_L_281a,8-22,2,FMRP,-0.08453428,-0.022678080946207047
CH_L_281a,8-23,2,FMRP,-0.042190187,-0.022678080946207047
CH_L_281a,8-24,2,FMRP,-0.05261983,-0.022678080946207047
CH_L_281a,8-25,2,FMRP,-0.07169781,-0.022678080946207047
CH_L_281a,8-26,2,FMRP,-0.07969664,-0.022678080946207047
CH_L_281a,9-23,2,FMRP,-0.09024417,-0.02266448549926281
CH_L_281a,9-24,2,FMRP,-0.06831757,-0.02266448549926281
CH_L_281a,9-26,2,FMRP,-0.06542374,-0.02266448549926281
CH_L_281b,3-2,2,FMRP,-0.088432975,-0.020539458841085434
CH_L_281b,3-3,2,FMRP,-0.065021746,-0.020256005227565765
CH_L_281b,3-5,2,FMRP,-0.057818204,-0.01973486691713333
CH_L_281b,3-6,2,FMRP,-0.079881065,-0.020335163921117783
CH_L_281b,4-2,2,FMRP,-0.048990577,-0.020244630053639412
CH_L_281b,4-3,2,FMRP,-0.0011701412,-0.020299753174185753
CH_L_281b,4-5,2,FMRP,-0.0068790056,-0.01985793374478817
CH_L_281b,4-6,2,FMRP,-0.030055255,-0.020588543266057968
CH_L_281b,5-2,2,FMRP,-0.03469735,-0.020306913182139397
CH_L_281b,5-3,2,FMRP,-0.01725582,-0.019786983728408813
CH_L_281b,5-5,2,FMRP,-0.024976954,-0.019987454637885094
CH_L_281b,5-6,2,FMRP,-0.0029428701,-0.02040787972509861
CH_L_281b,6-3,2,FMRP,-0.03205882,-0.02020852640271187
CH_L_281b,6-4,2,FMRP,-0.026989063,-0.020495787262916565
CH_L_281b,6-5,2,FMRP,-0.011234102,-0.02052147500216961
CH_L_281b,6-6,2,FMRP,-0.03043119,-0.021297840401530266
CH_L_281b,7-2,2,FMRP,-0.061462887,-0.020467815920710564
CH_L_281b,7-5,2,FMRP,-0.043396294,-0.02052147500216961
CH_L_281b,7-6,2,FMRP,-0.057844464,-0.021297840401530266
CH_L_281b,8-2,2,FMRP,-0.058674894,-0.020467815920710564
CH_L_282a,10-7,2,FMRP,-0.095500216,-0.02130863070487976
CH_L_282a,10-8,2,FMRP,-0.07734651,-0.021296512335538864
CH_L_282a,10-9,2,FMRP,-0.071380295,-0.021932439878582954
CH_L_282a,11-8,2,FMRP,-0.068808004,-0.021296512335538864
CH_L_282a,11-9,2,FMRP,-0.07557123,-0.021932439878582954
CH_L_282a,12-9,2,FMRP,-0.09805319,-0.021932439878582954
CH_L_282a,7-10,2,FMRP,-0.06037964,-0.02131427824497223
CH_L_282a,7-11,2,FMRP,-0.07267445,-0.02131427824497223
CH_L_282a,7-9,2,FMRP,-0.0939328,-0.02131427824497223
CH_L_282a,8-10,2,FMRP,-0.07887067,-0.021417146548628807
CH_L_282a,8-11,2,FMRP,-0.07177148,-0.021417146548628807
CH_L_282a,8-7,2,FMRP,-0.096405655,-0.021145738661289215
CH_L_282a,8-9,2,FMRP,-0.09522076,-0.021417146548628807
CH_L_282a,9-10,2,FMRP,-0.08597011,-0.021932439878582954
CH_L_282a,9-11,2,FMRP,-0.057008892,-0.021932439878582954
CH_L_283a,10-10,1,FMRP,-0.043477513,-0.02601039968430996
CH_L_283a,10-11,1,FMRP,-0.048943587,-0.02623726986348629
CH_L_283a,10-6,1,FMRP,-0.030281205,-0.026225140318274498
CH_L_283a,10-7,1,FMRP,-0.021466397,-0.026328831911087036
CH_L_283a,10-8,1,FMRP,-0.033105858,-0.026284854859113693
CH_L_283a,10-9,1,FMRP,-0.04196532,-0.026318177580833435
CH_L_283a,11-10,1,FMRP,-0.028724523,-0.02613011747598648
CH_L_283a,11-11,1,FMRP,-0.031677693,-0.02623048424720764
CH_L_283a,11-6,1,FMRP,-0.09372062,-0.02621357887983322
CH_L_283a,11-7,1,FMRP,-0.05292326,-0.026272354647517204
CH_L_283a,11-8,1,FMRP,-0.04487967,-0.026006042957305908
CH_L_283a,11-9,1,FMRP,-0.032795478,-0.02635664865374565
CH_L_283a,12-10,1,FMRP,-0.059938498,-0.026323514059185982
CH_L_283a,12-11,1,FMRP,-0.03375745,-0.026078272610902786
CH_L_283a,12-7,1,FMRP,-0.08680204,-0.026292774826288223
CH_L_283a,12-8,1,FMRP,-0.06309604,-0.025791121646761894
CH_L_283a,12-9,1,FMRP,-0.04917563,-0.026481997221708298
CH_L_283a,7-10,1,FMRP,-0.044356305,-0.025543615221977234
CH_L_283a,7-11,1,FMRP,-0.06031216,-0.026314688846468925
CH_L_283a,7-7,1,FMRP,-0.035068467,-0.026427745819091797
CH_L_283a,7-8,1,FMRP,-0.04221056,-0.02631543204188347
CH_L_283a,7-9,1,FMRP,-0.044688396,-0.026109322905540466
CH_L_283a,8-10,1,FMRP,-0.043964684,-0.02616850659251213
CH_L_283a,8-11,1,FMRP,-0.05552559,-0.026335516944527626
CH_L_283a,8-7,1,FMRP,-0.041674074,-0.026286656036973
CH_L_283a,8-8,1,FMRP,-0.03157058,-0.026385998353362083
CH_L_283a,8-9,1,FMRP,-0.026666429,-0.026366587728261948
CH_L_283a,9-10,1,FMRP,-0.043211155,-0.026244018226861954
CH_L_283a,9-11,1,FMRP,-0.048592344,-0.026171406731009483
CH_L_283a,9-6,1,FMRP,-0.028700339,-0.026265215128660202
CH_L_283a,9-7,1,FMRP,-0.039051235,-0.026374341920018196
CH_L_283a,9-8,1,FMRP,-0.03125186,-0.02633880451321602
CH_L_283a,9-9,1,FMRP,-0.037937127,-0.026349613443017006
CH_L_284a,10-10,0,FMRP,-0.08997395,-0.024596378207206726
CH_L_284a,10-7,0,FMRP,-0.08456991,-0.02512223832309246
CH_L_284a,10-8,0,FMRP,-0.067015074,-0.025171728804707527
CH_L_284a,10-9,0,FMRP,-0.091728434,-0.02505517564713955
CH_L_284a,11-10,0,FMRP,-0.08780817,-0.024596378207206726
CH_L_284a,11-8,0,FMRP,-0.0808798,-0.025171728804707527
CH_L_284a,11-9,0,FMRP,-0.08880291,-0.02505517564713955
CH_L_284a,9-7,0,FMRP,-0.087023646,-0.024936700239777565
CH_L_284a,9-8,0,FMRP,-0.083741866,-0.02497073821723461
CH_L_284a,9-9,0,FMRP,-0.09298606,-0.025043733417987823
CH_L_285a,5-10,1,FMRP,-0.08984076,-0.025057323276996613
CH_L_285a,5-6,1,FMRP,-0.07166872,-0.0243962612003088
CH_L_285a,5-8,1,FMRP,-0.078840695,-0.024839501827955246
CH_L_285a,5-9,1,FMRP,-0.07781817,-0.025057323276996613
CH_L_285a,6-10,1,FMRP,-0.07450409,-0.02491672709584236
CH_L_285a,6-11,1,FMRP,-0.103810966,-0.02491672709584236
CH_L_285a,6-6,1,FMRP,-0.080634266,-0.02436048723757267
CH_L_285a,6-8,1,FMRP,-0.079050206,-0.02471150830388069
CH_L_285a,6-9,1,FMRP,-0.0811586,-0.02491672709584236
CH_L_285a,7-10,1,FMRP,-0.090477996,-0.02466508559882641
CH_L_285a,7-11,1,FMRP,-0.094581805,-0.02466508559882641
CH_L_285a,7-6,1,FMRP,-0.091858275,-0.02431032806634903
CH_L_285a,7-8,1,FMRP,-0.07867238,-0.02453329972922802
CH_L_285a,7-9,1,FMRP,-0.08837147,-0.02466508559882641
CH_L_285a,8-10,1,FMRP,-0.10391713,-0.02466602809727192
CH_L_285a,8-6,1,FMRP,-0.07887338,-0.023934537544846535
CH_L_285a,8-7,1,FMRP,-0.10115331,-0.023448003455996513
CH_L_285a,8-8,1,FMRP,-0.0938109,-0.0245161522179842
CH_L_285a,8-9,1,FMRP,-0.10750544,-0.02466602809727192
CH_L_285a,9-10,1,FMRP,-0.102959424,-0.024808036163449287
CH_L_285a,9-9,1,FMRP,-0.10508029,-0.024808036163449287
CH_L_287a,10-11,0,FMRP,-0.084381886,-0.02444648928940296
CH_L_287a,10-12,0,FMRP,-0.084384024,-0.024105828255414963
CH_L_287a,10-13,0,FMRP,-0.07420204,-0.024793589487671852
CH_L_287a,10-14,0,FMRP,-0.039250314,-0.025889927521348
CH_L_287a,10-15,0,FMRP,-0.04834576,-0.025889927521348
CH_L_287a,5-11,0,FMRP,-0.055444036,-0.024348575621843338
CH_L_287a,6-10,0,FMRP,-0.065205105,-0.024189233779907227
CH_L_287a,6-11,0,FMRP,-0.051137723,-0.02419780008494854
CH_L_287a,6-12,0,FMRP,-0.059497178,-0.024293826892971992
CH_L_287a,7-10,0,FMRP,-0.08342079,-0.02449502795934677
CH_L_287a,7-11,0,FMRP,-0.069349065,-0.02454058825969696
CH_L_287a,7-12,0,FMRP,-0.060354624,-0.02437792532145977
CH_L_287a,7-13,0,FMRP,-0.056810312,-0.02492399699985981
CH_L_287a,8-10,0,FMRP,-0.05705572,-0.024659521877765656
CH_L_287a,8-11,0,FMRP,-0.07666578,-0.02444639801979065
CH_L_287a,8-12,0,FMRP,-0.057169396,-0.02429523691534996
CH_L_287a,8-13,0,FMRP,-0.045906853,-0.024707969278097153
CH_L_287a,8-14,0,FMRP,-0.080990694,-0.025632860139012337
CH_L_287a,9-11,0,FMRP,-0.087938055,-0.02429082803428173
CH_L_287a,9-12,0,FMRP,-0.076455005,-0.024294337257742882
CH_L_287a,9-13,0,FMRP,-0.048470713,-0.024806372821331024
CH_L_287a,9-14,0,FMRP,-0.061736796,-0.02583792805671692
CH_L_288a,4-3,2,FMRP,-0.10068017,-0.020501237362623215
CH_L_288a,4-4,2,FMRP,-0.09897997,-0.020827991887927055
CH_L_288a,4-6,2,FMRP,-0.09455545,-0.020551923662424088
CH_L_288a,4-7,2,FMRP,-0.09293327,-0.020727988332509995
CH_L_288a,5-3,2,FMRP,-0.09269342,-0.020301684737205505
CH_L_288a,5-4,2,FMRP,-0.09889109,-0.02048119530081749
CH_L_288a,5-6,2,FMRP,-0.09536112,-0.02010725438594818
CH_L_288a,5-7,2,FMRP,-0.09602266,-0.020189587026834488
CH_L_288a,6-4,2,FMRP,-0.09154385,-0.020330412313342094
CH_L_288a,6-5,2,FMRP,-0.08896932,-0.02042493037879467
CH_L_288a,6-6,2,FMRP,-0.08241445,-0.020326578989624977
CH_L_288a,6-7,2,FMRP,-0.076593615,-0.020316801965236664
CH_L_288a,7-3,2,FMRP,-0.10082384,-0.020639000460505486
CH_L_288a,7-4,2,FMRP,-0.09005553,-0.020450064912438393
CH_L_288a,7-5,2,FMRP,-0.08998548,-0.020506776869297028
CH_L_288a,7-6,2,FMRP,-0.080707766,-0.02045789174735546
CH_L_288a,7-7,2,FMRP,-0.07643058,-0.020615702494978905
CH_L_288a,8-4,2,FMRP,-0.079850644,-0.020450064912438393
CH_L_288a,8-5,2,FMRP,-0.07296301,-0.020506776869297028
CH_L_288a,8-6,2,FMRP,-0.07516759,-0.02045789174735546
CH_L_288a,8-7,2,FMRP,-0.09109079,-0.020615702494978905
CH_L_288a,9-3,2,FMRP,-0.09394477,-0.020639000460505486
CH_L_288a,9-4,2,FMRP,-0.09665774,-0.020450064912438393
CH_L_288a,9-5,2,FMRP,-0.090026096,-0.020506776869297028
CH_L_288a,9-6,2,FMRP,-0.096127465,-0.02045789174735546
CH_L_289a,10-10,4,FMRP,-0.037393913,-0.02425379492342472
CH_L_289a,10-11,4,FMRP,-0.042528156,-0.02437633089721203
CH_L_289a,10-12,4,FMRP,-0.02626675,-0.02437633089721203
CH_L_289a,10-13,4,FMRP,0.007848491,-0.02437633089721203
CH_L_289a,5-10,4,FMRP,-0.03917875,-0.024029821157455444
CH_L_289a,5-11,4,FMRP,-0.061176475,-0.024581843987107277
CH_L_289a,5-12,4,FMRP,-0.0378275,-0.024581843987107277
CH_L_289a,5-13,4,FMRP,-0.012132248,-0.024581843987107277
CH_L_289a,5-14,4,FMRP,-0.001630144,-0.024581843987107277
CH_L_289a,5-15,4,FMRP,0.015294294,-0.024581843987107277
CH_L_289a,6-10,4,FMRP,-0.044382308,-0.023975566029548645
CH_L_289a,6-11,4,FMRP,-0.047780905,-0.024488171562552452
CH_L_289a,6-12,4,FMRP,-0.040401373,-0.024488171562552452
CH_L_289a,6-13,4,FMRP,-0.024921993,-0.024488171562552452
CH_L_289a,6-14,4,FMRP,-7.5439195e-05,-0.024488171562552452
CH_L_289a,6-15,4,FMRP,0.027021939,-0.024488171562552452
CH_L_289a,7-10,4,FMRP,-0.070287004,-0.02394603192806244
CH_L_289a,7-11,4,FMRP,-0.078653544,-0.024365153163671494
CH_L_289a,7-12,4,FMRP,-0.035440758,-0.024365153163671494
CH_L_289a,7-13,4,FMRP,-0.010982481,-0.024365153163671494
CH_L_289a,7-14,4,FMRP,0.014271538,-0.024365153163671494
CH_L_289a,7-15,4,FMRP,0.015352914,-0.024365153163671494
CH_L_289a,8-10,4,FMRP,-0.08672916,-0.02394627407193184
CH_L_289a,8-11,4,FMRP,-0.08371794,-0.02452448196709156
CH_L_289a,8-12,4,FMRP,-0.056266006,-0.02452448196709156
CH_L_289a,8-13,4,FMRP,-0.0124010835,-0.02452448196709156
CH_L_289a,8-14,4,FMRP,0.017986987,-0.02452448196709156
CH_L_289a,8-15,4,FMRP,-0.008268648,-0.02452448196709156
CH_L_289a,9-10,4,FMRP,-0.06593519,-0.02397988922894001
CH_L_289a,9-11,4,FMRP,-0.06755123,-0.024337472394108772
CH_L_289a,9-12,4,FMRP,-0.025932824,-0.024337472394108772
CH_L_289a,9-13,4,FMRP,-0.0042140516,-0.024337472394108772
CH_L_289a,9-14,4,FMRP,-0.012555359,-0.024337472394108772
CH_L_290a,10-15,1,FMRP,0.02623666,-0.02680974453687668
CH_L_290a,10-16,1,FMRP,0.022685438,-0.02680974453687668
CH_L_290a,5-14,1,FMRP,0.09339928,-0.027034156024456024
CH_L_290a,5-16,1,FMRP,0.072572544,-0.027034156024456024
CH_L_290a,5-17,1,FMRP,0.03554203,-0.027034156024456024
CH_L_290a,5-18,1,FMRP,0.0064762663,-0.027034156024456024
CH_L_290a,6-13,1,FMRP,0.05362359,-0.02708149328827858
CH_L_290a,6-14,1,FMRP,0.08372719,-0.02708149328827858
CH_L_290a,6-15,1,FMRP,0.09183075,-0.02708149328827858
CH_L_290a,6-16,1,FMRP,0.05729959,-0.02708149328827858
CH_L_290a,7-13,1,FMRP,-0.011971651,-0.026922082528471947
CH_L_290a,7-14,1,FMRP,-0.016158136,-0.026922082528471947
CH_L_290a,7-15,1,FMRP,0.05391498,-0.026922082528471947
CH_L_290a,7-16,1,FMRP,0.05670059,-0.026922082528471947
CH_L_290a,7-18,1,FMRP,-0.062162362,-0.026922082528471947
CH_L_290a,8-15,1,FMRP,0.0044682133,-0.026850242167711258
CH_L_290a,8-16,1,FMRP,0.027315246,-0.026850242167711258
CH_L_290a,9-14,1,FMRP,0.025209349,-0.02690822258591652
CH_L_290a,9-15,1,FMRP,0.023099644,-0.02690822258591652
CH_L_290a,9-16,1,FMRP,-0.0069829905,-0.02690822258591652
CH_L_290a,9-17,1,FMRP,0.0505166,-0.02690822258591652
CH_L_291a,10-4,1,FMRP,-0.056426335,-0.0245397686958313
CH_L_291a,10-5,1,FMRP,-0.014683628,-0.024531245231628418
CH_L_291a,10-6,1,FMRP,-0.0033785398,-0.024559013545513153
CH_L_291a,10-7,1,FMRP,-0.0007652472,-0.02446627803146839
CH_L_291a,10-8,1,FMRP,-0.02640315,-0.024585995823144913
CH_L_291a,10-9,1,FMRP,-0.03246372,-0.024560103192925453
CH_L_291a,11-4,1,FMRP,-0.028345132,-0.02624133974313736
CH_L_291a,11-5,1,FMRP,-0.021816213,-0.026249349117279053
CH_L_291a,11-6,1,FMRP,-0.0042391648,-0.026323335245251656
CH_L_291a,11-7,1,FMRP,-0.038606096,-0.026260334998369217
CH_L_291a,11-8,1,FMRP,-0.027558114,-0.02625792659819126
CH_L_291a,11-9,1,FMRP,-0.05541111,-0.02617097832262516
CH_L_291a,7-4,1,FMRP,-0.03939739,-0.026379328221082687
CH_L_291a,7-5,1,FMRP,-0.019764375,-0.02615644969046116
CH_L_291a,7-6,1,FMRP,-0.011811887,-0.025532087311148643
CH_L_291a,7-7,1,FMRP,-0.020432115,-0.025433696806430817
CH_L_291a,7-8,1,FMRP,-0.018106444,-0.025492284446954727
CH_L_291a,8-4,1,FMRP,-0.011483927,-0.02637324295938015
CH_L_291a,8-5,1,FMRP,0.0031497136,-0.02566416934132576
CH_L_291a,8-6,1,FMRP,-0.0015684445,-0.025390880182385445
CH_L_291a,8-7,1,FMRP,-0.048069917,-0.025311430916190147
CH_L_291a,8-8,1,FMRP,0.00080216874,-0.025569355115294456
CH_L_291a,8-9,1,FMRP,-0.017688636,-0.025350626558065414
CH_L_291a,9-4,1,FMRP,-0.028132332,-0.025232067331671715
CH_L_291a,9-5,1,FMRP,-0.013962392,-0.025560302659869194
CH_L_291a,9-6,1,FMRP,-0.03138268,-0.025438323616981506
CH_L_291a,9-7,1,FMRP,-0.0027253171,-0.02545211836695671
CH_L_291a,9-8,1,FMRP,-0.0008054599,-0.025617294013500214
CH_L_292a,2-12,2,FMRP,-0.1066073,-0.0221782848238945
CH_L_292a,2-13,2,FMRP,-0.103467725,-0.0221782848238945
CH_L_292a,2-14,2,FMRP,-0.08859579,-0.0221782848238945
CH_L_292a,2-15,2,FMRP,-0.06861462,-0.0221782848238945
CH_L_292a,2-16,2,FMRP,-0.042092465,-0.0221782848238945
CH_L_292a,3-12,2,FMRP,-0.11233517,-0.022208353504538536
CH_L_292a,3-13,2,FMRP,-0.09873688,-0.022208353504538536
CH_L_292a,3-14,2,FMRP,-0.07300062,-0.022208353504538536
CH_L_292a,3-15,2,FMRP,-0.04736306,-0.022208353504538536
CH_L_292a,3-16,2,FMRP,-0.045656353,-0.022208353504538536
CH_L_292a,4-13,2,FMRP,-0.08767169,-0.022185299545526505
CH_L_292a,4-14,2,FMRP,-0.06634698,-0.022185299545526505
CH_L_292a,4-15,2,FMRP,-0.03727803,-0.022185299545526505
CH_L_292a,4-16,2,FMRP,-0.043503158,-0.022185299545526505
CH_L_292a,5-13,2,FMRP,-0.09213787,-0.022159835323691368
CH_L_292a,5-14,2,FMRP,-0.08467437,-0.022159835323691368
CH_L_292a,5-15,2,FMRP,-0.048930045,-0.022159835323691368
CH_L_292a,5-16,2,FMRP,-0.061290547,-0.022159835323691368
CH_L_292a,6-12,2,FMRP,-0.09045603,-0.02234245091676712
CH_L_292a,6-13,2,FMRP,-0.08134614,-0.02234245091676712
CH_L_292a,6-14,2,FMRP,-0.06511605,-0.02234245091676712
CH_L_292a,6-15,2,FMRP,-0.052186258,-0.02234245091676712
CH_L_292a,6-16,2,FMRP,-0.063414745,-0.02234245091676712
CH_L_292a,7-12,2,FMRP,-0.10195784,-0.02230074256658554
CH_L_292a,7-13,2,FMRP,-0.087625206,-0.02230074256658554
CH_L_292a,7-14,2,FMRP,-0.0612426,-0.02230074256658554
CH_L_292a,7-15,2,FMRP,-0.050951585,-0.02230074256658554
CH_L_292a,7-16,2,FMRP,-0.07912325,-0.02230074256658554
CH_L_293a,10-14,0,FMRP,-0.09159849,-0.025451185181736946
CH_L_293a,10-15,0,FMRP,-0.093421504,-0.025451185181736946
CH_L_293a,10-16,0,FMRP,-0.061388355,-0.025451185181736946
CH_L_293a,5-14,0,FMRP,-0.09335243,-0.025448502972722054
CH_L_293a,5-15,0,FMRP,-0.04201299,-0.025448502972722054
CH_L_293a,5-16,0,FMRP,-0.04767349,-0.025448502972722054
CH_L_293a,5-17,0,FMRP,-0.058557883,-0.025448502972722054
CH_L_293a,5-18,0,FMRP,-0.06292164,-0.025448502972722054
CH_L_293a,6-14,0,FMRP,-0.048762772,-0.02546260878443718
CH_L_293a,6-15,0,FMRP,-0.053845648,-0.02546260878443718
CH_L_293a,6-16,0,FMRP,-0.05572846,-0.02546260878443718
CH_L_293a,6-17,0,FMRP,-0.06352118,-0.02546260878443718
CH_L_293a,6-18,0,FMRP,-0.051603284,-0.02546260878443718
CH_L_293a,7-13,0,FMRP,-0.06626152,-0.025452010333538055
CH_L_293a,7-14,0,FMRP,-0.067621194,-0.025452010333538055
CH_L_293a,7-15,0,FMRP,-0.07088829,-0.025452010333538055
CH_L_293a,7-16,0,FMRP,-0.06600389,-0.025452010333538055
CH_L_293a,7-17,0,FMRP,-0.060945854,-0.025452010333538055
CH_L_293a,7-18,0,FMRP,-0.04028515,-0.025452010333538055
CH_L_293a,8-14,0,FMRP,-0.08781492,-0.025309691205620766
CH_L_293a,8-15,0,FMRP,-0.08002946,-0.025309691205620766
CH_L_293a,8-16,0,FMRP,-0.058234256,-0.025309691205620766
CH_L_293a,8-17,0,FMRP,-0.054361157,-0.025309691205620766
CH_L_293a,8-18,0,FMRP,-0.04939988,-0.025309691205620766
CH_L_293a,9-14,0,FMRP,-0.086062856,-0.024891668930649757
CH_L_293a,9-15,0,FMRP,-0.08313628,-0.024891668930649757
CH_L_293a,9-16,0,FMRP,-0.07641012,-0.024891668930649757
CH_L_293a,9-17,0,FMRP,-0.04173774,-0.024891668930649757
CH_L_293a,9-18,0,FMRP,-0.041582156,-0.024891668930649757
CH_L_294a,10-10,2,FMRP,-0.09105231,-0.020671255886554718
CH_L_294a,10-13,2,FMRP,-0.075151294,-0.022280069068074226
CH_L_294a,10-9,2,FMRP,-0.08290511,-0.020787961781024933
CH_L_294a,11-12,2,FMRP,-0.083329745,-0.02228684350848198
CH_L_294a,11-13,2,FMRP,-0.074058145,-0.02228684350848198
CH_L_294a,6-10,2,FMRP,-0.09204871,-0.021545441821217537
CH_L_294a,6-11,2,FMRP,-0.10222831,-0.022066110745072365
CH_L_294a,6-12,2,FMRP,-0.08181772,-0.022279638797044754
CH_L_294a,6-13,2,FMRP,-0.09755891,-0.022279638797044754
CH_L_294a,6-9,2,FMRP,-0.089352325,-0.021572435274720192
CH_L_294a,7-10,2,FMRP,-0.104645215,-0.021491438150405884
CH_L_294a,7-11,2,FMRP,-0.10460368,-0.02210785262286663
CH_L_294a,7-12,2,FMRP,-0.100790575,-0.022364726290106773
CH_L_294a,7-13,2,FMRP,-0.088155806,-0.022364726290106773
CH_L_294a,7-9,2,FMRP,-0.10305703,-0.021567167714238167
CH_L_294a,8-10,2,FMRP,-0.11050851,-0.021387746557593346
CH_L_294a,8-11,2,FMRP,-0.10463526,-0.021958541125059128
CH_L_294a,8-12,2,FMRP,-0.09719217,-0.02224305272102356
CH_L_294a,8-13,2,FMRP,-0.08794869,-0.02224305272102356
CH_L_294a,8-9,2,FMRP,-0.10569527,-0.021425336599349976
CH_L_294a,9-10,2,FMRP,-0.09659403,-0.021280482411384583
CH_L_294a,9-11,2,FMRP,-0.08519074,-0.021883264183998108
CH_L_294a,9-12,2,FMRP,-0.08972009,-0.022303815931081772
CH_L_294a,9-13,2,FMRP,-0.09828394,-0.022303815931081772
CH_L_294a,9-9,2,FMRP,-0.0948074,-0.021274924278259277
CH_L_295a,10-11,4,FMRP,-0.072282,-0.02394722029566765
CH_L_295a,10-12,4,FMRP,-0.06567769,-0.024163948372006416
CH_L_295a,10-13,4,FMRP,-0.06456524,-0.024163948372006416
CH_L_295a,10-14,4,FMRP,-0.06328559,-0.024163948372006416
CH_L_295a,10-15,4,FMRP,-0.07868937,-0.024163948372006416
CH_L_295a,11-10,4,FMRP,-0.06681982,-0.0240361075848341
CH_L_295a,11-11,4,FMRP,-0.08268614,-0.023887868970632553
CH_L_295a,11-13,4,FMRP,-0.090205505,-0.02390275150537491
CH_L_295a,11-14,4,FMRP,-0.06656392,-0.02390275150537491
CH_L_295a,12-10,4,FMRP,-0.099118136,-0.02428806945681572
CH_L_295a,12-15,4,FMRP,-0.06382268,-0.023801526054739952
CH_L_295a,13-13,4,FMRP,-0.084815845,-0.023801526054739952
CH_L_295a,13-14,4,FMRP,-0.07344387,-0.023801526054739952
CH_L_295a,13-15,4,FMRP,-0.05408873,-0.023801526054739952
CH_L_295a,9-11,4,FMRP,-0.07598763,-0.024047575891017914
CH_L_295a,9-12,4,FMRP,-0.059520956,-0.024264061823487282
CH_L_295a,9-13,4,FMRP,-0.06861151,-0.024264061823487282
CH_L_295a,9-14,4,FMRP,-0.06772173,-0.024264061823487282
CH_L_295a,9-15,4,FMRP,-0.07222073,-0.024264061823487282
CH_L_296a,10-10,4,FMRP,-0.09104657,-0.02226571924984455
CH_L_296a,10-11,4,FMRP,-0.100236714,-0.02226571924984455
CH_L_296a,10-12,4,FMRP,-0.10311621,-0.02226571924984455
CH_L_296a,10-8,4,FMRP,-0.11423043,-0.02226571924984455
CH_L_296a,10-9,4,FMRP,-0.09656606,-0.02226571924984455
CH_L_296a,11-10,4,FMRP,-0.08050407,-0.02226571924984455
CH_L_296a,11-11,4,FMRP,-0.09984152,-0.02226571924984455
CH_L_296a,11-12,4,FMRP,-0.10869977,-0.02226571924984455
CH_L_296a,11-8,4,FMRP,-0.12053407,-0.02226571924984455
CH_L_296a,11-9,4,FMRP,-0.0933463,-0.02226571924984455
CH_L_296a,7-10,4,FMRP,-0.10307395,-0.02216135337948799
CH_L_296a,7-11,4,FMRP,-0.112039715,-0.02216135337948799
CH_L_296a,7-12,4,FMRP,-0.11115655,-0.02216135337948799
CH_L_296a,7-8,4,FMRP,-0.091946855,-0.02216135337948799
CH_L_296a,7-9,4,FMRP,-0.10996878,-0.02216135337948799
CH_L_296a,8-10,4,FMRP,-0.108276516,-0.02226571924984455
CH_L_296a,8-11,4,FMRP,-0.11180551,-0.02226571924984455
CH_L_296a,8-12,4,FMRP,-0.1145374,-0.02226571924984455
CH_L_296a,8-8,4,FMRP,-0.094561145,-0.02226571924984455
CH_L_296a,8-9,4,FMRP,-0.10492986,-0.02226571924984455
CH_L_296a,9-10,4,FMRP,-0.09984185,-0.02226571924984455
CH_L_296a,9-11,4,FMRP,-0.10909071,-0.02226571924984455
CH_L_296a,9-8,4,FMRP,-0.10687084,-0.02226571924984455
CH_L_296a,9-9,4,FMRP,-0.088344835,-0.02226571924984455
CH_L_298a,10-3,0,FMRP,-0.00857341,-0.025224484503269196
CH_L_298a,10-4,0,FMRP,0.015642868,-0.025230007246136665
CH_L_298a,10-5,0,FMRP,-0.053170007,-0.024861132726073265
CH_L_298a,11-4,0,FMRP,0.0033874514,-0.025230007246136665
CH_L_298a,11-5,0,FMRP,-0.052639384,-0.024861132726073265
CH_L_298a,13-1,0,FMRP,-0.016393919,-0.025330834090709686
CH_L_298a,13-3,0,FMRP,-0.024260543,-0.025224484503269196
CH_L_298a,14-1,0,FMRP,-0.03312769,-0.025330834090709686
CH_L_298a,14-3,0,FMRP,-0.023453744,-0.025224484503269196
CH_L_298a,14-4,0,FMRP,-0.036379468,-0.025230007246136665
CH_L_298a,9-1,0,FMRP,0.010236899,-0.025322984904050827
CH_L_298a,9-2,0,FMRP,-0.0004936826,-0.02523125894367695
CH_L_298a,9-3,0,FMRP,-0.024766624,-0.02524466998875141
CH_L_298a,9-4,0,FMRP,0.014622334,-0.025255564600229263
CH_L_298a,9-5,0,FMRP,-0.05459189,-0.024858174845576286
CH_L_299a,4-10,4,FMRP,-0.047811173,-0.022983841598033905
CH_L_299a,4-6,4,FMRP,-0.0792673,-0.02227933704853058
CH_L_299a,4-7,4,FMRP,-0.05555589,-0.022932840511202812
CH_L_299a,4-8,4,FMRP,-0.043941647,-0.022983841598033905
CH_L_299a,4-9,4,FMRP,-0.030789793,-0.022983841598033905
CH_L_299a,5-10,4,FMRP,-0.05477987,-0.02290218509733677
CH_L_299a,5-6,4,FMRP,-0.07863143,-0.022158939391374588
CH_L_299a,5-7,4,FMRP,-0.05845007,-0.022846437990665436
CH_L_299a,5-8,4,FMRP,-0.058131214,-0.02290218509733677
CH_L_299a,5-9,4,FMRP,-0.04739649,-0.02290218509733677
CH_L_299a,6-10,4,FMRP,-0.06565143,-0.022682206705212593
CH_L_299a,6-7,4,FMRP,-0.06902496,-0.02257617376744747
CH_L_299a,6-8,4,FMRP,-0.05534705,-0.022682206705212593
CH_L_299a,6-9,4,FMRP,-0.06651033,-0.022682206705212593
CH_L_299a,7-10,4,FMRP,-0.054915175,-0.023031415417790413
CH_L_299a,7-7,4,FMRP,-0.06752724,-0.022848935797810555
CH_L_299a,7-8,4,FMRP,-0.05981705,-0.023031415417790413
CH_L_299a,7-9,4,FMRP,-0.066335104,-0.023031415417790413
CH_L_299a,8-10,4,FMRP,-0.044511613,-0.02331378124654293
CH_L_299a,8-6,4,FMRP,-0.068758465,-0.022178445011377335
CH_L_299a,8-8,4,FMRP,-0.05258882,-0.02331378124654293
CH_L_299a,8-9,4,FMRP,-0.033887494,-0.02331378124654293
CH_L_299a,9-9,4,FMRP,-0.027026104,-0.02331378124654293
CH_L_300a,4-12,2,FMRP,-0.09553534,-0.022119877859950066
CH_L_300a,5-13,2,FMRP,-0.08356301,-0.02215929701924324
CH_L_300a,5-14,2,FMRP,-0.073900774,-0.02215929701924324
CH_L_300a,6-11,2,FMRP,-0.084631994,-0.022152425721287727
CH_L_300a,7-10,2,FMRP,-0.07549726,-0.021667320281267166
CH_L_300a,7-12,2,FMRP,-0.08319409,-0.022277114912867546
CH_L_300a,7-13,2,FMRP,-0.070729025,-0.022277114912867546
CH_L_300a,7-9,2,FMRP,-0.04515257,-0.021669592708349228
CH_L_300a,8-14,2,FMRP,-0.0883832,-0.022285794839262962
CH_L_300a,9-14,2,FMRP,-0.079666175,-0.02212204597890377
CH_L_301a,10-10,2,FMRP,-0.009608785,-0.02188473381102085
CH_L_301a,10-11,2,FMRP,-0.02533758,-0.02196134813129902
CH_L_301a,10-12,2,FMRP,-0.06629236,-0.02211236208677292
CH_L_301a,5-10,2,FMRP,0.010553168,-0.0219737458974123
CH_L_301a,5-12,2,FMRP,-0.014185415,-0.022425254806876183
CH_L_301a,5-13,2,FMRP,-0.009499589,-0.022361021488904953
CH_L_301a,5-14,2,FMRP,0.013697729,-0.022361021488904953
CH_L_301a,5-15,2,FMRP,0.014355513,-0.022361021488904953
CH_L_301a,6-10,2,FMRP,0.0011896766,-0.021960701793432236
CH_L_301a,6-11,2,FMRP,-0.018225977,-0.022472810000181198
CH_L_301a,6-13,2,FMRP,-0.010381878,-0.02251332625746727
CH_L_301a,6-14,2,FMRP,-0.0019745715,-0.02251332625746727
CH_L_301a,6-15,2,FMRP,-0.0064981105,-0.02251332625746727
CH_L_301a,7-10,2,FMRP,-0.04185749,-0.022098742425441742
CH_L_301a,7-11,2,FMRP,-0.044880506,-0.022280680015683174
CH_L_301a,7-12,2,FMRP,0.004924928,-0.022320955991744995
CH_L_301a,7-13,2,FMRP,-0.022769665,-0.022428257390856743
CH_L_301a,7-14,2,FMRP,0.016029036,-0.022428257390856743
CH_L_301a,7-15,2,FMRP,0.009408237,-0.022428257390856743
CH_L_301a,8-10,2,FMRP,-0.02679982,-0.02218020148575306
CH_L_301a,8-11,2,FMRP,-0.015023834,-0.022277813404798508
CH_L_301a,8-12,2,FMRP,0.01821011,-0.022280307486653328
CH_L_301a,8-13,2,FMRP,0.0054993453,-0.02249486744403839
CH_L_301a,8-14,2,FMRP,0.026312329,-0.02249486744403839
CH_L_301a,8-15,2,FMRP,-0.0009000637,-0.02249486744403839
CH_L_301a,9-10,2,FMRP,0.023956211,-0.02206219546496868
CH_L_301a,9-11,2,FMRP,0.01583313,-0.022211827337741852
CH_L_301a,9-12,2,FMRP,0.0033864484,-0.022117409855127335
CH_L_301a,9-13,2,FMRP,-0.013669842,-0.02205093950033188
CH_L_301a,9-14,2,FMRP,-0.0039047333,-0.02205093950033188
CH_L_301a,9-15,2,FMRP,-0.029852664,-0.02205093950033188
CH_L_302a,10-15,0,FMRP,-0.015404851,-0.02539283223450184
CH_L_302a,10-16,0,FMRP,-0.013668892,-0.02539283223450184
CH_L_302a,10-17,0,FMRP,-0.07402016,-0.02539283223450184
CH_L_302a,10-18,0,FMRP,-0.010686955,-0.02539283223450184
CH_L_302a,10-19,0,FMRP,0.0027434267,-0.02539283223450184
CH_L_302a,5-15,0,FMRP,-0.02530483,-0.02561943791806698
CH_L_302a,5-16,0,FMRP,-0.0071365065,-0.02561943791806698
CH_L_302a,5-17,0,FMRP,-0.009260397,-0.02561943791806698
CH_L_302a,5-18,0,FMRP,-0.012710024,-0.02561943791806698
CH_L_302a,5-19,0,FMRP,0.01199292,-0.02561943791806698
CH_L_302a,5-20,0,FMRP,-0.0125343455,-0.02561943791806698
CH_L_302a,6-15,0,FMRP,0.031809535,-0.025602400302886963
CH_L_302a,6-16,0,FMRP,0.035225205,-0.025602400302886963
CH_L_302a,6-17,0,FMRP,0.024951443,-0.025602400302886963
CH_L_302a,6-18,0,FMRP,0.0071481196,-0.025602400302886963
CH_L_302a,6-19,0,FMRP,0.0029074522,-0.025602400302886963
CH_L_302a,6-20,0,FMRP,-0.018581314,-0.025602400302886963
CH_L_302a,7-15,0,FMRP,0.028735565,-0.025436898693442345
CH_L_302a,7-16,0,FMRP,0.03008922,-0.025436898693442345
CH_L_302a,7-17,0,FMRP,-0.016980005,-0.025436898693442345
CH_L_302a,7-18,0,FMRP,0.009959148,-0.025436898693442345
CH_L_302a,7-19,0,FMRP,-0.007373897,-0.025436898693442345
CH_L_302a,7-20,0,FMRP,-0.009814032,-0.025436898693442345
CH_L_302a,8-15,0,FMRP,-0.024934066,-0.02558952383697033
CH_L_302a,8-16,0,FMRP,0.029010294,-0.02558952383697033
CH_L_302a,8-17,0,FMRP,0.025431592,-0.02558952383697033
CH_L_302a,8-18,0,FMRP,0.021302052,-0.02558952383697033
CH_L_302a,8-19,0,FMRP,-0.007122209,-0.02558952383697033
CH_L_302a,8-20,0,FMRP,-0.027840525,-0.02558952383697033
CH_L_302a,9-15,0,FMRP,0.010158963,-0.025123951956629753
CH_L_302a,9-16,0,FMRP,0.002059139,-0.025123951956629753
CH_L_302a,9-18,0,FMRP,0.0019837944,-0.025123951956629753
CH_L_302a,9-19,0,FMRP,0.013475058,-0.025123951956629753
CH_L_303a,10-5,2,FMRP,-0.016689125,-0.021948596462607384
CH_L_303a,10-9,2,FMRP,-0.028181517,-0.022338058799505234
CH_L_303a,5-5,2,FMRP,-0.0634127,-0.022587472572922707
CH_L_303a,5-6,2,FMRP,-0.06085769,-0.02280554734170437
CH_L_303a,5-7,2,FMRP,-0.036499493,-0.022632766515016556
CH_L_303a,5-8,2,FMRP,0.0032228976,-0.022571386769413948
CH_L_303a,6-5,2,FMRP,-0.03807513,-0.022637730464339256
CH_L_303a,6-7,2,FMRP,-0.016208915,-0.02267203852534294
CH_L_303a,6-8,2,FMRP,0.003983818,-0.02259894646704197
CH_L_303a,6-9,2,FMRP,0.01017266,-0.022450171411037445
CH_L_303a,7-5,2,FMRP,-0.032578588,-0.022608710452914238
CH_L_303a,7-6,2,FMRP,-0.041789647,-0.022718997672200203
CH_L_303a,7-7,2,FMRP,-0.011970072,-0.022696861997246742
CH_L_303a,7-8,2,FMRP,-0.012746364,-0.022392943501472473
CH_L_303a,8-5,2,FMRP,-0.01614681,-0.02265309728682041
CH_L_303a,8-6,2,FMRP,0.00086927385,-0.02267017401754856
CH_L_303a,8-7,2,FMRP,-0.00018200341,-0.022596416994929314
CH_L_303a,8-8,2,FMRP,-0.015079755,-0.022376812994480133
CH_L_303a,8-9,2,FMRP,-0.025972156,-0.022418035194277763
CH_L_303a,9-6,2,FMRP,-0.010423021,-0.02266913466155529
CH_L_303a,9-9,2,FMRP,-0.017856803,-0.022384293377399445
CH_L_305a,10-10,0,FMRP,-0.006412601,-0.024695079773664474
CH_L_305a,10-11,0,FMRP,-0.017420156,-0.024844810366630554
CH_L_305a,10-12,0,FMRP,-0.0064727,-0.02512403205037117
CH_L_305a,10-7,0,FMRP,-0.10549111,-0.024709075689315796
CH_L_305a,10-8,0,FMRP,-0.0966904,-0.024690872058272362
CH_L_305a,10-9,0,FMRP,-0.049982432,-0.02465616911649704
CH_L_305a,11-10,0,FMRP,-0.03158015,-0.024681417271494865
CH_L_305a,11-11,0,FMRP,-0.039632488,-0.024826141074299812
CH_L_305a,11-12,0,FMRP,-0.014625577,-0.025145288556814194
CH_L_305a,11-7,0,FMRP,-0.106538974,-0.024695036932826042
CH_L_305a,11-8,0,FMRP,-0.09812988,-0.024669840931892395
CH_L_305a,11-9,0,FMRP,-0.07037722,-0.024689747020602226
CH_L_305a,12-11,0,FMRP,-0.022988224,-0.024824857711791992
CH_L_305a,7-10,0,FMRP,-0.012982568,-0.024798637256026268
CH_L_305a,7-11,0,FMRP,-0.011505169,-0.024912336841225624
CH_L_305a,7-12,0,FMRP,-0.009834957,-0.025206763297319412
CH_L_305a,7-8,0,FMRP,-0.096710786,-0.0246310792863369
CH_L_305a,7-9,0,FMRP,-0.035464756,-0.024700701236724854
CH_L_305a,8-10,0,FMRP,-0.017015591,-0.024802546948194504
CH_L_305a,8-11,0,FMRP,-0.0052860733,-0.024897500872612
CH_L_305a,8-12,0,FMRP,-0.0024083168,-0.025150196626782417
CH_L_305a,8-8,0,FMRP,-0.09663174,-0.02475535310804844
CH_L_305a,8-9,0,FMRP,-0.07464293,-0.02476789988577366
CH_L_305a,9-10,0,FMRP,0.002682073,-0.024684933945536613
CH_L_305a,9-11,0,FMRP,-0.030795796,-0.02483103610575199
CH_L_305a,9-12,0,FMRP,-0.030910898,-0.025163527578115463
CH_L_305a,9-8,0,FMRP,-0.09291077,-0.024685822427272797
CH_L_305a,9-9,0,FMRP,-0.037821304,-0.02471972443163395
CH_L_306a,3-16,4,FMRP,-0.068522856,-0.02494017593562603
CH_L_306a,3-17,4,FMRP,-0.073942974,-0.02494017593562603
CH_L_306a,3-18,4,FMRP,-0.072335236,-0.02494017593562603
CH_L_306a,3-19,4,FMRP,-0.07052116,-0.02494017593562603
CH_L_306a,4-19,4,FMRP,-0.057600033,-0.024812664836645126
CH_L_306a,4-20,4,FMRP,-0.07958045,-0.024812664836645126
CH_L_306a,5-20,4,FMRP,-0.09417614,-0.024960942566394806
CH_L_306a,6-17,4,FMRP,-0.0491181,-0.024934647604823112
CH_L_306a,6-18,4,FMRP,-0.0674449,-0.024934647604823112
CH_L_306a,6-19,4,FMRP,-0.10554753,-0.024934647604823112
CH_L_306a,6-20,4,FMRP,-0.100121446,-0.024934647604823112
CH_L_306a,7-19,4,FMRP,-0.10607304,-0.024898631498217583
CH_L_306b,10-17,1,FMRP,-0.0717083,-0.02695765346288681
CH_L_306b,10-18,1,FMRP,-0.057941344,-0.02695765346288681
CH_L_306b,10-19,1,FMRP,-0.07949567,-0.02695765346288681
CH_L_306b,10-20,1,FMRP,-0.11029344,-0.02695765346288681
CH_L_306b,11-19,1,FMRP,-0.08124902,-0.027069421485066414
CH_L_306b,11-20,1,FMRP,-0.08142437,-0.027069421485066414
CH_L_306b,6-16,1,FMRP,-0.07001636,-0.02697570063173771
CH_L_306b,6-17,1,FMRP,-0.088309735,-0.02697570063173771
CH_L_306b,7-16,1,FMRP,-0.054649044,-0.027214415371418
CH_L_306b,7-17,1,FMRP,-0.06317901,-0.027214415371418
CH_L_306b,7-19,1,FMRP,-0.061509825,-0.027214415371418
CH_L_306b,7-20,1,FMRP,-0.015958972,-0.027214415371418
CH_L_306b,8-16,1,FMRP,-0.055447705,-0.02724974974989891
CH_L_306b,8-17,1,FMRP,-0.06777521,-0.02724974974989891
CH_L_306b,8-18,1,FMRP,-0.07754881,-0.02724974974989891
CH_L_306b,8-19,1,FMRP,-0.037359126,-0.02724974974989891
CH_L_306b,8-20,1,FMRP,-0.03420478,-0.02724974974989891
CH_L_306b,9-16,1,FMRP,-0.0630768,-0.02709253318607807
CH_L_306b,9-17,1,FMRP,-0.08597303,-0.02709253318607807
CH_L_306b,9-18,1,FMRP,-0.08106152,-0.02709253318607807
CH_L_306b,9-19,1,FMRP,-0.06663326,-0.02709253318607807
CH_L_306b,9-20,1,FMRP,-0.10182171,-0.02709253318607807
CH_L_307a,3-15,1,FMRP,-0.09153798,-0.027192024514079094
CH_L_307a,3-16,1,FMRP,-0.08044716,-0.027204155921936035
CH_L_307a,3-17,1,FMRP,-0.0832804,-0.027204155921936035
CH_L_307a,4-16,1,FMRP,-0.05592394,-0.027105314657092094
CH_L_307a,4-17,1,FMRP,-0.059420213,-0.027105314657092094
CH_L_307a,4-18,1,FMRP,-0.051898737,-0.027105314657092094
CH_L_307a,5-15,1,FMRP,-0.07268046,-0.027165304869413376
CH_L_307a,5-16,1,FMRP,-0.022562923,-0.027155864983797073
CH_L_307a,5-17,1,FMRP,-0.0054604607,-0.027155864983797073
CH_L_307a,5-18,1,FMRP,-0.021411648,-0.027155864983797073
CH_L_307a,6-15,1,FMRP,-0.058779955,-0.0272931307554245
CH_L_307a,6-16,1,FMRP,-0.014817317,-0.027287781238555908
CH_L_307a,6-17,1,FMRP,0.0034877753,-0.027287781238555908
CH_L_307a,6-18,1,FMRP,-0.013044834,-0.027287781238555908
CH_L_307a,7-14,1,FMRP,-0.01610999,-0.02640909142792225
CH_L_307a,7-15,1,FMRP,-0.032062653,-0.027275335043668747
CH_L_307a,7-16,1,FMRP,-0.033022784,-0.027282919734716415
CH_L_307a,7-17,1,FMRP,-0.0005625835,-0.027282919734716415
CH_L_307a,7-18,1,FMRP,-0.014030956,-0.027282919734716415
CH_L_307a,8-14,1,FMRP,-0.0070080687,-0.026221120730042458
CH_L_307a,8-15,1,FMRP,-0.0067187096,-0.027256399393081665
CH_L_307a,8-16,1,FMRP,-0.02542563,-0.027255583554506302
CH_L_307a,8-17,1,FMRP,-0.047010638,-0.027255583554506302
CH_L_307a,8-18,1,FMRP,-0.05725123,-0.027255583554506302
CH_L_308a,10-7,3,FMRP,-0.04530619,-0.02727281115949154
CH_L_308a,10-8,3,FMRP,-0.057962645,-0.026527488604187965
CH_L_308a,10-9,3,FMRP,-0.073636405,-0.026589885354042053
CH_L_308a,11-10,3,FMRP,-0.034432806,-0.026421455666422844
CH_L_308a,11-11,3,FMRP,-0.04313521,-0.0266131442040205
CH_L_308a,6-10,3,FMRP,-0.010226177,-0.02654416300356388
CH_L_308a,6-11,3,FMRP,-0.008932195,-0.02648809552192688
CH_L_308a,6-12,3,FMRP,-0.016514542,-0.026525095105171204
CH_L_308a,6-7,3,FMRP,-0.056765854,-0.02769492194056511
CH_L_308a,6-8,3,FMRP,-0.025924345,-0.026756824925541878
CH_L_308a,6-9,3,FMRP,-0.03419375,-0.026543088257312775
CH_L_308a,7-10,3,FMRP,-0.008868224,-0.0265177134424448
CH_L_308a,7-11,3,FMRP,-0.036560066,-0.026466619223356247
CH_L_308a,7-12,3,FMRP,-0.032790072,-0.026567375287413597
CH_L_308a,7-7,3,FMRP,-0.038959082,-0.027470584958791733
CH_L_308a,7-8,3,FMRP,-0.018081207,-0.026553459465503693
CH_L_308a,7-9,3,FMRP,0.002650626,-0.026483114808797836
CH_L_308a,8-10,3,FMRP,0.0040743877,-0.02653985656797886
CH_L_308a,8-11,3,FMRP,-0.030452244,-0.026426123455166817
CH_L_308a,8-12,3,FMRP,-0.036054473,-0.026453429833054543
CH_L_308a,8-7,3,FMRP,-0.04526121,-0.02760292962193489
CH_L_308a,8-8,3,FMRP,-0.021958996,-0.026532329618930817
CH_L_308a,8-9,3,FMRP,-0.025752753,-0.026487641036510468
CH_L_308a,9-12,3,FMRP,-0.052031245,-0.026509350165724754
CH_L_308a,9-7,3,FMRP,-0.0371923,-0.027674518525600433
CH_L_308a,9-8,3,FMRP,-0.026198534,-0.02658109925687313
CH_L_308a,9-9,3,FMRP,-0.07420218,-0.02650422416627407
CH_L_309a,10-10,1,FMRP,-0.052694764,-0.02600872330367565
CH_L_309a,10-11,1,FMRP,-0.06472318,-0.026021970435976982
CH_L_309a,10-12,1,FMRP,-0.04954531,-0.026021970435976982
CH_L_309a,6-10,1,FMRP,-0.003086487,-0.025610363110899925
CH_L_309a,6-11,1,FMRP,-4.3562854e-05,-0.025804447010159492
CH_L_309a,6-12,1,FMRP,0.005512456,-0.025804447010159492
CH_L_309a,6-13,1,FMRP,0.007455114,-0.025804447010159492
CH_L_309a,7-10,1,FMRP,-0.013316658,-0.025500711053609848
CH_L_309a,7-11,1,FMRP,0.010895158,-0.02570515312254429
CH_L_309a,7-12,1,FMRP,0.0007115951,-0.02570515312254429
CH_L_309a,7-13,1,FMRP,0.013550173,-0.02570515312254429
CH_L_309a,8-10,1,FMRP,-0.012619304,-0.02571866847574711
CH_L_309a,8-11,1,FMRP,-0.022049341,-0.02591620944440365
CH_L_309a,8-12,1,FMRP,-0.03227893,-0.02591620944440365
CH_L_309a,8-13,1,FMRP,-0.041260693,-0.02591620944440365
CH_L_309a,8-9,1,FMRP,-0.015902018,-0.024630894884467125
CH_L_309a,9-10,1,FMRP,-0.03123386,-0.025647679343819618
CH_L_309a,9-11,1,FMRP,-0.03836956,-0.025718839839100838
CH_L_309a,9-12,1,FMRP,-0.049111318,-0.025718839839100838
CH_L_309a,9-9,1,FMRP,-0.025182553,-0.02511085383594036
CH_L_310a,4-10,1,FMRP,-0.05382455,-0.026179827749729156
CH_L_310a,4-11,1,FMRP,-0.047008395,-0.026228375732898712
CH_L_310a,4-12,1,FMRP,-0.039311226,-0.026501746848225594
CH_L_310a,4-14,1,FMRP,-0.009944956,-0.02669374831020832
CH_L_310a,5-10,1,FMRP,-0.031080712,-0.026064084842801094
CH_L_310a,5-11,1,FMRP,-0.026410993,-0.02586914598941803
CH_L_310a,5-12,1,FMRP,-0.022433575,-0.026452789083123207
CH_L_310a,5-13,1,FMRP,0.003301154,-0.026762543246150017
CH_L_310a,5-14,1,FMRP,-0.016170768,-0.026762543246150017
CH_L_310a,6-13,1,FMRP,-0.0058216285,-0.026632608845829964
CH_L_310a,6-14,1,FMRP,0.015297427,-0.026632608845829964
CH_L_310a,7-13,1,FMRP,-0.02541841,-0.026873242110013962
CH_L_310a,7-14,1,FMRP,-0.009223181,-0.026873242110013962
CH_L_310a,9-10,1,FMRP,-0.048018046,-0.025843366980552673
CH_L_310a,9-14,1,FMRP,-0.037057392,-0.02684079296886921
CH_L_311a,10-11,0,FMRP,-0.037020393,-0.023506727069616318
CH_L_311a,10-12,0,FMRP,-0.037402637,-0.025424782186746597
CH_L_311a,10-13,0,FMRP,-0.030973308,-0.02575717680156231
CH_L_311a,10-14,0,FMRP,-0.043749493,-0.02575717680156231
CH_L_311a,10-15,0,FMRP,-0.018415015,-0.02575717680156231
CH_L_311a,11-11,0,FMRP,-0.017689617,-0.024014543741941452
CH_L_311a,11-12,0,FMRP,-0.025516229,-0.025304632261395454
CH_L_311a,11-13,0,FMRP,-0.026634393,-0.02546186000108719
CH_L_311a,11-14,0,FMRP,-0.03774247,-0.02546186000108719
CH_L_311a,11-15,0,FMRP,-0.014934898,-0.02546186000108719
CH_L_311a,12-11,0,FMRP,-0.05003426,-0.02552090212702751
CH_L_311a,12-12,0,FMRP,-0.04492942,-0.025412587448954582
CH_L_311a,12-13,0,FMRP,-0.03292377,-0.025301562622189522
CH_L_311a,12-14,0,FMRP,-0.029853862,-0.025301562622189522
CH_L_311a,7-15,0,FMRP,-0.106666125,-0.025649333372712135
CH_L_311a,8-11,0,FMRP,-0.022188703,-0.02360268123447895
CH_L_311a,8-12,0,FMRP,-0.03860458,-0.02526182308793068
CH_L_311a,8-13,0,FMRP,-0.061937142,-0.025523260235786438
CH_L_311a,8-14,0,FMRP,-0.07161413,-0.025523260235786438
CH_L_311a,8-15,0,FMRP,-0.05931387,-0.025523260235786438
CH_L_311a,9-11,0,FMRP,-0.042019937,-0.023406771942973137
CH_L_311a,9-12,0,FMRP,-0.038475767,-0.025387857109308243
CH_L_311a,9-13,0,FMRP,-0.034237973,-0.025626223534345627
CH_L_311a,9-14,0,FMRP,-0.03861139,-0.025626223534345627
CH_L_311a,9-15,0,FMRP,-0.047633987,-0.025626223534345627
CH_L_312a,10-10,2,FMRP,0.04678049,-0.02183539792895317
CH_L_312a,10-11,2,FMRP,0.009426297,-0.02183539792895317
CH_L_312a,10-7,2,FMRP,0.06010901,-0.021461451426148415
CH_L_312a,10-8,2,FMRP,0.03795525,-0.021503115072846413
CH_L_312a,10-9,2,FMRP,0.042872027,-0.02183539792895317
CH_L_312a,11-11,2,FMRP,-0.05160803,-0.02183539792895317
CH_L_312a,6-11,2,FMRP,-0.032652467,-0.02136891707777977
CH_L_312a,6-8,2,FMRP,0.012912247,-0.0211490411311388
CH_L_312a,7-10,2,FMRP,0.041625205,-0.021366018801927567
CH_L_312a,7-8,2,FMRP,0.04033293,-0.021122919395565987
CH_L_312a,7-9,2,FMRP,0.0471175,-0.021366018801927567
CH_L_312a,8-10,2,FMRP,0.05085401,-0.02177485078573227
CH_L_312a,8-8,2,FMRP,0.062881716,-0.021426312625408173
CH_L_312a,8-9,2,FMRP,0.05754886,-0.02177485078573227
CH_L_312a,9-10,2,FMRP,0.045663603,-0.02183539792895317
CH_L_312a,9-11,2,FMRP,0.021778738,-0.02183539792895317
CH_L_312a,9-7,2,FMRP,0.04053748,-0.021461451426148415
CH_L_312a,9-8,2,FMRP,0.039626963,-0.021503115072846413
CH_L_312a,9-9,2,FMRP,0.052438743,-0.02183539792895317
CH_L_313a,4-6,4,FMRP,-0.023113092,-0.022432873025536537
CH_L_313a,6-7,4,FMRP,-0.021385638,-0.022637004032731056
CH_L_313a,7-5,4,FMRP,-0.018395383,-0.022415729239583015
CH_L_313a,7-6,4,FMRP,-0.015088169,-0.022649157792329788
CH_L_313a,8-4,4,FMRP,-0.0129695255,-0.022503118962049484
CH_L_313a,8-7,4,FMRP,-0.030402422,-0.022554783150553703
CH_L_314a,5-18,2,FMRP,-0.076854505,-0.022820906713604927
CH_L_314a,5-19,2,FMRP,-0.08076182,-0.022820906713604927
CH_L_314a,5-20,2,FMRP,-0.06595835,-0.022820906713604927
CH_L_314a,5-22,2,FMRP,-0.06086328,-0.022820906713604927
CH_L_314a,5-23,2,FMRP,-0.053165,-0.022820906713604927
CH_L_314a,6-18,2,FMRP,-0.05938342,-0.022816775366663933
CH_L_314a,6-19,2,FMRP,-0.027169568,-0.022816775366663933
CH_L_314a,6-20,2,FMRP,-0.035190508,-0.022816775366663933
CH_L_314a,6-21,2,FMRP,-0.042127967,-0.022816775366663933
CH_L_314a,6-22,2,FMRP,-0.008171107,-0.022816775366663933
CH_L_314a,6-23,2,FMRP,-0.025450323,-0.022816775366663933
CH_L_314a,7-18,2,FMRP,0.010712719,-0.022825857624411583
CH_L_314a,7-19,2,FMRP,0.0023903616,-0.022825857624411583
CH_L_314a,7-22,2,FMRP,-0.03614375,-0.022825857624411583
CH_L_314a,7-23,2,FMRP,-0.007972427,-0.022825857624411583
CH_L_314a,8-18,2,FMRP,-0.025000889,-0.022908736020326614
CH_L_314a,8-19,2,FMRP,-0.009666018,-0.022908736020326614
CH_L_314a,8-22,2,FMRP,-0.031177813,-0.022908736020326614
CH_L_314a,8-23,2,FMRP,-0.01694989,-0.022908736020326614
CH_L_314a,9-18,2,FMRP,-0.046770323,-0.02279864065349102
CH_L_314a,9-19,2,FMRP,-0.045591492,-0.02279864065349102
CH_L_314a,9-23,2,FMRP,-0.04287569,-0.02279864065349102
CH_L_315a,5-10,0,FMRP,0.018812029,-0.024812621995806694
CH_L_315a,5-5,0,FMRP,-0.034211803,-0.02333764173090458
CH_L_315a,5-7,0,FMRP,0.012388048,-0.02473660372197628
CH_L_315a,5-8,0,FMRP,0.0002695519,-0.024812621995806694
CH_L_315a,5-9,0,FMRP,0.012436657,-0.024812621995806694
CH_L_315a,6-10,0,FMRP,0.03932391,-0.02487928979098797
CH_L_315a,6-5,0,FMRP,-0.021910662,-0.023275835439562798
CH_L_315a,6-7,0,FMRP,0.03708776,-0.024730945006012917
CH_L_315a,6-8,0,FMRP,0.049051244,-0.02487928979098797
CH_L_315a,6-9,0,FMRP,0.04044027,-0.02487928979098797
CH_L_315a,7-5,0,FMRP,-0.019107394,-0.02472512610256672
CH_L_315a,7-6,0,FMRP,0.017366845,-0.024663830175995827
CH_L_315a,7-7,0,FMRP,0.042238127,-0.024767829105257988
CH_L_315a,7-8,0,FMRP,0.05785269,-0.02483602799475193
CH_L_315a,7-9,0,FMRP,0.035082813,-0.02483602799475193
CH_L_315a,8-5,0,FMRP,0.003074687,-0.02489876188337803
CH_L_315a,8-6,0,FMRP,0.009016482,-0.024817336350679398
CH_L_315a,8-7,0,FMRP,0.04379048,-0.02487039752304554
CH_L_315a,8-8,0,FMRP,0.022133322,-0.025008775293827057
CH_L_315a,8-9,0,FMRP,0.016409056,-0.025008775293827057
CH_L_315a,9-5,0,FMRP,0.04564573,-0.02489876188337803
CH_L_315a,9-8,0,FMRP,0.013366157,-0.025008775293827057
CH_L_315a,9-9,0,FMRP,-0.0045486647,-0.025008775293827057
CH_L_317a,10-3,0,FMRP,-0.026828956,-0.025333203375339508
CH_L_317a,10-4,0,FMRP,-0.036933083,-0.025216205045580864
CH_L_317a,10-5,0,FMRP,-0.016131373,-0.025229116901755333
CH_L_317a,10-6,0,FMRP,-0.03998598,-0.025167783722281456
CH_L_317a,10-7,0,FMRP,-0.0059352624,-0.02526477910578251
CH_L_317a,10-8,0,FMRP,-0.039498616,-0.025167400017380714
CH_L_317a,11-3,0,FMRP,-0.05906114,-0.025333203375339508
CH_L_317a,11-4,0,FMRP,-0.063838564,-0.025216205045580864
CH_L_317a,11-5,0,FMRP,-0.032630537,-0.025229116901755333
CH_L_317a,11-6,0,FMRP,-0.06417479,-0.025167783722281456
CH_L_317a,11-7,0,FMRP,-0.061994705,-0.02526477910578251
CH_L_317a,6-4,0,FMRP,-0.06324896,-0.02388148196041584
CH_L_317a,6-5,0,FMRP,-0.08483022,-0.02386639080941677
CH_L_317a,6-6,0,FMRP,-0.07591616,-0.023578139021992683
CH_L_317a,7-3,0,FMRP,-0.063240774,-0.02393467351794243
CH_L_317a,7-4,0,FMRP,-0.07955947,-0.024056030437350273
CH_L_317a,7-5,0,FMRP,-0.050260328,-0.023554526269435883
CH_L_317a,7-6,0,FMRP,-0.043125715,-0.023466898128390312
CH_L_317a,8-3,0,FMRP,-0.02920294,-0.02387119084596634
CH_L_317a,8-4,0,FMRP,-0.05144988,-0.023737989366054535
CH_L_317a,8-5,0,FMRP,-0.03591869,-0.02332746982574463
CH_L_317a,8-6,0,FMRP,-0.04101448,-0.0232743751257658
CH_L_317a,9-3,0,FMRP,-0.015889294,-0.025290923193097115
CH_L_317a,9-4,0,FMRP,-0.0012186656,-0.02522146888077259
CH_L_317a,9-5,0,FMRP,-0.02610671,-0.02517944946885109
CH_L_317a,9-6,0,FMRP,-0.04269707,-0.025041544809937477
CH_L_317a,9-7,0,FMRP,-0.0011141634,-0.025050148367881775
CH_L_317a,9-8,0,FMRP,0.013745441,-0.024994250386953354
CH_L_318a,10-18,3,FMRP,-0.01156123,-0.02895243652164936
CH_L_318a,10-19,3,FMRP,0.017565109,-0.02895243652164936
CH_L_318a,10-20,3,FMRP,-0.012942093,-0.02895243652164936
CH_L_318a,10-21,3,FMRP,-0.010969919,-0.02895243652164936
CH_L_318a,10-22,3,FMRP,0.008162791,-0.02895243652164936
CH_L_318a,10-23,3,FMRP,0.0411594,-0.02895243652164936
CH_L_318a,5-19,3,FMRP,-0.025647204,-0.0290786474943161
CH_L_318a,5-20,3,FMRP,-0.012205934,-0.0290786474943161
CH_L_318a,5-21,3,FMRP,0.0013383274,-0.0290786474943161
CH_L_318a,5-22,3,FMRP,-0.006011855,-0.0290786474943161
CH_L_318a,6-18,3,FMRP,0.009181647,-0.029094049707055092
CH_L_318a,6-19,3,FMRP,0.015384858,-0.029094049707055092
CH_L_318a,6-20,3,FMRP,-0.0030014256,-0.029094049707055092
CH_L_318a,6-21,3,FMRP,0.008950093,-0.029094049707055092
CH_L_318a,6-22,3,FMRP,0.00077171077,-0.029094049707055092
CH_L_318a,6-23,3,FMRP,-0.020776954,-0.029094049707055092
CH_L_318a,7-18,3,FMRP,0.04231087,-0.02913682721555233
CH_L_318a,7-19,3,FMRP,0.016411591,-0.02913682721555233
CH_L_318a,7-20,3,FMRP,0.0041262778,-0.02913682721555233
CH_L_318a,7-21,3,FMRP,0.017425222,-0.02913682721555233
CH_L_318a,7-22,3,FMRP,0.0033010235,-0.02913682721555233
CH_L_318a,7-23,3,FMRP,0.008475888,-0.02913682721555233
CH_L_318a,8-18,3,FMRP,0.025108611,-0.02919492870569229
CH_L_318a,8-19,3,FMRP,0.012614591,-0.02919492870569229
CH_L_318a,8-20,3,FMRP,0.015675787,-0.02919492870569229
CH_L_318a,8-21,3,FMRP,-0.0016249048,-0.02919492870569229
CH_L_318a,8-22,3,FMRP,-0.023865433,-0.02919492870569229
CH_L_318a,8-23,3,FMRP,0.0035126242,-0.02919492870569229
CH_L_318a,9-18,3,FMRP,0.019769028,-0.029156867414712906
CH_L_318a,9-19,3,FMRP,0.02402236,-0.029156867414712906
CH_L_318a,9-20,3,FMRP,0.012720304,-0.029156867414712906
CH_L_318a,9-21,3,FMRP,-0.018203117,-0.029156867414712906
CH_L_318a,9-22,3,FMRP,-0.0111987805,-0.029156867414712906
CH_L_318a,9-23,3,FMRP,0.01439203,-0.029156867414712906
CH_L_319a,4-14,1,FMRP,0.003775298,-0.026599790900945663
CH_L_319a,4-15,1,FMRP,-0.007057897,-0.026599790900945663
CH_L_319a,4-16,1,FMRP,-0.01918719,-0.026599790900945663
CH_L_319a,4-17,1,FMRP,-0.0021184853,-0.026599790900945663
CH_L_319a,5-14,1,FMRP,-0.003853795,-0.02659042365849018
CH_L_319a,5-15,1,FMRP,-0.015447873,-0.02659042365849018
CH_L_319a,5-16,1,FMRP,-0.027060684,-0.02659042365849018
CH_L_319a,5-17,1,FMRP,-0.01750741,-0.02659042365849018
CH_L_319a,5-18,1,FMRP,-0.031061783,-0.02659042365849018
CH_L_319a,6-14,1,FMRP,-0.0041055377,-0.026697082445025444
CH_L_319a,6-15,1,FMRP,-0.024190152,-0.026697082445025444
CH_L_319a,6-16,1,FMRP,-0.009354109,-0.026697082445025444
CH_L_319a,6-17,1,FMRP,-0.017320208,-0.026697082445025444
CH_L_319a,6-18,1,FMRP,-0.041542016,-0.026697082445025444
CH_L_319a,7-14,1,FMRP,-0.020431796,-0.026805413886904716
CH_L_319a,7-15,1,FMRP,-0.03885097,-0.026805413886904716
CH_L_319a,7-16,1,FMRP,-0.0140748285,-0.026805413886904716
CH_L_319a,7-17,1,FMRP,-0.036150016,-0.026805413886904716
CH_L_319a,7-18,1,FMRP,-0.059532512,-0.026805413886904716
CH_L_319a,8-14,1,FMRP,-0.046908434,-0.02654748409986496
CH_L_319a,8-15,1,FMRP,-0.05323319,-0.02654748409986496
CH_L_319a,8-16,1,FMRP,-0.0677627,-0.02654748409986496
CH_L_319a,9-15,1,FMRP,-0.06555033,-0.026613332331180573
CH_L_320a,10-11,3,FMRP,-0.034619886,-0.025872334837913513
CH_L_320a,10-12,3,FMRP,-0.021940015,-0.025872334837913513
CH_L_320a,10-13,3,FMRP,-0.041928083,-0.025872334837913513
CH_L_320a,10-14,3,FMRP,0.034263402,-0.025872334837913513
CH_L_320a,10-15,3,FMRP,-0.006678369,-0.025872334837913513
CH_L_320a,6-11,3,FMRP,0.010258585,-0.026395928114652634
CH_L_320a,6-12,3,FMRP,-0.011330825,-0.026395928114652634
CH_L_320a,6-13,3,FMRP,-0.06793817,-0.026395928114652634
CH_L_320a,6-14,3,FMRP,-0.07266392,-0.026395928114652634
CH_L_320a,6-15,3,FMRP,-0.079503894,-0.026395928114652634
CH_L_320a,7-13,3,FMRP,-0.021526722,-0.026520023122429848
CH_L_320a,7-15,3,FMRP,-0.04079545,-0.026520023122429848
CH_L_320a,7-16,3,FMRP,-0.05959363,-0.026520023122429848
CH_L_320a,8-12,3,FMRP,-0.024003368,-0.026176290586590767
CH_L_320a,8-14,3,FMRP,-0.008949568,-0.026176290586590767
CH_L_320a,8-15,3,FMRP,0.019934138,-0.026176290586590767
CH_L_320a,8-16,3,FMRP,-0.0035544531,-0.026176290586590767
CH_L_320a,9-11,3,FMRP,-0.011326877,-0.026072071865200996
CH_L_320a,9-12,3,FMRP,-0.054154154,-0.026072071865200996
CH_L_320a,9-13,3,FMRP,-0.0122481445,-0.026072071865200996
CH_L_320a,9-14,3,FMRP,0.036644444,-0.026072071865200996
CH_L_320a,9-15,3,FMRP,0.011567821,-0.026072071865200996
CH_L_320a,9-16,3,FMRP,0.053812023,-0.026072071865200996
CH_L_321a,10-10,0,FMRP,-0.0032855188,-0.024452675133943558
CH_L_321a,10-11,0,FMRP,-0.007327819,-0.025098111480474472
CH_L_321a,10-12,0,FMRP,-0.017183773,-0.025187984108924866
CH_L_321a,10-13,0,FMRP,-0.013179776,-0.025187984108924866
CH_L_321a,10-14,0,FMRP,-0.013707599,-0.025187984108924866
CH_L_321a,10-9,0,FMRP,-0.0028806592,-0.02470577135682106
CH_L_321a,5-10,0,FMRP,-0.08783206,-0.023574544116854668
CH_L_321a,5-11,0,FMRP,-0.039369058,-0.02523178793489933
CH_L_321a,5-12,0,FMRP,0.009481754,-0.025543946772813797
CH_L_321a,5-13,0,FMRP,0.007987071,-0.025543946772813797
CH_L_321a,5-9,0,FMRP,-0.08401506,-0.023535901680588722
CH_L_321a,6-10,0,FMRP,-0.0073661385,-0.02343628741800785
CH_L_321a,6-11,0,FMRP,-0.011252053,-0.025301843881607056
CH_L_321a,6-12,0,FMRP,-0.0023697386,-0.025497490540146828
CH_L_321a,6-13,0,FMRP,0.0035548608,-0.025497490540146828
CH_L_321a,6-9,0,FMRP,-0.049812246,-0.023427700623869896
CH_L_321a,7-10,0,FMRP,0.009735678,-0.02344849705696106
CH_L_321a,7-11,0,FMRP,-0.00024323702,-0.02513975277543068
CH_L_321a,7-12,0,FMRP,0.0026154288,-0.025430874899029732
CH_L_321a,7-13,0,FMRP,0.0042918497,-0.025430874899029732
CH_L_321a,7-14,0,FMRP,0.009332112,-0.025430874899029732
CH_L_321a,7-9,0,FMRP,-6.35971e-05,-0.023441024124622345
CH_L_321a,8-10,0,FMRP,0.011856181,-0.023521065711975098
CH_L_321a,8-11,0,FMRP,0.003661386,-0.025355320423841476
CH_L_321a,8-12,0,FMRP,0.0036394512,-0.025555331259965897
CH_L_321a,8-13,0,FMRP,0.016304458,-0.025555331259965897
CH_L_321a,8-14,0,FMRP,0.015404416,-0.025555331259965897
CH_L_321a,8-9,0,FMRP,0.014835321,-0.02371557243168354
CH_L_321a,9-10,0,FMRP,0.00037327706,-0.023640580475330353
CH_L_321a,9-11,0,FMRP,0.004185542,-0.024676788598299026
CH_L_321a,9-12,0,FMRP,-0.0019377494,-0.024927102029323578
CH_L_321a,9-13,0,FMRP,0.0073263035,-0.024927102029323578
CH_L_321a,9-14,0,FMRP,0.034954887,-0.024927102029323578
CH_L_321a,9-9,0,FMRP,0.010524999,-0.023567931726574898
CH_L_322a,10-10,1,FMRP,-0.05969806,-0.025390971451997757
CH_L_322a,10-11,1,FMRP,-0.06992241,-0.025390971451997757
CH_L_322a,10-7,1,FMRP,-0.032378413,-0.025515850633382797
CH_L_322a,10-8,1,FMRP,-0.04723495,-0.025629226118326187
CH_L_322a,10-9,1,FMRP,-0.047515474,-0.025585463270545006
CH_L_322a,11-10,1,FMRP,-0.053944994,-0.025390971451997757
CH_L_322a,11-11,1,FMRP,-0.069148034,-0.025390971451997757
CH_L_322a,11-6,1,FMRP,-0.048013628,-0.025560980662703514
CH_L_322a,11-7,1,FMRP,-0.040792275,-0.025515850633382797
CH_L_322a,11-8,1,FMRP,-0.046376526,-0.025629226118326187
CH_L_322a,11-9,1,FMRP,-0.046387587,-0.025585463270545006
CH_L_322a,6-10,1,FMRP,-0.024935897,-0.025768153369426727
CH_L_322a,6-11,1,FMRP,-0.04087791,-0.025768153369426727
CH_L_322a,6-8,1,FMRP,-0.026425002,-0.02534523792564869
CH_L_322a,6-9,1,FMRP,-0.008414802,-0.025051312521100044
CH_L_322a,7-10,1,FMRP,-0.06331685,-0.025647388771176338
CH_L_322a,7-11,1,FMRP,-0.055420805,-0.025647388771176338
CH_L_322a,7-8,1,FMRP,-0.028642306,-0.025035332888364792
CH_L_322a,7-9,1,FMRP,-0.028085647,-0.025127841159701347
CH_L_322a,8-10,1,FMRP,-0.047645777,-0.02518199197947979
CH_L_322a,8-11,1,FMRP,-0.06769376,-0.02518199197947979
CH_L_322a,8-8,1,FMRP,-0.03694775,-0.024839777499437332
CH_L_322a,8-9,1,FMRP,-0.035066567,-0.024764807894825935
CH_L_322a,9-10,1,FMRP,-0.04336248,-0.025578683242201805
CH_L_322a,9-11,1,FMRP,-0.06126317,-0.025578683242201805
CH_L_322a,9-7,1,FMRP,-0.024566876,-0.025146199390292168
CH_L_322a,9-8,1,FMRP,-0.03498789,-0.024838970974087715
CH_L_322a,9-9,1,FMRP,-0.035387445,-0.025063104927539825
CH_L_323a,3-10,3,FMRP,-0.0016617649,-0.025806913152337074
CH_L_323a,3-8,3,FMRP,0.016297648,-0.025806913152337074
CH_L_323a,3-9,3,FMRP,0.020902846,-0.025806913152337074
CH_L_323a,4-10,3,FMRP,-0.0037430562,-0.025576677173376083
CH_L_323a,4-6,3,FMRP,0.0052315155,-0.02532397024333477
CH_L_323a,4-7,3,FMRP,0.018431365,-0.02552097849547863
CH_L_323a,4-8,3,FMRP,0.009187254,-0.025576677173376083
CH_L_323a,4-9,3,FMRP,0.0032891277,-0.025576677173376083
CH_L_323a,5-10,3,FMRP,0.026432853,-0.0256796982139349
CH_L_323a,5-6,3,FMRP,0.02724816,-0.025463595986366272
CH_L_323a,5-7,3,FMRP,0.025137428,-0.025566549971699715
CH_L_323a,5-8,3,FMRP,0.01903371,-0.0256796982139349
CH_L_323a,5-9,3,FMRP,0.052051507,-0.0256796982139349
CH_L_323a,6-10,3,FMRP,0.04382256,-0.02543579414486885
CH_L_323a,6-7,3,FMRP,0.026948513,-0.02542935125529766
CH_L_323a,6-8,3,FMRP,0.043070298,-0.02543579414486885
CH_L_323a,6-9,3,FMRP,0.051403236,-0.02543579414486885
CH_L_323a,7-10,3,FMRP,0.06952497,-0.02587529458105564
CH_L_323a,7-11,3,FMRP,0.051541727,-0.02587529458105564
CH_L_323a,7-6,3,FMRP,0.0376168,-0.02598731592297554
CH_L_323a,7-7,3,FMRP,0.02623711,-0.025976231321692467
CH_L_323a,7-8,3,FMRP,0.049466334,-0.02587529458105564
CH_L_323a,7-9,3,FMRP,0.06383411,-0.02587529458105564
CH_L_323a,8-10,3,FMRP,0.008824322,-0.02607860043644905
CH_L_323a,8-11,3,FMRP,0.005437789,-0.02607860043644905
CH_L_323a,8-6,3,FMRP,0.018688949,-0.026262648403644562
CH_L_323a,8-7,3,FMRP,0.0333722,-0.026169011369347572
CH_L_323a,8-8,3,FMRP,0.02118462,-0.02607860043644905
CH_L_323a,8-9,3,FMRP,0.0071939495,-0.02607860043644905
CH_L_326a,10-10,1,FMRP,0.01945618,-0.02607746608555317
CH_L_326a,10-11,1,FMRP,0.00089600834,-0.026081230491399765
CH_L_326a,10-12,1,FMRP,0.010127578,-0.02621883526444435
CH_L_326a,10-13,1,FMRP,0.00067139365,-0.02621883526444435
CH_L_326a,10-14,1,FMRP,-0.01331874,-0.02621883526444435
CH_L_326a,10-9,1,FMRP,0.011239882,-0.02598332241177559
CH_L_326a,11-10,1,FMRP,0.026323445,-0.02606424316763878
CH_L_326a,11-11,1,FMRP,0.02528868,-0.026004787534475327
CH_L_326a,11-12,1,FMRP,0.027107779,-0.02582906372845173
CH_L_326a,11-13,1,FMRP,0.008904421,-0.02582906372845173
CH_L_326a,11-14,1,FMRP,0.013279822,-0.02582906372845173
CH_L_326a,12-14,1,FMRP,-0.00015064992,-0.026215052232146263
CH_L_326a,7-10,1,FMRP,-0.022471411,-0.02601732686161995
CH_L_326a,7-11,1,FMRP,0.009594644,-0.02626185491681099
CH_L_326a,7-12,1,FMRP,0.007816441,-0.026721341535449028
CH_L_326a,7-13,1,FMRP,0.009246115,-0.026721341535449028
CH_L_326a,7-14,1,FMRP,0.011857407,-0.026721341535449028
CH_L_326a,8-10,1,FMRP,-0.026027793,-0.02608482353389263
CH_L_326a,8-11,1,FMRP,-0.021084193,-0.026300078257918358
CH_L_326a,8-12,1,FMRP,0.013772889,-0.02678692527115345
CH_L_326a,8-13,1,FMRP,0.019464266,-0.02678692527115345
CH_L_326a,8-14,1,FMRP,0.012320291,-0.02678692527115345
CH_L_326a,8-9,1,FMRP,-0.044702813,-0.02583489380776882
CH_L_326a,9-10,1,FMRP,0.0016276912,-0.025868836790323257
CH_L_326a,9-11,1,FMRP,0.0036504657,-0.0262297336012125
CH_L_326a,9-12,1,FMRP,0.011517241,-0.026663117110729218
CH_L_326a,9-13,1,FMRP,0.01806508,-0.026663117110729218
CH_L_326a,9-14,1,FMRP,-0.0021397972,-0.026663117110729218
CH_L_326a,9-9,1,FMRP,0.005104927,-0.025925330817699432
CH_L_327a,4-2,3,FMRP,-0.05544164,-0.02704230323433876
CH_L_327a,4-3,3,FMRP,-0.020277433,-0.027021147310733795
CH_L_327a,4-4,3,FMRP,-0.028556103,-0.026909062638878822
CH_L_327a,4-5,3,FMRP,-0.007794018,-0.02636418305337429
CH_L_327a,4-6,3,FMRP,-0.0025883357,-0.02625175006687641
CH_L_327a,5-2,3,FMRP,-0.06445048,-0.027114015072584152
CH_L_327a,5-3,3,FMRP,-0.001903141,-0.027004169300198555
CH_L_327a,5-4,3,FMRP,0.015792152,-0.02713611163198948
CH_L_327a,5-5,3,FMRP,0.0035123345,-0.026777395978569984
CH_L_327a,5-6,3,FMRP,0.020004386,-0.026256579905748367
CH_L_327a,6-2,3,FMRP,-0.039206594,-0.026982663199305534
CH_L_327a,6-3,3,FMRP,0.011570499,-0.02717316709458828
CH_L_327a,6-4,3,FMRP,0.003232163,-0.02724825218319893
CH_L_327a,6-5,3,FMRP,0.006492352,-0.026772983372211456
CH_L_327a,6-6,3,FMRP,0.0038322369,-0.025895893573760986
CH_L_327a,7-2,3,FMRP,-0.02236156,-0.02674696035683155
CH_L_327a,7-3,3,FMRP,0.032400012,-0.02703935280442238
CH_L_327a,7-4,3,FMRP,0.035459615,-0.027135293930768967
CH_L_327a,7-5,3,FMRP,0.027617201,-0.026319880038499832
CH_L_327a,7-6,3,FMRP,0.030960295,-0.025998294353485107
CH_L_327a,8-2,3,FMRP,-0.015509824,-0.026291975751519203
CH_L_327a,8-3,3,FMRP,0.018417327,-0.02649502269923687
CH_L_327a,8-4,3,FMRP,0.03200082,-0.026574840769171715
CH_L_327a,8-5,3,FMRP,0.029914476,-0.026021672412753105
CH_L_327a,8-6,3,FMRP,-0.0028063203,-0.025854507461190224
CH_L_327a,9-5,3,FMRP,0.013021585,-0.025611544027924538
CH_L_327a,9-6,3,FMRP,-0.024452683,-0.027114059776067734
CH_L_328a,10-10,0,FMRP,0.0014781047,-0.02420787699520588
CH_L_328a,10-11,0,FMRP,0.013838536,-0.025380263105034828
CH_L_328a,10-7,0,FMRP,0.031314433,-0.02456228993833065
CH_L_328a,10-8,0,FMRP,0.030703174,-0.02452811971306801
CH_L_328a,10-9,0,FMRP,0.0033654124,-0.024351105093955994
CH_L_328a,11-10,0,FMRP,-0.036379285,-0.02545584924519062
CH_L_328a,11-11,0,FMRP,-0.019185437,-0.02536841109395027
CH_L_328a,11-7,0,FMRP,0.008899763,-0.025344539433717728
CH_L_328a,11-8,0,FMRP,0.023792617,-0.0253751203417778
CH_L_328a,11-9,0,FMRP,0.005048173,-0.02541271783411503
CH_L_328a,6-10,0,FMRP,0.011873796,-0.023970099166035652
CH_L_328a,6-11,0,FMRP,0.027211677,-0.02564120851457119
CH_L_328a,6-12,0,FMRP,-0.015953222,-0.025808269158005714
CH_L_328a,6-8,0,FMRP,0.022881864,-0.023982282727956772
CH_L_328a,6-9,0,FMRP,0.010142386,-0.023946356028318405
CH_L_328a,7-10,0,FMRP,-0.0044302666,-0.02406040020287037
CH_L_328a,7-11,0,FMRP,0.0024586513,-0.025553900748491287
CH_L_328a,7-12,0,FMRP,0.0093638385,-0.025713203474879265
CH_L_328a,7-7,0,FMRP,0.038906902,-0.02459363266825676
CH_L_328a,7-8,0,FMRP,-0.0024840634,-0.02425941824913025
CH_L_328a,7-9,0,FMRP,0.0018069876,-0.02410251460969448
CH_L_328a,8-10,0,FMRP,0.024061894,-0.024013711139559746
CH_L_328a,8-11,0,FMRP,0.008115037,-0.025479473173618317
CH_L_328a,8-12,0,FMRP,-0.005906229,-0.025650084018707275
CH_L_328a,8-7,0,FMRP,0.057155367,-0.02464522048830986
CH_L_328a,8-8,0,FMRP,0.02061834,-0.02440059185028076
CH_L_328a,8-9,0,FMRP,0.011800375,-0.02432078868150711
CH_L_328a,9-10,0,FMRP,0.01575155,-0.024225128814578056
CH_L_328a,9-11,0,FMRP,0.0138390595,-0.025528691709041595
CH_L_328a,9-7,0,FMRP,0.039989907,-0.02449773997068405
CH_L_328a,9-8,0,FMRP,0.020141732,-0.02460257150232792
CH_L_328a,9-9,0,FMRP,0.006856568,-0.024392493069171906
CH_L_329a,4-10,3,FMRP,0.006156079,-0.02660648338496685
CH_L_329a,4-7,3,FMRP,-0.0055164252,-0.025462443009018898
CH_L_329a,4-8,3,FMRP,0.0050895913,-0.02577829174697399
CH_L_329a,4-9,3,FMRP,0.00033255693,-0.02612891234457493
CH_L_329a,5-6,3,FMRP,-0.0121051,-0.02570442669093609
CH_L_329a,5-7,3,FMRP,-0.009710724,-0.025810522958636284
CH_L_329a,5-8,3,FMRP,0.0005815433,-0.025847328826785088
CH_L_329a,5-9,3,FMRP,-0.008022774,-0.026056671515107155
CH_L_329a,6-6,3,FMRP,-0.01186954,-0.02586275525391102
CH_L_329a,6-7,3,FMRP,-0.008975577,-0.025659292936325073
CH_L_329a,6-8,3,FMRP,-0.013163597,-0.02576885186135769
CH_L_329a,6-9,3,FMRP,-0.0040848334,-0.025962600484490395
CH_L_329a,7-10,3,FMRP,0.0055522905,-0.026290448382496834
CH_L_329a,7-6,3,FMRP,-0.012788534,-0.025881579145789146
CH_L_329a,7-7,3,FMRP,-0.033680007,-0.025487588718533516
CH_L_329a,7-8,3,FMRP,-0.023653409,-0.02544502168893814
CH_L_329a,7-9,3,FMRP,-0.009855515,-0.02594209834933281
CH_L_329a,8-10,3,FMRP,-0.00070120755,-0.026584750041365623
CH_L_329a,8-7,3,FMRP,-0.013479124,-0.0253921989351511
CH_L_329a,8-8,3,FMRP,-0.03334656,-0.02537531405687332
CH_L_329a,8-9,3,FMRP,-0.02675689,-0.025966301560401917
CH_L_329a,9-10,3,FMRP,0.010640259,-0.026604963466525078
CH_L_329a,9-6,3,FMRP,-0.012731191,-0.025991035625338554
CH_L_329a,9-7,3,FMRP,0.007960733,-0.026101285591721535
CH_L_329a,9-8,3,FMRP,-0.0069810282,-0.02625415474176407
CH_L_329a,9-9,3,FMRP,-0.0061667245,-0.0263514444231987
CH_L_333a,10-6,4,FMRP,-0.0030056231,-0.022997355088591576
CH_L_333a,11-2,4,FMRP,-0.074125305,-0.02289562299847603
CH_L_333a,11-4,4,FMRP,-0.048246793,-0.022955438122153282
CH_L_333a,11-5,4,FMRP,-0.062428284,-0.023173293098807335
CH_L_333a,11-6,4,FMRP,-0.05214334,-0.022997355088591576
CH_L_333a,7-5,4,FMRP,-0.011684929,-0.022671354934573174
CH_L_333a,9-5,4,FMRP,-0.01987581,-0.023173293098807335
CH_L_333a,9-6,4,FMRP,-0.024711702,-0.022997355088591576
CH_L_334a,4-10,4,FMRP,0.0097172195,-0.02325509302318096
CH_L_334a,4-11,4,FMRP,-0.019396542,-0.02325509302318096
CH_L_334a,4-12,4,FMRP,-0.0501667,-0.02325509302318096
CH_L_334a,4-13,4,FMRP,-0.034043,-0.02325509302318096
CH_L_334a,4-9,4,FMRP,0.017470729,-0.022984182462096214
CH_L_334a,5-10,4,FMRP,-0.0023813916,-0.023333163931965828
CH_L_334a,5-11,4,FMRP,0.006269753,-0.023333163931965828
CH_L_334a,5-12,4,FMRP,0.0006470847,-0.023333163931965828
CH_L_334a,5-13,4,FMRP,-0.017191604,-0.023333163931965828
CH_L_334a,5-9,4,FMRP,0.005438075,-0.023313375189900398
CH_L_334a,6-10,4,FMRP,-0.007879566,-0.023044822737574577
CH_L_334a,6-11,4,FMRP,0.0069814245,-0.023044822737574577
CH_L_334a,6-12,4,FMRP,0.0090517225,-0.023044822737574577
CH_L_334a,6-13,4,FMRP,-0.030066026,-0.023044822737574577
CH_L_334a,6-9,4,FMRP,-0.0036918125,-0.023027634248137474
CH_L_334a,7-10,4,FMRP,-0.011961858,-0.02315584383904934
CH_L_334a,7-11,4,FMRP,-0.0017860085,-0.02315584383904934
CH_L_334a,7-12,4,FMRP,-0.033172462,-0.02315584383904934
CH_L_334a,7-9,4,FMRP,-0.028469583,-0.022978758439421654
CH_L_334a,8-10,4,FMRP,-0.008910476,-0.022925741970539093
CH_L_334a,8-11,4,FMRP,-0.01030898,-0.022925741970539093
CH_L_334a,8-12,4,FMRP,-0.032657422,-0.022925741970539093
CH_L_334a,8-9,4,FMRP,-0.023145813,-0.022768009454011917
CH_L_334a,9-10,4,FMRP,-0.018144082,-0.022866325452923775
CH_L_334a,9-11,4,FMRP,-0.04271887,-0.022866325452923775
CH_L_334a,9-12,4,FMRP,-0.08874158,-0.022866325452923775
CH_L_334a,9-9,4,FMRP,-0.0021672316,-0.02292214147746563
CH_L_335a,2-5,2,FMRP,-0.0412737,-0.020563693717122078
CH_L_335a,2-6,2,FMRP,-0.0710074,-0.020456712692975998
CH_L_335a,2-7,2,FMRP,-0.054895777,-0.020751938223838806
CH_L_335a,2-8,2,FMRP,0.0033479074,-0.02126469276845455
CH_L_335a,2-9,2,FMRP,0.007096655,-0.021269649267196655
CH_L_335a,3-4,2,FMRP,-0.0135087585,-0.02081868052482605
CH_L_335a,3-6,2,FMRP,-0.011615872,-0.020374242216348648
CH_L_335a,3-7,2,FMRP,-0.022550132,-0.02063703164458275
CH_L_335a,3-8,2,FMRP,0.0043203942,-0.02131502516567707
CH_L_335a,6-9,2,FMRP,-0.025042083,-0.021283255890011787
CH_L_336a,10-4,3,FMRP,0.00615125,-0.02631334401667118
CH_L_336a,10-5,3,FMRP,0.015378122,-0.026456929743289948
CH_L_336a,10-7,3,FMRP,0.029634034,-0.026714444160461426
CH_L_336a,10-8,3,FMRP,0.047568206,-0.027136242017149925
CH_L_336a,10-9,3,FMRP,0.041148786,-0.02719077281653881
CH_L_336a,11-7,3,FMRP,0.00030966912,-0.027642952278256416
CH_L_336a,11-8,3,FMRP,0.045025982,-0.027204658836126328
CH_L_336a,11-9,3,FMRP,0.039221536,-0.027157019823789597
CH_L_336a,12-5,3,FMRP,-0.014703047,-0.027646899223327637
CH_L_336a,12-8,3,FMRP,0.04023437,-0.02731708437204361
CH_L_336a,12-9,3,FMRP,0.03754763,-0.027342649176716805
CH_L_336a,7-5,3,FMRP,-0.002588562,-0.027324864640831947
CH_L_336a,7-6,3,FMRP,0.0067248708,-0.026783065870404243
CH_L_336a,8-5,3,FMRP,-0.00052495976,-0.02709250897169113
CH_L_336a,8-6,3,FMRP,-0.0004657532,-0.02672666683793068
CH_L_336a,9-4,3,FMRP,-0.011151896,-0.026900092139840126
CH_L_336a,9-5,3,FMRP,0.010832826,-0.026770833879709244
CH_L_336a,9-6,3,FMRP,0.01912816,-0.026709506288170815
CH_L_336a,9-7,3,FMRP,0.011792297,-0.02643444761633873
CH_L_336a,9-8,3,FMRP,0.030359348,-0.02623036876320839
CH_L_337a,10-12,0,FMRP,-0.078268595,-0.0248932596296072
CH_L_337a,10-13,0,FMRP,-0.061619703,-0.025616701692342758
CH_L_337a,5-12,0,FMRP,-0.07627309,-0.0244903527200222
CH_L_337a,5-13,0,FMRP,-0.085989565,-0.02566663548350334
CH_L_337a,5-14,0,FMRP,-0.07820936,-0.02579740434885025
CH_L_337a,5-15,0,FMRP,-0.07689555,-0.02579740434885025
CH_L_337a,5-16,0,FMRP,-0.08393187,-0.02579740434885025
CH_L_337a,6-12,0,FMRP,-0.08765725,-0.024510426446795464
CH_L_337a,6-13,0,FMRP,-0.10008777,-0.025675924494862556
CH_L_337a,6-16,0,FMRP,-0.10030984,-0.025787651538848877
CH_L_337a,7-12,0,FMRP,-0.05761885,-0.024720244109630585
CH_L_337a,7-13,0,FMRP,-0.07937294,-0.02564191073179245
CH_L_337a,7-16,0,FMRP,-0.08797334,-0.025738123804330826
CH_L_337a,8-12,0,FMRP,-0.059016567,-0.02467324770987034
CH_L_337a,8-13,0,FMRP,-0.0745115,-0.025752965360879898
CH_L_337a,8-16,0,FMRP,-0.073825866,-0.02587924338877201
CH_L_338a,10-10,2,FMRP,-0.06033036,-0.02227415330708027
CH_L_338a,10-11,2,FMRP,-0.060116235,-0.022235089913010597
CH_L_338a,10-12,2,FMRP,-0.07250904,-0.022432969883084297
CH_L_338a,10-9,2,FMRP,-0.07571487,-0.022265270352363586
CH_L_338a,11-10,2,FMRP,-0.07232376,-0.022205136716365814
CH_L_338a,11-11,2,FMRP,-0.065152645,-0.022173261269927025
CH_L_338a,6-12,2,FMRP,-0.1022657,-0.022039519622921944
CH_L_338a,7-11,2,FMRP,-0.085604824,-0.022542642429471016
CH_L_338a,7-12,2,FMRP,-0.089709066,-0.02238571085035801
CH_L_338a,8-10,2,FMRP,-0.07707057,-0.022376693785190582
CH_L_338a,8-11,2,FMRP,-0.08883567,-0.02245166525244713
CH_L_338a,8-12,2,FMRP,-0.079549305,-0.022661477327346802
CH_L_338a,8-13,2,FMRP,-0.07282817,-0.022375617176294327
CH_L_338a,8-9,2,FMRP,-0.09146844,-0.022395599633455276
CH_L_338a,9-10,2,FMRP,-0.06588855,-0.02237182855606079
CH_L_338a,9-11,2,FMRP,-0.08511276,-0.022260159254074097
CH_L_338a,9-12,2,FMRP,-0.075679675,-0.022587772458791733
CH_L_338a,9-13,2,FMRP,-0.08334902,-0.0225604847073555
CH_L_338a,9-9,2,FMRP,-0.07346733,-0.022457554936408997
CH_L_339a,5-10,3,FMRP,-0.02265528,-0.025446340441703796
CH_L_339a,5-7,3,FMRP,-0.03892313,-0.02551337704062462
CH_L_339a,5-8,3,FMRP,-0.041342437,-0.025446340441703796
CH_L_339a,5-9,3,FMRP,-0.028379949,-0.025446340441703796
CH_L_339a,6-10,3,FMRP,-0.0215071,-0.02572074718773365
CH_L_339a,6-6,3,FMRP,-0.044901498,-0.025655802339315414
CH_L_339a,6-7,3,FMRP,-0.0240858,-0.025698166340589523
CH_L_339a,6-8,3,FMRP,-0.023655904,-0.02572074718773365
CH_L_339a,6-9,3,FMRP,-0.025463134,-0.02572074718773365
CH_L_339a,7-10,3,FMRP,-0.013280447,-0.02556612715125084
CH_L_339a,7-6,3,FMRP,-0.04171015,-0.025370147079229355
CH_L_339a,7-7,3,FMRP,-0.02940555,-0.025509394705295563
CH_L_339a,7-8,3,FMRP,-0.019856708,-0.02556612715125084
CH_L_339a,7-9,3,FMRP,-0.015779404,-0.02556612715125084
CH_L_339a,8-10,3,FMRP,-0.012782428,-0.025492478162050247
CH_L_339a,8-6,3,FMRP,0.0024401217,-0.025398461148142815
CH_L_339a,8-7,3,FMRP,-0.012666652,-0.025450831279158592
CH_L_339a,8-8,3,FMRP,-0.020968687,-0.025492478162050247
CH_L_339a,8-9,3,FMRP,-0.017960573,-0.025492478162050247
CH_L_339a,9-10,3,FMRP,-0.012953461,-0.025492478162050247
CH_L_339a,9-7,3,FMRP,-0.0020227486,-0.025450831279158592
CH_L_339a,9-8,3,FMRP,-0.00067438185,-0.025492478162050247
CH_L_339a,9-9,3,FMRP,1.1973235e-05,-0.025492478162050247
CH_L_340a,10-10,3,FMRP,-0.034025215,-0.026081789284944534
CH_L_340a,10-11,3,FMRP,-0.055401854,-0.025875113904476166
CH_L_340a,10-12,3,FMRP,-0.07771701,-0.026240946725010872
CH_L_340a,10-8,3,FMRP,-0.021113092,-0.025903457775712013
CH_L_340a,10-9,3,FMRP,-0.025391676,-0.02575494907796383
CH_L_340a,5-10,3,FMRP,-0.00458406,-0.02631452865898609
CH_L_340a,5-11,3,FMRP,-0.011176038,-0.026412418112158775
CH_L_340a,5-12,3,FMRP,0.0014496142,-0.026717297732830048
CH_L_340a,5-8,3,FMRP,-0.005108862,-0.026237305253744125
CH_L_340a,5-9,3,FMRP,0.004561188,-0.02635096199810505
CH_L_340a,6-10,3,FMRP,-0.013086569,-0.02592826634645462
CH_L_340a,6-11,3,FMRP,-0.016558578,-0.02598504163324833
CH_L_340a,6-12,3,FMRP,0.002429126,-0.026255903765559196
CH_L_340a,6-8,3,FMRP,-0.0071591013,-0.025965718552470207
CH_L_340a,6-9,3,FMRP,-0.007783348,-0.025950295850634575
CH_L_340a,7-10,3,FMRP,-0.01638087,-0.02593928575515747
CH_L_340a,7-11,3,FMRP,-0.035168946,-0.025979502126574516
CH_L_340a,7-12,3,FMRP,-0.00020622664,-0.026327883824706078
CH_L_340a,7-8,3,FMRP,-0.023722066,-0.025958195328712463
CH_L_340a,7-9,3,FMRP,-0.022389805,-0.02589433453977108
CH_L_340a,8-10,3,FMRP,-0.019165969,-0.02579599618911743
CH_L_340a,8-11,3,FMRP,-0.036224492,-0.02590266615152359
CH_L_340a,8-12,3,FMRP,-0.027881715,-0.02633104845881462
CH_L_340a,8-8,3,FMRP,-0.025595458,-0.026069018989801407
CH_L_340a,8-9,3,FMRP,-0.02465296,-0.02584364078938961
CH_L_340a,9-10,3,FMRP,-0.0067998795,-0.025816837325692177
CH_L_340a,9-11,3,FMRP,-0.029656386,-0.025930283591151237
CH_L_340a,9-12,3,FMRP,-0.020157266,-0.026211673393845558
CH_L_340a,9-8,3,FMRP,-0.018662108,-0.02594934031367302
CH_L_340a,9-9,3,FMRP,-0.019031115,-0.02592005953192711
CH_L_341a,10-8,3,FMRP,-0.10822532,-0.026560459285974503
CH_L_341a,10-9,3,FMRP,-0.12541161,-0.026841919869184494
CH_L_341a,5-8,3,FMRP,-0.09975589,-0.026053231209516525
CH_L_341a,5-9,3,FMRP,-0.092095345,-0.026132682338356972
CH_L_341a,6-8,3,FMRP,-0.10295179,-0.026023102924227715
CH_L_341a,6-9,3,FMRP,-0.10215556,-0.025939656421542168
CH_L_341a,7-8,3,FMRP,-0.101894245,-0.02602369897067547
CH_L_341a,7-9,3,FMRP,-0.10265685,-0.026036623865365982
CH_L_341a,8-10,3,FMRP,-0.108962,-0.025821266695857048
CH_L_341a,8-12,3,FMRP,-0.13488567,-0.027191070839762688
CH_L_341a,8-8,3,FMRP,-0.11396915,-0.026018910109996796
CH_L_341a,8-9,3,FMRP,-0.109230496,-0.025920365005731583
CH_L_341a,9-8,3,FMRP,-0.10330067,-0.025884142145514488
CH_L_342a,10-7,4,FMRP,-0.099598736,-0.02399708516895771
CH_L_342a,10-8,4,FMRP,-0.09213051,-0.02380353957414627
CH_L_342a,10-9,4,FMRP,-0.08973799,-0.023728828877210617
CH_L_342a,11-9,4,FMRP,-0.09312108,-0.023232415318489075
CH_L_342a,12-8,4,FMRP,-0.0914484,-0.022644780576229095
CH_L_342a,12-9,4,FMRP,-0.08994444,-0.023223210126161575
CH_L_342a,7-8,4,FMRP,-0.09741713,-0.023740822449326515
CH_L_342a,8-7,4,FMRP,-0.10120254,-0.023981263861060143
CH_L_342a,8-8,4,FMRP,-0.09706385,-0.0237530916929245
CH_L_342a,8-9,4,FMRP,-0.1000755,-0.023727333173155785
CH_L_342a,9-7,4,FMRP,-0.10255385,-0.024004507809877396
CH_L_342a,9-8,4,FMRP,-0.09168953,-0.023664748296141624
CH_L_342a,9-9,4,FMRP,-0.086341225,-0.023751409724354744
CH_L_344a,10-5,3,FMRP,-0.020767108,-0.026027817279100418
CH_L_344a,10-6,3,FMRP,-0.022183323,-0.025996867567300797
CH_L_344a,10-7,3,FMRP,-0.018530782,-0.02598722092807293
CH_L_344a,10-8,3,FMRP,-0.01180436,-0.025940632447600365
CH_L_344a,10-9,3,FMRP,-0.009693684,-0.025908051058650017
CH_L_344a,6-6,3,FMRP,0.02645595,-0.02724114991724491
CH_L_344a,6-7,3,FMRP,-0.03665596,-0.02655773051083088
CH_L_344a,6-8,3,FMRP,-0.043567874,-0.026013560593128204
CH_L_344a,6-9,3,FMRP,-0.03927919,-0.02599189803004265
CH_L_344a,7-5,3,FMRP,-0.02250959,-0.027310658246278763
CH_L_344a,7-6,3,FMRP,-0.011757365,-0.027268191799521446
CH_L_344a,7-7,3,FMRP,-0.028619865,-0.026523368433117867
CH_L_344a,7-8,3,FMRP,-0.030543456,-0.025979172438383102
CH_L_344a,7-9,3,FMRP,-0.031358063,-0.025878673419356346
CH_L_344a,8-5,3,FMRP,-0.042282447,-0.027176352217793465
CH_L_344a,8-6,3,FMRP,-0.027291516,-0.02718944288790226
CH_L_344a,8-7,3,FMRP,-0.025330568,-0.02651382051408291
CH_L_344a,8-8,3,FMRP,-0.019618934,-0.025948872789740562
CH_L_344a,8-9,3,FMRP,-0.025134698,-0.025739215314388275
CH_L_344a,9-5,3,FMRP,-0.022378733,-0.02690681256353855
CH_L_344a,9-6,3,FMRP,-0.02001989,-0.02698541060090065
CH_L_344a,9-7,3,FMRP,-0.02212417,-0.026321163401007652
CH_L_344a,9-8,3,FMRP,-0.010812415,-0.025966865941882133
CH_L_344a,9-9,3,FMRP,-0.00016122877,-0.02585575543344021
CH_L_345a,3-6,0,FMRP,-0.006262688,-0.024658959358930588
CH_L_345a,3-8,0,FMRP,-0.04685153,-0.024832671508193016
CH_L_345a,3-9,0,FMRP,-0.044172794,-0.024832671508193016
CH_L_345a,4-6,0,FMRP,0.04457573,-0.024309515953063965
CH_L_345a,4-7,0,FMRP,-0.047727,-0.024434294551610947
CH_L_345a,4-8,0,FMRP,0.012483858,-0.024434294551610947
CH_L_345a,4-9,0,FMRP,0.031070556,-0.024434294551610947
CH_L_345a,5-10,0,FMRP,-0.0026771612,-0.02440391667187214
CH_L_345a,5-6,0,FMRP,0.02478025,-0.024279041215777397
CH_L_345a,5-7,0,FMRP,0.004564143,-0.02440391667187214
CH_L_345a,5-8,0,FMRP,0.020102054,-0.02440391667187214
CH_L_345a,5-9,0,FMRP,0.010776945,-0.02440391667187214
CH_L_345a,6-10,0,FMRP,-0.01955932,-0.024665221571922302
CH_L_345a,6-5,0,FMRP,0.024489142,-0.024432463571429253
CH_L_345a,6-6,0,FMRP,-0.040014055,-0.0246152114123106
CH_L_345a,6-7,0,FMRP,-0.002594528,-0.024665221571922302
CH_L_345a,6-8,0,FMRP,0.028511014,-0.024665221571922302
CH_L_345a,6-9,0,FMRP,0.016488591,-0.024665221571922302
CH_L_345a,7-5,0,FMRP,-0.001997838,-0.024499066174030304
CH_L_345a,7-6,0,FMRP,-0.045546338,-0.024666333571076393
CH_L_345a,7-7,0,FMRP,-0.01657319,-0.02466941997408867
CH_L_345a,7-8,0,FMRP,0.0115461135,-0.02466941997408867
CH_L_345a,7-9,0,FMRP,0.012730197,-0.02466941997408867
CH_L_345a,8-5,0,FMRP,-0.060758587,-0.024499066174030304
CH_L_345a,8-6,0,FMRP,-0.049621154,-0.024666333571076393
CH_L_345a,8-7,0,FMRP,-0.03531329,-0.02466941997408867
CH_L_345a,8-8,0,FMRP,-0.041451883,-0.02466941997408867
CH_L_346a,10-10,4,FMRP,0.030420607,-0.02358131855726242
CH_L_346a,10-11,4,FMRP,0.029146759,-0.023817874491214752
CH_L_346a,10-12,4,FMRP,0.056642585,-0.023767273873090744
CH_L_346a,10-13,4,FMRP,0.045928016,-0.023767273873090744
CH_L_346a,10-9,4,FMRP,0.020984,-0.023433446884155273
CH_L_346a,5-10,4,FMRP,0.0011280604,-0.023559998720884323
CH_L_346a,5-13,4,FMRP,-0.08883062,-0.024222858250141144
CH_L_346a,5-9,4,FMRP,0.026259342,-0.02350490912795067
CH_L_346a,6-10,4,FMRP,0.021584898,-0.02350417897105217
CH_L_346a,6-11,4,FMRP,0.007817327,-0.02394002489745617
CH_L_346a,6-12,4,FMRP,-0.009900037,-0.024036752060055733
CH_L_346a,6-13,4,FMRP,-0.0915926,-0.024036752060055733
CH_L_346a,6-8,4,FMRP,0.0025194595,-0.023289896547794342
CH_L_346a,6-9,4,FMRP,-0.03393083,-0.02343028225004673
CH_L_346a,7-10,4,FMRP,0.022877749,-0.02359401434659958
CH_L_346a,7-11,4,FMRP,0.033621516,-0.02383408322930336
CH_L_346a,7-12,4,FMRP,0.011088918,-0.023824166506528854
CH_L_346a,7-13,4,FMRP,-0.02996228,-0.023824166506528854
CH_L_346a,7-8,4,FMRP,0.020789076,-0.023241376504302025
CH_L_346a,7-9,4,FMRP,0.01972707,-0.023543160408735275
CH_L_346a,8-10,4,FMRP,0.047796953,-0.023571522906422615
CH_L_346a,8-11,4,FMRP,0.04773016,-0.023965921252965927
CH_L_346a,8-12,4,FMRP,0.022417013,-0.02412065491080284
CH_L_346a,8-13,4,FMRP,0.030182859,-0.02412065491080284
CH_L_346a,8-8,4,FMRP,0.031555116,-0.02322901412844658
CH_L_346a,8-9,4,FMRP,0.017914338,-0.02355549857020378
CH_L_346a,9-10,4,FMRP,0.02992896,-0.023373179137706757
CH_L_346a,9-11,4,FMRP,0.023498608,-0.023382386192679405
CH_L_346a,9-12,4,FMRP,0.040320568,-0.02340419590473175
CH_L_346a,9-13,4,FMRP,0.044906463,-0.02340419590473175
CH_L_346a,9-8,4,FMRP,-0.014481661,-0.023212993517518044
CH_L_346a,9-9,4,FMRP,0.016243244,-0.023322291672229767
CH_L_347a,4-11,3,FMRP,-0.045067586,-0.025689231231808662
CH_L_347a,4-12,3,FMRP,-0.035084408,-0.025689231231808662
CH_L_347a,4-13,3,FMRP,-0.016121073,-0.025689231231808662
CH_L_347a,4-9,3,FMRP,0.009873353,-0.0257173553109169
CH_L_347a,5-10,3,FMRP,0.0012446295,-0.025866718962788582
CH_L_347a,5-11,3,FMRP,-0.026966697,-0.025866718962788582
CH_L_347a,5-12,3,FMRP,-0.030017793,-0.025866718962788582
CH_L_347a,5-13,3,FMRP,-0.009962017,-0.025866718962788582
CH_L_347a,5-9,3,FMRP,0.0054472205,-0.025849362835288048
CH_L_347a,6-10,3,FMRP,-0.02227314,-0.025973739102482796
CH_L_347a,6-11,3,FMRP,-0.03297022,-0.025973739102482796
CH_L_347a,6-12,3,FMRP,-0.03278631,-0.025973739102482796
CH_L_347a,6-13,3,FMRP,-0.021959322,-0.025973739102482796
CH_L_347a,6-9,3,FMRP,0.020040052,-0.02593286894261837
CH_L_347a,7-10,3,FMRP,-0.018593563,-0.026060769334435463
CH_L_347a,7-11,3,FMRP,0.0007585868,-0.026060769334435463
CH_L_347a,7-12,3,FMRP,-0.009148396,-0.026060769334435463
CH_L_347a,7-13,3,FMRP,-0.031869493,-0.026060769334435463
CH_L_347a,7-9,3,FMRP,-0.012078145,-0.025990094989538193
CH_L_347a,8-10,3,FMRP,-0.0233513,-0.026432109996676445
CH_L_347a,8-11,3,FMRP,-0.0158124,-0.026432109996676445
CH_L_347a,8-12,3,FMRP,-0.0051784366,-0.026432109996676445
CH_L_347a,8-13,3,FMRP,-0.00027594442,-0.026432109996676445
CH_L_347a,8-9,3,FMRP,-0.028774608,-0.026409892365336418
CH_L_347a,9-10,3,FMRP,-0.06705678,-0.026709947735071182
CH_L_347a,9-11,3,FMRP,-0.03155838,-0.026709947735071182
CH_L_347a,9-12,3,FMRP,-0.036540538,-0.026709947735071182
CH_L_347a,9-13,3,FMRP,-0.04300484,-0.026709947735071182
CH_L_347a,9-9,3,FMRP,-0.018749945,-0.026613062247633934
CH_L_348a,10-10,1,FMRP,-0.02132053,-0.02502230368554592
CH_L_348a,10-11,1,FMRP,-0.02419837,-0.024907605722546577
CH_L_348a,10-7,1,FMRP,-0.011788085,-0.02572835423052311
CH_L_348a,10-8,1,FMRP,-0.0175746,-0.02570059522986412
CH_L_348a,10-9,1,FMRP,-0.025780397,-0.025817451998591423
CH_L_348a,5-11,1,FMRP,0.025250144,-0.026152683421969414
CH_L_348a,5-7,1,FMRP,-0.022286344,-0.025144405663013458
CH_L_348a,5-9,1,FMRP,-0.0067319293,-0.023926381021738052
CH_L_348a,6-7,1,FMRP,-0.010804933,-0.024987375363707542
CH_L_348a,6-9,1,FMRP,0.005793131,-0.023867376148700714
CH_L_348a,7-10,1,FMRP,-0.018264621,-0.025900809094309807
CH_L_348a,7-7,1,FMRP,-0.031969346,-0.024794593453407288
CH_L_348a,7-9,1,FMRP,-0.007179449,-0.023872800171375275
CH_L_348a,8-10,1,FMRP,-0.012027704,-0.02558351494371891
CH_L_348a,8-11,1,FMRP,-0.0094155865,-0.02555900067090988
CH_L_348a,8-7,1,FMRP,-0.012036379,-0.0248702485114336
CH_L_348a,8-9,1,FMRP,-0.025743047,-0.02398204803466797
CH_L_348a,9-10,1,FMRP,-0.013094976,-0.02571302466094494
CH_L_348a,9-11,1,FMRP,-0.024045186,-0.025742223486304283
CH_L_348a,9-6,1,FMRP,0.005856157,-0.024814482778310776
CH_L_348a,9-7,1,FMRP,-0.002178849,-0.025032147765159607
CH_L_348a,9-8,1,FMRP,-0.013827021,-0.024904917925596237
CH_L_348a,9-9,1,FMRP,-0.03536839,-0.024751504883170128
CH_L_349a,4-17,1,FMRP,-0.052452352,-0.027244368568062782
CH_L_349a,5-16,1,FMRP,-0.054138966,-0.027314063161611557
CH_L_349a,5-18,1,FMRP,-0.044318303,-0.027314063161611557
CH_L_349a,5-19,1,FMRP,-0.03640824,-0.027314063161611557
CH_L_349a,6-16,1,FMRP,-0.041787524,-0.02720596082508564
CH_L_349a,6-17,1,FMRP,-0.046450656,-0.02720596082508564
CH_L_349a,6-18,1,FMRP,-0.033118982,-0.02720596082508564
CH_L_349a,6-19,1,FMRP,-0.03842643,-0.02720596082508564
CH_L_349a,7-16,1,FMRP,-0.02628883,-0.027382737025618553
CH_L_349a,7-17,1,FMRP,-0.0290725,-0.027382737025618553
CH_L_349a,7-18,1,FMRP,-0.023066945,-0.027382737025618553
CH_L_349a,7-19,1,FMRP,-0.04146394,-0.027382737025618553
CH_L_349a,8-16,1,FMRP,-0.031556632,-0.027001045644283295
CH_L_349a,8-17,1,FMRP,-0.0148671055,-0.027001045644283295
CH_L_349a,8-18,1,FMRP,-0.028455134,-0.027001045644283295
CH_L_349a,8-19,1,FMRP,-0.02967811,-0.027001045644283295
CH_L_349a,8-20,1,FMRP,-0.027637314,-0.027001045644283295
CH_L_350a,10-4,0,FMRP,0.037414785,-0.02447684481739998
CH_L_350a,10-5,0,FMRP,0.03251513,-0.024640312418341637
CH_L_350a,10-6,0,FMRP,0.046440043,-0.024785954505205154
CH_L_350a,10-7,0,FMRP,0.04949668,-0.024611713364720345
CH_L_350a,10-8,0,FMRP,0.02185651,-0.02506483718752861
CH_L_350a,5-4,0,FMRP,0.0047582393,-0.02329353615641594
CH_L_350a,5-5,0,FMRP,0.024498025,-0.023354901000857353
CH_L_350a,5-7,0,FMRP,-0.0044786977,-0.024469297379255295
CH_L_350a,5-8,0,FMRP,-0.042995226,-0.0246773362159729
CH_L_350a,6-4,0,FMRP,0.016307827,-0.02322893962264061
CH_L_350a,6-5,0,FMRP,0.026794534,-0.02324339933693409
CH_L_350a,6-7,0,FMRP,-0.002166944,-0.02472473867237568
CH_L_350a,6-8,0,FMRP,-0.022517746,-0.025042947381734848
CH_L_350a,7-4,0,FMRP,0.036444016,-0.02424069121479988
CH_L_350a,7-5,0,FMRP,0.020099029,-0.024393629282712936
CH_L_350a,7-6,0,FMRP,0.03504149,-0.024750765413045883
CH_L_350a,7-7,0,FMRP,-0.008367956,-0.024551063776016235
CH_L_350a,7-8,0,FMRP,-0.0062674484,-0.024667663499712944
CH_L_350a,8-4,0,FMRP,0.01704142,-0.02447684481739998
CH_L_350a,8-5,0,FMRP,0.014960489,-0.024640312418341637
CH_L_350a,8-6,0,FMRP,0.045997046,-0.024785954505205154
CH_L_350a,8-7,0,FMRP,0.01737791,-0.024611713364720345
CH_L_350a,8-8,0,FMRP,0.0038738567,-0.02506483718752861
CH_L_350a,9-4,0,FMRP,0.023440855,-0.02447684481739998
CH_L_350a,9-5,0,FMRP,0.01830387,-0.024640312418341637
CH_L_350a,9-6,0,FMRP,0.037891354,-0.024785954505205154
CH_L_350a,9-7,0,FMRP,0.047360178,-0.024611713364720345
CH_L_350a,9-8,0,FMRP,0.0027714202,-0.02506483718752861
CH_L_351a,10-12,1,FMRP,0.0072308406,-0.02611408568918705
CH_L_351a,10-7,1,FMRP,0.029369991,-0.026662489399313927
CH_L_351a,6-10,1,FMRP,0.02975838,-0.026264550164341927
CH_L_351a,6-11,1,FMRP,0.03553506,-0.026185689494013786
CH_L_351a,6-12,1,FMRP,0.023607804,-0.026208315044641495
CH_L_351a,6-8,1,FMRP,0.011465096,-0.026279233396053314
CH_L_351a,6-9,1,FMRP,-0.0021811863,-0.02626141346991062
CH_L_351a,7-10,1,FMRP,0.063562475,-0.02634909376502037
CH_L_351a,7-12,1,FMRP,-0.020882979,-0.026208920404314995
CH_L_351a,7-8,1,FMRP,0.022388624,-0.026289604604244232
CH_L_351a,8-10,1,FMRP,0.044347737,-0.026277555152773857
CH_L_351a,8-12,1,FMRP,-0.01649328,-0.026134489104151726
CH_L_351a,9-11,1,FMRP,0.05021766,-0.026300886645913124
CH_L_351a,9-12,1,FMRP,0.017343497,-0.026044044643640518
CH_L_351a,9-7,1,FMRP,0.07536852,-0.02670530416071415
CH_L_352a,10-10,1,FMRP,-0.038006216,-0.024436645209789276
CH_L_352a,10-6,1,FMRP,-0.014241749,-0.024791201576590538
CH_L_352a,10-8,1,FMRP,-0.0441699,-0.024436645209789276
CH_L_352a,10-9,1,FMRP,-0.015298665,-0.024436645209789276
CH_L_352a,11-6,1,FMRP,-0.047864497,-0.024791201576590538
CH_L_352a,11-9,1,FMRP,-0.028127002,-0.024436645209789276
CH_L_352a,6-10,1,FMRP,-0.034485046,-0.024852124974131584
CH_L_352a,6-6,1,FMRP,-0.00067471195,-0.023365605622529984
CH_L_352a,6-7,1,FMRP,0.011899504,-0.02472245693206787
CH_L_352a,6-8,1,FMRP,0.009305032,-0.024852124974131584
CH_L_352a,6-9,1,FMRP,0.003699786,-0.024852124974131584
CH_L_352a,7-10,1,FMRP,-0.04582116,-0.02451375313103199
CH_L_352a,7-6,1,FMRP,0.00043696663,-0.024474384263157845
CH_L_352a,7-7,1,FMRP,0.004846611,-0.02442999556660652
CH_L_352a,7-8,1,FMRP,-0.009489604,-0.02451375313103199
CH_L_352a,7-9,1,FMRP,-0.0074293283,-0.02451375313103199
CH_L_352a,8-10,1,FMRP,-0.06753752,-0.024436645209789276
CH_L_352a,8-7,1,FMRP,-0.014541093,-0.024368228390812874
CH_L_352a,8-8,1,FMRP,-0.03216913,-0.024436645209789276
CH_L_352a,9-10,1,FMRP,-0.06428527,-0.024436645209789276
CH_L_352a,9-6,1,FMRP,0.0069021895,-0.024791201576590538
CH_L_352a,9-8,1,FMRP,-0.037308726,-0.024436645209789276
CH_L_352a,9-9,1,FMRP,-0.029998226,-0.024436645209789276
CH_L_353a,10-10,1,FMRP,-0.020414632,-0.024781404063105583
CH_L_353a,10-11,1,FMRP,-0.011162299,-0.024781404063105583
CH_L_353a,10-12,1,FMRP,-0.02133774,-0.024781404063105583
CH_L_353a,10-13,1,FMRP,-0.019990038,-0.024781404063105583
CH_L_353a,10-14,1,FMRP,-0.0060516307,-0.024781404063105583
CH_L_353a,5-10,1,FMRP,-0.01025136,-0.025554990395903587
CH_L_353a,5-11,1,FMRP,0.025609983,-0.025554990395903587
CH_L_353a,5-12,1,FMRP,0.03043778,-0.025554990395903587
CH_L_353a,5-13,1,FMRP,0.021866936,-0.025554990395903587
CH_L_353a,5-14,1,FMRP,-0.008228811,-0.025554990395903587
CH_L_353a,6-10,1,FMRP,-0.007827799,-0.025234714150428772
CH_L_353a,6-11,1,FMRP,0.008392083,-0.025234714150428772
CH_L_353a,6-12,1,FMRP,0.004463723,-0.025234714150428772
CH_L_353a,6-13,1,FMRP,0.020721149,-0.025234714150428772
CH_L_353a,6-14,1,FMRP,-0.010278176,-0.025234714150428772
CH_L_353a,6-9,1,FMRP,0.0015621706,-0.025234714150428772
CH_L_353a,7-10,1,FMRP,-0.010127402,-0.025219185277819633
CH_L_353a,7-13,1,FMRP,0.022567173,-0.025219185277819633
CH_L_353a,7-14,1,FMRP,-0.0040704,-0.025219185277819633
CH_L_353a,7-9,1,FMRP,-0.00033415822,-0.025219185277819633
CH_L_353a,8-11,1,FMRP,0.00086742704,-0.02485085092484951
CH_L_353a,8-12,1,FMRP,0.0046086023,-0.02485085092484951
CH_L_353a,8-13,1,FMRP,0.015927438,-0.02485085092484951
CH_L_353a,9-12,1,FMRP,0.008593019,-0.024781404063105583
CH_L_353a,9-13,1,FMRP,0.0031064884,-0.024781404063105583
CH_L_353a,9-14,1,FMRP,0.002494722,-0.024781404063105583
CH_L_356a,4-10,4,FMRP,-0.039408773,-0.023732341825962067
CH_L_356a,4-11,4,FMRP,-0.0203484,-0.02366884984076023
CH_L_356a,4-12,4,FMRP,0.0036616477,-0.024175405502319336
CH_L_356a,4-13,4,FMRP,0.012789552,-0.024536579847335815
CH_L_356a,4-9,4,FMRP,-0.033964973,-0.023656098172068596
CH_L_356a,5-10,4,FMRP,-0.026043475,-0.023770801723003387
CH_L_356a,5-11,4,FMRP,-0.009811086,-0.023797640576958656
CH_L_356a,5-12,4,FMRP,-0.01594005,-0.024063503369688988
CH_L_356a,5-13,4,FMRP,-0.032363277,-0.024495292454957962
CH_L_356a,5-9,4,FMRP,-0.01738969,-0.02368597500026226
CH_L_356a,6-10,4,FMRP,0.012964982,-0.023728175088763237
CH_L_356a,6-11,4,FMRP,0.0018951368,-0.0236868504434824
CH_L_356a,6-12,4,FMRP,0.022799794,-0.02415573038160801
CH_L_356a,6-13,4,FMRP,-0.022034733,-0.02458108216524124
CH_L_356a,6-9,4,FMRP,0.007477677,-0.02368399314582348
CH_L_356a,7-10,4,FMRP,-0.039030258,-0.02380506321787834
CH_L_356a,7-11,4,FMRP,-0.044119243,-0.02376926876604557
CH_L_359a,3-11,0,FMRP,-0.023855224,-0.023866238072514534
CH_L_359a,3-12,0,FMRP,-0.03433799,-0.02532799541950226
CH_L_359a,3-13,0,FMRP,-0.0037742094,-0.02532799541950226
CH_L_359a,3-14,0,FMRP,0.020497344,-0.02532799541950226
CH_L_359a,4-10,0,FMRP,-0.025242152,-0.02388811483979225
CH_L_359a,4-11,0,FMRP,-0.03785783,-0.02413320727646351
CH_L_359a,4-13,0,FMRP,-0.018697236,-0.02567012794315815
CH_L_359a,4-14,0,FMRP,-0.027301546,-0.02567012794315815
CH_L_359a,4-9,0,FMRP,-0.064853996,-0.02415885031223297
CH_L_359a,5-11,0,FMRP,-0.02621321,-0.024318324401974678
CH_L_359a,5-13,0,FMRP,-0.02955048,-0.025651337578892708
CH_L_359a,5-14,0,FMRP,0.029560829,-0.025651337578892708
CH_L_359a,5-9,0,FMRP,-0.06918314,-0.02430320531129837
CH_L_359a,6-10,0,FMRP,-0.00811172,-0.024152854457497597
CH_L_359a,6-11,0,FMRP,-0.024342215,-0.02439768798649311
CH_L_359a,6-13,0,FMRP,-0.014978284,-0.02554687298834324
CH_L_359a,6-14,0,FMRP,0.000788407,-0.02554687298834324
CH_L_359a,6-9,0,FMRP,-0.09051259,-0.024372782558202744
CH_L_359a,7-10,0,FMRP,-0.024683861,-0.024125151336193085
CH_L_359a,8-10,0,FMRP,-0.056196414,-0.02424040623009205
CH_L_359a,8-14,0,FMRP,-0.007770147,-0.02578604593873024
CH_L_360a,4-10,2,FMRP,-0.026709078,-0.022099129855632782
CH_L_360a,4-11,2,FMRP,0.008073823,-0.021957822144031525
CH_L_360a,5-10,2,FMRP,-0.007803671,-0.02203471027314663
CH_L_360a,5-11,2,FMRP,-0.0045831557,-0.022137293592095375
CH_L_360a,5-12,2,FMRP,-0.0014986002,-0.022052312269806862
CH_L_360a,5-14,2,FMRP,0.0036730722,-0.023000506684184074
CH_L_360a,5-9,2,FMRP,-0.06776808,-0.02202213928103447
CH_L_360a,6-10,2,FMRP,-0.011473733,-0.022061195224523544
CH_L_360a,6-11,2,FMRP,-0.0004243989,-0.022086258977651596
CH_L_360a,6-12,2,FMRP,-0.007202615,-0.02190169133245945
CH_L_360a,6-9,2,FMRP,-0.0063099237,-0.021923184394836426
CH_L_360a,7-10,2,FMRP,-0.007937535,-0.022061802446842194
CH_L_360a,7-11,2,FMRP,0.0033763417,-0.022133944556117058
CH_L_360a,7-12,2,FMRP,0.0013799297,-0.022039014846086502
CH_L_360a,7-13,2,FMRP,0.014407387,-0.022095130756497383
CH_L_360a,7-9,2,FMRP,-0.004280851,-0.022098951041698456
CH_L_360a,8-10,2,FMRP,-0.01179048,-0.022229740396142006
CH_L_360a,8-11,2,FMRP,-0.014204857,-0.02219722978770733
CH_L_360a,8-12,2,FMRP,-0.00998815,-0.022161882370710373
CH_L_360a,8-13,2,FMRP,0.013980911,-0.022028567269444466
CH_L_360a,8-9,2,FMRP,0.012577512,-0.022126244381070137
CH_L_360a,9-10,2,FMRP,0.004276657,-0.022129837423563004
CH_L_360a,9-11,2,FMRP,0.007887468,-0.022052805870771408
CH_L_360a,9-12,2,FMRP,0.0028833793,-0.022145280614495277
CH_L_360a,9-13,2,FMRP,0.004258315,-0.022040491923689842
CH_L_360a,9-9,2,FMRP,0.030760672,-0.022118309512734413
CH_L_361a,10-10,4,FMRP,-0.008257478,-0.023733628913760185
CH_L_361a,10-11,4,FMRP,0.029118042,-0.023898791521787643
CH_L_361a,10-6,4,FMRP,-0.06110841,-0.023234883323311806
CH_L_361a,10-7,4,FMRP,-0.05094314,-0.023451758548617363
CH_L_361a,10-8,4,FMRP,-0.039360825,-0.023701556026935577
CH_L_361a,10-9,4,FMRP,-0.02741967,-0.02371041849255562
CH_L_361a,11-10,4,FMRP,-0.011513483,-0.023869967088103294
CH_L_361a,11-11,4,FMRP,-0.008327107,-0.024045439437031746
CH_L_361a,11-6,4,FMRP,-0.07822041,-0.023453781381249428
CH_L_361a,11-7,4,FMRP,-0.06253358,-0.024179207161068916
CH_L_361a,11-8,4,FMRP,-0.049996912,-0.0241172444075346
CH_L_361a,11-9,4,FMRP,-0.025804672,-0.024028189480304718
CH_L_361a,12-10,4,FMRP,-0.018440172,-0.023869967088103294
CH_L_361a,12-11,4,FMRP,-0.0009884931,-0.024045439437031746
CH_L_361a,12-6,4,FMRP,-0.05840203,-0.023453781381249428
CH_L_361a,12-7,4,FMRP,-0.062326424,-0.024179207161068916
CH_L_361a,12-8,4,FMRP,-0.031224571,-0.0241172444075346
CH_L_361a,12-9,4,FMRP,-0.033684038,-0.024028189480304718
CH_L_361a,7-10,4,FMRP,-0.0056538437,-0.02354040928184986
CH_L_361a,7-11,4,FMRP,-0.01598235,-0.023741889744997025
CH_L_361a,7-9,4,FMRP,-0.010082237,-0.023313220590353012
CH_L_361a,8-10,4,FMRP,-0.006924668,-0.023658355697989464
CH_L_361a,8-11,4,FMRP,-0.023618136,-0.0240833330899477
CH_L_361a,8-8,4,FMRP,0.003023839,-0.0232082586735487
CH_L_361a,8-9,4,FMRP,0.035073932,-0.023343097418546677
CH_L_361a,9-10,4,FMRP,0.022061778,-0.023540835827589035
CH_L_361a,9-11,4,FMRP,-0.018527636,-0.023730481043457985
CH_L_361a,9-6,4,FMRP,-0.06574987,-0.023045707494020462
CH_L_361a,9-7,4,FMRP,-0.037336558,-0.02311869151890278
CH_L_361a,9-8,4,FMRP,-0.017498733,-0.02333783730864525
CH_L_361a,9-9,4,FMRP,0.00304274,-0.02324172481894493
CH_L_362a,10-10,3,FMRP,-0.0023856196,-0.026492783799767494
CH_L_362a,10-11,3,FMRP,-0.033004712,-0.0265230480581522
CH_L_362a,10-12,3,FMRP,-0.0437959,-0.0265230480581522
CH_L_362a,10-13,3,FMRP,-0.032114163,-0.0265230480581522
CH_L_362a,10-14,3,FMRP,-0.051826812,-0.0265230480581522
CH_L_362a,10-9,3,FMRP,0.02082325,-0.026213159784674644
CH_L_362a,11-10,3,FMRP,-0.0073325965,-0.026484888046979904
CH_L_362a,11-11,3,FMRP,-0.019226162,-0.02650933340191841
CH_L_362a,11-13,3,FMRP,-0.0887614,-0.02650933340191841
CH_L_362a,11-14,3,FMRP,-0.09048237,-0.02650933340191841
CH_L_362a,11-9,3,FMRP,-0.016288726,-0.026264037936925888
CH_L_362a,12-10,3,FMRP,0.00068971387,-0.026484888046979904
CH_L_362a,12-11,3,FMRP,0.014617713,-0.02650933340191841
CH_L_362a,7-11,3,FMRP,-0.06809228,-0.02652611769735813
CH_L_362a,7-12,3,FMRP,-0.09195519,-0.02652611769735813
CH_L_362a,7-13,3,FMRP,-0.058315568,-0.02652611769735813
CH_L_362a,7-14,3,FMRP,-0.016115246,-0.02652611769735813
CH_L_362a,7-9,3,FMRP,-0.054780282,-0.025049299001693726
CH_L_362a,8-10,3,FMRP,-0.04076513,-0.02633565105497837
CH_L_362a,8-11,3,FMRP,-0.04837696,-0.026420554146170616
CH_L_362a,8-12,3,FMRP,-0.082157545,-0.026420554146170616
CH_L_362a,8-13,3,FMRP,-0.047490712,-0.026420554146170616
CH_L_362a,8-14,3,FMRP,-0.030212987,-0.026420554146170616
CH_L_362a,8-9,3,FMRP,-0.06776198,-0.025540074333548546
CH_L_362a,9-10,3,FMRP,-0.013448635,-0.02624601311981678
CH_L_362a,9-11,3,FMRP,-0.009073744,-0.026272466406226158
CH_L_362a,9-12,3,FMRP,-0.04023489,-0.026272466406226158
CH_L_362a,9-13,3,FMRP,-0.022578351,-0.026272466406226158
CH_L_362a,9-14,3,FMRP,-0.021586489,-0.026272466406226158
CH_L_362a,9-9,3,FMRP,-0.028788107,-0.025855019688606262
CH_L_363a,10-10,2,FMRP,-0.0141234165,-0.02190057933330536
CH_L_363a,10-11,2,FMRP,-0.014514377,-0.022186249494552612
CH_L_363a,10-6,2,FMRP,-0.04868772,-0.02154095284640789
CH_L_363a,10-7,2,FMRP,0.01848604,-0.02203970216214657
CH_L_363a,6-10,2,FMRP,-0.021192178,-0.022238537669181824
CH_L_363a,6-11,2,FMRP,-0.045345653,-0.02226274274289608
CH_L_363a,6-6,2,FMRP,0.016191792,-0.021814219653606415
CH_L_363a,6-7,2,FMRP,0.02280822,-0.02160256914794445
CH_L_363a,7-10,2,FMRP,-0.022379475,-0.022260919213294983
CH_L_363a,7-11,2,FMRP,-0.014818052,-0.02234216406941414
CH_L_363a,7-6,2,FMRP,0.008817798,-0.02166569232940674
CH_L_363a,7-7,2,FMRP,0.025078135,-0.021929705515503883
CH_L_363a,8-10,2,FMRP,-0.02237412,-0.02225514128804207
CH_L_363a,8-6,2,FMRP,-0.0070314743,-0.021774834021925926
CH_L_363a,8-7,2,FMRP,0.016191779,-0.021926702931523323
CH_L_363a,9-10,2,FMRP,-0.029183988,-0.02198520116508007
CH_L_363a,9-11,2,FMRP,-0.051286623,-0.02218266762793064
CH_L_363a,9-6,2,FMRP,-0.013507869,-0.02171940542757511
CH_L_363a,9-7,2,FMRP,0.015615832,-0.021444810554385185
CH_L_363a,9-8,2,FMRP,0.016511759,-0.021874692291021347
CH_L_363a,9-9,2,FMRP,-0.0015248128,-0.021796276792883873
CH_L_364a,2-11,1,FMRP,0.09103456,-0.026284852996468544
CH_L_364a,3-10,1,FMRP,0.103104785,-0.02598622627556324
CH_L_364a,3-11,1,FMRP,0.07634632,-0.02641225978732109
CH_L_364a,3-7,1,FMRP,0.011680617,-0.025895487517118454
CH_L_364a,3-8,1,FMRP,0.029373573,-0.026004726067185402
CH_L_364a,3-9,1,FMRP,0.09033126,-0.025941822677850723
CH_L_364a,4-11,1,FMRP,0.048575073,-0.026388168334960938
CH_L_364a,4-8,1,FMRP,0.08843605,-0.025823267176747322
CH_L_364a,5-11,1,FMRP,-0.01507635,-0.026726502925157547
CH_L_364a,6-11,1,FMRP,-0.010182933,-0.02646799385547638
CH_L_367a,5-10,1,FMRP,0.0226191,-0.02555539272725582
CH_L_367a,5-11,1,FMRP,-0.00343375,-0.02555539272725582
CH_L_367a,5-9,1,FMRP,0.021140592,-0.025477729737758636
CH_L_367a,6-11,1,FMRP,-0.004073962,-0.025663651525974274
CH_L_367a,6-12,1,FMRP,-0.006955733,-0.025663651525974274
CH_L_367a,6-13,1,FMRP,0.008468923,-0.025663651525974274
CH_L_367a,6-9,1,FMRP,0.003321503,-0.025479579344391823
CH_L_367a,7-10,1,FMRP,-0.003045452,-0.025518791750073433
CH_L_367a,7-11,1,FMRP,-0.0010386949,-0.025518791750073433
CH_L_367a,7-12,1,FMRP,-0.0047908286,-0.025518791750073433
CH_L_367a,7-13,1,FMRP,0.006781879,-0.025518791750073433
CH_L_367a,7-9,1,FMRP,0.012568979,-0.02536141499876976
CH_L_367a,8-10,1,FMRP,-0.019060703,-0.02547135204076767
CH_L_367a,8-11,1,FMRP,0.008296315,-0.02547135204076767
CH_L_367a,8-12,1,FMRP,-0.0075766253,-0.02547135204076767
CH_L_367a,8-13,1,FMRP,0.011870077,-0.02547135204076767
CH_L_367a,8-9,1,FMRP,7.718288e-05,-0.025213580578565598
CH_L_367a,9-10,1,FMRP,-0.014533468,-0.025397714227437973
CH_L_367a,9-11,1,FMRP,0.004883645,-0.025397714227437973
CH_L_367a,9-12,1,FMRP,0.013767708,-0.025397714227437973
CH_L_367a,9-13,1,FMRP,0.039305735,-0.025397714227437973
CH_L_367a,9-9,1,FMRP,-0.03123345,-0.025430237874388695
CH_L_368a,4-5,4,FMRP,-0.0031051957,-0.02265685237944126
CH_L_368a,4-6,4,FMRP,0.0065149693,-0.02221030555665493
CH_L_368a,4-7,4,FMRP,-0.025235387,-0.022213086485862732
CH_L_368a,5-3,4,FMRP,-0.04524408,-0.022456122562289238
CH_L_368a,5-4,4,FMRP,-0.02049525,-0.022519607096910477
CH_L_368a,5-5,4,FMRP,0.027822532,-0.02199985831975937
CH_L_368a,5-6,4,FMRP,0.021818634,-0.021993940696120262
CH_L_368a,5-7,4,FMRP,-0.022003213,-0.02203461341559887
CH_L_368a,5-8,4,FMRP,-0.012861461,-0.02203461341559887
CH_L_368a,6-4,4,FMRP,0.005058281,-0.022202257066965103
CH_L_368a,6-5,4,FMRP,0.045969166,-0.022332429885864258
CH_L_368a,6-6,4,FMRP,0.009503019,-0.022358251735568047
CH_L_368a,6-7,4,FMRP,-0.019095005,-0.02236277237534523
CH_L_368a,7-4,4,FMRP,-0.0021981823,-0.022090120241045952
CH_L_368a,7-5,4,FMRP,0.048450895,-0.022345343604683876
CH_L_368a,7-6,4,FMRP,0.027224252,-0.02238067239522934
CH_L_368a,7-7,4,FMRP,-0.0006505194,-0.02242198772728443
CH_L_368a,7-8,4,FMRP,0.013640083,-0.02242198772728443
CH_L_368a,8-4,4,FMRP,0.026206234,-0.022090120241045952
CH_L_368a,8-5,4,FMRP,0.051932473,-0.022345343604683876
CH_L_368a,8-6,4,FMRP,0.033401456,-0.02238067239522934
CH_L_368a,8-7,4,FMRP,0.03183882,-0.02242198772728443
CH_L_368a,8-8,4,FMRP,0.07576834,-0.02242198772728443
CH_L_368a,9-5,4,FMRP,0.06588005,-0.022345343604683876
CH_L_368a,9-6,4,FMRP,0.071558885,-0.02238067239522934
CH_L_368a,9-7,4,FMRP,0.04501969,-0.02242198772728443
CH_L_369a,10-5,2,FMRP,-0.009382297,-0.021032040938735008
CH_L_369a,10-6,2,FMRP,0.040141612,-0.020806003361940384
CH_L_369a,10-7,2,FMRP,0.013993375,-0.02065395750105381
CH_L_369a,10-8,2,FMRP,0.01723407,-0.02068956010043621
CH_L_369a,11-5,2,FMRP,-0.005859416,-0.021032040938735008
CH_L_369a,11-6,2,FMRP,0.043515358,-0.020806003361940384
CH_L_369a,11-7,2,FMRP,0.019012379,-0.02065395750105381
CH_L_369a,11-8,2,FMRP,0.006530154,-0.02068956010043621
CH_L_369a,6-4,2,FMRP,-0.04266643,-0.020514555275440216
CH_L_369a,6-5,2,FMRP,0.011039734,-0.0209239162504673
CH_L_369a,6-6,2,FMRP,-0.03693373,-0.021321188658475876
CH_L_369a,6-7,2,FMRP,0.010726113,-0.021012961864471436
CH_L_369a,6-8,2,FMRP,0.04331856,-0.020678728818893433
CH_L_369a,7-5,2,FMRP,0.018334549,-0.02120477706193924
CH_L_369a,7-6,2,FMRP,-0.006090647,-0.020812273025512695
CH_L_369a,7-7,2,FMRP,0.011424649,-0.02052437886595726
CH_L_369a,7-8,2,FMRP,0.016544323,-0.02072923816740513
CH_L_369a,8-4,2,FMRP,-0.038133033,-0.020517760887742043
CH_L_369a,8-5,2,FMRP,0.027666908,-0.021018128842115402
CH_L_369a,8-6,2,FMRP,0.0056725843,-0.02080393210053444
CH_L_369a,8-7,2,FMRP,0.012974652,-0.020655658096075058
CH_L_369a,8-8,2,FMRP,0.027589213,-0.02068220265209675
CH_L_369a,9-5,2,FMRP,0.015515235,-0.021032040938735008
CH_L_369a,9-6,2,FMRP,0.037051775,-0.020806003361940384
CH_L_369a,9-8,2,FMRP,0.006314983,-0.02068956010043621
CH_L_371a,10-4,3,FMRP,0.023218535,-0.02700275368988514
CH_L_371a,10-5,3,FMRP,0.028576806,-0.026392178609967232
CH_L_371a,10-6,3,FMRP,0.0032067841,-0.026684103533625603
CH_L_371a,10-7,3,FMRP,0.027079986,-0.0266790259629488
CH_L_371a,10-8,3,FMRP,0.008659063,-0.02642717771232128
CH_L_371a,10-9,3,FMRP,-0.042061802,-0.026333963498473167
CH_L_371a,11-8,3,FMRP,0.008208465,-0.02644452638924122
CH_L_371a,6-4,3,FMRP,-0.06546359,-0.026520542800426483
CH_L_371a,6-5,3,FMRP,-0.051782824,-0.026636412367224693
CH_L_371a,6-6,3,FMRP,-0.039024945,-0.026060938835144043
CH_L_371a,6-7,3,FMRP,-0.038265936,-0.02581833302974701
CH_L_371a,6-8,3,FMRP,-0.053815693,-0.025636296719312668
CH_L_371a,7-4,3,FMRP,-0.03297517,-0.02652519941329956
CH_L_371a,7-5,3,FMRP,-0.023641486,-0.026568686589598656
CH_L_371a,7-6,3,FMRP,-0.034016177,-0.026091458275914192
CH_L_371a,7-7,3,FMRP,-0.03555585,-0.025717489421367645
CH_L_371a,7-8,3,FMRP,-0.03875101,-0.025913797318935394
CH_L_371a,8-4,3,FMRP,0.009890009,-0.02611207775771618
CH_L_371a,8-5,3,FMRP,-0.023325805,-0.026304524391889572
CH_L_371a,8-6,3,FMRP,0.01664565,-0.025896718725562096
CH_L_371a,8-7,3,FMRP,0.015964162,-0.026480939239263535
CH_L_371a,8-8,3,FMRP,-0.0020856508,-0.027377409860491753
CH_L_371a,8-9,3,FMRP,-0.03755957,-0.027254560962319374
CH_L_371a,9-4,3,FMRP,0.015550674,-0.026060324162244797
CH_L_371a,9-5,3,FMRP,0.012553955,-0.026026248931884766
CH_L_371a,9-6,3,FMRP,0.00031244685,-0.026173263788223267
CH_L_371a,9-7,3,FMRP,0.034644336,-0.026910077780485153
CH_L_371a,9-8,3,FMRP,-0.0034905968,-0.0261341892182827
CH_L_371a,9-9,3,FMRP,-0.061253212,-0.02618948556482792
CH_L_372a,10-16,4,FMRP,0.02295281,-0.024523746222257614
CH_L_372a,10-17,4,FMRP,-0.004298582,-0.024523746222257614
CH_L_372a,10-18,4,FMRP,0.020356603,-0.024523746222257614
CH_L_372a,10-19,4,FMRP,0.024367224,-0.024523746222257614
CH_L_372a,10-20,4,FMRP,-0.034749564,-0.024523746222257614
CH_L_372a,11-18,4,FMRP,0.025931424,-0.023350050672888756
CH_L_372a,11-19,4,FMRP,0.018101836,-0.023350050672888756
CH_L_372a,11-20,4,FMRP,-0.042653065,-0.023350050672888756
CH_L_372a,6-16,4,FMRP,0.022369768,-0.024368973448872566
CH_L_372a,6-17,4,FMRP,0.008120695,-0.024368973448872566
CH_L_372a,6-18,4,FMRP,-0.046446957,-0.024368973448872566
CH_L_372a,6-19,4,FMRP,-0.092684664,-0.024368973448872566
CH_L_372a,6-20,4,FMRP,-0.100363754,-0.024368973448872566
CH_L_372a,6-21,4,FMRP,-0.09366,-0.024368973448872566
CH_L_372a,7-16,4,FMRP,0.028586201,-0.02456498332321644
CH_L_372a,7-17,4,FMRP,0.026991725,-0.02456498332321644
CH_L_372a,7-18,4,FMRP,-0.0027796233,-0.02456498332321644
CH_L_372a,7-19,4,FMRP,-0.06997249,-0.02456498332321644
CH_L_372a,7-20,4,FMRP,-0.07766639,-0.02456498332321644
CH_L_372a,7-21,4,FMRP,-0.092257455,-0.02456498332321644
CH_L_372a,8-16,4,FMRP,0.02238008,-0.02448463626205921
CH_L_372a,8-17,4,FMRP,0.027117003,-0.02448463626205921
CH_L_372a,8-18,4,FMRP,0.003991172,-0.02448463626205921
CH_L_372a,8-19,4,FMRP,-0.02677477,-0.02448463626205921
CH_L_372a,8-20,4,FMRP,-0.042282254,-0.02448463626205921
CH_L_372a,8-21,4,FMRP,-0.08916237,-0.02448463626205921
CH_L_372a,9-16,4,FMRP,0.027469449,-0.024143671616911888
CH_L_372a,9-17,4,FMRP,0.0009488454,-0.024143671616911888
CH_L_372a,9-18,4,FMRP,0.005799622,-0.024143671616911888
CH_L_372a,9-19,4,FMRP,0.013634129,-0.024143671616911888
CH_L_372a,9-20,4,FMRP,-0.03514253,-0.024143671616911888
CH_L_373a,2-7,0,FMRP,-0.019034097,-0.02388436160981655
CH_L_373a,2-8,0,FMRP,-0.010404178,-0.02388436160981655
CH_L_373a,3-4,0,FMRP,-0.05724153,-0.023196499794721603
CH_L_373a,3-7,0,FMRP,-0.017943587,-0.023892872035503387
CH_L_373a,3-8,0,FMRP,-0.005352346,-0.023892872035503387
CH_L_373a,4-6,0,FMRP,-0.017377004,-0.023794719949364662
CH_L_373a,4-8,0,FMRP,-0.014797366,-0.023794719949364662
CH_L_373a,5-4,0,FMRP,0.004044133,-0.023530589416623116
CH_L_373a,5-5,0,FMRP,0.0021514657,-0.023630596697330475
CH_L_373a,5-6,0,FMRP,-0.03090278,-0.023836171254515648
CH_L_373a,5-7,0,FMRP,-0.02253074,-0.02382648177444935
CH_L_373a,5-8,0,FMRP,-0.01942892,-0.02382648177444935
CH_L_373a,6-5,0,FMRP,-0.014110351,-0.024679800495505333
CH_L_373a,6-6,0,FMRP,-0.012393488,-0.024870490655303
CH_L_373a,6-7,0,FMRP,-0.03398534,-0.02490667812526226
CH_L_373a,6-8,0,FMRP,-0.012481957,-0.02490667812526226
CH_L_373a,7-6,0,FMRP,-0.011731932,-0.024885572493076324
CH_L_376a,0-5,3,FMRP,-0.051221948,-0.02502005733549595
CH_L_376a,0-6,3,FMRP,-0.05143702,-0.02502005733549595
CH_L_376a,0-8,3,FMRP,-0.030257946,-0.02502005733549595
CH_L_387a,2-2,4,FMRP,0.010309193,-0.0218190997838974
CH_L_387a,2-5,4,FMRP,-0.020129358,-0.0226170364767313
CH_L_387a,3-5,4,FMRP,0.00706666,-0.02263931930065155
CH_L_387a,3-6,4,FMRP,0.01483774,-0.02263931930065155
CH_L_387a,5-2,4,FMRP,-0.008266946,-0.022532831877470016
CH_L_387a,6-2,4,FMRP,0.018379731,-0.022532831877470016
CH_L_388a,2-5,4,FMRP,-0.027676497,-0.02240823768079281
CH_L_388a,2-6,4,FMRP,-0.04824429,-0.02240823768079281
CH_L_389a,2-6,2,FMRP,-0.02135674,-0.02064579352736473
CH_L_389a,2-7,2,FMRP,-0.0116936285,-0.02064579352736473
CH_L_389a,4-6,2,FMRP,-0.019712148,-0.02001143805682659
CH_L_389a,4-7,2,FMRP,-0.020767452,-0.02001143805682659
CH_L_390a,9-8,3,FMRP,-0.027016412,-0.026583880186080933
CH_L_395a,2-2,2,FMRP,-0.03691672,-0.02032700553536415
CH_L_395a,5-1,2,FMRP,0.045562867,-0.020132437348365784
CH_L_395a,5-2,2,FMRP,0.05812971,-0.020184341818094254
CH_L_395a,6-2,2,FMRP,0.047332037,-0.020184341818094254
CH_L_399a,10-4,0,FMRP,-0.09216003,-0.024723177775740623
CH_L_399a,11-4,0,FMRP,-0.08845237,-0.024723177775740623
CH_L_399a,11-5,0,FMRP,-0.026889125,-0.024036865681409836
CH_L_400a,0-1,3,FMRP,-0.03696818,-0.025478458032011986
CH_L_400a,1-2,3,FMRP,-0.058945924,-0.025070728734135628
CH_L_403a,4-3,3,FMRP,-0.01723467,-0.0258902870118618
CH_L_403a,4-4,3,FMRP,-0.028067641,-0.026025904342532158
CH_L_403a,4-6,3,FMRP,0.010159931,-0.025243671610951424
CH_L_403a,5-3,3,FMRP,-0.014290425,-0.02446921169757843
CH_L_403a,5-6,3,FMRP,-0.01184455,-0.02520747296512127
CH_L_403a,6-6,3,FMRP,-0.015507431,-0.025623725727200508
CH_L_403a,6-7,3,FMRP,-0.035873916,-0.02557249926030636
CH_L_403a,7-7,3,FMRP,-0.042922482,-0.025108857080340385
CH_L_275a,10-11,0,Cell_cycle,0.08854003,0.10873192548751831
CH_L_275a,10-12,0,Cell_cycle,0.07485899,0.10854989290237427
CH_L_275a,10-13,0,Cell_cycle,0.052556023,0.10839381068944931
CH_L_275a,10-14,0,Cell_cycle,0.031261068,0.10766252875328064
CH_L_275a,10-15,0,Cell_cycle,0.031566862,0.10610043257474899
CH_L_275a,6-11,0,Cell_cycle,0.095536985,0.10802888125181198
CH_L_275a,6-12,0,Cell_cycle,0.1548233,0.10813092440366745
CH_L_275a,6-13,0,Cell_cycle,0.11979033,0.10796576738357544
CH_L_275a,6-14,0,Cell_cycle,0.11418473,0.10705167055130005
CH_L_275a,7-11,0,Cell_cycle,0.13733597,0.10851392894983292
CH_L_275a,7-12,0,Cell_cycle,0.13558821,0.10810782015323639
CH_L_275a,7-13,0,Cell_cycle,0.1992821,0.10789133608341217
CH_L_275a,7-14,0,Cell_cycle,0.09926537,0.10709486901760101
CH_L_275a,8-11,0,Cell_cycle,0.14591599,0.10872571915388107
CH_L_275a,8-12,0,Cell_cycle,0.10478144,0.10868898779153824
CH_L_275a,8-13,0,Cell_cycle,0.09395714,0.10813098400831223
CH_L_275a,8-14,0,Cell_cycle,0.1511641,0.10733150690793991
CH_L_275a,8-15,0,Cell_cycle,0.081464,0.10660507529973984
CH_L_275a,9-11,0,Cell_cycle,0.08168089,0.10893403738737106
CH_L_275a,9-12,0,Cell_cycle,0.06444762,0.10845906287431717
CH_L_275a,9-13,0,Cell_cycle,0.04523131,0.10813207924365997
CH_L_275a,9-14,0,Cell_cycle,0.029309852,0.10733608156442642
CH_L_275a,9-15,0,Cell_cycle,0.030727915,0.1067056953907013
CH_L_276a,10-10,4,Cell_cycle,0.107341655,0.11128363758325577
CH_L_276a,10-11,4,Cell_cycle,0.14159703,0.11407780647277832
CH_L_276a,10-12,4,Cell_cycle,0.18508637,0.1140938252210617
CH_L_276a,10-8,4,Cell_cycle,0.13426146,0.1110583022236824
CH_L_276a,10-9,4,Cell_cycle,0.083190426,0.11079975217580795
CH_L_276a,5-10,4,Cell_cycle,0.25951853,0.11086028814315796
CH_L_276a,5-9,4,Cell_cycle,0.21026355,0.11075510829687119
CH_L_276a,6-10,4,Cell_cycle,0.21989477,0.11187126487493515
CH_L_276a,6-11,4,Cell_cycle,0.27383566,0.11373555660247803
CH_L_276a,6-8,4,Cell_cycle,0.095665686,0.11101224273443222
CH_L_276a,6-9,4,Cell_cycle,0.17407444,0.11047037690877914
CH_L_276a,7-10,4,Cell_cycle,0.19594045,0.11095952242612839
CH_L_276a,7-11,4,Cell_cycle,0.21919748,0.11405421793460846
CH_L_276a,7-8,4,Cell_cycle,0.0832526,0.11050758510828018
CH_L_276a,7-9,4,Cell_cycle,0.16801073,0.11059851199388504
CH_L_276a,8-10,4,Cell_cycle,0.15726121,0.11111031472682953
CH_L_276a,8-11,4,Cell_cycle,0.21611972,0.11378845572471619
CH_L_276a,8-12,4,Cell_cycle,0.19182241,0.1138085126876831
CH_L_276a,9-10,4,Cell_cycle,0.12887326,0.11071109026670456
CH_L_276a,9-11,4,Cell_cycle,0.19588114,0.11341400444507599
CH_L_276a,9-12,4,Cell_cycle,0.19755296,0.11333957314491272
CH_L_276a,9-8,4,Cell_cycle,0.08761671,0.11128928512334824
CH_L_277a,2-10,4,Cell_cycle,0.2281955,0.11273997277021408
CH_L_277a,2-8,4,Cell_cycle,0.060630377,0.11273997277021408
CH_L_277a,2-9,4,Cell_cycle,0.1694428,0.11273997277021408
CH_L_277a,3-10,4,Cell_cycle,0.10102806,0.11319012194871902
CH_L_277a,3-6,4,Cell_cycle,0.039755132,0.11319921165704727
CH_L_277a,3-7,4,Cell_cycle,0.08329094,0.11319012194871902
CH_L_277a,3-8,4,Cell_cycle,0.18406865,0.11319012194871902
CH_L_277a,3-9,4,Cell_cycle,0.20693718,0.11319012194871902
CH_L_277a,4-6,4,Cell_cycle,0.03700908,0.11283925920724869
CH_L_277a,4-7,4,Cell_cycle,0.14925113,0.11283925920724869
CH_L_277a,4-8,4,Cell_cycle,0.15512852,0.11283925920724869
CH_L_277a,4-9,4,Cell_cycle,0.19896336,0.11283925920724869
CH_L_277a,5-6,4,Cell_cycle,0.07562029,0.1127142682671547
CH_L_277a,5-7,4,Cell_cycle,0.09119501,0.1127142682671547
CH_L_277a,5-8,4,Cell_cycle,0.10117242,0.1127142682671547
CH_L_277a,6-6,4,Cell_cycle,0.25487977,0.1124182865023613
CH_L_278a,10-11,2,Cell_cycle,0.07684179,0.11955512315034866
CH_L_278a,5-10,2,Cell_cycle,0.17519686,0.1198989525437355
CH_L_278a,7-11,2,Cell_cycle,0.122875445,0.11922133713960648
CH_L_278a,7-12,2,Cell_cycle,0.119287506,0.11921657621860504
CH_L_278a,7-14,2,Cell_cycle,0.2274736,0.11921657621860504
CH_L_278a,8-11,2,Cell_cycle,0.16034433,0.11966731399297714
CH_L_278a,8-12,2,Cell_cycle,0.17708106,0.11986664682626724
CH_L_278a,8-13,2,Cell_cycle,0.17515467,0.11986664682626724
CH_L_278a,8-14,2,Cell_cycle,0.11422883,0.11986664682626724
CH_L_278a,9-11,2,Cell_cycle,0.21648763,0.11972850561141968
CH_L_278a,9-12,2,Cell_cycle,0.16331,0.11981632560491562
CH_L_279a,10-12,0,Cell_cycle,0.045626424,0.11089720577001572
CH_L_279a,10-9,0,Cell_cycle,0.0651023,0.11131884157657623
CH_L_279a,5-10,0,Cell_cycle,0.16340019,0.10971702635288239
CH_L_279a,5-11,0,Cell_cycle,0.10992193,0.10911422222852707
CH_L_279a,6-10,0,Cell_cycle,0.17670777,0.11004196852445602
CH_L_279a,6-11,0,Cell_cycle,0.16696736,0.10998521000146866
CH_L_279a,6-12,0,Cell_cycle,0.040027816,0.10998521000146866
CH_L_279a,6-8,0,Cell_cycle,0.11782875,0.11027753353118896
CH_L_279a,6-9,0,Cell_cycle,0.13599747,0.11009600758552551
CH_L_279a,7-10,0,Cell_cycle,0.18272443,0.10977313667535782
CH_L_279a,7-9,0,Cell_cycle,0.09833978,0.11003215610980988
CH_L_279a,8-10,0,Cell_cycle,0.042985775,0.11025851964950562
CH_L_279a,8-8,0,Cell_cycle,0.06648545,0.11033462733030319
CH_L_279a,8-9,0,Cell_cycle,0.055853367,0.11020685732364655
CH_L_279a,9-12,0,Cell_cycle,0.09574951,0.11066338419914246
CH_L_279a,9-13,0,Cell_cycle,0.032935742,0.11066338419914246
CH_L_280a,10-4,1,Cell_cycle,0.20541267,0.10461033135652542
CH_L_280a,10-5,1,Cell_cycle,0.21250314,0.10433139652013779
CH_L_280a,10-6,1,Cell_cycle,0.24649057,0.10435166209936142
CH_L_280a,10-7,1,Cell_cycle,0.22987837,0.10440394282341003
CH_L_280a,10-8,1,Cell_cycle,0.22393095,0.10430485755205154
CH_L_280a,10-9,1,Cell_cycle,0.28089267,0.10430485755205154
CH_L_280a,11-5,1,Cell_cycle,0.16984984,0.10433139652013779
CH_L_280a,11-6,1,Cell_cycle,0.19243991,0.10435166209936142
CH_L_280a,11-7,1,Cell_cycle,0.31532833,0.10440394282341003
CH_L_280a,11-8,1,Cell_cycle,0.21220417,0.10430485755205154
CH_L_280a,6-4,1,Cell_cycle,0.2536042,0.1027635931968689
CH_L_280a,6-5,1,Cell_cycle,0.2048762,0.102525994181633
CH_L_280a,6-6,1,Cell_cycle,0.28041384,0.10264432430267334
CH_L_280a,6-7,1,Cell_cycle,0.27062973,0.10462923347949982
CH_L_280a,6-8,1,Cell_cycle,0.2680888,0.1045622006058693
CH_L_280a,6-9,1,Cell_cycle,0.30150303,0.1045622006058693
CH_L_280a,7-4,1,Cell_cycle,0.19002354,0.10330502688884735
CH_L_280a,7-5,1,Cell_cycle,0.24196036,0.1033942922949791
CH_L_280a,7-6,1,Cell_cycle,0.23207073,0.10411111265420914
CH_L_280a,7-7,1,Cell_cycle,0.24582998,0.10442446917295456
CH_L_280a,7-8,1,Cell_cycle,0.25395644,0.10454114526510239
CH_L_280a,7-9,1,Cell_cycle,0.23924538,0.10454114526510239
CH_L_280a,8-4,1,Cell_cycle,0.17268243,0.10461033135652542
CH_L_280a,8-5,1,Cell_cycle,0.20372142,0.10433139652013779
CH_L_280a,8-6,1,Cell_cycle,0.17415006,0.10435166209936142
CH_L_280a,8-7,1,Cell_cycle,0.17332818,0.10440394282341003
CH_L_280a,8-8,1,Cell_cycle,0.16324884,0.10430485755205154
CH_L_280a,8-9,1,Cell_cycle,0.22034957,0.10430485755205154
CH_L_280a,9-4,1,Cell_cycle,0.23312894,0.10461033135652542
CH_L_280a,9-5,1,Cell_cycle,0.18979898,0.10433139652013779
CH_L_280a,9-6,1,Cell_cycle,0.24373187,0.10435166209936142
CH_L_280a,9-7,1,Cell_cycle,0.26201078,0.10440394282341003
CH_L_280a,9-8,1,Cell_cycle,0.17984611,0.10430485755205154
CH_L_280a,9-9,1,Cell_cycle,0.1976042,0.10430485755205154
CH_L_281a,10-21,2,Cell_cycle,0.037405264,0.11735285073518753
CH_L_281a,10-22,2,Cell_cycle,0.042122845,0.11735285073518753
CH_L_281a,10-23,2,Cell_cycle,0.029420348,0.11735285073518753
CH_L_281a,10-24,2,Cell_cycle,0.037022203,0.11735285073518753
CH_L_281a,11-21,2,Cell_cycle,0.043044157,0.11745668947696686
CH_L_281a,11-22,2,Cell_cycle,0.039137557,0.11745668947696686
CH_L_281a,6-21,2,Cell_cycle,0.03635032,0.11777310818433762
CH_L_281a,6-22,2,Cell_cycle,0.037799276,0.11777310818433762
CH_L_281a,6-23,2,Cell_cycle,0.03248538,0.11777310818433762
CH_L_281a,6-24,2,Cell_cycle,0.04157003,0.11777310818433762
CH_L_281a,6-25,2,Cell_cycle,0.0489171,0.11777310818433762
CH_L_281a,6-26,2,Cell_cycle,0.053648073,0.11777310818433762
CH_L_281a,7-21,2,Cell_cycle,0.03319303,0.1173642948269844
CH_L_281a,7-22,2,Cell_cycle,0.053116567,0.1173642948269844
CH_L_281a,7-23,2,Cell_cycle,0.048833158,0.1173642948269844
CH_L_281a,7-24,2,Cell_cycle,0.046683922,0.1173642948269844
CH_L_281a,7-25,2,Cell_cycle,0.039994147,0.1173642948269844
CH_L_281a,7-26,2,Cell_cycle,0.046440005,0.1173642948269844
CH_L_281a,8-22,2,Cell_cycle,0.037519936,0.11781064420938492
CH_L_281a,8-23,2,Cell_cycle,0.048630334,0.11781064420938492
CH_L_281a,8-24,2,Cell_cycle,0.0506882,0.11781064420938492
CH_L_281a,8-25,2,Cell_cycle,0.052392427,0.11781064420938492
CH_L_281a,8-26,2,Cell_cycle,0.043921433,0.11781064420938492
CH_L_281a,9-23,2,Cell_cycle,0.039998397,0.11801236122846603
CH_L_281a,9-24,2,Cell_cycle,0.04814532,0.11801236122846603
CH_L_281a,9-26,2,Cell_cycle,0.055380795,0.11801236122846603
CH_L_281b,3-2,2,Cell_cycle,0.029702794,0.1214064285159111
CH_L_281b,3-3,2,Cell_cycle,0.031565737,0.12013360112905502
CH_L_281b,3-5,2,Cell_cycle,0.04958039,0.12111669778823853
CH_L_281b,3-6,2,Cell_cycle,0.030234251,0.12104364484548569
CH_L_281b,4-2,2,Cell_cycle,0.05280491,0.12069428712129593
CH_L_281b,4-3,2,Cell_cycle,0.11912747,0.1202147975564003
CH_L_281b,4-5,2,Cell_cycle,0.0947027,0.12102080881595612
CH_L_281b,4-6,2,Cell_cycle,0.070721954,0.12105638533830643
CH_L_281b,5-2,2,Cell_cycle,0.0856921,0.1204468235373497
CH_L_281b,5-3,2,Cell_cycle,0.07906549,0.12129581719636917
CH_L_281b,5-5,2,Cell_cycle,0.10363763,0.12095694988965988
CH_L_281b,5-6,2,Cell_cycle,0.12517147,0.12156902998685837
CH_L_281b,6-3,2,Cell_cycle,0.09915501,0.12119174748659134
CH_L_281b,6-4,2,Cell_cycle,0.11828045,0.12154506891965866
CH_L_281b,6-5,2,Cell_cycle,0.13694789,0.12152153253555298
CH_L_281b,6-6,2,Cell_cycle,0.08431254,0.12229367345571518
CH_L_281b,7-2,2,Cell_cycle,0.032525208,0.12212371826171875
CH_L_281b,7-5,2,Cell_cycle,0.06729739,0.12152153253555298
CH_L_281b,7-6,2,Cell_cycle,0.034322537,0.12229367345571518
CH_L_281b,8-2,2,Cell_cycle,0.032274093,0.12212371826171875
CH_L_282a,10-7,2,Cell_cycle,0.040202606,0.12052877247333527
CH_L_282a,10-8,2,Cell_cycle,0.03946176,0.12034162133932114
CH_L_282a,10-9,2,Cell_cycle,0.041233808,0.12025149911642075
CH_L_282a,11-8,2,Cell_cycle,0.03946238,0.12034162133932114
CH_L_282a,11-9,2,Cell_cycle,0.03592741,0.12025149911642075
CH_L_282a,12-9,2,Cell_cycle,0.029284218,0.12025149911642075
CH_L_282a,7-10,2,Cell_cycle,0.022812603,0.11996077746152878
CH_L_282a,7-11,2,Cell_cycle,0.022413911,0.11996077746152878
CH_L_282a,7-9,2,Cell_cycle,0.032048702,0.11996077746152878
CH_L_282a,8-10,2,Cell_cycle,0.032157067,0.12005607783794403
CH_L_282a,8-11,2,Cell_cycle,0.030956542,0.12005607783794403
CH_L_282a,8-7,2,Cell_cycle,0.033999346,0.12035997956991196
CH_L_282a,8-9,2,Cell_cycle,0.033567064,0.12005607783794403
CH_L_282a,9-10,2,Cell_cycle,0.033191655,0.12025149911642075
CH_L_282a,9-11,2,Cell_cycle,0.034412697,0.12025149911642075
CH_L_283a,10-10,1,Cell_cycle,0.15134989,0.09988740086555481
CH_L_283a,10-11,1,Cell_cycle,0.15047535,0.10147196054458618
CH_L_283a,10-6,1,Cell_cycle,0.24845156,0.10150749236345291
CH_L_283a,10-7,1,Cell_cycle,0.27142638,0.10147996991872787
CH_L_283a,10-8,1,Cell_cycle,0.22030641,0.1014522910118103
CH_L_283a,10-9,1,Cell_cycle,0.2029497,0.10124684125185013
CH_L_283a,11-10,1,Cell_cycle,0.168587,0.10156314074993134
CH_L_283a,11-11,1,Cell_cycle,0.1264296,0.10200849175453186
CH_L_283a,11-6,1,Cell_cycle,0.042100184,0.1019587591290474
CH_L_283a,11-7,1,Cell_cycle,0.108390674,0.10183028876781464
CH_L_283a,11-8,1,Cell_cycle,0.13452241,0.10202698409557343
CH_L_283a,11-9,1,Cell_cycle,0.16558914,0.10169028490781784
CH_L_283a,12-10,1,Cell_cycle,0.10860975,0.10233011096715927
CH_L_283a,12-11,1,Cell_cycle,0.13368991,0.10234712064266205
CH_L_283a,12-7,1,Cell_cycle,0.043501094,0.10199256241321564
CH_L_283a,12-8,1,Cell_cycle,0.03957591,0.10252264142036438
CH_L_283a,12-9,1,Cell_cycle,0.18262717,0.10197757184505463
CH_L_283a,7-10,1,Cell_cycle,0.19068001,0.1000051498413086
CH_L_283a,7-11,1,Cell_cycle,0.16153114,0.10258407145738602
CH_L_283a,7-7,1,Cell_cycle,0.22098163,0.10079363733530045
CH_L_283a,7-8,1,Cell_cycle,0.16952999,0.10125584900379181
CH_L_283a,7-9,1,Cell_cycle,0.15542437,0.10064154118299484
CH_L_283a,8-10,1,Cell_cycle,0.1663757,0.1008492037653923
CH_L_283a,8-11,1,Cell_cycle,0.13226897,0.10243934392929077
CH_L_283a,8-7,1,Cell_cycle,0.21611749,0.10069456696510315
CH_L_283a,8-8,1,Cell_cycle,0.24923675,0.10128683596849442
CH_L_283a,8-9,1,Cell_cycle,0.22062932,0.10143860429525375
CH_L_283a,9-10,1,Cell_cycle,0.17507121,0.10054580867290497
CH_L_283a,9-11,1,Cell_cycle,0.12581836,0.10165315866470337
CH_L_283a,9-6,1,Cell_cycle,0.21799557,0.10109008848667145
CH_L_283a,9-7,1,Cell_cycle,0.23008054,0.10117903351783752
CH_L_283a,9-8,1,Cell_cycle,0.2493408,0.10135601460933685
CH_L_283a,9-9,1,Cell_cycle,0.2212016,0.10142786800861359
CH_L_284a,10-10,0,Cell_cycle,0.029760418,0.1125541627407074
CH_L_284a,10-7,0,Cell_cycle,0.03542003,0.11210130900144577
CH_L_284a,10-8,0,Cell_cycle,0.028662471,0.11238321661949158
CH_L_284a,10-9,0,Cell_cycle,0.028950565,0.11228978633880615
CH_L_284a,11-10,0,Cell_cycle,0.03635169,0.1125541627407074
CH_L_284a,11-8,0,Cell_cycle,0.038606524,0.11238321661949158
CH_L_284a,11-9,0,Cell_cycle,0.04044268,0.11228978633880615
CH_L_284a,9-7,0,Cell_cycle,0.02989791,0.11200166493654251
CH_L_284a,9-8,0,Cell_cycle,0.025437804,0.11204367876052856
CH_L_284a,9-9,0,Cell_cycle,0.028327161,0.11221403628587723
CH_L_285a,5-10,1,Cell_cycle,0.047123834,0.1048353910446167
CH_L_285a,5-6,1,Cell_cycle,0.035029083,0.10015030205249786
CH_L_285a,5-8,1,Cell_cycle,0.021470482,0.10471779853105545
CH_L_285a,5-9,1,Cell_cycle,0.03338665,0.1048353910446167
CH_L_285a,6-10,1,Cell_cycle,0.060986947,0.10467049479484558
CH_L_285a,6-11,1,Cell_cycle,0.041759983,0.10467049479484558
CH_L_285a,6-6,1,Cell_cycle,0.032300103,0.10056957602500916
CH_L_285a,6-8,1,Cell_cycle,0.030272955,0.10452736914157867
CH_L_285a,6-9,1,Cell_cycle,0.047396015,0.10467049479484558
CH_L_285a,7-10,1,Cell_cycle,0.040898275,0.10463784635066986
CH_L_285a,7-11,1,Cell_cycle,0.0478104,0.10463784635066986
CH_L_285a,7-6,1,Cell_cycle,0.045227714,0.10095817595720291
CH_L_285a,7-8,1,Cell_cycle,0.038527437,0.10448769479990005
CH_L_285a,7-9,1,Cell_cycle,0.040104643,0.10463784635066986
CH_L_285a,8-10,1,Cell_cycle,0.041026965,0.10359979420900345
CH_L_285a,8-6,1,Cell_cycle,0.082469866,0.10252682119607925
CH_L_285a,8-7,1,Cell_cycle,0.04655473,0.10363613069057465
CH_L_285a,8-8,1,Cell_cycle,0.035633616,0.10365976393222809
CH_L_285a,8-9,1,Cell_cycle,0.038093995,0.10359979420900345
CH_L_285a,9-10,1,Cell_cycle,0.043171644,0.10333572328090668
CH_L_285a,9-9,1,Cell_cycle,0.03776249,0.10333572328090668
CH_L_287a,10-11,0,Cell_cycle,0.051612023,0.10794258862733841
CH_L_287a,10-12,0,Cell_cycle,0.04972731,0.10789557546377182
CH_L_287a,10-13,0,Cell_cycle,0.063492194,0.10745616257190704
CH_L_287a,10-14,0,Cell_cycle,0.11241401,0.10721569508314133
CH_L_287a,10-15,0,Cell_cycle,0.087201856,0.10721569508314133
CH_L_287a,5-11,0,Cell_cycle,0.07818259,0.10786163806915283
CH_L_287a,6-10,0,Cell_cycle,0.04318173,0.10798989236354828
CH_L_287a,6-11,0,Cell_cycle,0.08575629,0.107908695936203
CH_L_287a,6-12,0,Cell_cycle,0.049908515,0.10776571929454803
CH_L_287a,7-10,0,Cell_cycle,0.0493008,0.1079215332865715
CH_L_287a,7-11,0,Cell_cycle,0.068142325,0.10806968063116074
CH_L_287a,7-12,0,Cell_cycle,0.06359051,0.10777488350868225
CH_L_287a,7-13,0,Cell_cycle,0.04703167,0.10753750056028366
CH_L_287a,8-10,0,Cell_cycle,0.100798294,0.10820593684911728
CH_L_287a,8-11,0,Cell_cycle,0.05836495,0.10814229398965836
CH_L_287a,8-12,0,Cell_cycle,0.07036525,0.10771728307008743
CH_L_287a,8-13,0,Cell_cycle,0.08254276,0.10745396465063095
CH_L_287a,8-14,0,Cell_cycle,0.05459857,0.1072203740477562
CH_L_287a,9-11,0,Cell_cycle,0.0528215,0.10783828794956207
CH_L_287a,9-12,0,Cell_cycle,0.0651221,0.10768270492553711
CH_L_287a,9-13,0,Cell_cycle,0.09419304,0.10733913630247116
CH_L_287a,9-14,0,Cell_cycle,0.07332517,0.10704542696475983
CH_L_288a,4-3,2,Cell_cycle,0.022487817,0.11831177026033401
CH_L_288a,4-4,2,Cell_cycle,0.028121773,0.11752744019031525
CH_L_288a,4-6,2,Cell_cycle,0.02792614,0.12091053277254105
CH_L_288a,4-7,2,Cell_cycle,0.023200247,0.12105345726013184
CH_L_288a,5-3,2,Cell_cycle,0.03421449,0.11848094314336777
CH_L_288a,5-4,2,Cell_cycle,0.045551047,0.12158633768558502
CH_L_288a,5-6,2,Cell_cycle,0.048999015,0.12071425467729568
CH_L_288a,5-7,2,Cell_cycle,0.033905428,0.12081743776798248
CH_L_288a,6-4,2,Cell_cycle,0.08247213,0.12075887620449066
CH_L_288a,6-5,2,Cell_cycle,0.07269915,0.12083065509796143
CH_L_288a,6-6,2,Cell_cycle,0.089754306,0.12047214061021805
CH_L_288a,6-7,2,Cell_cycle,0.09761089,0.12058854103088379
CH_L_288a,7-3,2,Cell_cycle,0.048321605,0.12124551832675934
CH_L_288a,7-4,2,Cell_cycle,0.077550665,0.12064706534147263
CH_L_288a,7-5,2,Cell_cycle,0.07612737,0.1205662339925766
CH_L_288a,7-6,2,Cell_cycle,0.08581339,0.12040985375642776
CH_L_288a,7-7,2,Cell_cycle,0.11565833,0.12085077166557312
CH_L_288a,8-4,2,Cell_cycle,0.11597145,0.12064706534147263
CH_L_288a,8-5,2,Cell_cycle,0.15138043,0.1205662339925766
CH_L_288a,8-6,2,Cell_cycle,0.14848377,0.12040985375642776
CH_L_288a,8-7,2,Cell_cycle,0.04298633,0.12085077166557312
CH_L_288a,9-3,2,Cell_cycle,0.040612027,0.12124551832675934
CH_L_288a,9-4,2,Cell_cycle,0.056841455,0.12064706534147263
CH_L_288a,9-5,2,Cell_cycle,0.08432913,0.1205662339925766
CH_L_288a,9-6,2,Cell_cycle,0.07088915,0.12040985375642776
CH_L_289a,10-10,4,Cell_cycle,0.055828042,0.1130373477935791
CH_L_289a,10-11,4,Cell_cycle,0.055675916,0.11357909440994263
CH_L_289a,10-12,4,Cell_cycle,0.03448452,0.11357909440994263
CH_L_289a,10-13,4,Cell_cycle,0.07420944,0.11357909440994263
CH_L_289a,5-10,4,Cell_cycle,0.039806597,0.11216602474451065
CH_L_289a,5-11,4,Cell_cycle,0.022606118,0.1128789633512497
CH_L_289a,5-12,4,Cell_cycle,0.03565748,0.1128789633512497
CH_L_289a,5-13,4,Cell_cycle,0.026054947,0.1128789633512497
CH_L_289a,5-14,4,Cell_cycle,0.05077975,0.1128789633512497
CH_L_289a,5-15,4,Cell_cycle,0.05804346,0.1128789633512497
CH_L_289a,6-10,4,Cell_cycle,0.03910438,0.11251498013734818
CH_L_289a,6-11,4,Cell_cycle,0.035197597,0.11354215443134308
CH_L_289a,6-12,4,Cell_cycle,0.019222917,0.11354215443134308
CH_L_289a,6-13,4,Cell_cycle,0.018624747,0.11354215443134308
CH_L_289a,6-14,4,Cell_cycle,0.028192375,0.11354215443134308
CH_L_289a,6-15,4,Cell_cycle,0.029651785,0.11354215443134308
CH_L_289a,7-10,4,Cell_cycle,0.019018592,0.11241628974676132
CH_L_289a,7-11,4,Cell_cycle,0.033821747,0.11337863653898239
CH_L_289a,7-12,4,Cell_cycle,0.0206341,0.11337863653898239
CH_L_289a,7-13,4,Cell_cycle,0.030949194,0.11337863653898239
CH_L_289a,7-14,4,Cell_cycle,0.023102012,0.11337863653898239
CH_L_289a,7-15,4,Cell_cycle,0.07184781,0.11337863653898239
CH_L_289a,8-10,4,Cell_cycle,0.024424527,0.11212490499019623
CH_L_289a,8-11,4,Cell_cycle,0.030829888,0.1125677153468132
CH_L_289a,8-12,4,Cell_cycle,0.02595117,0.1125677153468132
CH_L_289a,8-13,4,Cell_cycle,0.04285092,0.1125677153468132
CH_L_289a,8-14,4,Cell_cycle,0.09508724,0.1125677153468132
CH_L_289a,8-15,4,Cell_cycle,0.10185621,0.1125677153468132
CH_L_289a,9-10,4,Cell_cycle,0.031868767,0.11229812353849411
CH_L_289a,9-11,4,Cell_cycle,0.030255264,0.11335480213165283
CH_L_289a,9-12,4,Cell_cycle,0.029295346,0.11335480213165283
CH_L_289a,9-13,4,Cell_cycle,0.032761488,0.11335480213165283
CH_L_289a,9-14,4,Cell_cycle,0.072197214,0.11335480213165283
CH_L_290a,10-15,1,Cell_cycle,0.10467347,0.10226134210824966
CH_L_290a,10-16,1,Cell_cycle,0.09182489,0.10226134210824966
CH_L_290a,5-14,1,Cell_cycle,0.16818912,0.10266385227441788
CH_L_290a,5-16,1,Cell_cycle,0.21339831,0.10266385227441788
CH_L_290a,5-17,1,Cell_cycle,0.09071428,0.10266385227441788
CH_L_290a,5-18,1,Cell_cycle,0.07721923,0.10266385227441788
CH_L_290a,6-13,1,Cell_cycle,0.13214038,0.10275205224752426
CH_L_290a,6-14,1,Cell_cycle,0.15258162,0.10275205224752426
CH_L_290a,6-15,1,Cell_cycle,0.24017344,0.10275205224752426
CH_L_290a,6-16,1,Cell_cycle,0.12951216,0.10275205224752426
CH_L_290a,7-13,1,Cell_cycle,0.03279814,0.10279761999845505
CH_L_290a,7-14,1,Cell_cycle,0.063896224,0.10279761999845505
CH_L_290a,7-15,1,Cell_cycle,0.1758738,0.10279761999845505
CH_L_290a,7-16,1,Cell_cycle,0.15621641,0.10279761999845505
CH_L_290a,7-18,1,Cell_cycle,0.052160453,0.10279761999845505
CH_L_290a,8-15,1,Cell_cycle,0.11317331,0.10280634462833405
CH_L_290a,8-16,1,Cell_cycle,0.12362949,0.10280634462833405
CH_L_290a,9-14,1,Cell_cycle,0.09437423,0.10273659974336624
CH_L_290a,9-15,1,Cell_cycle,0.12046111,0.10273659974336624
CH_L_290a,9-16,1,Cell_cycle,0.07964739,0.10273659974336624
CH_L_290a,9-17,1,Cell_cycle,0.17027782,0.10273659974336624
CH_L_291a,10-4,1,Cell_cycle,0.051345266,0.10273013263940811
CH_L_291a,10-5,1,Cell_cycle,0.29959086,0.1023043692111969
CH_L_291a,10-6,1,Cell_cycle,0.20724545,0.10262508690357208
CH_L_291a,10-7,1,Cell_cycle,0.27838153,0.10261230915784836
CH_L_291a,10-8,1,Cell_cycle,0.19492112,0.10262561589479446
CH_L_291a,10-9,1,Cell_cycle,0.16579983,0.10263987630605698
CH_L_291a,11-4,1,Cell_cycle,0.045557875,0.10352436453104019
CH_L_291a,11-5,1,Cell_cycle,0.23354688,0.10341600328683853
CH_L_291a,11-6,1,Cell_cycle,0.27337027,0.10353652387857437
CH_L_291a,11-7,1,Cell_cycle,0.18517086,0.10363277792930603
CH_L_291a,11-8,1,Cell_cycle,0.22883403,0.1034732460975647
CH_L_291a,11-9,1,Cell_cycle,0.14932841,0.1033666804432869
CH_L_291a,7-4,1,Cell_cycle,0.12770973,0.10092626512050629
CH_L_291a,7-5,1,Cell_cycle,0.3015026,0.10043414682149887
CH_L_291a,7-6,1,Cell_cycle,0.2577713,0.09947552531957626
CH_L_291a,7-7,1,Cell_cycle,0.21772647,0.10044408589601517
CH_L_291a,7-8,1,Cell_cycle,0.22123404,0.09895703941583633
CH_L_291a,8-4,1,Cell_cycle,0.32729796,0.10098082572221756
CH_L_291a,8-5,1,Cell_cycle,0.3200514,0.10001058131456375
CH_L_291a,8-6,1,Cell_cycle,0.27645388,0.09948743134737015
CH_L_291a,8-7,1,Cell_cycle,0.16142708,0.10140959918498993
CH_L_291a,8-8,1,Cell_cycle,0.27166015,0.09904559701681137
CH_L_291a,8-9,1,Cell_cycle,0.21807086,0.10053294152021408
CH_L_291a,9-4,1,Cell_cycle,0.20098971,0.10032743215560913
CH_L_291a,9-5,1,Cell_cycle,0.2787709,0.10037199407815933
CH_L_291a,9-6,1,Cell_cycle,0.16884461,0.10063952207565308
CH_L_291a,9-7,1,Cell_cycle,0.30302808,0.10163243860006332
CH_L_291a,9-8,1,Cell_cycle,0.26551607,0.09957897663116455
CH_L_292a,2-12,2,Cell_cycle,0.028459888,0.11964701116085052
CH_L_292a,2-13,2,Cell_cycle,0.032986674,0.11964701116085052
CH_L_292a,2-14,2,Cell_cycle,0.028551832,0.11964701116085052
CH_L_292a,2-15,2,Cell_cycle,0.031919155,0.11964701116085052
CH_L_292a,2-16,2,Cell_cycle,0.04146593,0.11964701116085052
CH_L_292a,3-12,2,Cell_cycle,0.029199261,0.11834267526865005
CH_L_292a,3-13,2,Cell_cycle,0.034610953,0.11834267526865005
CH_L_292a,3-14,2,Cell_cycle,0.027304301,0.11834267526865005
CH_L_292a,3-15,2,Cell_cycle,0.04369838,0.11834267526865005
CH_L_292a,3-16,2,Cell_cycle,0.050262403,0.11834267526865005
CH_L_292a,4-13,2,Cell_cycle,0.03364904,0.11908602714538574
CH_L_292a,4-14,2,Cell_cycle,0.033503905,0.11908602714538574
CH_L_292a,4-15,2,Cell_cycle,0.05035068,0.11908602714538574
CH_L_292a,4-16,2,Cell_cycle,0.06935243,0.11908602714538574
CH_L_292a,5-13,2,Cell_cycle,0.022026181,0.11927176266908646
CH_L_292a,5-14,2,Cell_cycle,0.029469278,0.11927176266908646
CH_L_292a,5-15,2,Cell_cycle,0.052532643,0.11927176266908646
CH_L_292a,5-16,2,Cell_cycle,0.03872583,0.11927176266908646
CH_L_292a,6-12,2,Cell_cycle,0.031617146,0.11920108646154404
CH_L_292a,6-13,2,Cell_cycle,0.02735274,0.11920108646154404
CH_L_292a,6-14,2,Cell_cycle,0.046177547,0.11920108646154404
CH_L_292a,6-15,2,Cell_cycle,0.06479096,0.11920108646154404
CH_L_292a,6-16,2,Cell_cycle,0.04104679,0.11920108646154404
CH_L_292a,7-12,2,Cell_cycle,0.031369086,0.1197100579738617
CH_L_292a,7-13,2,Cell_cycle,0.03402631,0.1197100579738617
CH_L_292a,7-14,2,Cell_cycle,0.043263447,0.1197100579738617
CH_L_292a,7-15,2,Cell_cycle,0.055198036,0.1197100579738617
CH_L_292a,7-16,2,Cell_cycle,0.036771424,0.1197100579738617
CH_L_293a,10-14,0,Cell_cycle,0.23908241,0.11075280606746674
CH_L_293a,10-15,0,Cell_cycle,0.15661944,0.11075280606746674
CH_L_293a,10-16,0,Cell_cycle,0.2688126,0.11075280606746674
CH_L_293a,5-14,0,Cell_cycle,0.12430958,0.10967635363340378
CH_L_293a,5-15,0,Cell_cycle,0.24508873,0.10967635363340378
CH_L_293a,5-16,0,Cell_cycle,0.29081255,0.10967635363340378
CH_L_293a,5-17,0,Cell_cycle,0.27347073,0.10967635363340378
CH_L_293a,5-18,0,Cell_cycle,0.2505528,0.10967635363340378
CH_L_293a,6-14,0,Cell_cycle,0.26842865,0.1098889708518982
CH_L_293a,6-15,0,Cell_cycle,0.2590798,0.1098889708518982
CH_L_293a,6-16,0,Cell_cycle,0.25179228,0.1098889708518982
CH_L_293a,6-17,0,Cell_cycle,0.2469972,0.1098889708518982
CH_L_293a,6-18,0,Cell_cycle,0.27850503,0.1098889708518982
CH_L_293a,7-13,0,Cell_cycle,0.24481225,0.11077997833490372
CH_L_293a,7-14,0,Cell_cycle,0.27424747,0.11077997833490372
CH_L_293a,7-15,0,Cell_cycle,0.198096,0.11077997833490372
CH_L_293a,7-16,0,Cell_cycle,0.28451753,0.11077997833490372
CH_L_293a,7-17,0,Cell_cycle,0.2638112,0.11077997833490372
CH_L_293a,7-18,0,Cell_cycle,0.3113587,0.11077997833490372
CH_L_293a,8-14,0,Cell_cycle,0.19346124,0.11040700972080231
CH_L_293a,8-15,0,Cell_cycle,0.19978648,0.11040700972080231
CH_L_293a,8-16,0,Cell_cycle,0.28057018,0.11040700972080231
CH_L_293a,8-17,0,Cell_cycle,0.26420254,0.11040700972080231
CH_L_293a,8-18,0,Cell_cycle,0.14812952,0.11040700972080231
CH_L_293a,9-14,0,Cell_cycle,0.18175592,0.10968972742557526
CH_L_293a,9-15,0,Cell_cycle,0.17431538,0.10968972742557526
CH_L_293a,9-16,0,Cell_cycle,0.25308666,0.10968972742557526
CH_L_293a,9-17,0,Cell_cycle,0.30925208,0.10968972742557526
CH_L_293a,9-18,0,Cell_cycle,0.22319096,0.10968972742557526
CH_L_294a,10-10,2,Cell_cycle,0.06852942,0.11907923966646194
CH_L_294a,10-13,2,Cell_cycle,0.10017714,0.11968858540058136
CH_L_294a,10-9,2,Cell_cycle,0.07213022,0.11992197483778
CH_L_294a,11-12,2,Cell_cycle,0.05363582,0.11935947835445404
CH_L_294a,11-13,2,Cell_cycle,0.091512285,0.11935947835445404
CH_L_294a,6-10,2,Cell_cycle,0.0571247,0.11662398278713226
CH_L_294a,6-11,2,Cell_cycle,0.05449971,0.11767398566007614
CH_L_294a,6-12,2,Cell_cycle,0.06644347,0.11790196597576141
CH_L_294a,6-13,2,Cell_cycle,0.064042315,0.11790196597576141
CH_L_294a,6-9,2,Cell_cycle,0.04050172,0.1172051727771759
CH_L_294a,7-10,2,Cell_cycle,0.044053487,0.11669610440731049
CH_L_294a,7-11,2,Cell_cycle,0.050858725,0.11796287447214127
CH_L_294a,7-12,2,Cell_cycle,0.059355956,0.11845098435878754
CH_L_294a,7-13,2,Cell_cycle,0.05774214,0.11845098435878754
CH_L_294a,7-9,2,Cell_cycle,0.053813286,0.11719531565904617
CH_L_294a,8-10,2,Cell_cycle,0.04687819,0.1165892630815506
CH_L_294a,8-11,2,Cell_cycle,0.05313185,0.11757276207208633
CH_L_294a,8-12,2,Cell_cycle,0.0629627,0.11789211630821228
CH_L_294a,8-13,2,Cell_cycle,0.077526376,0.11789211630821228
CH_L_294a,8-9,2,Cell_cycle,0.05319636,0.11663015186786652
CH_L_294a,9-10,2,Cell_cycle,0.07631571,0.1181143969297409
CH_L_294a,9-11,2,Cell_cycle,0.079300284,0.11914125084877014
CH_L_294a,9-12,2,Cell_cycle,0.06153544,0.11944907903671265
CH_L_294a,9-13,2,Cell_cycle,0.056760468,0.11944907903671265
CH_L_294a,9-9,2,Cell_cycle,0.06737364,0.11777559667825699
CH_L_295a,10-11,4,Cell_cycle,0.07270545,0.11376877874135971
CH_L_295a,10-12,4,Cell_cycle,0.088009484,0.11406294256448746
CH_L_295a,10-13,4,Cell_cycle,0.079104826,0.11406294256448746
CH_L_295a,10-14,4,Cell_cycle,0.06906504,0.11406294256448746
CH_L_295a,10-15,4,Cell_cycle,0.06703049,0.11406294256448746
CH_L_295a,11-10,4,Cell_cycle,0.07306491,0.11380557715892792
CH_L_295a,11-11,4,Cell_cycle,0.070440516,0.11397478729486465
CH_L_295a,11-13,4,Cell_cycle,0.05331953,0.11438682675361633
CH_L_295a,11-14,4,Cell_cycle,0.0984688,0.11438682675361633
CH_L_295a,12-10,4,Cell_cycle,0.045837495,0.11406552791595459
CH_L_295a,12-15,4,Cell_cycle,0.099734895,0.11483146250247955
CH_L_295a,13-13,4,Cell_cycle,0.053932842,0.11483146250247955
CH_L_295a,13-14,4,Cell_cycle,0.066237226,0.11483146250247955
CH_L_295a,13-15,4,Cell_cycle,0.10141917,0.11483146250247955
CH_L_295a,9-11,4,Cell_cycle,0.07907291,0.11357642710208893
CH_L_295a,9-12,4,Cell_cycle,0.08937446,0.11377251893281937
CH_L_295a,9-13,4,Cell_cycle,0.09213312,0.11377251893281937
CH_L_295a,9-14,4,Cell_cycle,0.07990709,0.11377251893281937
CH_L_295a,9-15,4,Cell_cycle,0.08904754,0.11377251893281937
CH_L_296a,10-10,4,Cell_cycle,0.08393682,0.11268763989210129
CH_L_296a,10-11,4,Cell_cycle,0.0662038,0.11268763989210129
CH_L_296a,10-12,4,Cell_cycle,0.070090145,0.11268763989210129
CH_L_296a,10-8,4,Cell_cycle,0.047443967,0.11268763989210129
CH_L_296a,10-9,4,Cell_cycle,0.084524214,0.11268763989210129
CH_L_296a,11-10,4,Cell_cycle,0.10150316,0.11268763989210129
CH_L_296a,11-11,4,Cell_cycle,0.0665101,0.11268763989210129
CH_L_296a,11-12,4,Cell_cycle,0.046344172,0.11268763989210129
CH_L_296a,11-8,4,Cell_cycle,0.040410258,0.11268763989210129
CH_L_296a,11-9,4,Cell_cycle,0.0866053,0.11268763989210129
CH_L_296a,7-10,4,Cell_cycle,0.0654054,0.11306219547986984
CH_L_296a,7-11,4,Cell_cycle,0.050405867,0.11306219547986984
CH_L_296a,7-12,4,Cell_cycle,0.04506236,0.11306219547986984
CH_L_296a,7-8,4,Cell_cycle,0.107284725,0.11306219547986984
CH_L_296a,7-9,4,Cell_cycle,0.07091603,0.11306219547986984
CH_L_296a,8-10,4,Cell_cycle,0.06270454,0.11268763989210129
CH_L_296a,8-11,4,Cell_cycle,0.053238794,0.11268763989210129
CH_L_296a,8-12,4,Cell_cycle,0.05089685,0.11268763989210129
CH_L_296a,8-8,4,Cell_cycle,0.09699426,0.11268763989210129
CH_L_296a,8-9,4,Cell_cycle,0.07267943,0.11268763989210129
CH_L_296a,9-10,4,Cell_cycle,0.06682975,0.11268763989210129
CH_L_296a,9-11,4,Cell_cycle,0.060183994,0.11268763989210129
CH_L_296a,9-8,4,Cell_cycle,0.062724575,0.11268763989210129
CH_L_296a,9-9,4,Cell_cycle,0.10798227,0.11268763989210129
CH_L_298a,10-3,0,Cell_cycle,0.120631084,0.11215456575155258
CH_L_298a,10-4,0,Cell_cycle,0.14606915,0.11226006597280502
CH_L_298a,10-5,0,Cell_cycle,0.07660409,0.11129188537597656
CH_L_298a,11-4,0,Cell_cycle,0.1342117,0.11226006597280502
CH_L_298a,11-5,0,Cell_cycle,0.082036525,0.11129188537597656
CH_L_298a,13-1,0,Cell_cycle,0.050371535,0.1124231368303299
CH_L_298a,13-3,0,Cell_cycle,0.12794435,0.11215456575155258
CH_L_298a,14-1,0,Cell_cycle,0.04924358,0.1124231368303299
CH_L_298a,14-3,0,Cell_cycle,0.10465885,0.11215456575155258
CH_L_298a,14-4,0,Cell_cycle,0.113936566,0.11226006597280502
CH_L_298a,9-1,0,Cell_cycle,0.08742907,0.11248829215765
CH_L_298a,9-2,0,Cell_cycle,0.08836365,0.11255363374948502
CH_L_298a,9-3,0,Cell_cycle,0.08168653,0.11216263473033905
CH_L_298a,9-4,0,Cell_cycle,0.13417868,0.11223942041397095
CH_L_298a,9-5,0,Cell_cycle,0.07543281,0.1113671064376831
CH_L_299a,4-10,4,Cell_cycle,0.13695605,0.11465147137641907
CH_L_299a,4-6,4,Cell_cycle,0.10945124,0.11198586225509644
CH_L_299a,4-7,4,Cell_cycle,0.14908946,0.11470599472522736
CH_L_299a,4-8,4,Cell_cycle,0.24681425,0.11465147137641907
CH_L_299a,4-9,4,Cell_cycle,0.24652384,0.11465147137641907
CH_L_299a,5-10,4,Cell_cycle,0.12545931,0.11426131427288055
CH_L_299a,5-6,4,Cell_cycle,0.12198115,0.11205700039863586
CH_L_299a,5-7,4,Cell_cycle,0.21593562,0.11441322416067123
CH_L_299a,5-8,4,Cell_cycle,0.21563806,0.11426131427288055
CH_L_299a,5-9,4,Cell_cycle,0.23914738,0.11426131427288055
CH_L_299a,6-10,4,Cell_cycle,0.072774194,0.11470900475978851
CH_L_299a,6-7,4,Cell_cycle,0.18887433,0.11455465108156204
CH_L_299a,6-8,4,Cell_cycle,0.15939279,0.11470900475978851
CH_L_299a,6-9,4,Cell_cycle,0.10496419,0.11470900475978851
CH_L_299a,7-10,4,Cell_cycle,0.18991187,0.11327150464057922
CH_L_299a,7-7,4,Cell_cycle,0.20429265,0.11338934302330017
CH_L_299a,7-8,4,Cell_cycle,0.17973301,0.11327150464057922
CH_L_299a,7-9,4,Cell_cycle,0.12146806,0.11327150464057922
CH_L_299a,8-10,4,Cell_cycle,0.23182596,0.11182970553636551
CH_L_299a,8-6,4,Cell_cycle,0.1564331,0.112685926258564
CH_L_299a,8-8,4,Cell_cycle,0.18648954,0.11182970553636551
CH_L_299a,8-9,4,Cell_cycle,0.23910427,0.11182970553636551
CH_L_299a,9-9,4,Cell_cycle,0.25437117,0.11182970553636551
CH_L_300a,4-12,2,Cell_cycle,0.06458825,0.11933944374322891
CH_L_300a,5-13,2,Cell_cycle,0.09483857,0.11834239214658737
CH_L_300a,5-14,2,Cell_cycle,0.109335236,0.11834239214658737
CH_L_300a,6-11,2,Cell_cycle,0.112057075,0.11877257376909256
CH_L_300a,7-10,2,Cell_cycle,0.09318476,0.11775694042444229
CH_L_300a,7-12,2,Cell_cycle,0.07727319,0.11867991089820862
CH_L_300a,7-13,2,Cell_cycle,0.11997713,0.11867991089820862
CH_L_300a,7-9,2,Cell_cycle,0.15406102,0.11758410930633545
CH_L_300a,8-14,2,Cell_cycle,0.062399838,0.11870008707046509
CH_L_300a,9-14,2,Cell_cycle,0.035039194,0.11912621557712555
CH_L_301a,10-10,2,Cell_cycle,0.12166001,0.1179705336689949
CH_L_301a,10-11,2,Cell_cycle,0.06562368,0.11825435608625412
CH_L_301a,10-12,2,Cell_cycle,0.040793166,0.11814974248409271
CH_L_301a,5-10,2,Cell_cycle,0.069080934,0.11592378467321396
CH_L_301a,5-12,2,Cell_cycle,0.04071538,0.11603564023971558
CH_L_301a,5-13,2,Cell_cycle,0.04466795,0.1164507120847702
CH_L_301a,5-14,2,Cell_cycle,0.03830366,0.1164507120847702
CH_L_301a,5-15,2,Cell_cycle,0.026197297,0.1164507120847702
CH_L_301a,6-10,2,Cell_cycle,0.0732506,0.11598643660545349
CH_L_301a,6-11,2,Cell_cycle,0.057076264,0.11558771878480911
CH_L_301a,6-13,2,Cell_cycle,0.047873303,0.11689546704292297
CH_L_301a,6-14,2,Cell_cycle,0.06763382,0.11689546704292297
CH_L_301a,6-15,2,Cell_cycle,0.04099232,0.11689546704292297
CH_L_301a,7-10,2,Cell_cycle,0.070694536,0.1159578189253807
CH_L_301a,7-11,2,Cell_cycle,0.041153125,0.11557740718126297
CH_L_301a,7-12,2,Cell_cycle,0.0384232,0.11635777354240417
CH_L_301a,7-13,2,Cell_cycle,0.03782529,0.11732925474643707
CH_L_301a,7-14,2,Cell_cycle,0.051435933,0.11732925474643707
CH_L_301a,7-15,2,Cell_cycle,0.053471353,0.11732925474643707
CH_L_301a,8-10,2,Cell_cycle,0.06749063,0.1156649962067604
CH_L_301a,8-11,2,Cell_cycle,0.038366266,0.11564899235963821
CH_L_301a,8-12,2,Cell_cycle,0.025322212,0.11653149873018265
CH_L_301a,8-13,2,Cell_cycle,0.029436836,0.11732275038957596
CH_L_301a,8-14,2,Cell_cycle,0.0405321,0.11732275038957596
CH_L_301a,8-15,2,Cell_cycle,0.030126909,0.11732275038957596
CH_L_301a,9-10,2,Cell_cycle,0.07422316,0.11642681807279587
CH_L_301a,9-11,2,Cell_cycle,0.068244815,0.11614111065864563
CH_L_301a,9-12,2,Cell_cycle,0.06503021,0.11747585982084274
CH_L_301a,9-13,2,Cell_cycle,0.07997958,0.11793045699596405
CH_L_301a,9-14,2,Cell_cycle,0.093326874,0.11793045699596405
CH_L_301a,9-15,2,Cell_cycle,0.058863148,0.11793045699596405
CH_L_302a,10-15,0,Cell_cycle,0.055566635,0.10893619805574417
CH_L_302a,10-16,0,Cell_cycle,0.07092676,0.10893619805574417
CH_L_302a,10-17,0,Cell_cycle,0.030488802,0.10893619805574417
CH_L_302a,10-18,0,Cell_cycle,0.047711145,0.10893619805574417
CH_L_302a,10-19,0,Cell_cycle,0.061785493,0.10893619805574417
CH_L_302a,5-15,0,Cell_cycle,0.041255068,0.10652900487184525
CH_L_302a,5-16,0,Cell_cycle,0.052380163,0.10652900487184525
CH_L_302a,5-17,0,Cell_cycle,0.084815465,0.10652900487184525
CH_L_302a,5-18,0,Cell_cycle,0.099792115,0.10652900487184525
CH_L_302a,5-19,0,Cell_cycle,0.109434195,0.10652900487184525
CH_L_302a,5-20,0,Cell_cycle,0.08931901,0.10652900487184525
CH_L_302a,6-15,0,Cell_cycle,0.117208086,0.10784617811441422
CH_L_302a,6-16,0,Cell_cycle,0.100482576,0.10784617811441422
CH_L_302a,6-17,0,Cell_cycle,0.11979819,0.10784617811441422
CH_L_302a,6-18,0,Cell_cycle,0.09852973,0.10784617811441422
CH_L_302a,6-19,0,Cell_cycle,0.06755237,0.10784617811441422
CH_L_302a,6-20,0,Cell_cycle,0.06874435,0.10784617811441422
CH_L_302a,7-15,0,Cell_cycle,0.108072914,0.10826605558395386
CH_L_302a,7-16,0,Cell_cycle,0.11261794,0.10826605558395386
CH_L_302a,7-17,0,Cell_cycle,0.07759125,0.10826605558395386
CH_L_302a,7-18,0,Cell_cycle,0.10278756,0.10826605558395386
CH_L_302a,7-19,0,Cell_cycle,0.0628936,0.10826605558395386
CH_L_302a,7-20,0,Cell_cycle,0.055916954,0.10826605558395386
CH_L_302a,8-15,0,Cell_cycle,0.0711175,0.10819289833307266
CH_L_302a,8-16,0,Cell_cycle,0.10878152,0.10819289833307266
CH_L_302a,8-17,0,Cell_cycle,0.10058483,0.10819289833307266
CH_L_302a,8-18,0,Cell_cycle,0.10030243,0.10819289833307266
CH_L_302a,8-19,0,Cell_cycle,0.0676524,0.10819289833307266
CH_L_302a,8-20,0,Cell_cycle,0.059964713,0.10819289833307266
CH_L_302a,9-15,0,Cell_cycle,0.088940784,0.10879342257976532
CH_L_302a,9-16,0,Cell_cycle,0.09995677,0.10879342257976532
CH_L_302a,9-18,0,Cell_cycle,0.102774635,0.10879342257976532
CH_L_302a,9-19,0,Cell_cycle,0.09433361,0.10879342257976532
CH_L_303a,10-5,2,Cell_cycle,0.0762966,0.11635719239711761
CH_L_303a,10-9,2,Cell_cycle,0.084101945,0.11610879004001617
CH_L_303a,5-5,2,Cell_cycle,0.04063287,0.11742868274450302
CH_L_303a,5-6,2,Cell_cycle,0.06756685,0.11727959662675858
CH_L_303a,5-7,2,Cell_cycle,0.047694825,0.11721301078796387
CH_L_303a,5-8,2,Cell_cycle,0.09976554,0.11628781259059906
CH_L_303a,6-5,2,Cell_cycle,0.0514658,0.11707303673028946
CH_L_303a,6-7,2,Cell_cycle,0.07525541,0.1168820783495903
CH_L_303a,6-8,2,Cell_cycle,0.112854116,0.116499163210392
CH_L_303a,6-9,2,Cell_cycle,0.11135006,0.1158282682299614
CH_L_303a,7-5,2,Cell_cycle,0.062095378,0.11708709597587585
CH_L_303a,7-6,2,Cell_cycle,0.06397736,0.11743629723787308
CH_L_303a,7-7,2,Cell_cycle,0.07262445,0.11669062077999115
CH_L_303a,7-8,2,Cell_cycle,0.07161492,0.11659710109233856
CH_L_303a,8-5,2,Cell_cycle,0.0751041,0.11743645370006561
CH_L_303a,8-6,2,Cell_cycle,0.075472146,0.11742421984672546
CH_L_303a,8-7,2,Cell_cycle,0.068103395,0.11670907586812973
CH_L_303a,8-8,2,Cell_cycle,0.05632589,0.11647772789001465
CH_L_303a,8-9,2,Cell_cycle,0.07620937,0.11603906005620956
CH_L_303a,9-6,2,Cell_cycle,0.09332797,0.11677506566047668
CH_L_303a,9-9,2,Cell_cycle,0.06746978,0.1161365732550621
CH_L_305a,10-10,0,Cell_cycle,0.13977289,0.1078270897269249
CH_L_305a,10-11,0,Cell_cycle,0.12578447,0.1082133874297142
CH_L_305a,10-12,0,Cell_cycle,0.1583675,0.10820396989583969
CH_L_305a,10-7,0,Cell_cycle,0.031558778,0.10796280950307846
CH_L_305a,10-8,0,Cell_cycle,0.032585718,0.10789338499307632
CH_L_305a,10-9,0,Cell_cycle,0.10762839,0.10809393972158432
CH_L_305a,11-10,0,Cell_cycle,0.13235973,0.10782256722450256
CH_L_305a,11-11,0,Cell_cycle,0.13491397,0.10819655656814575
CH_L_305a,11-12,0,Cell_cycle,0.15930751,0.10830006003379822
CH_L_305a,11-7,0,Cell_cycle,0.03200477,0.10799554735422134
CH_L_305a,11-8,0,Cell_cycle,0.030633364,0.10800360143184662
CH_L_305a,11-9,0,Cell_cycle,0.07720563,0.10811924189329147
CH_L_305a,12-11,0,Cell_cycle,0.22405072,0.10809530317783356
CH_L_305a,7-10,0,Cell_cycle,0.14365579,0.10809847712516785
CH_L_305a,7-11,0,Cell_cycle,0.1445951,0.10828924179077148
CH_L_305a,7-12,0,Cell_cycle,0.111420415,0.10845885425806046
CH_L_305a,7-8,0,Cell_cycle,0.031527378,0.10802226513624191
CH_L_305a,7-9,0,Cell_cycle,0.100460745,0.1081882119178772
CH_L_305a,8-10,0,Cell_cycle,0.19257317,0.10808584094047546
CH_L_305a,8-11,0,Cell_cycle,0.15760967,0.10824548453092575
CH_L_305a,8-12,0,Cell_cycle,0.1656313,0.10842974483966827
CH_L_305a,8-8,0,Cell_cycle,0.026430197,0.10805602371692657
CH_L_305a,8-9,0,Cell_cycle,0.0374671,0.10798096656799316
CH_L_305a,9-10,0,Cell_cycle,0.18106581,0.10795481503009796
CH_L_305a,9-11,0,Cell_cycle,0.11687385,0.10815758258104324
CH_L_305a,9-12,0,Cell_cycle,0.10359883,0.10840637236833572
CH_L_305a,9-8,0,Cell_cycle,0.03181134,0.1080186739563942
CH_L_305a,9-9,0,Cell_cycle,0.1356017,0.10804766416549683
CH_L_306a,3-16,4,Cell_cycle,0.045035157,0.11049330979585648
CH_L_306a,3-17,4,Cell_cycle,0.068834335,0.11049330979585648
CH_L_306a,3-18,4,Cell_cycle,0.070638075,0.11049330979585648
CH_L_306a,3-19,4,Cell_cycle,0.08792658,0.11049330979585648
CH_L_306a,4-19,4,Cell_cycle,0.09638132,0.11066806316375732
CH_L_306a,4-20,4,Cell_cycle,0.07978396,0.11066806316375732
CH_L_306a,5-20,4,Cell_cycle,0.045191236,0.1106325164437294
CH_L_306a,6-17,4,Cell_cycle,0.08306744,0.1103614941239357
CH_L_306a,6-18,4,Cell_cycle,0.062488206,0.1103614941239357
CH_L_306a,6-19,4,Cell_cycle,0.044172864,0.1103614941239357
CH_L_306a,6-20,4,Cell_cycle,0.041177556,0.1103614941239357
CH_L_306a,7-19,4,Cell_cycle,0.036039438,0.11053135991096497
CH_L_306b,10-17,1,Cell_cycle,0.051194437,0.1025383248925209
CH_L_306b,10-18,1,Cell_cycle,0.08305581,0.1025383248925209
CH_L_306b,10-19,1,Cell_cycle,0.048026413,0.1025383248925209
CH_L_306b,10-20,1,Cell_cycle,0.046109263,0.1025383248925209
CH_L_306b,11-19,1,Cell_cycle,0.05677832,0.10219535231590271
CH_L_306b,11-20,1,Cell_cycle,0.044015534,0.10219535231590271
CH_L_306b,6-16,1,Cell_cycle,0.059053615,0.10168707370758057
CH_L_306b,6-17,1,Cell_cycle,0.06862432,0.10168707370758057
CH_L_306b,7-16,1,Cell_cycle,0.050972678,0.10222034156322479
CH_L_306b,7-17,1,Cell_cycle,0.044736143,0.10222034156322479
CH_L_306b,7-19,1,Cell_cycle,0.10423438,0.10222034156322479
CH_L_306b,7-20,1,Cell_cycle,0.11086729,0.10222034156322479
CH_L_306b,8-16,1,Cell_cycle,0.042374413,0.10220623016357422
CH_L_306b,8-17,1,Cell_cycle,0.04756327,0.10220623016357422
CH_L_306b,8-18,1,Cell_cycle,0.056304343,0.10220623016357422
CH_L_306b,8-19,1,Cell_cycle,0.08999279,0.10220623016357422
CH_L_306b,8-20,1,Cell_cycle,0.09278244,0.10220623016357422
CH_L_306b,9-16,1,Cell_cycle,0.050718877,0.10229993611574173
CH_L_306b,9-17,1,Cell_cycle,0.060275275,0.10229993611574173
CH_L_306b,9-18,1,Cell_cycle,0.061277248,0.10229993611574173
CH_L_306b,9-19,1,Cell_cycle,0.05776965,0.10229993611574173
CH_L_306b,9-20,1,Cell_cycle,0.04368866,0.10229993611574173
CH_L_307a,3-15,1,Cell_cycle,0.02783555,0.1023227795958519
CH_L_307a,3-16,1,Cell_cycle,0.035309173,0.10232561826705933
CH_L_307a,3-17,1,Cell_cycle,0.0361571,0.10232561826705933
CH_L_307a,4-16,1,Cell_cycle,0.07633372,0.1022905483841896
CH_L_307a,4-17,1,Cell_cycle,0.09254531,0.1022905483841896
CH_L_307a,4-18,1,Cell_cycle,0.053193394,0.1022905483841896
CH_L_307a,5-15,1,Cell_cycle,0.055484176,0.10246821492910385
CH_L_307a,5-16,1,Cell_cycle,0.17492919,0.10247252136468887
CH_L_307a,5-17,1,Cell_cycle,0.09401425,0.10247252136468887
CH_L_307a,5-18,1,Cell_cycle,0.16116965,0.10247252136468887
CH_L_307a,6-15,1,Cell_cycle,0.08519562,0.10255555808544159
CH_L_307a,6-16,1,Cell_cycle,0.14732572,0.10255312919616699
CH_L_307a,6-17,1,Cell_cycle,0.046320114,0.10255312919616699
CH_L_307a,6-18,1,Cell_cycle,0.10829134,0.10255312919616699
CH_L_307a,7-14,1,Cell_cycle,0.21561284,0.10264062881469727
CH_L_307a,7-15,1,Cell_cycle,0.14226872,0.10247515887022018
CH_L_307a,7-16,1,Cell_cycle,0.1403116,0.10245602577924728
CH_L_307a,7-17,1,Cell_cycle,0.085535154,0.10245602577924728
CH_L_307a,7-18,1,Cell_cycle,0.10054804,0.10245602577924728
CH_L_307a,8-14,1,Cell_cycle,0.18055478,0.10280991345643997
CH_L_307a,8-15,1,Cell_cycle,0.16217703,0.10235659033060074
CH_L_307a,8-16,1,Cell_cycle,0.2069602,0.10235468298196793
CH_L_307a,8-17,1,Cell_cycle,0.11434755,0.10235468298196793
CH_L_307a,8-18,1,Cell_cycle,0.11938333,0.10235468298196793
CH_L_308a,10-7,3,Cell_cycle,0.12076974,0.10073477029800415
CH_L_308a,10-8,3,Cell_cycle,0.07143525,0.10098099708557129
CH_L_308a,10-9,3,Cell_cycle,0.05437664,0.10075439512729645
CH_L_308a,11-10,3,Cell_cycle,0.17407218,0.10029371827840805
CH_L_308a,11-11,3,Cell_cycle,0.13008446,0.10024033486843109
CH_L_308a,6-10,3,Cell_cycle,0.22293074,0.10033154487609863
CH_L_308a,6-11,3,Cell_cycle,0.20520726,0.10003204643726349
CH_L_308a,6-12,3,Cell_cycle,0.18854374,0.10011984407901764
CH_L_308a,6-7,3,Cell_cycle,0.06338226,0.10074217617511749
CH_L_308a,6-8,3,Cell_cycle,0.19094537,0.100597083568573
CH_L_308a,6-9,3,Cell_cycle,0.1573689,0.10081592202186584
CH_L_308a,7-10,3,Cell_cycle,0.1832819,0.10046172142028809
CH_L_308a,7-11,3,Cell_cycle,0.1228484,0.09998652338981628
CH_L_308a,7-12,3,Cell_cycle,0.13347533,0.10000881552696228
CH_L_308a,7-7,3,Cell_cycle,0.12615424,0.10085289925336838
CH_L_308a,7-8,3,Cell_cycle,0.20494926,0.10079027712345123
CH_L_308a,7-9,3,Cell_cycle,0.26633933,0.10065141320228577
CH_L_308a,8-10,3,Cell_cycle,0.17579825,0.10040924698114395
CH_L_308a,8-11,3,Cell_cycle,0.16159137,0.10021403431892395
CH_L_308a,8-12,3,Cell_cycle,0.15549354,0.10031458735466003
CH_L_308a,8-7,3,Cell_cycle,0.16586088,0.10069207847118378
CH_L_308a,8-8,3,Cell_cycle,0.15337071,0.10080676525831223
CH_L_308a,8-9,3,Cell_cycle,0.15857525,0.10058403015136719
CH_L_308a,9-12,3,Cell_cycle,0.18316883,0.10010966658592224
CH_L_308a,9-7,3,Cell_cycle,0.15620276,0.1008245050907135
CH_L_308a,9-8,3,Cell_cycle,0.17555839,0.10078993439674377
CH_L_308a,9-9,3,Cell_cycle,0.09421389,0.10083639621734619
CH_L_309a,10-10,1,Cell_cycle,0.041244064,0.10366520285606384
CH_L_309a,10-11,1,Cell_cycle,0.02403865,0.1036435142159462
CH_L_309a,10-12,1,Cell_cycle,0.026825052,0.1036435142159462
CH_L_309a,6-10,1,Cell_cycle,0.11218882,0.10423837602138519
CH_L_309a,6-11,1,Cell_cycle,0.10520099,0.10436519980430603
CH_L_309a,6-12,1,Cell_cycle,0.118171215,0.10436519980430603
CH_L_309a,6-13,1,Cell_cycle,0.09315905,0.10436519980430603
CH_L_309a,7-10,1,Cell_cycle,0.13089862,0.10422132164239883
CH_L_309a,7-11,1,Cell_cycle,0.14902419,0.10432203859090805
CH_L_309a,7-12,1,Cell_cycle,0.14840513,0.10432203859090805
CH_L_309a,7-13,1,Cell_cycle,0.14065757,0.10432203859090805
CH_L_309a,8-10,1,Cell_cycle,0.13150133,0.10406648367643356
CH_L_309a,8-11,1,Cell_cycle,0.13920122,0.10415283590555191
CH_L_309a,8-12,1,Cell_cycle,0.12367736,0.10415283590555191
CH_L_309a,8-13,1,Cell_cycle,0.06267463,0.10415283590555191
CH_L_309a,8-9,1,Cell_cycle,0.14179872,0.10366722196340561
CH_L_309a,9-10,1,Cell_cycle,0.11371933,0.10401877760887146
CH_L_309a,9-11,1,Cell_cycle,0.08645374,0.10398662835359573
CH_L_309a,9-12,1,Cell_cycle,0.05643075,0.10398662835359573
CH_L_309a,9-9,1,Cell_cycle,0.09062643,0.10375256091356277
CH_L_310a,4-10,1,Cell_cycle,0.02719238,0.10081829875707626
CH_L_310a,4-11,1,Cell_cycle,0.038902044,0.10080629587173462
CH_L_310a,4-12,1,Cell_cycle,0.033202857,0.10170137137174606
CH_L_310a,4-14,1,Cell_cycle,0.05194898,0.10225561261177063
CH_L_310a,5-10,1,Cell_cycle,0.034629215,0.09991419315338135
CH_L_310a,5-11,1,Cell_cycle,0.041851323,0.09947484731674194
CH_L_310a,5-12,1,Cell_cycle,0.049108442,0.10199224203824997
CH_L_310a,5-13,1,Cell_cycle,0.075239584,0.10282788425683975
CH_L_310a,5-14,1,Cell_cycle,0.058596324,0.10282788425683975
CH_L_310a,6-13,1,Cell_cycle,0.072852775,0.10269991308450699
CH_L_310a,6-14,1,Cell_cycle,0.10005648,0.10269991308450699
CH_L_310a,7-13,1,Cell_cycle,0.054701045,0.10254606604576111
CH_L_310a,7-14,1,Cell_cycle,0.056592744,0.10254606604576111
CH_L_310a,9-10,1,Cell_cycle,0.029205764,0.09951276332139969
CH_L_310a,9-14,1,Cell_cycle,0.10785085,0.10248000919818878
CH_L_311a,10-11,0,Cell_cycle,0.15182634,0.10906492173671722
CH_L_311a,10-12,0,Cell_cycle,0.13845068,0.10952578485012054
CH_L_311a,10-13,0,Cell_cycle,0.18264413,0.10914913564920425
CH_L_311a,10-14,0,Cell_cycle,0.13087095,0.10914913564920425
CH_L_311a,10-15,0,Cell_cycle,0.10871842,0.10914913564920425
CH_L_311a,11-11,0,Cell_cycle,0.22822176,0.10912194103002548
CH_L_311a,11-12,0,Cell_cycle,0.1845646,0.10995873063802719
CH_L_311a,11-13,0,Cell_cycle,0.15167858,0.10986305773258209
CH_L_311a,11-14,0,Cell_cycle,0.16183732,0.10986305773258209
CH_L_311a,11-15,0,Cell_cycle,0.17407228,0.10986305773258209
CH_L_311a,12-11,0,Cell_cycle,0.14352636,0.10900840908288956
CH_L_311a,12-12,0,Cell_cycle,0.24489674,0.10991095006465912
CH_L_311a,12-13,0,Cell_cycle,0.2279819,0.1101401299238205
CH_L_311a,12-14,0,Cell_cycle,0.22647819,0.1101401299238205
CH_L_311a,7-15,0,Cell_cycle,0.03394992,0.10940532386302948
CH_L_311a,8-11,0,Cell_cycle,0.14369354,0.10891168564558029
CH_L_311a,8-12,0,Cell_cycle,0.12869503,0.10981430113315582
CH_L_311a,8-13,0,Cell_cycle,0.06111013,0.10952667146921158
CH_L_311a,8-14,0,Cell_cycle,0.06358737,0.10952667146921158
CH_L_311a,8-15,0,Cell_cycle,0.08971954,0.10952667146921158
CH_L_311a,9-11,0,Cell_cycle,0.14290328,0.10909762233495712
CH_L_311a,9-12,0,Cell_cycle,0.124877386,0.10946458578109741
CH_L_311a,9-13,0,Cell_cycle,0.15051304,0.10918552428483963
CH_L_311a,9-14,0,Cell_cycle,0.11777248,0.10918552428483963
CH_L_311a,9-15,0,Cell_cycle,0.10376044,0.10918552428483963
CH_L_312a,10-10,2,Cell_cycle,0.14171344,0.12054557353258133
CH_L_312a,10-11,2,Cell_cycle,0.0588,0.12054557353258133
CH_L_312a,10-7,2,Cell_cycle,0.2231718,0.12130875140428543
CH_L_312a,10-8,2,Cell_cycle,0.1872343,0.12041018158197403
CH_L_312a,10-9,2,Cell_cycle,0.15125649,0.12054557353258133
CH_L_312a,11-11,2,Cell_cycle,0.023872958,0.12054557353258133
CH_L_312a,6-11,2,Cell_cycle,0.071563624,0.12070104479789734
CH_L_312a,6-8,2,Cell_cycle,0.1807287,0.12056031078100204
CH_L_312a,7-10,2,Cell_cycle,0.24240923,0.12072881311178207
CH_L_312a,7-8,2,Cell_cycle,0.13955152,0.1205543577671051
CH_L_312a,7-9,2,Cell_cycle,0.15034246,0.12072881311178207
CH_L_312a,8-10,2,Cell_cycle,0.19416063,0.12071473151445389
CH_L_312a,8-8,2,Cell_cycle,0.18345726,0.12051694840192795
CH_L_312a,8-9,2,Cell_cycle,0.17513506,0.12071473151445389
CH_L_312a,9-10,2,Cell_cycle,0.1779328,0.12054557353258133
CH_L_312a,9-11,2,Cell_cycle,0.09582401,0.12054557353258133
CH_L_312a,9-7,2,Cell_cycle,0.17108022,0.12130875140428543
CH_L_312a,9-8,2,Cell_cycle,0.17794228,0.12041018158197403
CH_L_312a,9-9,2,Cell_cycle,0.20677574,0.12054557353258133
CH_L_313a,4-6,4,Cell_cycle,0.2783445,0.1123163178563118
CH_L_313a,6-7,4,Cell_cycle,0.1565413,0.11427041888237
CH_L_313a,7-5,4,Cell_cycle,0.18714142,0.11386917531490326
CH_L_313a,7-6,4,Cell_cycle,0.2071271,0.11398077756166458
CH_L_313a,8-4,4,Cell_cycle,0.1957808,0.11339755356311798
CH_L_313a,8-7,4,Cell_cycle,0.20476769,0.11425689607858658
CH_L_314a,5-18,2,Cell_cycle,0.055405855,0.11758168786764145
CH_L_314a,5-19,2,Cell_cycle,0.031924028,0.11758168786764145
CH_L_314a,5-20,2,Cell_cycle,0.050658956,0.11758168786764145
CH_L_314a,5-22,2,Cell_cycle,0.032309163,0.11758168786764145
CH_L_314a,5-23,2,Cell_cycle,0.0666044,0.11758168786764145
CH_L_314a,6-18,2,Cell_cycle,0.07907163,0.11769933253526688
CH_L_314a,6-19,2,Cell_cycle,0.091364115,0.11769933253526688
CH_L_314a,6-20,2,Cell_cycle,0.074292526,0.11769933253526688
CH_L_314a,6-21,2,Cell_cycle,0.083783664,0.11769933253526688
CH_L_314a,6-22,2,Cell_cycle,0.117603675,0.11769933253526688
CH_L_314a,6-23,2,Cell_cycle,0.14557295,0.11769933253526688
CH_L_314a,7-18,2,Cell_cycle,0.12113721,0.11757146567106247
CH_L_314a,7-19,2,Cell_cycle,0.10298232,0.11757146567106247
CH_L_314a,7-22,2,Cell_cycle,0.07030601,0.11757146567106247
CH_L_314a,7-23,2,Cell_cycle,0.10923834,0.11757146567106247
CH_L_314a,8-18,2,Cell_cycle,0.12883943,0.1175435408949852
CH_L_314a,8-19,2,Cell_cycle,0.092103675,0.1175435408949852
CH_L_314a,8-22,2,Cell_cycle,0.097745635,0.1175435408949852
CH_L_314a,8-23,2,Cell_cycle,0.11670229,0.1175435408949852
CH_L_314a,9-18,2,Cell_cycle,0.08078496,0.11794286221265793
CH_L_314a,9-19,2,Cell_cycle,0.06917906,0.11794286221265793
CH_L_314a,9-23,2,Cell_cycle,0.09312847,0.11794286221265793
CH_L_315a,5-10,0,Cell_cycle,0.029814797,0.11282457411289215
CH_L_315a,5-5,0,Cell_cycle,0.03016993,0.1125168427824974
CH_L_315a,5-7,0,Cell_cycle,0.045714878,0.11270227283239365
CH_L_315a,5-8,0,Cell_cycle,0.03748972,0.11282457411289215
CH_L_315a,5-9,0,Cell_cycle,0.026926495,0.11282457411289215
CH_L_315a,6-10,0,Cell_cycle,0.055378154,0.11259060353040695
CH_L_315a,6-5,0,Cell_cycle,0.029081056,0.1128290519118309
CH_L_315a,6-7,0,Cell_cycle,0.071674556,0.11255865544080734
CH_L_315a,6-8,0,Cell_cycle,0.057129312,0.11259060353040695
CH_L_315a,6-9,0,Cell_cycle,0.052467678,0.11259060353040695
CH_L_315a,7-5,0,Cell_cycle,0.029214844,0.1130087822675705
CH_L_315a,7-6,0,Cell_cycle,0.07298052,0.11309287697076797
CH_L_315a,7-7,0,Cell_cycle,0.0758753,0.11277353018522263
CH_L_315a,7-8,0,Cell_cycle,0.061452415,0.11260831356048584
CH_L_315a,7-9,0,Cell_cycle,0.05975598,0.11260831356048584
CH_L_315a,8-5,0,Cell_cycle,0.039512258,0.11313376575708389
CH_L_315a,8-6,0,Cell_cycle,0.06660588,0.11326256394386292
CH_L_315a,8-7,0,Cell_cycle,0.065597735,0.11275818943977356
CH_L_315a,8-8,0,Cell_cycle,0.067852914,0.1123436763882637
CH_L_315a,8-9,0,Cell_cycle,0.042452104,0.1123436763882637
CH_L_315a,9-5,0,Cell_cycle,0.10584158,0.11313376575708389
CH_L_315a,9-8,0,Cell_cycle,0.03625655,0.1123436763882637
CH_L_315a,9-9,0,Cell_cycle,0.03202118,0.1123436763882637
CH_L_317a,10-3,0,Cell_cycle,0.089113995,0.11219189316034317
CH_L_317a,10-4,0,Cell_cycle,0.07010184,0.11247529834508896
CH_L_317a,10-5,0,Cell_cycle,0.085248806,0.11218094080686569
CH_L_317a,10-6,0,Cell_cycle,0.06313123,0.11213704943656921
CH_L_317a,10-7,0,Cell_cycle,0.099602625,0.11247792840003967
CH_L_317a,10-8,0,Cell_cycle,0.088764444,0.11222226917743683
CH_L_317a,11-3,0,Cell_cycle,0.05443416,0.11219189316034317
CH_L_317a,11-4,0,Cell_cycle,0.05973052,0.11247529834508896
CH_L_317a,11-5,0,Cell_cycle,0.07366513,0.11218094080686569
CH_L_317a,11-6,0,Cell_cycle,0.059055388,0.11213704943656921
CH_L_317a,11-7,0,Cell_cycle,0.03166413,0.11247792840003967
CH_L_317a,6-4,0,Cell_cycle,0.043340188,0.11007140576839447
CH_L_317a,6-5,0,Cell_cycle,0.04658551,0.11023864150047302
CH_L_317a,6-6,0,Cell_cycle,0.05751281,0.1106649860739708
CH_L_317a,7-3,0,Cell_cycle,0.05363623,0.11058858782052994
CH_L_317a,7-4,0,Cell_cycle,0.04061069,0.10987719893455505
CH_L_317a,7-5,0,Cell_cycle,0.06919262,0.11046917736530304
CH_L_317a,7-6,0,Cell_cycle,0.082735986,0.11121449619531631
CH_L_317a,8-3,0,Cell_cycle,0.055103216,0.1116781085729599
CH_L_317a,8-4,0,Cell_cycle,0.064836144,0.11110089719295502
CH_L_317a,8-5,0,Cell_cycle,0.07767566,0.11138801276683807
CH_L_317a,8-6,0,Cell_cycle,0.07536002,0.11138010025024414
CH_L_317a,9-3,0,Cell_cycle,0.085907504,0.11215502768754959
CH_L_317a,9-4,0,Cell_cycle,0.07935912,0.11241579800844193
CH_L_317a,9-5,0,Cell_cycle,0.0769429,0.11219960451126099
CH_L_317a,9-6,0,Cell_cycle,0.06935785,0.11216869950294495
CH_L_317a,9-7,0,Cell_cycle,0.10724007,0.11237668246030807
CH_L_317a,9-8,0,Cell_cycle,0.11271298,0.11235871911048889
CH_L_318a,10-18,3,Cell_cycle,0.110135205,0.10241807252168655
CH_L_318a,10-19,3,Cell_cycle,0.10812573,0.10241807252168655
CH_L_318a,10-20,3,Cell_cycle,0.083851315,0.10241807252168655
CH_L_318a,10-21,3,Cell_cycle,0.15139264,0.10241807252168655
CH_L_318a,10-22,3,Cell_cycle,0.17364551,0.10241807252168655
CH_L_318a,10-23,3,Cell_cycle,0.21816415,0.10241807252168655
CH_L_318a,5-19,3,Cell_cycle,0.08564024,0.10224045068025589
CH_L_318a,5-20,3,Cell_cycle,0.1342505,0.10224045068025589
CH_L_318a,5-21,3,Cell_cycle,0.12579916,0.10224045068025589
CH_L_318a,5-22,3,Cell_cycle,0.08503223,0.10224045068025589
CH_L_318a,6-18,3,Cell_cycle,0.15953033,0.10195982456207275
CH_L_318a,6-19,3,Cell_cycle,0.14274591,0.10195982456207275
CH_L_318a,6-20,3,Cell_cycle,0.1376956,0.10195982456207275
CH_L_318a,6-21,3,Cell_cycle,0.15746562,0.10195982456207275
CH_L_318a,6-22,3,Cell_cycle,0.17412211,0.10195982456207275
CH_L_318a,6-23,3,Cell_cycle,0.06486828,0.10195982456207275
CH_L_318a,7-18,3,Cell_cycle,0.1625817,0.10196464508771896
CH_L_318a,7-19,3,Cell_cycle,0.16347648,0.10196464508771896
CH_L_318a,7-20,3,Cell_cycle,0.17515363,0.10196464508771896
CH_L_318a,7-21,3,Cell_cycle,0.1431349,0.10196464508771896
CH_L_318a,7-22,3,Cell_cycle,0.16347253,0.10196464508771896
CH_L_318a,7-23,3,Cell_cycle,0.15408947,0.10196464508771896
CH_L_318a,8-18,3,Cell_cycle,0.13209334,0.1016564890742302
CH_L_318a,8-19,3,Cell_cycle,0.13753359,0.1016564890742302
CH_L_318a,8-20,3,Cell_cycle,0.1569752,0.1016564890742302
CH_L_318a,8-21,3,Cell_cycle,0.1348897,0.1016564890742302
CH_L_318a,8-22,3,Cell_cycle,0.12171302,0.1016564890742302
CH_L_318a,8-23,3,Cell_cycle,0.15758915,0.1016564890742302
CH_L_318a,9-18,3,Cell_cycle,0.11868184,0.10211461037397385
CH_L_318a,9-19,3,Cell_cycle,0.105260804,0.10211461037397385
CH_L_318a,9-20,3,Cell_cycle,0.121041805,0.10211461037397385
CH_L_318a,9-21,3,Cell_cycle,0.12543446,0.10211461037397385
CH_L_318a,9-22,3,Cell_cycle,0.12628901,0.10211461037397385
CH_L_318a,9-23,3,Cell_cycle,0.20067176,0.10211461037397385
CH_L_319a,4-14,1,Cell_cycle,0.27827814,0.10369111597537994
CH_L_319a,4-15,1,Cell_cycle,0.29809567,0.10369111597537994
CH_L_319a,4-16,1,Cell_cycle,0.19941366,0.10369111597537994
CH_L_319a,4-17,1,Cell_cycle,0.21918212,0.10369111597537994
CH_L_319a,5-14,1,Cell_cycle,0.28736073,0.10384568572044373
CH_L_319a,5-15,1,Cell_cycle,0.25965163,0.10384568572044373
CH_L_319a,5-16,1,Cell_cycle,0.22289361,0.10384568572044373
CH_L_319a,5-17,1,Cell_cycle,0.19751905,0.10384568572044373
CH_L_319a,5-18,1,Cell_cycle,0.1936873,0.10384568572044373
CH_L_319a,6-14,1,Cell_cycle,0.32717505,0.10387712717056274
CH_L_319a,6-15,1,Cell_cycle,0.2591501,0.10387712717056274
CH_L_319a,6-16,1,Cell_cycle,0.2564358,0.10387712717056274
CH_L_319a,6-17,1,Cell_cycle,0.29960945,0.10387712717056274
CH_L_319a,6-18,1,Cell_cycle,0.14532533,0.10387712717056274
CH_L_319a,7-14,1,Cell_cycle,0.17590202,0.1035156175494194
CH_L_319a,7-15,1,Cell_cycle,0.1670993,0.1035156175494194
CH_L_319a,7-16,1,Cell_cycle,0.25026092,0.1035156175494194
CH_L_319a,7-17,1,Cell_cycle,0.1941434,0.1035156175494194
CH_L_319a,7-18,1,Cell_cycle,0.14423837,0.1035156175494194
CH_L_319a,8-14,1,Cell_cycle,0.055774786,0.10393473505973816
CH_L_319a,8-15,1,Cell_cycle,0.08324863,0.10393473505973816
CH_L_319a,8-16,1,Cell_cycle,0.11342131,0.10393473505973816
CH_L_319a,9-15,1,Cell_cycle,0.050163973,0.10347533971071243
CH_L_320a,10-11,3,Cell_cycle,0.022501178,0.10692375153303146
CH_L_320a,10-12,3,Cell_cycle,0.12576677,0.10692375153303146
CH_L_320a,10-13,3,Cell_cycle,0.14158943,0.10692375153303146
CH_L_320a,10-14,3,Cell_cycle,0.23513493,0.10692375153303146
CH_L_320a,10-15,3,Cell_cycle,0.1373143,0.10692375153303146
CH_L_320a,6-11,3,Cell_cycle,0.15996537,0.10734251141548157
CH_L_320a,6-12,3,Cell_cycle,0.15057431,0.10734251141548157
CH_L_320a,6-13,3,Cell_cycle,0.045676358,0.10734251141548157
CH_L_320a,6-14,3,Cell_cycle,0.027018044,0.10734251141548157
CH_L_320a,6-15,3,Cell_cycle,0.028194714,0.10734251141548157
CH_L_320a,7-13,3,Cell_cycle,0.13975401,0.10712933540344238
CH_L_320a,7-15,3,Cell_cycle,0.07668328,0.10712933540344238
CH_L_320a,7-16,3,Cell_cycle,0.036049902,0.10712933540344238
CH_L_320a,8-12,3,Cell_cycle,0.14822468,0.1069442555308342
CH_L_320a,8-14,3,Cell_cycle,0.12831217,0.1069442555308342
CH_L_320a,8-15,3,Cell_cycle,0.16415873,0.1069442555308342
CH_L_320a,8-16,3,Cell_cycle,0.13167165,0.1069442555308342
CH_L_320a,9-11,3,Cell_cycle,0.1333721,0.1065836027264595
CH_L_320a,9-12,3,Cell_cycle,0.09072456,0.1065836027264595
CH_L_320a,9-13,3,Cell_cycle,0.15964651,0.1065836027264595
CH_L_320a,9-14,3,Cell_cycle,0.2307159,0.1065836027264595
CH_L_320a,9-15,3,Cell_cycle,0.14780927,0.1065836027264595
CH_L_320a,9-16,3,Cell_cycle,0.17324749,0.1065836027264595
CH_L_321a,10-10,0,Cell_cycle,0.24714763,0.11017657071352005
CH_L_321a,10-11,0,Cell_cycle,0.19359353,0.1103418618440628
CH_L_321a,10-12,0,Cell_cycle,0.1866281,0.11035370826721191
CH_L_321a,10-13,0,Cell_cycle,0.24353461,0.11035370826721191
CH_L_321a,10-14,0,Cell_cycle,0.24170539,0.11035370826721191
CH_L_321a,10-9,0,Cell_cycle,0.22908384,0.10961859673261642
CH_L_321a,5-10,0,Cell_cycle,0.05316157,0.10918287187814713
CH_L_321a,5-11,0,Cell_cycle,0.13088998,0.1090708002448082
CH_L_321a,5-12,0,Cell_cycle,0.17009571,0.10906260460615158
CH_L_321a,5-13,0,Cell_cycle,0.106816866,0.10906260460615158
CH_L_321a,5-9,0,Cell_cycle,0.031410456,0.10882505774497986
CH_L_321a,6-10,0,Cell_cycle,0.19498633,0.10931923240423203
CH_L_321a,6-11,0,Cell_cycle,0.2018202,0.1082853451371193
CH_L_321a,6-12,0,Cell_cycle,0.22091644,0.10819955915212631
CH_L_321a,6-13,0,Cell_cycle,0.19097756,0.10819955915212631
CH_L_321a,6-9,0,Cell_cycle,0.07872364,0.10948000848293304
CH_L_321a,7-10,0,Cell_cycle,0.26990247,0.10917645692825317
CH_L_321a,7-11,0,Cell_cycle,0.2641266,0.10927857458591461
CH_L_321a,7-12,0,Cell_cycle,0.25855827,0.10932406783103943
CH_L_321a,7-13,0,Cell_cycle,0.26208496,0.10932406783103943
CH_L_321a,7-14,0,Cell_cycle,0.28246182,0.10932406783103943
CH_L_321a,7-9,0,Cell_cycle,0.20596796,0.10931216925382614
CH_L_321a,8-10,0,Cell_cycle,0.25461644,0.10929016768932343
CH_L_321a,8-11,0,Cell_cycle,0.30368468,0.10906006395816803
CH_L_321a,8-12,0,Cell_cycle,0.26592416,0.10900796949863434
CH_L_321a,8-13,0,Cell_cycle,0.3141067,0.10900796949863434
CH_L_321a,8-14,0,Cell_cycle,0.29389292,0.10900796949863434
CH_L_321a,8-9,0,Cell_cycle,0.22433668,0.1097736805677414
CH_L_321a,9-10,0,Cell_cycle,0.22045618,0.10961078852415085
CH_L_321a,9-11,0,Cell_cycle,0.26365423,0.10935766249895096
CH_L_321a,9-12,0,Cell_cycle,0.24884365,0.10934469848871231
CH_L_321a,9-13,0,Cell_cycle,0.27780265,0.10934469848871231
CH_L_321a,9-14,0,Cell_cycle,0.28774637,0.10934469848871231
CH_L_321a,9-9,0,Cell_cycle,0.23782709,0.10973960161209106
CH_L_322a,10-10,1,Cell_cycle,0.46233016,0.10385170578956604
CH_L_322a,10-11,1,Cell_cycle,0.43894073,0.10385170578956604
CH_L_322a,10-7,1,Cell_cycle,0.3686226,0.1027785912156105
CH_L_322a,10-8,1,Cell_cycle,0.4645043,0.10387547314167023
CH_L_322a,10-9,1,Cell_cycle,0.43662286,0.10394582152366638
CH_L_322a,11-10,1,Cell_cycle,0.47579423,0.10385170578956604
CH_L_322a,11-11,1,Cell_cycle,0.43521476,0.10385170578956604
CH_L_322a,11-6,1,Cell_cycle,0.24113281,0.10280203074216843
CH_L_322a,11-7,1,Cell_cycle,0.35473758,0.1027785912156105
CH_L_322a,11-8,1,Cell_cycle,0.43129954,0.10387547314167023
CH_L_322a,11-9,1,Cell_cycle,0.4968901,0.10394582152366638
CH_L_322a,6-10,1,Cell_cycle,0.40596303,0.10414613038301468
CH_L_322a,6-11,1,Cell_cycle,0.31616098,0.10414613038301468
CH_L_322a,6-8,1,Cell_cycle,0.2482969,0.10045453906059265
CH_L_322a,6-9,1,Cell_cycle,0.339433,0.10398116707801819
CH_L_322a,7-10,1,Cell_cycle,0.391503,0.10411878675222397
CH_L_322a,7-11,1,Cell_cycle,0.36545292,0.10411878675222397
CH_L_322a,7-8,1,Cell_cycle,0.3208925,0.10106184333562851
CH_L_322a,7-9,1,Cell_cycle,0.40201205,0.10384228825569153
CH_L_322a,8-10,1,Cell_cycle,0.42485777,0.10309106111526489
CH_L_322a,8-11,1,Cell_cycle,0.37208802,0.10309106111526489
CH_L_322a,8-8,1,Cell_cycle,0.3282038,0.10190046578645706
CH_L_322a,8-9,1,Cell_cycle,0.4325642,0.10281909257173538
CH_L_322a,9-10,1,Cell_cycle,0.47815466,0.10347539186477661
CH_L_322a,9-11,1,Cell_cycle,0.42516744,0.10347539186477661
CH_L_322a,9-7,1,Cell_cycle,0.38196322,0.10139548778533936
CH_L_322a,9-8,1,Cell_cycle,0.3791829,0.1030820906162262
CH_L_322a,9-9,1,Cell_cycle,0.41658273,0.10340145230293274
CH_L_323a,3-10,3,Cell_cycle,0.08413271,0.10806368291378021
CH_L_323a,3-8,3,Cell_cycle,0.076384425,0.10806368291378021
CH_L_323a,3-9,3,Cell_cycle,0.11519938,0.10806368291378021
CH_L_323a,4-10,3,Cell_cycle,0.045504697,0.10731448233127594
CH_L_323a,4-6,3,Cell_cycle,0.05131891,0.10312071442604065
CH_L_323a,4-7,3,Cell_cycle,0.022796897,0.10605365037918091
CH_L_323a,4-8,3,Cell_cycle,0.04387086,0.10731448233127594
CH_L_323a,4-9,3,Cell_cycle,0.07074597,0.10731448233127594
CH_L_323a,5-10,3,Cell_cycle,0.06775122,0.10498363524675369
CH_L_323a,5-6,3,Cell_cycle,0.05385334,0.10320158302783966
CH_L_323a,5-7,3,Cell_cycle,0.046745893,0.10434476286172867
CH_L_323a,5-8,3,Cell_cycle,0.08632558,0.10498363524675369
CH_L_323a,5-9,3,Cell_cycle,0.07607984,0.10498363524675369
CH_L_323a,6-10,3,Cell_cycle,0.08121337,0.10772031545639038
CH_L_323a,6-7,3,Cell_cycle,0.06703679,0.10768589377403259
CH_L_323a,6-8,3,Cell_cycle,0.14421538,0.10772031545639038
CH_L_323a,6-9,3,Cell_cycle,0.15160324,0.10772031545639038
CH_L_323a,7-10,3,Cell_cycle,0.23066768,0.10483654588460922
CH_L_323a,7-11,3,Cell_cycle,0.14199027,0.10483654588460922
CH_L_323a,7-6,3,Cell_cycle,0.046922773,0.10527778416872025
CH_L_323a,7-7,3,Cell_cycle,0.08286229,0.10491769760847092
CH_L_323a,7-8,3,Cell_cycle,0.10912572,0.10483654588460922
CH_L_323a,7-9,3,Cell_cycle,0.23617388,0.10483654588460922
CH_L_323a,8-10,3,Cell_cycle,0.048054017,0.10460714995861053
CH_L_323a,8-11,3,Cell_cycle,0.02552847,0.10460714995861053
CH_L_323a,8-6,3,Cell_cycle,0.09936873,0.10480977594852448
CH_L_323a,8-7,3,Cell_cycle,0.068312384,0.10458295792341232
CH_L_323a,8-8,3,Cell_cycle,0.091148235,0.10460714995861053
CH_L_323a,8-9,3,Cell_cycle,0.06060099,0.10460714995861053
CH_L_326a,10-10,1,Cell_cycle,0.084462225,0.10180748999118805
CH_L_326a,10-11,1,Cell_cycle,0.08932006,0.10222040861845016
CH_L_326a,10-12,1,Cell_cycle,0.10326042,0.10282541066408157
CH_L_326a,10-13,1,Cell_cycle,0.09591355,0.10282541066408157
CH_L_326a,10-14,1,Cell_cycle,0.0856808,0.10282541066408157
CH_L_326a,10-9,1,Cell_cycle,0.12024677,0.10148094594478607
CH_L_326a,11-10,1,Cell_cycle,0.12523955,0.10202742367982864
CH_L_326a,11-11,1,Cell_cycle,0.12696913,0.10244215279817581
CH_L_326a,11-12,1,Cell_cycle,0.10626736,0.1026344746351242
CH_L_326a,11-13,1,Cell_cycle,0.119552895,0.1026344746351242
CH_L_326a,11-14,1,Cell_cycle,0.0989486,0.1026344746351242
CH_L_326a,12-14,1,Cell_cycle,0.07243834,0.10277341306209564
CH_L_326a,7-10,1,Cell_cycle,0.073918514,0.10142967849969864
CH_L_326a,7-11,1,Cell_cycle,0.12658833,0.10216638445854187
CH_L_326a,7-12,1,Cell_cycle,0.13089514,0.10314608365297318
CH_L_326a,7-13,1,Cell_cycle,0.12621334,0.10314608365297318
CH_L_326a,7-14,1,Cell_cycle,0.13574152,0.10314608365297318
CH_L_326a,8-10,1,Cell_cycle,0.079910085,0.10143662244081497
CH_L_326a,8-11,1,Cell_cycle,0.08848592,0.10208135098218918
CH_L_326a,8-12,1,Cell_cycle,0.14699674,0.10267119109630585
CH_L_326a,8-13,1,Cell_cycle,0.151598,0.10267119109630585
CH_L_326a,8-14,1,Cell_cycle,0.11366927,0.10267119109630585
CH_L_326a,8-9,1,Cell_cycle,0.07151792,0.10135497152805328
CH_L_326a,9-10,1,Cell_cycle,0.06288438,0.10179045051336288
CH_L_326a,9-11,1,Cell_cycle,0.103783935,0.10222381353378296
CH_L_326a,9-12,1,Cell_cycle,0.1582,0.10270597040653229
CH_L_326a,9-13,1,Cell_cycle,0.12283765,0.10270597040653229
CH_L_326a,9-14,1,Cell_cycle,0.116047375,0.10270597040653229
CH_L_326a,9-9,1,Cell_cycle,0.07074694,0.10163673013448715
CH_L_327a,4-2,3,Cell_cycle,0.031278167,0.10166548937559128
CH_L_327a,4-3,3,Cell_cycle,0.033994734,0.10177595913410187
CH_L_327a,4-4,3,Cell_cycle,0.053225476,0.10140198469161987
CH_L_327a,4-5,3,Cell_cycle,0.14416903,0.10104601085186005
CH_L_327a,4-6,3,Cell_cycle,0.12217086,0.10187642276287079
CH_L_327a,5-2,3,Cell_cycle,0.0241229,0.10159248858690262
CH_L_327a,5-3,3,Cell_cycle,0.08495805,0.10154310613870621
CH_L_327a,5-4,3,Cell_cycle,0.1493223,0.10148030519485474
CH_L_327a,5-5,3,Cell_cycle,0.14603922,0.10097650438547134
CH_L_327a,5-6,3,Cell_cycle,0.28293395,0.10145189613103867
CH_L_327a,6-2,3,Cell_cycle,0.039436106,0.10120514035224915
CH_L_327a,6-3,3,Cell_cycle,0.109720804,0.10156998783349991
CH_L_327a,6-4,3,Cell_cycle,0.11834919,0.10176416486501694
CH_L_327a,6-5,3,Cell_cycle,0.18275127,0.10080122947692871
CH_L_327a,6-6,3,Cell_cycle,0.21973899,0.1022762656211853
CH_L_327a,7-2,3,Cell_cycle,0.05036876,0.10107190907001495
CH_L_327a,7-3,3,Cell_cycle,0.16486794,0.10121652483940125
CH_L_327a,7-4,3,Cell_cycle,0.1920649,0.10151605308055878
CH_L_327a,7-5,3,Cell_cycle,0.17744267,0.10086731612682343
CH_L_327a,7-6,3,Cell_cycle,0.23079322,0.10166440159082413
CH_L_327a,8-2,3,Cell_cycle,0.04718012,0.10076160728931427
CH_L_327a,8-3,3,Cell_cycle,0.1412629,0.10054285824298859
CH_L_327a,8-4,3,Cell_cycle,0.17108162,0.10099750012159348
CH_L_327a,8-5,3,Cell_cycle,0.18305852,0.10174542665481567
CH_L_327a,8-6,3,Cell_cycle,0.110806,0.10250645875930786
CH_L_327a,9-5,3,Cell_cycle,0.119607136,0.10484973341226578
CH_L_327a,9-6,3,Cell_cycle,0.04648831,0.1038067638874054
CH_L_328a,10-10,0,Cell_cycle,0.06672337,0.10867153108119965
CH_L_328a,10-11,0,Cell_cycle,0.17122768,0.11009281873703003
CH_L_328a,10-7,0,Cell_cycle,0.049493764,0.10924919694662094
CH_L_328a,10-8,0,Cell_cycle,0.056565747,0.10907009243965149
CH_L_328a,10-9,0,Cell_cycle,0.043883123,0.10822952538728714
CH_L_328a,11-10,0,Cell_cycle,0.04074005,0.10949188470840454
CH_L_328a,11-11,0,Cell_cycle,0.07574871,0.11083939671516418
CH_L_328a,11-7,0,Cell_cycle,0.04429375,0.1097133532166481
CH_L_328a,11-8,0,Cell_cycle,0.037811093,0.10946399718523026
CH_L_328a,11-9,0,Cell_cycle,0.048004575,0.10947683453559875
CH_L_328a,6-10,0,Cell_cycle,0.08001411,0.10853784531354904
CH_L_328a,6-11,0,Cell_cycle,0.14959015,0.10867762565612793
CH_L_328a,6-12,0,Cell_cycle,0.09730048,0.10865482687950134
CH_L_328a,6-8,0,Cell_cycle,0.0450951,0.10905833542346954
CH_L_328a,6-9,0,Cell_cycle,0.07612645,0.10902464389801025
CH_L_328a,7-10,0,Cell_cycle,0.11228971,0.10857460647821426
CH_L_328a,7-11,0,Cell_cycle,0.14985664,0.10947397351264954
CH_L_328a,7-12,0,Cell_cycle,0.16944289,0.10958123207092285
CH_L_328a,7-7,0,Cell_cycle,0.057262734,0.1101880744099617
CH_L_328a,7-8,0,Cell_cycle,0.032342814,0.10925932973623276
CH_L_328a,7-9,0,Cell_cycle,0.055357926,0.10890351980924606
CH_L_328a,8-10,0,Cell_cycle,0.07437241,0.10860896855592728
CH_L_328a,8-11,0,Cell_cycle,0.14857398,0.10988884419202805
CH_L_328a,8-12,0,Cell_cycle,0.098275185,0.11000320315361023
CH_L_328a,8-7,0,Cell_cycle,0.057842694,0.1098673865199089
CH_L_328a,8-8,0,Cell_cycle,0.05594532,0.10933825373649597
CH_L_328a,8-9,0,Cell_cycle,0.04599301,0.10869639366865158
CH_L_328a,9-10,0,Cell_cycle,0.07835807,0.10863707959651947
CH_L_328a,9-11,0,Cell_cycle,0.14068696,0.10991503298282623
CH_L_328a,9-7,0,Cell_cycle,0.05397631,0.10959528386592865
CH_L_328a,9-8,0,Cell_cycle,0.042529736,0.10933037847280502
CH_L_328a,9-9,0,Cell_cycle,0.050907783,0.10857067257165909
CH_L_329a,4-10,3,Cell_cycle,0.09700887,0.10809332877397537
CH_L_329a,4-7,3,Cell_cycle,0.10616477,0.10186047852039337
CH_L_329a,4-8,3,Cell_cycle,0.09848762,0.10259784013032913
CH_L_329a,4-9,3,Cell_cycle,0.08178806,0.10394608229398727
CH_L_329a,5-6,3,Cell_cycle,0.08218254,0.10249430686235428
CH_L_329a,5-7,3,Cell_cycle,0.12974355,0.10255387425422668
CH_L_329a,5-8,3,Cell_cycle,0.10663445,0.1023075208067894
CH_L_329a,5-9,3,Cell_cycle,0.08310261,0.10346429795026779
CH_L_329a,6-6,3,Cell_cycle,0.100637875,0.10268236696720123
CH_L_329a,6-7,3,Cell_cycle,0.1357341,0.10223767906427383
CH_L_329a,6-8,3,Cell_cycle,0.09961512,0.10207246243953705
CH_L_329a,6-9,3,Cell_cycle,0.098431855,0.10350540280342102
CH_L_329a,7-10,3,Cell_cycle,0.14781912,0.10750695317983627
CH_L_329a,7-6,3,Cell_cycle,0.13454552,0.10278436541557312
CH_L_329a,7-7,3,Cell_cycle,0.08189457,0.10216927528381348
CH_L_329a,7-8,3,Cell_cycle,0.14002097,0.1023857593536377
CH_L_329a,7-9,3,Cell_cycle,0.13774271,0.10419996827840805
CH_L_329a,8-10,3,Cell_cycle,0.13265833,0.1074390560388565
CH_L_329a,8-7,3,Cell_cycle,0.12555236,0.10176103562116623
CH_L_329a,8-8,3,Cell_cycle,0.07392123,0.10213382542133331
CH_L_329a,8-9,3,Cell_cycle,0.11995358,0.10459130257368088
CH_L_329a,9-10,3,Cell_cycle,0.21166696,0.10806140303611755
CH_L_329a,9-6,3,Cell_cycle,0.06481394,0.10558633506298065
CH_L_329a,9-7,3,Cell_cycle,0.17245536,0.10595003515481949
CH_L_329a,9-8,3,Cell_cycle,0.12853098,0.10703388601541519
CH_L_329a,9-9,3,Cell_cycle,0.19312118,0.10720892250537872
CH_L_333a,10-6,4,Cell_cycle,0.044208705,0.11395440995693207
CH_L_333a,11-2,4,Cell_cycle,0.037028596,0.11402711272239685
CH_L_333a,11-4,4,Cell_cycle,0.04956709,0.11406749486923218
CH_L_333a,11-5,4,Cell_cycle,0.044141665,0.1139964684844017
CH_L_333a,11-6,4,Cell_cycle,0.031914048,0.11395440995693207
CH_L_333a,7-5,4,Cell_cycle,0.19053057,0.1127183735370636
CH_L_333a,9-5,4,Cell_cycle,0.15500441,0.1139964684844017
CH_L_333a,9-6,4,Cell_cycle,0.051944055,0.11395440995693207
CH_L_334a,4-10,4,Cell_cycle,0.14216128,0.11428442597389221
CH_L_334a,4-11,4,Cell_cycle,0.10440443,0.11428442597389221
CH_L_334a,4-12,4,Cell_cycle,0.06620337,0.11428442597389221
CH_L_334a,4-13,4,Cell_cycle,0.08517097,0.11428442597389221
CH_L_334a,4-9,4,Cell_cycle,0.2289034,0.11426644027233124
CH_L_334a,5-10,4,Cell_cycle,0.13284527,0.11402023583650589
CH_L_334a,5-11,4,Cell_cycle,0.10140935,0.11402023583650589
CH_L_334a,5-12,4,Cell_cycle,0.09931357,0.11402023583650589
CH_L_334a,5-13,4,Cell_cycle,0.095498346,0.11402023583650589
CH_L_334a,5-9,4,Cell_cycle,0.11341805,0.11417002230882645
CH_L_334a,6-10,4,Cell_cycle,0.07432206,0.11401420831680298
CH_L_334a,6-11,4,Cell_cycle,0.12497706,0.11401420831680298
CH_L_334a,6-12,4,Cell_cycle,0.09130499,0.11401420831680298
CH_L_334a,6-13,4,Cell_cycle,0.0975499,0.11401420831680298
CH_L_334a,6-9,4,Cell_cycle,0.112909876,0.11384131014347076
CH_L_334a,7-10,4,Cell_cycle,0.096956275,0.11418140679597855
CH_L_334a,7-11,4,Cell_cycle,0.13611868,0.11418140679597855
CH_L_334a,7-12,4,Cell_cycle,0.12608227,0.11418140679597855
CH_L_334a,7-9,4,Cell_cycle,0.075374216,0.11339327692985535
CH_L_334a,8-10,4,Cell_cycle,0.048650578,0.11389574408531189
CH_L_334a,8-11,4,Cell_cycle,0.11956658,0.11389574408531189
CH_L_334a,8-12,4,Cell_cycle,0.12800714,0.11389574408531189
CH_L_334a,8-9,4,Cell_cycle,0.0756841,0.11344100534915924
CH_L_334a,9-10,4,Cell_cycle,0.12768234,0.11407491564750671
CH_L_334a,9-11,4,Cell_cycle,0.10694224,0.11407491564750671
CH_L_334a,9-12,4,Cell_cycle,0.03453862,0.11407491564750671
CH_L_334a,9-9,4,Cell_cycle,0.1428593,0.11388145387172699
CH_L_335a,2-5,2,Cell_cycle,0.027236173,0.11857739090919495
CH_L_335a,2-6,2,Cell_cycle,0.034725204,0.11807864904403687
CH_L_335a,2-7,2,Cell_cycle,0.03504596,0.12148424983024597
CH_L_335a,2-8,2,Cell_cycle,0.023202064,0.12099871039390564
CH_L_335a,2-9,2,Cell_cycle,0.040104385,0.12102014571428299
CH_L_335a,3-4,2,Cell_cycle,0.037929397,0.11997421085834503
CH_L_335a,3-6,2,Cell_cycle,0.03716778,0.11887567490339279
CH_L_335a,3-7,2,Cell_cycle,0.045182854,0.1210886612534523
CH_L_335a,3-8,2,Cell_cycle,0.03350007,0.12079276889562607
CH_L_335a,6-9,2,Cell_cycle,0.039739147,0.12150394916534424
CH_L_336a,10-4,3,Cell_cycle,0.1205897,0.10189324617385864
CH_L_336a,10-5,3,Cell_cycle,0.16521542,0.10153767466545105
CH_L_336a,10-7,3,Cell_cycle,0.23313919,0.10129965841770172
CH_L_336a,10-8,3,Cell_cycle,0.29551914,0.10496413707733154
CH_L_336a,10-9,3,Cell_cycle,0.24266496,0.10438451915979385
CH_L_336a,11-7,3,Cell_cycle,0.17716102,0.1041218712925911
CH_L_336a,11-8,3,Cell_cycle,0.31469864,0.10553409904241562
CH_L_336a,11-9,3,Cell_cycle,0.25569814,0.10704083740711212
CH_L_336a,12-5,3,Cell_cycle,0.15626802,0.10554145276546478
CH_L_336a,12-8,3,Cell_cycle,0.3246215,0.10577172040939331
CH_L_336a,12-9,3,Cell_cycle,0.30575123,0.10674063861370087
CH_L_336a,7-5,3,Cell_cycle,0.12727179,0.10121442377567291
CH_L_336a,7-6,3,Cell_cycle,0.21467938,0.10156387835741043
CH_L_336a,8-5,3,Cell_cycle,0.15258835,0.10129591077566147
CH_L_336a,8-6,3,Cell_cycle,0.15989785,0.1017993912100792
CH_L_336a,9-4,3,Cell_cycle,0.11794829,0.10196404904127121
CH_L_336a,9-5,3,Cell_cycle,0.19773614,0.10167761147022247
CH_L_336a,9-6,3,Cell_cycle,0.21865064,0.10180787742137909
CH_L_336a,9-7,3,Cell_cycle,0.20030618,0.10161330550909042
CH_L_336a,9-8,3,Cell_cycle,0.23392843,0.10139624774456024
CH_L_337a,10-12,0,Cell_cycle,0.04386908,0.10843394696712494
CH_L_337a,10-13,0,Cell_cycle,0.04080663,0.10820163786411285
CH_L_337a,5-12,0,Cell_cycle,0.039545756,0.1079254224896431
CH_L_337a,5-13,0,Cell_cycle,0.05125113,0.10746316611766815
CH_L_337a,5-14,0,Cell_cycle,0.04946511,0.10743804275989532
CH_L_337a,5-15,0,Cell_cycle,0.05384867,0.10743804275989532
CH_L_337a,5-16,0,Cell_cycle,0.044758085,0.10743804275989532
CH_L_337a,6-12,0,Cell_cycle,0.03779748,0.10775237530469894
CH_L_337a,6-13,0,Cell_cycle,0.04362003,0.10751167684793472
CH_L_337a,6-16,0,Cell_cycle,0.040873617,0.10748743265867233
CH_L_337a,7-12,0,Cell_cycle,0.055426124,0.1076703667640686
CH_L_337a,7-13,0,Cell_cycle,0.048650436,0.10781311988830566
CH_L_337a,7-16,0,Cell_cycle,0.04319356,0.10798875987529755
CH_L_337a,8-12,0,Cell_cycle,0.058947977,0.10796152055263519
CH_L_337a,8-13,0,Cell_cycle,0.057887204,0.10784664750099182
CH_L_337a,8-16,0,Cell_cycle,0.042305302,0.10791316628456116
CH_L_338a,10-10,2,Cell_cycle,0.0268201,0.11607462167739868
CH_L_338a,10-11,2,Cell_cycle,0.023733819,0.11620472371578217
CH_L_338a,10-12,2,Cell_cycle,0.03413039,0.11598359793424606
CH_L_338a,10-9,2,Cell_cycle,0.03458657,0.11621914803981781
CH_L_338a,11-10,2,Cell_cycle,0.025871692,0.1163567379117012
CH_L_338a,11-11,2,Cell_cycle,0.034228522,0.11609160155057907
CH_L_338a,6-12,2,Cell_cycle,0.040549695,0.11590205132961273
CH_L_338a,7-11,2,Cell_cycle,0.033638224,0.11553727090358734
CH_L_338a,7-12,2,Cell_cycle,0.03429282,0.11527989059686661
CH_L_338a,8-10,2,Cell_cycle,0.028287968,0.11591316759586334
CH_L_338a,8-11,2,Cell_cycle,0.030129103,0.11551036685705185
CH_L_338a,8-12,2,Cell_cycle,0.032927357,0.115354523062706
CH_L_338a,8-13,2,Cell_cycle,0.02468664,0.1155679002404213
CH_L_338a,8-9,2,Cell_cycle,0.03232744,0.11636141687631607
CH_L_338a,9-10,2,Cell_cycle,0.02819439,0.11619290709495544
CH_L_338a,9-11,2,Cell_cycle,0.033016775,0.11623848229646683
CH_L_338a,9-12,2,Cell_cycle,0.027393281,0.11584338545799255
CH_L_338a,9-13,2,Cell_cycle,0.03288277,0.115458182990551
CH_L_338a,9-9,2,Cell_cycle,0.0341824,0.11655645072460175
CH_L_339a,5-10,3,Cell_cycle,0.14520401,0.10735733807086945
CH_L_339a,5-7,3,Cell_cycle,0.1674856,0.10742954909801483
CH_L_339a,5-8,3,Cell_cycle,0.17762305,0.10735733807086945
CH_L_339a,5-9,3,Cell_cycle,0.18088263,0.10735733807086945
CH_L_339a,6-10,3,Cell_cycle,0.17520417,0.10610342025756836
CH_L_339a,6-6,3,Cell_cycle,0.15837002,0.10441989451646805
CH_L_339a,6-7,3,Cell_cycle,0.20909016,0.1059858500957489
CH_L_339a,6-8,3,Cell_cycle,0.27179083,0.10610342025756836
CH_L_339a,6-9,3,Cell_cycle,0.20867614,0.10610342025756836
CH_L_339a,7-10,3,Cell_cycle,0.19705741,0.1080053523182869
CH_L_339a,7-6,3,Cell_cycle,0.05809585,0.10727140307426453
CH_L_339a,7-7,3,Cell_cycle,0.15873,0.1077960729598999
CH_L_339a,7-8,3,Cell_cycle,0.23662865,0.1080053523182869
CH_L_339a,7-9,3,Cell_cycle,0.19088785,0.1080053523182869
CH_L_339a,8-10,3,Cell_cycle,0.2340634,0.1078406423330307
CH_L_339a,8-6,3,Cell_cycle,0.10657961,0.10760168731212616
CH_L_339a,8-7,3,Cell_cycle,0.24600567,0.10772346705198288
CH_L_339a,8-8,3,Cell_cycle,0.19983846,0.1078406423330307
CH_L_339a,8-9,3,Cell_cycle,0.18425101,0.1078406423330307
CH_L_339a,9-10,3,Cell_cycle,0.2267994,0.1078406423330307
CH_L_339a,9-7,3,Cell_cycle,0.23119578,0.10772346705198288
CH_L_339a,9-8,3,Cell_cycle,0.25409272,0.1078406423330307
CH_L_339a,9-9,3,Cell_cycle,0.2072366,0.1078406423330307
CH_L_340a,10-10,3,Cell_cycle,0.02386539,0.10091938823461533
CH_L_340a,10-11,3,Cell_cycle,0.031780887,0.10042271763086319
CH_L_340a,10-12,3,Cell_cycle,0.04237855,0.10108118504285812
CH_L_340a,10-8,3,Cell_cycle,0.016857063,0.10067165642976761
CH_L_340a,10-9,3,Cell_cycle,0.03808715,0.10078103840351105
CH_L_340a,5-10,3,Cell_cycle,0.03923719,0.10047616809606552
CH_L_340a,5-11,3,Cell_cycle,0.058453184,0.10032287985086441
CH_L_340a,5-12,3,Cell_cycle,0.070516296,0.10053703188896179
CH_L_340a,5-8,3,Cell_cycle,0.04581463,0.10124068707227707
CH_L_340a,5-9,3,Cell_cycle,0.089659266,0.10071741044521332
CH_L_340a,6-10,3,Cell_cycle,0.058811456,0.10023832321166992
CH_L_340a,6-11,3,Cell_cycle,0.043989893,0.1002056822180748
CH_L_340a,6-12,3,Cell_cycle,0.06596692,0.10080866515636444
CH_L_340a,6-8,3,Cell_cycle,0.048700288,0.1008586436510086
CH_L_340a,6-9,3,Cell_cycle,0.07044995,0.10039675980806351
CH_L_340a,7-10,3,Cell_cycle,0.067676105,0.10046124458312988
CH_L_340a,7-11,3,Cell_cycle,0.05233651,0.10023272037506104
CH_L_340a,7-12,3,Cell_cycle,0.04378457,0.10056735575199127
CH_L_340a,7-8,3,Cell_cycle,0.050657302,0.10084700584411621
CH_L_340a,7-9,3,Cell_cycle,0.03745673,0.10038537532091141
CH_L_340a,8-10,3,Cell_cycle,0.038059663,0.10053141415119171
CH_L_340a,8-11,3,Cell_cycle,0.05590048,0.10032020509243011
CH_L_340a,8-12,3,Cell_cycle,0.04467899,0.10086138546466827
CH_L_340a,8-8,3,Cell_cycle,0.02721003,0.10079633444547653
CH_L_340a,8-9,3,Cell_cycle,0.050612397,0.10073284804821014
CH_L_340a,9-10,3,Cell_cycle,0.026549134,0.10044952481985092
CH_L_340a,9-11,3,Cell_cycle,0.019382913,0.10049962997436523
CH_L_340a,9-12,3,Cell_cycle,0.044992775,0.10114282369613647
CH_L_340a,9-8,3,Cell_cycle,0.01737363,0.10097452998161316
CH_L_340a,9-9,3,Cell_cycle,0.02327962,0.10076823085546494
CH_L_341a,10-8,3,Cell_cycle,0.029394887,0.1027192771434784
CH_L_341a,10-9,3,Cell_cycle,0.03443161,0.10219139605760574
CH_L_341a,5-8,3,Cell_cycle,0.030931953,0.10181023180484772
CH_L_341a,5-9,3,Cell_cycle,0.028581284,0.10216093063354492
CH_L_341a,6-8,3,Cell_cycle,0.034935273,0.10119111835956573
CH_L_341a,6-9,3,Cell_cycle,0.033697505,0.10226089507341385
CH_L_341a,7-8,3,Cell_cycle,0.035469484,0.10080472379922867
CH_L_341a,7-9,3,Cell_cycle,0.040909495,0.10147097706794739
CH_L_341a,8-10,3,Cell_cycle,0.030704578,0.10241616517305374
CH_L_341a,8-12,3,Cell_cycle,0.034047835,0.10616341233253479
CH_L_341a,8-8,3,Cell_cycle,0.033730894,0.1011873334646225
CH_L_341a,8-9,3,Cell_cycle,0.03522402,0.10099634528160095
CH_L_341a,9-8,3,Cell_cycle,0.028694393,0.10169210284948349
CH_L_342a,10-7,4,Cell_cycle,0.07575295,0.11100747436285019
CH_L_342a,10-8,4,Cell_cycle,0.0997557,0.11132600158452988
CH_L_342a,10-9,4,Cell_cycle,0.08760797,0.11127648502588272
CH_L_342a,11-9,4,Cell_cycle,0.11761756,0.11016881465911865
CH_L_342a,12-8,4,Cell_cycle,0.14599957,0.1128133162856102
CH_L_342a,12-9,4,Cell_cycle,0.1384812,0.1100192442536354
CH_L_342a,7-8,4,Cell_cycle,0.04338307,0.11090973764657974
CH_L_342a,8-7,4,Cell_cycle,0.04689803,0.11074866354465485
CH_L_342a,8-8,4,Cell_cycle,0.05570578,0.11104194819927216
CH_L_342a,8-9,4,Cell_cycle,0.042570505,0.11126305162906647
CH_L_342a,9-7,4,Cell_cycle,0.061444845,0.11103387922048569
CH_L_342a,9-8,4,Cell_cycle,0.09749407,0.11122314631938934
CH_L_342a,9-9,4,Cell_cycle,0.09059457,0.1112179160118103
CH_L_344a,10-5,3,Cell_cycle,0.25467536,0.1011822447180748
CH_L_344a,10-6,3,Cell_cycle,0.25472108,0.10122717171907425
CH_L_344a,10-7,3,Cell_cycle,0.276706,0.10084754973649979
CH_L_344a,10-8,3,Cell_cycle,0.2604885,0.10094617307186127
CH_L_344a,10-9,3,Cell_cycle,0.2659007,0.1008899137377739
CH_L_344a,6-6,3,Cell_cycle,0.29698867,0.1010170578956604
CH_L_344a,6-7,3,Cell_cycle,0.24379434,0.10132025182247162
CH_L_344a,6-8,3,Cell_cycle,0.2398545,0.1014336422085762
CH_L_344a,6-9,3,Cell_cycle,0.23172925,0.10129738599061966
CH_L_344a,7-5,3,Cell_cycle,0.14849293,0.10081807523965836
CH_L_344a,7-6,3,Cell_cycle,0.29017916,0.10091836750507355
CH_L_344a,7-7,3,Cell_cycle,0.28336838,0.10119705647230148
CH_L_344a,7-8,3,Cell_cycle,0.2604841,0.10136781632900238
CH_L_344a,7-9,3,Cell_cycle,0.2483531,0.10119938850402832
CH_L_344a,8-5,3,Cell_cycle,0.19141337,0.10098116099834442
CH_L_344a,8-6,3,Cell_cycle,0.19707522,0.10105854272842407
CH_L_344a,8-7,3,Cell_cycle,0.2299503,0.10125800967216492
CH_L_344a,8-8,3,Cell_cycle,0.2598462,0.10113447904586792
CH_L_344a,8-9,3,Cell_cycle,0.23432042,0.1009455993771553
CH_L_344a,9-5,3,Cell_cycle,0.29933947,0.10116229951381683
CH_L_344a,9-6,3,Cell_cycle,0.24466681,0.10121363401412964
CH_L_344a,9-7,3,Cell_cycle,0.24726067,0.10121209174394608
CH_L_344a,9-8,3,Cell_cycle,0.2716909,0.10107528418302536
CH_L_344a,9-9,3,Cell_cycle,0.2707635,0.1008787527680397
CH_L_345a,3-6,0,Cell_cycle,0.1884058,0.1136203408241272
CH_L_345a,3-8,0,Cell_cycle,0.07125893,0.11367777734994888
CH_L_345a,3-9,0,Cell_cycle,0.09614589,0.11367777734994888
CH_L_345a,4-6,0,Cell_cycle,0.2499882,0.1136762946844101
CH_L_345a,4-7,0,Cell_cycle,0.15855378,0.11376705020666122
CH_L_345a,4-8,0,Cell_cycle,0.21214607,0.11376705020666122
CH_L_345a,4-9,0,Cell_cycle,0.24015093,0.11376705020666122
CH_L_345a,5-10,0,Cell_cycle,0.18239361,0.11303544044494629
CH_L_345a,5-6,0,Cell_cycle,0.21817888,0.11308743059635162
CH_L_345a,5-7,0,Cell_cycle,0.26315162,0.11303544044494629
CH_L_345a,5-8,0,Cell_cycle,0.2601951,0.11303544044494629
CH_L_345a,5-9,0,Cell_cycle,0.19502182,0.11303544044494629
CH_L_345a,6-10,0,Cell_cycle,0.11012177,0.11366855353116989
CH_L_345a,6-5,0,Cell_cycle,0.15898038,0.11319877207279205
CH_L_345a,6-6,0,Cell_cycle,0.15784746,0.11354131996631622
CH_L_345a,6-7,0,Cell_cycle,0.2093414,0.11366855353116989
CH_L_345a,6-8,0,Cell_cycle,0.26462132,0.11366855353116989
CH_L_345a,6-9,0,Cell_cycle,0.1883352,0.11366855353116989
CH_L_345a,7-5,0,Cell_cycle,0.19898817,0.11296078562736511
CH_L_345a,7-6,0,Cell_cycle,0.11273538,0.11349502205848694
CH_L_345a,7-7,0,Cell_cycle,0.1511314,0.1136188954114914
CH_L_345a,7-8,0,Cell_cycle,0.21610084,0.1136188954114914
CH_L_345a,7-9,0,Cell_cycle,0.18716516,0.1136188954114914
CH_L_345a,8-5,0,Cell_cycle,0.08172753,0.11296078562736511
CH_L_345a,8-6,0,Cell_cycle,0.11009434,0.11349502205848694
CH_L_345a,8-7,0,Cell_cycle,0.13217792,0.1136188954114914
CH_L_345a,8-8,0,Cell_cycle,0.10823303,0.1136188954114914
CH_L_346a,10-10,4,Cell_cycle,0.029841948,0.11054635792970657
CH_L_346a,10-11,4,Cell_cycle,0.042387594,0.11216340959072113
CH_L_346a,10-12,4,Cell_cycle,0.019606706,0.11269692331552505
CH_L_346a,10-13,4,Cell_cycle,0.030815227,0.11269692331552505
CH_L_346a,10-9,4,Cell_cycle,0.040646788,0.11075382679700851
CH_L_346a,5-10,4,Cell_cycle,0.018405955,0.11050145328044891
CH_L_346a,5-13,4,Cell_cycle,0.026708482,0.11243462562561035
CH_L_346a,5-9,4,Cell_cycle,0.024322983,0.11019742488861084
CH_L_346a,6-10,4,Cell_cycle,0.030341264,0.11066226661205292
CH_L_346a,6-11,4,Cell_cycle,0.024471642,0.1125301718711853
CH_L_346a,6-12,4,Cell_cycle,0.026020557,0.1130286455154419
CH_L_346a,6-13,4,Cell_cycle,0.03124429,0.1130286455154419
CH_L_346a,6-8,4,Cell_cycle,0.034878857,0.11107534915208817
CH_L_346a,6-9,4,Cell_cycle,0.036601342,0.11057795584201813
CH_L_346a,7-10,4,Cell_cycle,0.030115131,0.11038082838058472
CH_L_346a,7-11,4,Cell_cycle,0.025169982,0.1129913330078125
CH_L_346a,7-12,4,Cell_cycle,0.031670127,0.11377743631601334
CH_L_346a,7-13,4,Cell_cycle,0.06625335,0.11377743631601334
CH_L_346a,7-8,4,Cell_cycle,0.0556565,0.11104656755924225
CH_L_346a,7-9,4,Cell_cycle,0.01866492,0.11049720644950867
CH_L_346a,8-10,4,Cell_cycle,0.021370782,0.11061369627714157
CH_L_346a,8-11,4,Cell_cycle,0.027444,0.11216147243976593
CH_L_346a,8-12,4,Cell_cycle,0.022230413,0.11293238401412964
CH_L_346a,8-13,4,Cell_cycle,0.03416479,0.11293238401412964
CH_L_346a,8-8,4,Cell_cycle,0.021432044,0.11110276728868484
CH_L_346a,8-9,4,Cell_cycle,0.026817724,0.11051177978515625
CH_L_346a,9-10,4,Cell_cycle,0.037911378,0.11118912696838379
CH_L_346a,9-11,4,Cell_cycle,0.04944356,0.11193031072616577
CH_L_346a,9-12,4,Cell_cycle,0.038229045,0.11214194446802139
CH_L_346a,9-13,4,Cell_cycle,0.022824442,0.11214194446802139
CH_L_346a,9-8,4,Cell_cycle,0.04508822,0.11163309216499329
CH_L_346a,9-9,4,Cell_cycle,0.022994455,0.11119840294122696
CH_L_347a,4-11,3,Cell_cycle,0.088744104,0.10682537406682968
CH_L_347a,4-12,3,Cell_cycle,0.08944274,0.10682537406682968
CH_L_347a,4-13,3,Cell_cycle,0.21086563,0.10682537406682968
CH_L_347a,4-9,3,Cell_cycle,0.16261818,0.10691935569047928
CH_L_347a,5-10,3,Cell_cycle,0.11899027,0.10714071989059448
CH_L_347a,5-11,3,Cell_cycle,0.08494887,0.10714071989059448
CH_L_347a,5-12,3,Cell_cycle,0.11598958,0.10714071989059448
CH_L_347a,5-13,3,Cell_cycle,0.22724986,0.10714071989059448
CH_L_347a,5-9,3,Cell_cycle,0.17477341,0.10717742890119553
CH_L_347a,6-10,3,Cell_cycle,0.08347776,0.10752751678228378
CH_L_347a,6-11,3,Cell_cycle,0.10552496,0.10752751678228378
CH_L_347a,6-12,3,Cell_cycle,0.09059974,0.10752751678228378
CH_L_347a,6-13,3,Cell_cycle,0.12398535,0.10752751678228378
CH_L_347a,6-9,3,Cell_cycle,0.17567375,0.10750450193881989
CH_L_347a,7-10,3,Cell_cycle,0.074518636,0.10764679312705994
CH_L_347a,7-11,3,Cell_cycle,0.13227034,0.10764679312705994
CH_L_347a,7-12,3,Cell_cycle,0.14289786,0.10764679312705994
CH_L_347a,7-13,3,Cell_cycle,0.10341815,0.10764679312705994
CH_L_347a,7-9,3,Cell_cycle,0.1264926,0.10762487351894379
CH_L_347a,8-10,3,Cell_cycle,0.051740047,0.10560641437768936
CH_L_347a,8-11,3,Cell_cycle,0.12036737,0.10560641437768936
CH_L_347a,8-12,3,Cell_cycle,0.15166107,0.10560641437768936
CH_L_347a,8-13,3,Cell_cycle,0.12678275,0.10560641437768936
CH_L_347a,8-9,3,Cell_cycle,0.06809472,0.10556637495756149
CH_L_347a,9-10,3,Cell_cycle,0.023600288,0.10820978879928589
CH_L_347a,9-11,3,Cell_cycle,0.060238488,0.10820978879928589
CH_L_347a,9-12,3,Cell_cycle,0.12776867,0.10820978879928589
CH_L_347a,9-13,3,Cell_cycle,0.09612661,0.10820978879928589
CH_L_347a,9-9,3,Cell_cycle,0.08740266,0.10811883211135864
CH_L_348a,10-10,1,Cell_cycle,0.02049884,0.10377626866102219
CH_L_348a,10-11,1,Cell_cycle,0.031579193,0.10394376516342163
CH_L_348a,10-7,1,Cell_cycle,0.070378035,0.10314034670591354
CH_L_348a,10-8,1,Cell_cycle,0.04695029,0.10394400358200073
CH_L_348a,10-9,1,Cell_cycle,0.045313966,0.10366484522819519
CH_L_348a,5-11,1,Cell_cycle,0.09848526,0.1042584553360939
CH_L_348a,5-7,1,Cell_cycle,0.0535096,0.10024378448724747
CH_L_348a,5-9,1,Cell_cycle,0.07841888,0.10328388214111328
CH_L_348a,6-7,1,Cell_cycle,0.042735405,0.10010038316249847
CH_L_348a,6-9,1,Cell_cycle,0.068557926,0.10325648635625839
CH_L_348a,7-10,1,Cell_cycle,0.114833914,0.10417264699935913
CH_L_348a,7-7,1,Cell_cycle,0.057494953,0.10004323720932007
CH_L_348a,7-9,1,Cell_cycle,0.07000123,0.10327337682247162
CH_L_348a,8-10,1,Cell_cycle,0.079727046,0.10373064130544662
CH_L_348a,8-11,1,Cell_cycle,0.040225655,0.1036536917090416
CH_L_348a,8-7,1,Cell_cycle,0.06400934,0.10025185346603394
CH_L_348a,8-9,1,Cell_cycle,0.04236426,0.10316881537437439
CH_L_348a,9-10,1,Cell_cycle,0.049804494,0.10354745388031006
CH_L_348a,9-11,1,Cell_cycle,0.028377952,0.10347335040569305
CH_L_348a,9-6,1,Cell_cycle,0.06655816,0.10079687833786011
CH_L_348a,9-7,1,Cell_cycle,0.063370556,0.10044049471616745
CH_L_348a,9-8,1,Cell_cycle,0.039676223,0.10330626368522644
CH_L_348a,9-9,1,Cell_cycle,0.046064757,0.10348603874444962
CH_L_349a,4-17,1,Cell_cycle,0.042525288,0.10235230624675751
CH_L_349a,5-16,1,Cell_cycle,0.04736295,0.10202136635780334
CH_L_349a,5-18,1,Cell_cycle,0.05599835,0.10202136635780334
CH_L_349a,5-19,1,Cell_cycle,0.0687457,0.10202136635780334
CH_L_349a,6-16,1,Cell_cycle,0.061127,0.10203075408935547
CH_L_349a,6-17,1,Cell_cycle,0.057644717,0.10203075408935547
CH_L_349a,6-18,1,Cell_cycle,0.045149766,0.10203075408935547
CH_L_349a,6-19,1,Cell_cycle,0.04745273,0.10203075408935547
CH_L_349a,7-16,1,Cell_cycle,0.092204876,0.10205394774675369
CH_L_349a,7-17,1,Cell_cycle,0.07381184,0.10205394774675369
CH_L_349a,7-18,1,Cell_cycle,0.06588645,0.10205394774675369
CH_L_349a,7-19,1,Cell_cycle,0.04905287,0.10205394774675369
CH_L_349a,8-16,1,Cell_cycle,0.085891195,0.1021815612912178
CH_L_349a,8-17,1,Cell_cycle,0.09237649,0.1021815612912178
CH_L_349a,8-18,1,Cell_cycle,0.069813505,0.1021815612912178
CH_L_349a,8-19,1,Cell_cycle,0.041453265,0.1021815612912178
CH_L_349a,8-20,1,Cell_cycle,0.028384086,0.1021815612912178
CH_L_350a,10-4,0,Cell_cycle,0.018909182,0.1128021776676178
CH_L_350a,10-5,0,Cell_cycle,0.013583938,0.1124628558754921
CH_L_350a,10-6,0,Cell_cycle,0.031306006,0.11264323443174362
CH_L_350a,10-7,0,Cell_cycle,0.030626839,0.11283708363771439
CH_L_350a,10-8,0,Cell_cycle,0.061139554,0.11303601413965225
CH_L_350a,5-4,0,Cell_cycle,0.04413148,0.11170545220375061
CH_L_350a,5-5,0,Cell_cycle,0.055016093,0.1114875078201294
CH_L_350a,5-7,0,Cell_cycle,0.027993403,0.11257394403219223
CH_L_350a,5-8,0,Cell_cycle,0.041961584,0.11250025033950806
CH_L_350a,6-4,0,Cell_cycle,0.036320724,0.11197565495967865
CH_L_350a,6-5,0,Cell_cycle,0.02848294,0.11177407950162888
CH_L_350a,6-7,0,Cell_cycle,0.03437332,0.1128368005156517
CH_L_350a,6-8,0,Cell_cycle,0.03464012,0.11286239326000214
CH_L_350a,7-4,0,Cell_cycle,0.024134453,0.11233281344175339
CH_L_350a,7-5,0,Cell_cycle,0.028726041,0.11224161833524704
CH_L_350a,7-6,0,Cell_cycle,0.014506214,0.11266743391752243
CH_L_350a,7-7,0,Cell_cycle,0.021747874,0.11282701790332794
CH_L_350a,7-8,0,Cell_cycle,0.035660222,0.11273977905511856
CH_L_350a,8-4,0,Cell_cycle,0.049426485,0.1128021776676178
CH_L_350a,8-5,0,Cell_cycle,0.013502348,0.1124628558754921
CH_L_350a,8-6,0,Cell_cycle,0.024765264,0.11264323443174362
CH_L_350a,8-7,0,Cell_cycle,0.024668973,0.11283708363771439
CH_L_350a,8-8,0,Cell_cycle,0.025105739,0.11303601413965225
CH_L_350a,9-4,0,Cell_cycle,0.047115315,0.1128021776676178
CH_L_350a,9-5,0,Cell_cycle,0.009962715,0.1124628558754921
CH_L_350a,9-6,0,Cell_cycle,0.035674017,0.11264323443174362
CH_L_350a,9-7,0,Cell_cycle,0.031504776,0.11283708363771439
CH_L_350a,9-8,0,Cell_cycle,0.034956142,0.11303601413965225
CH_L_351a,10-12,1,Cell_cycle,0.09141181,0.09982343763113022
CH_L_351a,10-7,1,Cell_cycle,0.16107877,0.10069078952074051
CH_L_351a,6-10,1,Cell_cycle,0.097980164,0.10051325708627701
CH_L_351a,6-11,1,Cell_cycle,0.115916036,0.10041444003582001
CH_L_351a,6-12,1,Cell_cycle,0.08860491,0.10050655156373978
CH_L_351a,6-8,1,Cell_cycle,0.08755217,0.10096268355846405
CH_L_351a,6-9,1,Cell_cycle,0.042177144,0.10076875984668732
CH_L_351a,7-10,1,Cell_cycle,0.1626221,0.10057687759399414
CH_L_351a,7-12,1,Cell_cycle,0.10675786,0.10023768991231918
CH_L_351a,7-8,1,Cell_cycle,0.112145744,0.10098515450954437
CH_L_351a,8-10,1,Cell_cycle,0.14036627,0.10074479877948761
CH_L_351a,8-12,1,Cell_cycle,0.06402848,0.09989511966705322
CH_L_351a,9-11,1,Cell_cycle,0.13143803,0.10014653205871582
CH_L_351a,9-12,1,Cell_cycle,0.07643511,0.09990596771240234
CH_L_351a,9-7,1,Cell_cycle,0.22257817,0.1005455031991005
CH_L_352a,10-10,1,Cell_cycle,0.04116823,0.1035197526216507
CH_L_352a,10-6,1,Cell_cycle,0.07695125,0.10474856197834015
CH_L_352a,10-8,1,Cell_cycle,0.03516662,0.1035197526216507
CH_L_352a,10-9,1,Cell_cycle,0.02408808,0.1035197526216507
CH_L_352a,11-6,1,Cell_cycle,0.03612972,0.10474856197834015
CH_L_352a,11-9,1,Cell_cycle,0.040644363,0.1035197526216507
CH_L_352a,6-10,1,Cell_cycle,0.026287653,0.10447074472904205
CH_L_352a,6-6,1,Cell_cycle,0.036156274,0.10192649066448212
CH_L_352a,6-7,1,Cell_cycle,0.01960912,0.10451225936412811
CH_L_352a,6-8,1,Cell_cycle,0.0055458266,0.10447074472904205
CH_L_352a,6-9,1,Cell_cycle,0.017562814,0.10447074472904205
CH_L_352a,7-10,1,Cell_cycle,0.023068447,0.10392533987760544
CH_L_352a,7-6,1,Cell_cycle,0.046189353,0.1044827550649643
CH_L_352a,7-7,1,Cell_cycle,0.0155725125,0.10418825596570969
CH_L_352a,7-8,1,Cell_cycle,0.0150453625,0.10392533987760544
CH_L_352a,7-9,1,Cell_cycle,0.032609165,0.10392533987760544
CH_L_352a,8-10,1,Cell_cycle,0.045864154,0.1035197526216507
CH_L_352a,8-7,1,Cell_cycle,0.06841022,0.10411297529935837
CH_L_352a,8-8,1,Cell_cycle,0.048317835,0.1035197526216507
CH_L_352a,9-10,1,Cell_cycle,0.045118127,0.1035197526216507
CH_L_352a,9-6,1,Cell_cycle,0.06447059,0.10474856197834015
CH_L_352a,9-8,1,Cell_cycle,0.035673648,0.1035197526216507
CH_L_352a,9-9,1,Cell_cycle,0.041923117,0.1035197526216507
CH_L_353a,10-10,1,Cell_cycle,0.040506218,0.10360312461853027
CH_L_353a,10-11,1,Cell_cycle,0.046513956,0.10360312461853027
CH_L_353a,10-12,1,Cell_cycle,0.038786605,0.10360312461853027
CH_L_353a,10-13,1,Cell_cycle,0.030693034,0.10360312461853027
CH_L_353a,10-14,1,Cell_cycle,0.033589028,0.10360312461853027
CH_L_353a,5-10,1,Cell_cycle,0.05356762,0.10455209016799927
CH_L_353a,5-11,1,Cell_cycle,0.08786489,0.10455209016799927
CH_L_353a,5-12,1,Cell_cycle,0.09084071,0.10455209016799927
CH_L_353a,5-13,1,Cell_cycle,0.0736821,0.10455209016799927
CH_L_353a,5-14,1,Cell_cycle,0.03448945,0.10455209016799927
CH_L_353a,6-10,1,Cell_cycle,0.059180796,0.10439058393239975
CH_L_353a,6-11,1,Cell_cycle,0.07751972,0.10439058393239975
CH_L_353a,6-12,1,Cell_cycle,0.09593301,0.10439058393239975
CH_L_353a,6-13,1,Cell_cycle,0.0809321,0.10439058393239975
CH_L_353a,6-14,1,Cell_cycle,0.054402523,0.10439058393239975
CH_L_353a,6-9,1,Cell_cycle,0.059486143,0.10439058393239975
CH_L_353a,7-10,1,Cell_cycle,0.078863084,0.10438556969165802
CH_L_353a,7-13,1,Cell_cycle,0.092748806,0.10438556969165802
CH_L_353a,7-14,1,Cell_cycle,0.05007876,0.10438556969165802
CH_L_353a,7-9,1,Cell_cycle,0.09395768,0.10438556969165802
CH_L_353a,8-11,1,Cell_cycle,0.13087478,0.10398934781551361
CH_L_353a,8-12,1,Cell_cycle,0.16362038,0.10398934781551361
CH_L_353a,8-13,1,Cell_cycle,0.124791205,0.10398934781551361
CH_L_353a,9-12,1,Cell_cycle,0.08009337,0.10360312461853027
CH_L_353a,9-13,1,Cell_cycle,0.05574622,0.10360312461853027
CH_L_353a,9-14,1,Cell_cycle,0.048503157,0.10360312461853027
CH_L_356a,4-10,4,Cell_cycle,0.05682576,0.1100095584988594
CH_L_356a,4-11,4,Cell_cycle,0.062521115,0.10997599363327026
CH_L_356a,4-12,4,Cell_cycle,0.07873073,0.11154012382030487
CH_L_356a,4-13,4,Cell_cycle,0.07229579,0.11197251826524734
CH_L_356a,4-9,4,Cell_cycle,0.07221201,0.1099420040845871
CH_L_356a,5-10,4,Cell_cycle,0.08271007,0.10959514230489731
CH_L_356a,5-11,4,Cell_cycle,0.079601325,0.1096736416220665
CH_L_356a,5-12,4,Cell_cycle,0.07836291,0.11113208532333374
CH_L_356a,5-13,4,Cell_cycle,0.095204875,0.111951544880867
CH_L_356a,5-9,4,Cell_cycle,0.08779792,0.1097942367196083
CH_L_356a,6-10,4,Cell_cycle,0.0875659,0.109836146235466
CH_L_356a,6-11,4,Cell_cycle,0.06838709,0.10978274047374725
CH_L_356a,6-12,4,Cell_cycle,0.09559378,0.11129575222730637
CH_L_356a,6-13,4,Cell_cycle,0.08525803,0.11170823872089386
CH_L_356a,6-9,4,Cell_cycle,0.07071944,0.11016234010457993
CH_L_356a,7-10,4,Cell_cycle,0.06398052,0.10988923162221909
CH_L_356a,7-11,4,Cell_cycle,0.05129306,0.1099315658211708
CH_L_359a,3-11,0,Cell_cycle,0.071708485,0.10888255387544632
CH_L_359a,3-12,0,Cell_cycle,0.052692994,0.10877855867147446
CH_L_359a,3-13,0,Cell_cycle,0.08879714,0.10877855867147446
CH_L_359a,3-14,0,Cell_cycle,0.12920208,0.10877855867147446
CH_L_359a,4-10,0,Cell_cycle,0.06869258,0.10905372351408005
CH_L_359a,4-11,0,Cell_cycle,0.06919003,0.10897181928157806
CH_L_359a,4-13,0,Cell_cycle,0.11878235,0.10862677544355392
CH_L_359a,4-14,0,Cell_cycle,0.09903441,0.10862677544355392
CH_L_359a,4-9,0,Cell_cycle,0.07827963,0.10917861014604568
CH_L_359a,5-11,0,Cell_cycle,0.06999683,0.10896384716033936
CH_L_359a,5-13,0,Cell_cycle,0.096877284,0.10756798088550568
CH_L_359a,5-14,0,Cell_cycle,0.08093588,0.10756798088550568
CH_L_359a,5-9,0,Cell_cycle,0.053795874,0.1090078204870224
CH_L_359a,6-10,0,Cell_cycle,0.08896614,0.10948465764522552
CH_L_359a,6-11,0,Cell_cycle,0.09106286,0.10909212380647659
CH_L_359a,6-13,0,Cell_cycle,0.10992621,0.10776851326227188
CH_L_359a,6-14,0,Cell_cycle,0.086411476,0.10776851326227188
CH_L_359a,6-9,0,Cell_cycle,0.03303388,0.10926762223243713
CH_L_359a,7-10,0,Cell_cycle,0.105233334,0.10942328721284866
CH_L_359a,8-10,0,Cell_cycle,0.055050626,0.10930252075195312
CH_L_359a,8-14,0,Cell_cycle,0.0792625,0.10724595934152603
CH_L_360a,4-10,2,Cell_cycle,0.06598256,0.11505386233329773
CH_L_360a,4-11,2,Cell_cycle,0.14370328,0.11521599441766739
CH_L_360a,5-10,2,Cell_cycle,0.12250058,0.11577484011650085
CH_L_360a,5-11,2,Cell_cycle,0.11583208,0.11556413769721985
CH_L_360a,5-12,2,Cell_cycle,0.13738969,0.11536046117544174
CH_L_360a,5-14,2,Cell_cycle,0.0482779,0.11720738559961319
CH_L_360a,5-9,2,Cell_cycle,0.04618366,0.11535993218421936
CH_L_360a,6-10,2,Cell_cycle,0.12667516,0.11514591425657272
CH_L_360a,6-11,2,Cell_cycle,0.1328759,0.1153690367937088
CH_L_360a,6-12,2,Cell_cycle,0.12502807,0.11542491614818573
CH_L_360a,6-9,2,Cell_cycle,0.15714759,0.11508473008871078
CH_L_360a,7-10,2,Cell_cycle,0.10305254,0.11530706286430359
CH_L_360a,7-11,2,Cell_cycle,0.104312964,0.1154332384467125
CH_L_360a,7-12,2,Cell_cycle,0.14787076,0.11574755609035492
CH_L_360a,7-13,2,Cell_cycle,0.21128713,0.11548458784818649
CH_L_360a,7-9,2,Cell_cycle,0.10556199,0.11526182293891907
CH_L_360a,8-10,2,Cell_cycle,0.069713466,0.11569327116012573
CH_L_360a,8-11,2,Cell_cycle,0.09522631,0.11553208529949188
CH_L_360a,8-12,2,Cell_cycle,0.09914132,0.11510983854532242
CH_L_360a,8-13,2,Cell_cycle,0.2145424,0.11540637910366058
CH_L_360a,8-9,2,Cell_cycle,0.117632754,0.1156022772192955
CH_L_360a,9-10,2,Cell_cycle,0.14358456,0.11533399671316147
CH_L_360a,9-11,2,Cell_cycle,0.15795411,0.11517646908760071
CH_L_360a,9-12,2,Cell_cycle,0.17024879,0.11510404199361801
CH_L_360a,9-13,2,Cell_cycle,0.18559086,0.11520399898290634
CH_L_360a,9-9,2,Cell_cycle,0.16876347,0.11577609926462173
CH_L_361a,10-10,4,Cell_cycle,0.032177582,0.11335527151823044
CH_L_361a,10-11,4,Cell_cycle,0.0442427,0.11439389735460281
CH_L_361a,10-6,4,Cell_cycle,0.026463812,0.11299438029527664
CH_L_361a,10-7,4,Cell_cycle,0.037997827,0.11326044797897339
CH_L_361a,10-8,4,Cell_cycle,0.045334104,0.11221766471862793
CH_L_361a,10-9,4,Cell_cycle,0.039459266,0.11193346977233887
CH_L_361a,11-10,4,Cell_cycle,0.043919176,0.11406699568033218
CH_L_361a,11-11,4,Cell_cycle,0.03057576,0.11346255242824554
CH_L_361a,11-6,4,Cell_cycle,0.033775933,0.11449231207370758
CH_L_361a,11-7,4,Cell_cycle,0.030524215,0.11443175375461578
CH_L_361a,11-8,4,Cell_cycle,0.040402733,0.1142040491104126
CH_L_361a,11-9,4,Cell_cycle,0.040481944,0.11436323076486588
CH_L_361a,12-10,4,Cell_cycle,0.04480903,0.11406699568033218
CH_L_361a,12-11,4,Cell_cycle,0.045872193,0.11346255242824554
CH_L_361a,12-6,4,Cell_cycle,0.033527937,0.11449231207370758
CH_L_361a,12-7,4,Cell_cycle,0.030155135,0.11443175375461578
CH_L_361a,12-8,4,Cell_cycle,0.039204806,0.1142040491104126
CH_L_361a,12-9,4,Cell_cycle,0.04860618,0.11436323076486588
CH_L_361a,7-10,4,Cell_cycle,0.023419298,0.11180664598941803
CH_L_361a,7-11,4,Cell_cycle,0.03352209,0.11318917572498322
CH_L_361a,7-9,4,Cell_cycle,0.03785316,0.11038947850465775
CH_L_361a,8-10,4,Cell_cycle,0.025531158,0.11172695457935333
CH_L_361a,8-11,4,Cell_cycle,0.028696135,0.11358818411827087
CH_L_361a,8-8,4,Cell_cycle,0.055997737,0.11099334806203842
CH_L_361a,8-9,4,Cell_cycle,0.040088598,0.1105409637093544
CH_L_361a,9-10,4,Cell_cycle,0.035940003,0.11195670813322067
CH_L_361a,9-11,4,Cell_cycle,0.041683238,0.11384035646915436
CH_L_361a,9-6,4,Cell_cycle,0.043221854,0.11198226362466812
CH_L_361a,9-7,4,Cell_cycle,0.057057362,0.11259918659925461
CH_L_361a,9-8,4,Cell_cycle,0.047745652,0.11094758659601212
CH_L_361a,9-9,4,Cell_cycle,0.03452662,0.11073744297027588
CH_L_362a,10-10,3,Cell_cycle,0.11896485,0.10770080238580704
CH_L_362a,10-11,3,Cell_cycle,0.0854733,0.10790527611970901
CH_L_362a,10-12,3,Cell_cycle,0.06290927,0.10790527611970901
CH_L_362a,10-13,3,Cell_cycle,0.043484617,0.10790527611970901
CH_L_362a,10-14,3,Cell_cycle,0.059289604,0.10790527611970901
CH_L_362a,10-9,3,Cell_cycle,0.1662727,0.10702916234731674
CH_L_362a,11-10,3,Cell_cycle,0.14030656,0.10767222940921783
CH_L_362a,11-11,3,Cell_cycle,0.20449468,0.10791957378387451
CH_L_362a,11-13,3,Cell_cycle,0.06954833,0.10791957378387451
CH_L_362a,11-14,3,Cell_cycle,0.055068444,0.10791957378387451
CH_L_362a,11-9,3,Cell_cycle,0.09947709,0.10703133046627045
CH_L_362a,12-10,3,Cell_cycle,0.21505338,0.10767222940921783
CH_L_362a,12-11,3,Cell_cycle,0.21718101,0.10791957378387451
CH_L_362a,7-11,3,Cell_cycle,0.047485515,0.10686919093132019
CH_L_362a,7-12,3,Cell_cycle,0.033030346,0.10686919093132019
CH_L_362a,7-13,3,Cell_cycle,0.026186263,0.10686919093132019
CH_L_362a,7-14,3,Cell_cycle,0.0795823,0.10686919093132019
CH_L_362a,7-9,3,Cell_cycle,0.20794737,0.10355963557958603
CH_L_362a,8-10,3,Cell_cycle,0.21130995,0.10692693293094635
CH_L_362a,8-11,3,Cell_cycle,0.10874388,0.10711140930652618
CH_L_362a,8-12,3,Cell_cycle,0.046322625,0.10711140930652618
CH_L_362a,8-13,3,Cell_cycle,0.054541,0.10711140930652618
CH_L_362a,8-14,3,Cell_cycle,0.052466903,0.10711140930652618
CH_L_362a,8-9,3,Cell_cycle,0.09429524,0.10291314125061035
CH_L_362a,9-10,3,Cell_cycle,0.14828041,0.10752736777067184
CH_L_362a,9-11,3,Cell_cycle,0.12985305,0.10766900330781937
CH_L_362a,9-12,3,Cell_cycle,0.07604348,0.10766900330781937
CH_L_362a,9-13,3,Cell_cycle,0.05958575,0.10766900330781937
CH_L_362a,9-14,3,Cell_cycle,0.09876408,0.10766900330781937
CH_L_362a,9-9,3,Cell_cycle,0.21874756,0.1061825230717659
CH_L_363a,10-10,2,Cell_cycle,0.027514322,0.1201816126704216
CH_L_363a,10-11,2,Cell_cycle,0.045588132,0.1205086037516594
CH_L_363a,10-6,2,Cell_cycle,0.051774897,0.11681176722049713
CH_L_363a,10-7,2,Cell_cycle,0.044195343,0.11888483166694641
CH_L_363a,6-10,2,Cell_cycle,0.0074494635,0.12062838673591614
CH_L_363a,6-11,2,Cell_cycle,0.008183813,0.12068670243024826
CH_L_363a,6-6,2,Cell_cycle,0.04284729,0.11799407005310059
CH_L_363a,6-7,2,Cell_cycle,0.031047218,0.11784066259860992
CH_L_363a,7-10,2,Cell_cycle,0.023445942,0.12049128115177155
CH_L_363a,7-11,2,Cell_cycle,0.033216268,0.12049759179353714
CH_L_363a,7-6,2,Cell_cycle,0.0518975,0.11743547767400742
CH_L_363a,7-7,2,Cell_cycle,0.07365683,0.11679737269878387
CH_L_363a,8-10,2,Cell_cycle,0.028746044,0.12038780748844147
CH_L_363a,8-6,2,Cell_cycle,0.06949752,0.11692796647548676
CH_L_363a,8-7,2,Cell_cycle,0.16221392,0.11659952998161316
CH_L_363a,9-10,2,Cell_cycle,0.013733105,0.12008316814899445
CH_L_363a,9-11,2,Cell_cycle,0.025802158,0.12039240449666977
CH_L_363a,9-6,2,Cell_cycle,0.056635536,0.11683620512485504
CH_L_363a,9-7,2,Cell_cycle,0.16184844,0.11962411552667618
CH_L_363a,9-8,2,Cell_cycle,0.07928392,0.11916201561689377
CH_L_363a,9-9,2,Cell_cycle,0.03437232,0.11966630816459656
CH_L_364a,2-11,1,Cell_cycle,0.0822728,0.10349979996681213
CH_L_364a,3-10,1,Cell_cycle,0.11696603,0.10166239738464355
CH_L_364a,3-11,1,Cell_cycle,0.075160645,0.10275990515947342
CH_L_364a,3-7,1,Cell_cycle,0.04552536,0.10124095529317856
CH_L_364a,3-8,1,Cell_cycle,0.08634772,0.1011824905872345
CH_L_364a,3-9,1,Cell_cycle,0.12882313,0.10133643448352814
CH_L_364a,4-11,1,Cell_cycle,0.068140246,0.10368915647268295
CH_L_364a,4-8,1,Cell_cycle,0.14906406,0.10167424380779266
CH_L_364a,5-11,1,Cell_cycle,0.044771217,0.10384466499090195
CH_L_364a,6-11,1,Cell_cycle,0.057354886,0.10317317396402359
CH_L_367a,5-10,1,Cell_cycle,0.13086541,0.10336735099554062
CH_L_367a,5-11,1,Cell_cycle,0.123735815,0.10336735099554062
CH_L_367a,5-9,1,Cell_cycle,0.11374243,0.10299678891897202
CH_L_367a,6-11,1,Cell_cycle,0.089311816,0.10347645729780197
CH_L_367a,6-12,1,Cell_cycle,0.08968112,0.10347645729780197
CH_L_367a,6-13,1,Cell_cycle,0.077870235,0.10347645729780197
CH_L_367a,6-9,1,Cell_cycle,0.07951124,0.1031060591340065
CH_L_367a,7-10,1,Cell_cycle,0.055734795,0.10314605385065079
CH_L_367a,7-11,1,Cell_cycle,0.07014052,0.10314605385065079
CH_L_367a,7-12,1,Cell_cycle,0.11016281,0.10314605385065079
CH_L_367a,7-13,1,Cell_cycle,0.21755163,0.10314605385065079
CH_L_367a,7-9,1,Cell_cycle,0.085314766,0.10286387801170349
CH_L_367a,8-10,1,Cell_cycle,0.058126505,0.10308194160461426
CH_L_367a,8-11,1,Cell_cycle,0.10689394,0.10308194160461426
CH_L_367a,8-12,1,Cell_cycle,0.128245,0.10308194160461426
CH_L_367a,8-13,1,Cell_cycle,0.17289446,0.10308194160461426
CH_L_367a,8-9,1,Cell_cycle,0.07038968,0.10282788425683975
CH_L_367a,9-10,1,Cell_cycle,0.09218311,0.10392702370882034
CH_L_367a,9-11,1,Cell_cycle,0.117725715,0.10392702370882034
CH_L_367a,9-12,1,Cell_cycle,0.12691738,0.10392702370882034
CH_L_367a,9-13,1,Cell_cycle,0.057944153,0.10392702370882034
CH_L_367a,9-9,1,Cell_cycle,0.056419,0.10387299954891205
CH_L_368a,4-5,4,Cell_cycle,0.088420786,0.11247078329324722
CH_L_368a,4-6,4,Cell_cycle,0.071153946,0.11342117935419083
CH_L_368a,4-7,4,Cell_cycle,0.036520705,0.11334621906280518
CH_L_368a,5-3,4,Cell_cycle,0.020954346,0.11287751793861389
CH_L_368a,5-4,4,Cell_cycle,0.072969034,0.11277245730161667
CH_L_368a,5-5,4,Cell_cycle,0.11511172,0.11259971559047699
CH_L_368a,5-6,4,Cell_cycle,0.1093665,0.11315440386533737
CH_L_368a,5-7,4,Cell_cycle,0.032170568,0.11317279189825058
CH_L_368a,5-8,4,Cell_cycle,0.02948457,0.11317279189825058
CH_L_368a,6-4,4,Cell_cycle,0.08803684,0.11263123899698257
CH_L_368a,6-5,4,Cell_cycle,0.11024427,0.113585464656353
CH_L_368a,6-6,4,Cell_cycle,0.10179067,0.11367567628622055
CH_L_368a,6-7,4,Cell_cycle,0.02585892,0.11387450248003006
CH_L_368a,7-4,4,Cell_cycle,0.067249835,0.11266818642616272
CH_L_368a,7-5,4,Cell_cycle,0.0974256,0.11360403895378113
CH_L_368a,7-6,4,Cell_cycle,0.12292452,0.11379795521497726
CH_L_368a,7-7,4,Cell_cycle,0.07511652,0.11418137699365616
CH_L_368a,7-8,4,Cell_cycle,0.098026805,0.11418137699365616
CH_L_368a,8-4,4,Cell_cycle,0.08548099,0.11266818642616272
CH_L_368a,8-5,4,Cell_cycle,0.118507214,0.11360403895378113
CH_L_368a,8-6,4,Cell_cycle,0.076750316,0.11379795521497726
CH_L_368a,8-7,4,Cell_cycle,0.093011044,0.11418137699365616
CH_L_368a,8-8,4,Cell_cycle,0.117315784,0.11418137699365616
CH_L_368a,9-5,4,Cell_cycle,0.116007484,0.11360403895378113
CH_L_368a,9-6,4,Cell_cycle,0.1782559,0.11379795521497726
CH_L_368a,9-7,4,Cell_cycle,0.15606953,0.11418137699365616
CH_L_369a,10-5,2,Cell_cycle,0.042932786,0.11992354691028595
CH_L_369a,10-6,2,Cell_cycle,0.016085844,0.11982737481594086
CH_L_369a,10-7,2,Cell_cycle,0.03021863,0.11968651413917542
CH_L_369a,10-8,2,Cell_cycle,0.04100592,0.11994314938783646
CH_L_369a,11-5,2,Cell_cycle,0.03279408,0.11992354691028595
CH_L_369a,11-6,2,Cell_cycle,0.016564919,0.11982737481594086
CH_L_369a,11-7,2,Cell_cycle,-0.0014678749,0.11968651413917542
CH_L_369a,11-8,2,Cell_cycle,0.006988685,0.11994314938783646
CH_L_369a,6-4,2,Cell_cycle,0.01804682,0.1190618947148323
CH_L_369a,6-5,2,Cell_cycle,0.0072160563,0.11903819441795349
CH_L_369a,6-6,2,Cell_cycle,0.014785112,0.1198825016617775
CH_L_369a,6-7,2,Cell_cycle,0.015319339,0.1204945519566536
CH_L_369a,6-8,2,Cell_cycle,0.032343816,0.11966683715581894
CH_L_369a,7-5,2,Cell_cycle,0.012179599,0.119187131524086
CH_L_369a,7-6,2,Cell_cycle,0.006964579,0.11996365338563919
CH_L_369a,7-7,2,Cell_cycle,0.016238468,0.12025602161884308
CH_L_369a,7-8,2,Cell_cycle,0.03099847,0.11963649839162827
CH_L_369a,8-4,2,Cell_cycle,0.022902533,0.11930042505264282
CH_L_369a,8-5,2,Cell_cycle,0.016715689,0.11993206292390823
CH_L_369a,8-6,2,Cell_cycle,0.015426395,0.11986399441957474
CH_L_369a,8-7,2,Cell_cycle,0.020063287,0.1197122260928154
CH_L_369a,8-8,2,Cell_cycle,0.040322784,0.11999247223138809
CH_L_369a,9-5,2,Cell_cycle,0.03550577,0.11992354691028595
CH_L_369a,9-6,2,Cell_cycle,0.021841377,0.11982737481594086
CH_L_369a,9-8,2,Cell_cycle,0.03618229,0.11994314938783646
CH_L_371a,10-4,3,Cell_cycle,0.10636131,0.10783909261226654
CH_L_371a,10-5,3,Cell_cycle,0.09631119,0.10816794633865356
CH_L_371a,10-6,3,Cell_cycle,0.076358795,0.10713232308626175
CH_L_371a,10-7,3,Cell_cycle,0.060759064,0.10686035454273224
CH_L_371a,10-8,3,Cell_cycle,0.04480601,0.10772824287414551
CH_L_371a,10-9,3,Cell_cycle,0.038856104,0.10784754902124405
CH_L_371a,11-8,3,Cell_cycle,0.04607514,0.10774125903844833
CH_L_371a,6-4,3,Cell_cycle,0.05342453,0.10248304903507233
CH_L_371a,6-5,3,Cell_cycle,0.068782136,0.10251003503799438
CH_L_371a,6-6,3,Cell_cycle,0.078010246,0.10201544314622879
CH_L_371a,6-7,3,Cell_cycle,0.0715867,0.1019766703248024
CH_L_371a,6-8,3,Cell_cycle,0.05557893,0.10269170254468918
CH_L_371a,7-4,3,Cell_cycle,0.09765616,0.10262400656938553
CH_L_371a,7-5,3,Cell_cycle,0.10571132,0.10244150459766388
CH_L_371a,7-6,3,Cell_cycle,0.09167972,0.10213581472635269
CH_L_371a,7-7,3,Cell_cycle,0.09113571,0.10237085074186325
CH_L_371a,7-8,3,Cell_cycle,0.07243336,0.10272665321826935
CH_L_371a,8-4,3,Cell_cycle,0.14983833,0.10182788968086243
CH_L_371a,8-5,3,Cell_cycle,0.085101314,0.10163644701242447
CH_L_371a,8-6,3,Cell_cycle,0.09058697,0.10237659513950348
CH_L_371a,8-7,3,Cell_cycle,0.091199964,0.10334823280572891
CH_L_371a,8-8,3,Cell_cycle,0.078794196,0.10400041937828064
CH_L_371a,8-9,3,Cell_cycle,0.048204537,0.10444952547550201
CH_L_371a,9-4,3,Cell_cycle,0.13798201,0.10346850007772446
CH_L_371a,9-5,3,Cell_cycle,0.09030998,0.10354406386613846
CH_L_371a,9-6,3,Cell_cycle,0.09189867,0.10405585169792175
CH_L_371a,9-7,3,Cell_cycle,0.084388465,0.10503784567117691
CH_L_371a,9-8,3,Cell_cycle,0.056232896,0.10796038806438446
CH_L_371a,9-9,3,Cell_cycle,0.050362434,0.10717356204986572
CH_L_372a,10-16,4,Cell_cycle,0.1568356,0.11220897734165192
CH_L_372a,10-17,4,Cell_cycle,0.1583749,0.11220897734165192
CH_L_372a,10-18,4,Cell_cycle,0.22083113,0.11220897734165192
CH_L_372a,10-19,4,Cell_cycle,0.31144282,0.11220897734165192
CH_L_372a,10-20,4,Cell_cycle,0.16789989,0.11220897734165192
CH_L_372a,11-18,4,Cell_cycle,0.27187327,0.11153023689985275
CH_L_372a,11-19,4,Cell_cycle,0.33017075,0.11153023689985275
CH_L_372a,11-20,4,Cell_cycle,0.18313594,0.11153023689985275
CH_L_372a,6-16,4,Cell_cycle,0.19366041,0.1123858168721199
CH_L_372a,6-17,4,Cell_cycle,0.1950025,0.1123858168721199
CH_L_372a,6-18,4,Cell_cycle,0.091452025,0.1123858168721199
CH_L_372a,6-19,4,Cell_cycle,0.031174758,0.1123858168721199
CH_L_372a,6-20,4,Cell_cycle,0.030126074,0.1123858168721199
CH_L_372a,6-21,4,Cell_cycle,0.030126123,0.1123858168721199
CH_L_372a,7-16,4,Cell_cycle,0.19492404,0.11176476627588272
CH_L_372a,7-17,4,Cell_cycle,0.19870654,0.11176476627588272
CH_L_372a,7-18,4,Cell_cycle,0.19083434,0.11176476627588272
CH_L_372a,7-19,4,Cell_cycle,0.064730205,0.11176476627588272
CH_L_372a,7-20,4,Cell_cycle,0.035850633,0.11176476627588272
CH_L_372a,7-21,4,Cell_cycle,0.03069064,0.11176476627588272
CH_L_372a,8-16,4,Cell_cycle,0.22768179,0.11230108886957169
CH_L_372a,8-17,4,Cell_cycle,0.23204479,0.11230108886957169
CH_L_372a,8-18,4,Cell_cycle,0.13488294,0.11230108886957169
CH_L_372a,8-19,4,Cell_cycle,0.16322957,0.11230108886957169
CH_L_372a,8-20,4,Cell_cycle,0.11535984,0.11230108886957169
CH_L_372a,8-21,4,Cell_cycle,0.045099743,0.11230108886957169
CH_L_372a,9-16,4,Cell_cycle,0.20332815,0.11224718391895294
CH_L_372a,9-17,4,Cell_cycle,0.1750964,0.11224718391895294
CH_L_372a,9-18,4,Cell_cycle,0.19476004,0.11224718391895294
CH_L_372a,9-19,4,Cell_cycle,0.25815365,0.11224718391895294
CH_L_372a,9-20,4,Cell_cycle,0.14912844,0.11224718391895294
CH_L_373a,2-7,0,Cell_cycle,0.08677158,0.11328668892383575
CH_L_373a,2-8,0,Cell_cycle,0.08625911,0.11328668892383575
CH_L_373a,3-4,0,Cell_cycle,0.026569705,0.1125546246767044
CH_L_373a,3-7,0,Cell_cycle,0.04078407,0.11355186998844147
CH_L_373a,3-8,0,Cell_cycle,0.111257225,0.11355186998844147
CH_L_373a,4-6,0,Cell_cycle,0.069125004,0.11324744671583176
CH_L_373a,4-8,0,Cell_cycle,0.061436053,0.11324745416641235
CH_L_373a,5-4,0,Cell_cycle,0.15290402,0.11154591292142868
CH_L_373a,5-5,0,Cell_cycle,0.12448544,0.1130494773387909
CH_L_373a,5-6,0,Cell_cycle,0.12733284,0.11328637599945068
CH_L_373a,5-7,0,Cell_cycle,0.09914711,0.11329366266727448
CH_L_373a,5-8,0,Cell_cycle,0.12574989,0.11329366266727448
CH_L_373a,6-5,0,Cell_cycle,0.06748847,0.11364717036485672
CH_L_373a,6-6,0,Cell_cycle,0.061834842,0.11344657838344574
CH_L_373a,6-7,0,Cell_cycle,0.0831491,0.11333810538053513
CH_L_373a,6-8,0,Cell_cycle,0.09030717,0.11333810538053513
CH_L_373a,7-6,0,Cell_cycle,0.056214213,0.11333440244197845
CH_L_376a,0-5,3,Cell_cycle,0.2915861,0.10685545206069946
CH_L_376a,0-6,3,Cell_cycle,0.22544295,0.10685545206069946
CH_L_376a,0-8,3,Cell_cycle,0.20753331,0.10685545206069946
CH_L_387a,2-2,4,Cell_cycle,0.3629545,0.11235855519771576
CH_L_387a,2-5,4,Cell_cycle,0.28984818,0.11446762084960938
CH_L_387a,3-5,4,Cell_cycle,0.36194852,0.1147153228521347
CH_L_387a,3-6,4,Cell_cycle,0.37713745,0.1147153228521347
CH_L_387a,5-2,4,Cell_cycle,0.33844286,0.11459442228078842
CH_L_387a,6-2,4,Cell_cycle,0.3631702,0.11459442228078842
CH_L_388a,2-5,4,Cell_cycle,0.12689357,0.11399665474891663
CH_L_388a,2-6,4,Cell_cycle,0.12957513,0.11399665474891663
CH_L_389a,2-6,2,Cell_cycle,0.21697626,0.12214647978544235
CH_L_389a,2-7,2,Cell_cycle,0.19266024,0.12214647978544235
CH_L_389a,4-6,2,Cell_cycle,0.17406851,0.12108293175697327
CH_L_389a,4-7,2,Cell_cycle,0.20943551,0.12108293175697327
CH_L_390a,9-8,3,Cell_cycle,0.16734374,0.10097415745258331
CH_L_395a,2-2,2,Cell_cycle,0.052324615,0.12159774452447891
CH_L_395a,5-1,2,Cell_cycle,0.118434,0.12239378690719604
CH_L_395a,5-2,2,Cell_cycle,0.14662616,0.12271829694509506
CH_L_395a,6-2,2,Cell_cycle,0.16620271,0.12271829694509506
CH_L_399a,10-4,0,Cell_cycle,0.13889568,0.11317082494497299
CH_L_399a,11-4,0,Cell_cycle,0.15373068,0.11317082494497299
CH_L_399a,11-5,0,Cell_cycle,0.3146318,0.11197209358215332
CH_L_400a,0-1,3,Cell_cycle,0.3418773,0.10562554001808167
CH_L_400a,1-2,3,Cell_cycle,0.27719855,0.1055789589881897
CH_L_403a,4-3,3,Cell_cycle,0.3008225,0.10523907095193863
CH_L_403a,4-4,3,Cell_cycle,0.23307513,0.10520920902490616
CH_L_403a,4-6,3,Cell_cycle,0.39257193,0.10660261660814285
CH_L_403a,5-3,3,Cell_cycle,0.2627844,0.10649356245994568
CH_L_403a,5-6,3,Cell_cycle,0.21940085,0.10700830817222595
CH_L_403a,6-6,3,Cell_cycle,0.20279749,0.10597150772809982
CH_L_403a,6-7,3,Cell_cycle,0.22120583,0.10566949844360352
CH_L_403a,7-7,3,Cell_cycle,0.16571566,0.10609537363052368
CH_L_275a,10-11,0,YAP,0.3914942,0.3936232626438141
CH_L_275a,10-12,0,YAP,0.40865973,0.3939046859741211
CH_L_275a,10-13,0,YAP,0.42562103,0.3940642774105072
CH_L_275a,10-14,0,YAP,0.46691766,0.3939516842365265
CH_L_275a,10-15,0,YAP,0.50745493,0.39482080936431885
CH_L_275a,6-11,0,YAP,0.34406817,0.3930177688598633
CH_L_275a,6-12,0,YAP,0.30836785,0.39301472902297974
CH_L_275a,6-13,0,YAP,0.34812215,0.39300736784935
CH_L_275a,6-14,0,YAP,0.40721327,0.39347541332244873
CH_L_275a,7-11,0,YAP,0.3340467,0.3931507468223572
CH_L_275a,7-12,0,YAP,0.31651375,0.39333420991897583
CH_L_275a,7-13,0,YAP,0.32291728,0.39334994554519653
CH_L_275a,7-14,0,YAP,0.41071612,0.39378613233566284
CH_L_275a,8-11,0,YAP,0.32295132,0.3934682011604309
CH_L_275a,8-12,0,YAP,0.32365432,0.3937505781650543
CH_L_275a,8-13,0,YAP,0.3688475,0.3939712345600128
CH_L_275a,8-14,0,YAP,0.37623435,0.39411717653274536
CH_L_275a,8-15,0,YAP,0.41844568,0.394336998462677
CH_L_275a,9-11,0,YAP,0.37271604,0.3937097489833832
CH_L_275a,9-12,0,YAP,0.36523816,0.3939819931983948
CH_L_275a,9-13,0,YAP,0.3997845,0.39399731159210205
CH_L_275a,9-14,0,YAP,0.43664476,0.39426037669181824
CH_L_275a,9-15,0,YAP,0.48412722,0.39420053362846375
CH_L_276a,10-10,4,YAP,0.3747377,0.39025574922561646
CH_L_276a,10-11,4,YAP,0.34074503,0.38128235936164856
CH_L_276a,10-12,4,YAP,0.34970528,0.38117051124572754
CH_L_276a,10-8,4,YAP,0.33210656,0.39136600494384766
CH_L_276a,10-9,4,YAP,0.39468887,0.3917720317840576
CH_L_276a,5-10,4,YAP,0.2874347,0.3914467394351959
CH_L_276a,5-9,4,YAP,0.36556,0.391866534948349
CH_L_276a,6-10,4,YAP,0.34554046,0.3893096148967743
CH_L_276a,6-11,4,YAP,0.3049641,0.38400518894195557
CH_L_276a,6-8,4,YAP,0.4605552,0.391661137342453
CH_L_276a,6-9,4,YAP,0.3740126,0.39119043946266174
CH_L_276a,7-10,4,YAP,0.33676082,0.39090022444725037
CH_L_276a,7-11,4,YAP,0.3436333,0.3838452398777008
CH_L_276a,7-8,4,YAP,0.44432926,0.39201948046684265
CH_L_276a,7-9,4,YAP,0.33440384,0.3919716477394104
CH_L_276a,8-10,4,YAP,0.30383602,0.3904145658016205
CH_L_276a,8-11,4,YAP,0.335249,0.38396626710891724
CH_L_276a,8-12,4,YAP,0.33686414,0.38390374183654785
CH_L_276a,9-10,4,YAP,0.3622424,0.39199531078338623
CH_L_276a,9-11,4,YAP,0.33980075,0.38456499576568604
CH_L_276a,9-12,4,YAP,0.31474918,0.38455110788345337
CH_L_276a,9-8,4,YAP,0.4149492,0.38976213335990906
CH_L_277a,2-10,4,YAP,0.33463377,0.37454620003700256
CH_L_277a,2-8,4,YAP,0.369469,0.37454620003700256
CH_L_277a,2-9,4,YAP,0.34608477,0.37454620003700256
CH_L_277a,3-10,4,YAP,0.35904258,0.373506098985672
CH_L_277a,3-6,4,YAP,0.43161413,0.37360548973083496
CH_L_277a,3-7,4,YAP,0.4072824,0.373506098985672
CH_L_277a,3-8,4,YAP,0.35129192,0.373506098985672
CH_L_277a,3-9,4,YAP,0.3400267,0.373506098985672
CH_L_277a,4-6,4,YAP,0.41160855,0.37302473187446594
CH_L_277a,4-7,4,YAP,0.35088357,0.37302473187446594
CH_L_277a,4-8,4,YAP,0.37128618,0.37302473187446594
CH_L_277a,4-9,4,YAP,0.3542405,0.37302473187446594
CH_L_277a,5-6,4,YAP,0.38125148,0.37338700890541077
CH_L_277a,5-7,4,YAP,0.3895846,0.37338700890541077
CH_L_277a,5-8,4,YAP,0.39568436,0.37338700890541077
CH_L_277a,6-6,4,YAP,0.36552748,0.37330836057662964
CH_L_278a,10-11,2,YAP,0.42261595,0.3808288872241974
CH_L_278a,5-10,2,YAP,0.35520583,0.38090571761131287
CH_L_278a,7-11,2,YAP,0.403251,0.38151121139526367
CH_L_278a,7-12,2,YAP,0.39089563,0.3817926347255707
CH_L_278a,7-14,2,YAP,0.31870952,0.3817926347255707
CH_L_278a,8-11,2,YAP,0.36077216,0.38116031885147095
CH_L_278a,8-12,2,YAP,0.34751952,0.3811708390712738
CH_L_278a,8-13,2,YAP,0.3199381,0.3811708390712738
CH_L_278a,8-14,2,YAP,0.31133947,0.3811708390712738
CH_L_278a,9-11,2,YAP,0.3332013,0.3807881772518158
CH_L_278a,9-12,2,YAP,0.34935534,0.38061121106147766
CH_L_279a,10-12,0,YAP,0.4326634,0.38965943455696106
CH_L_279a,10-9,0,YAP,0.35552552,0.3891073763370514
CH_L_279a,5-10,0,YAP,0.348669,0.3901010751724243
CH_L_279a,5-11,0,YAP,0.32893,0.3913491368293762
CH_L_279a,6-10,0,YAP,0.32981876,0.3897342383861542
CH_L_279a,6-11,0,YAP,0.3455173,0.3905739486217499
CH_L_279a,6-12,0,YAP,0.4061778,0.3905739486217499
CH_L_279a,6-8,0,YAP,0.395477,0.3886350393295288
CH_L_279a,6-9,0,YAP,0.328321,0.3885207176208496
CH_L_279a,7-10,0,YAP,0.35195956,0.3897150456905365
CH_L_279a,7-9,0,YAP,0.30763453,0.388945609331131
CH_L_279a,8-10,0,YAP,0.44238034,0.38962897658348083
CH_L_279a,8-8,0,YAP,0.33406097,0.38964682817459106
CH_L_279a,8-9,0,YAP,0.396997,0.38883665204048157
CH_L_279a,9-12,0,YAP,0.3929769,0.3900662064552307
CH_L_279a,9-13,0,YAP,0.4902709,0.3900662064552307
CH_L_280a,10-4,1,YAP,0.3149067,0.39388081431388855
CH_L_280a,10-5,1,YAP,0.33109334,0.3937664031982422
CH_L_280a,10-6,1,YAP,0.3116498,0.39385485649108887
CH_L_280a,10-7,1,YAP,0.31245002,0.39359644055366516
CH_L_280a,10-8,1,YAP,0.31402722,0.3933030664920807
CH_L_280a,10-9,1,YAP,0.29972294,0.3933030664920807
CH_L_280a,11-5,1,YAP,0.3157609,0.3937664031982422
CH_L_280a,11-6,1,YAP,0.35309583,0.39385485649108887
CH_L_280a,11-7,1,YAP,0.2824276,0.39359644055366516
CH_L_280a,11-8,1,YAP,0.32716584,0.3933030664920807
CH_L_280a,6-4,1,YAP,0.28925934,0.3924877643585205
CH_L_280a,6-5,1,YAP,0.31333762,0.3925056457519531
CH_L_280a,6-6,1,YAP,0.27608955,0.392233282327652
CH_L_280a,6-7,1,YAP,0.2997511,0.3935636878013611
CH_L_280a,6-8,1,YAP,0.30125263,0.3936372399330139
CH_L_280a,6-9,1,YAP,0.28008986,0.3936372399330139
CH_L_280a,7-4,1,YAP,0.3409565,0.39295893907546997
CH_L_280a,7-5,1,YAP,0.31141415,0.3927572965621948
CH_L_280a,7-6,1,YAP,0.30348283,0.39301007986068726
CH_L_280a,7-7,1,YAP,0.3083943,0.39354607462882996
CH_L_280a,7-8,1,YAP,0.3048481,0.39393943548202515
CH_L_280a,7-9,1,YAP,0.2962249,0.39393943548202515
CH_L_280a,8-4,1,YAP,0.36993262,0.39388081431388855
CH_L_280a,8-5,1,YAP,0.33496213,0.3937664031982422
CH_L_280a,8-6,1,YAP,0.3555465,0.39385485649108887
CH_L_280a,8-7,1,YAP,0.3471002,0.39359644055366516
CH_L_280a,8-8,1,YAP,0.338897,0.3933030664920807
CH_L_280a,8-9,1,YAP,0.30033675,0.3933030664920807
CH_L_280a,9-4,1,YAP,0.30192018,0.39388081431388855
CH_L_280a,9-5,1,YAP,0.34253114,0.3937664031982422
CH_L_280a,9-6,1,YAP,0.3150852,0.39385485649108887
CH_L_280a,9-7,1,YAP,0.30037504,0.39359644055366516
CH_L_280a,9-8,1,YAP,0.31947467,0.3933030664920807
CH_L_280a,9-9,1,YAP,0.33110213,0.3933030664920807
CH_L_281a,10-21,2,YAP,0.53581125,0.3850851356983185
CH_L_281a,10-22,2,YAP,0.5117856,0.3850851356983185
CH_L_281a,10-23,2,YAP,0.52174044,0.3850851356983185
CH_L_281a,10-24,2,YAP,0.5085435,0.3850851356983185
CH_L_281a,11-21,2,YAP,0.5065051,0.38474857807159424
CH_L_281a,11-22,2,YAP,0.49630362,0.38474857807159424
CH_L_281a,6-21,2,YAP,0.5453759,0.3843165636062622
CH_L_281a,6-22,2,YAP,0.49841365,0.3843165636062622
CH_L_281a,6-23,2,YAP,0.5074535,0.3843165636062622
CH_L_281a,6-24,2,YAP,0.49534628,0.3843165636062622
CH_L_281a,6-25,2,YAP,0.50225556,0.3843165636062622
CH_L_281a,6-26,2,YAP,0.5059978,0.3843165636062622
CH_L_281a,7-21,2,YAP,0.54199696,0.38498151302337646
CH_L_281a,7-22,2,YAP,0.47831836,0.38498151302337646
CH_L_281a,7-23,2,YAP,0.48487955,0.38498151302337646
CH_L_281a,7-24,2,YAP,0.48219243,0.38498151302337646
CH_L_281a,7-25,2,YAP,0.50522673,0.38498151302337646
CH_L_281a,7-26,2,YAP,0.4873424,0.38498151302337646
CH_L_281a,8-22,2,YAP,0.49766907,0.3844092786312103
CH_L_281a,8-23,2,YAP,0.44650465,0.3844092786312103
CH_L_281a,8-24,2,YAP,0.45553806,0.3844092786312103
CH_L_281a,8-25,2,YAP,0.48742047,0.3844092786312103
CH_L_281a,8-26,2,YAP,0.48636615,0.3844092786312103
CH_L_281a,9-23,2,YAP,0.5139256,0.3841668665409088
CH_L_281a,9-24,2,YAP,0.49493986,0.3841668665409088
CH_L_281a,9-26,2,YAP,0.46641245,0.3841668665409088
CH_L_281b,3-2,2,YAP,0.48507735,0.37927156686782837
CH_L_281b,3-3,2,YAP,0.45339504,0.3804216980934143
CH_L_281b,3-5,2,YAP,0.43985432,0.3771403729915619
CH_L_281b,3-6,2,YAP,0.46510875,0.3782022297382355
CH_L_281b,4-2,2,YAP,0.42688778,0.37948745489120483
CH_L_281b,4-3,2,YAP,0.34334752,0.37989509105682373
CH_L_281b,4-5,2,YAP,0.34529513,0.3772989511489868
CH_L_281b,4-6,2,YAP,0.3907755,0.3779967427253723
CH_L_281b,5-2,2,YAP,0.3988831,0.37912458181381226
CH_L_281b,5-3,2,YAP,0.3714447,0.37723252177238464
CH_L_281b,5-5,2,YAP,0.32902,0.37733304500579834
CH_L_281b,5-6,2,YAP,0.33337307,0.37768280506134033
CH_L_281b,6-3,2,YAP,0.35146782,0.3776957392692566
CH_L_281b,6-4,2,YAP,0.33220136,0.37787064909935
CH_L_281b,6-5,2,YAP,0.32285893,0.37773776054382324
CH_L_281b,6-6,2,YAP,0.3713253,0.37809452414512634
CH_L_281b,7-2,2,YAP,0.43930542,0.3769649863243103
CH_L_281b,7-5,2,YAP,0.38356915,0.37773776054382324
CH_L_281b,7-6,2,YAP,0.43015775,0.37809452414512634
CH_L_281b,8-2,2,YAP,0.44441357,0.3769649863243103
CH_L_282a,10-7,2,YAP,0.5287137,0.37879931926727295
CH_L_282a,10-8,2,YAP,0.5163783,0.3787436783313751
CH_L_282a,10-9,2,YAP,0.5127928,0.3792935907840729
CH_L_282a,11-8,2,YAP,0.51425457,0.3787436783313751
CH_L_282a,11-9,2,YAP,0.5197099,0.3792935907840729
CH_L_282a,12-9,2,YAP,0.5437587,0.3792935907840729
CH_L_282a,7-10,2,YAP,0.4992849,0.37932029366493225
CH_L_282a,7-11,2,YAP,0.5156609,0.37932029366493225
CH_L_282a,7-9,2,YAP,0.5388324,0.37932029366493225
CH_L_282a,8-10,2,YAP,0.50715345,0.3790939450263977
CH_L_282a,8-11,2,YAP,0.50655913,0.3790939450263977
CH_L_282a,8-7,2,YAP,0.53078604,0.37852632999420166
CH_L_282a,8-9,2,YAP,0.522699,0.3790939450263977
CH_L_282a,9-10,2,YAP,0.5111432,0.3792935907840729
CH_L_282a,9-11,2,YAP,0.48132497,0.3792935907840729
CH_L_283a,10-10,1,YAP,0.40530238,0.3982502222061157
CH_L_283a,10-11,1,YAP,0.42519,0.3968702554702759
CH_L_283a,10-6,1,YAP,0.3678098,0.3986378610134125
CH_L_283a,10-7,1,YAP,0.35989064,0.39887526631355286
CH_L_283a,10-8,1,YAP,0.3681919,0.39878514409065247
CH_L_283a,10-9,1,YAP,0.3753961,0.39894211292266846
CH_L_283a,11-10,1,YAP,0.37888578,0.3966774642467499
CH_L_283a,11-11,1,YAP,0.40859443,0.3965545892715454
CH_L_283a,11-6,1,YAP,0.44932956,0.3969770073890686
CH_L_283a,11-7,1,YAP,0.4301435,0.39724472165107727
CH_L_283a,11-8,1,YAP,0.40277588,0.39691683650016785
CH_L_283a,11-9,1,YAP,0.37675303,0.39722874760627747
CH_L_283a,12-10,1,YAP,0.40980503,0.39644840359687805
CH_L_283a,12-11,1,YAP,0.38847876,0.3962993025779724
CH_L_283a,12-7,1,YAP,0.46281517,0.39670947194099426
CH_L_283a,12-8,1,YAP,0.44136274,0.3961476683616638
CH_L_283a,12-9,1,YAP,0.3784701,0.39681336283683777
CH_L_283a,7-10,1,YAP,0.37029827,0.3970051109790802
CH_L_283a,7-11,1,YAP,0.3974313,0.3965541124343872
CH_L_283a,7-7,1,YAP,0.39043465,0.3990917503833771
CH_L_283a,7-8,1,YAP,0.39834657,0.39878493547439575
CH_L_283a,7-9,1,YAP,0.40163052,0.39855194091796875
CH_L_283a,8-10,1,YAP,0.38948175,0.3985063433647156
CH_L_283a,8-11,1,YAP,0.40803564,0.3966139853000641
CH_L_283a,8-7,1,YAP,0.40249747,0.39875975251197815
CH_L_283a,8-8,1,YAP,0.36624816,0.3989543914794922
CH_L_283a,8-9,1,YAP,0.36297664,0.3988937735557556
CH_L_283a,9-10,1,YAP,0.38864085,0.3987114727497101
CH_L_283a,9-11,1,YAP,0.4135361,0.3967019021511078
CH_L_283a,9-6,1,YAP,0.38895565,0.39856240153312683
CH_L_283a,9-7,1,YAP,0.37449226,0.3988531231880188
CH_L_283a,9-8,1,YAP,0.36981422,0.3988456130027771
CH_L_283a,9-9,1,YAP,0.36198106,0.398904949426651
CH_L_284a,10-10,0,YAP,0.5274869,0.3868173658847809
CH_L_284a,10-7,0,YAP,0.50042284,0.3884989023208618
CH_L_284a,10-8,0,YAP,0.47928256,0.3881593644618988
CH_L_284a,10-9,0,YAP,0.5247618,0.387891560792923
CH_L_284a,11-10,0,YAP,0.5018356,0.3868173658847809
CH_L_284a,11-8,0,YAP,0.48446003,0.3881593644618988
CH_L_284a,11-9,0,YAP,0.51906735,0.387891560792923
CH_L_284a,9-7,0,YAP,0.5039764,0.3882606029510498
CH_L_284a,9-8,0,YAP,0.50439733,0.3881898522377014
CH_L_284a,9-9,0,YAP,0.5361741,0.3880080282688141
CH_L_285a,5-10,1,YAP,0.48742092,0.39361441135406494
CH_L_285a,5-6,1,YAP,0.50011307,0.39421939849853516
CH_L_285a,5-8,1,YAP,0.49282262,0.3933378756046295
CH_L_285a,5-9,1,YAP,0.4851542,0.39361441135406494
CH_L_285a,6-10,1,YAP,0.47026914,0.3937875032424927
CH_L_285a,6-11,1,YAP,0.47650558,0.3937875032424927
CH_L_285a,6-6,1,YAP,0.5188688,0.3939375579357147
CH_L_285a,6-8,1,YAP,0.46956697,0.39343592524528503
CH_L_285a,6-9,1,YAP,0.47330138,0.3937875032424927
CH_L_285a,7-10,1,YAP,0.50495505,0.3933244049549103
CH_L_285a,7-11,1,YAP,0.49442363,0.3933244049549103
CH_L_285a,7-6,1,YAP,0.5045013,0.3936827778816223
CH_L_285a,7-8,1,YAP,0.46985608,0.39313051104545593
CH_L_285a,7-9,1,YAP,0.49154273,0.3933244049549103
CH_L_285a,8-10,1,YAP,0.51420206,0.3937906324863434
CH_L_285a,8-6,1,YAP,0.480394,0.39230722188949585
CH_L_285a,8-7,1,YAP,0.5165582,0.39143693447113037
CH_L_285a,8-8,1,YAP,0.4976891,0.3934051990509033
CH_L_285a,8-9,1,YAP,0.51605856,0.3937906324863434
CH_L_285a,9-10,1,YAP,0.51570404,0.3939228951931
CH_L_285a,9-9,1,YAP,0.5310046,0.3939228951931
CH_L_287a,10-11,0,YAP,0.519407,0.3921542763710022
CH_L_287a,10-12,0,YAP,0.5268741,0.39151254296302795
CH_L_287a,10-13,0,YAP,0.50254184,0.3924194872379303
CH_L_287a,10-14,0,YAP,0.46555474,0.393764853477478
CH_L_287a,10-15,0,YAP,0.489323,0.393764853477478
CH_L_287a,5-11,0,YAP,0.5023862,0.39197203516960144
CH_L_287a,6-10,0,YAP,0.49279502,0.39156144857406616
CH_L_287a,6-11,0,YAP,0.4810947,0.3916913866996765
CH_L_287a,6-12,0,YAP,0.49980342,0.3919559717178345
CH_L_287a,7-10,0,YAP,0.51809627,0.3923104703426361
CH_L_287a,7-11,0,YAP,0.49872592,0.39229726791381836
CH_L_287a,7-12,0,YAP,0.49631062,0.39212432503700256
CH_L_287a,7-13,0,YAP,0.50494,0.39254236221313477
CH_L_287a,8-10,0,YAP,0.48827726,0.3924781084060669
CH_L_287a,8-11,0,YAP,0.5134186,0.392116516828537
CH_L_287a,8-12,0,YAP,0.5006606,0.39201393723487854
CH_L_287a,8-13,0,YAP,0.4877641,0.3923928141593933
CH_L_287a,8-14,0,YAP,0.5200533,0.39352259039878845
CH_L_287a,9-11,0,YAP,0.5254038,0.3920094072818756
CH_L_287a,9-12,0,YAP,0.50736636,0.39201492071151733
CH_L_287a,9-13,0,YAP,0.47624645,0.39248669147491455
CH_L_287a,9-14,0,YAP,0.5013654,0.3937128782272339
CH_L_288a,4-3,2,YAP,0.5177344,0.38095423579216003
CH_L_288a,4-4,2,YAP,0.5255857,0.382164865732193
CH_L_288a,4-6,2,YAP,0.5212997,0.37801846861839294
CH_L_288a,4-7,2,YAP,0.520265,0.37840592861175537
CH_L_288a,5-3,2,YAP,0.5158466,0.3804035782814026
CH_L_288a,5-4,2,YAP,0.5042468,0.3790973424911499
CH_L_288a,5-6,2,YAP,0.50027233,0.37775692343711853
CH_L_288a,5-7,2,YAP,0.5254682,0.3780648708343506
CH_L_288a,6-4,2,YAP,0.4810927,0.3786679804325104
CH_L_288a,6-5,2,YAP,0.47819477,0.3780428469181061
CH_L_288a,6-6,2,YAP,0.4675907,0.37830591201782227
CH_L_288a,6-7,2,YAP,0.44625458,0.3783690333366394
CH_L_288a,7-3,2,YAP,0.5094925,0.3781967759132385
CH_L_288a,7-4,2,YAP,0.48122975,0.3782729208469391
CH_L_288a,7-5,2,YAP,0.48409733,0.3783566951751709
CH_L_288a,7-6,2,YAP,0.46806517,0.3785279095172882
CH_L_288a,7-7,2,YAP,0.4398334,0.378572553396225
CH_L_288a,8-4,2,YAP,0.4724606,0.3782729208469391
CH_L_288a,8-5,2,YAP,0.45202306,0.3783566951751709
CH_L_288a,8-6,2,YAP,0.44490522,0.3785279095172882
CH_L_288a,8-7,2,YAP,0.4948772,0.378572553396225
CH_L_288a,9-3,2,YAP,0.50757986,0.3781967759132385
CH_L_288a,9-4,2,YAP,0.49541074,0.3782729208469391
CH_L_288a,9-5,2,YAP,0.4638324,0.3783566951751709
CH_L_288a,9-6,2,YAP,0.48341224,0.3785279095172882
CH_L_289a,10-10,4,YAP,0.4128807,0.3876677453517914
CH_L_289a,10-11,4,YAP,0.37652326,0.3863579034805298
CH_L_289a,10-12,4,YAP,0.37544152,0.3863579034805298
CH_L_289a,10-13,4,YAP,0.33040154,0.3863579034805298
CH_L_289a,5-10,4,YAP,0.3938712,0.391154021024704
CH_L_289a,5-11,4,YAP,0.41997063,0.3894014358520508
CH_L_289a,5-12,4,YAP,0.3971185,0.3894014358520508
CH_L_289a,5-13,4,YAP,0.3610531,0.3894014358520508
CH_L_289a,5-14,4,YAP,0.35024527,0.3894014358520508
CH_L_289a,5-15,4,YAP,0.35613695,0.3894014358520508
CH_L_289a,6-10,4,YAP,0.38780504,0.38971418142318726
CH_L_289a,6-11,4,YAP,0.40809792,0.38690853118896484
CH_L_289a,6-12,4,YAP,0.39522958,0.38690853118896484
CH_L_289a,6-13,4,YAP,0.34465355,0.38690853118896484
CH_L_289a,6-14,4,YAP,0.33840528,0.38690853118896484
CH_L_289a,6-15,4,YAP,0.3264358,0.38690853118896484
CH_L_289a,7-10,4,YAP,0.4534402,0.3899790942668915
CH_L_289a,7-11,4,YAP,0.45732716,0.3867108225822449
CH_L_289a,7-12,4,YAP,0.3893216,0.3867108225822449
CH_L_289a,7-13,4,YAP,0.34407973,0.3867108225822449
CH_L_289a,7-14,4,YAP,0.32047796,0.3867108225822449
CH_L_289a,7-15,4,YAP,0.33076328,0.3867108225822449
CH_L_289a,8-10,4,YAP,0.46976218,0.39070114493370056
CH_L_289a,8-11,4,YAP,0.4685735,0.3897053599357605
CH_L_289a,8-12,4,YAP,0.4268231,0.3897053599357605
CH_L_289a,8-13,4,YAP,0.332857,0.3897053599357605
CH_L_289a,8-14,4,YAP,0.3177775,0.3897053599357605
CH_L_289a,8-15,4,YAP,0.36707854,0.3897053599357605
CH_L_289a,9-10,4,YAP,0.4430315,0.3899803161621094
CH_L_289a,9-11,4,YAP,0.43787447,0.3864262104034424
CH_L_289a,9-12,4,YAP,0.36452657,0.3864262104034424
CH_L_289a,9-13,4,YAP,0.34551117,0.3864262104034424
CH_L_289a,9-14,4,YAP,0.3501682,0.3864262104034424
CH_L_290a,10-15,1,YAP,0.37907046,0.3977052569389343
CH_L_290a,10-16,1,YAP,0.38236296,0.3977052569389343
CH_L_290a,5-14,1,YAP,0.33908588,0.3977331817150116
CH_L_290a,5-16,1,YAP,0.32159632,0.3977331817150116
CH_L_290a,5-17,1,YAP,0.33999884,0.3977331817150116
CH_L_290a,5-18,1,YAP,0.3752785,0.3977331817150116
CH_L_290a,6-13,1,YAP,0.3685052,0.3978467583656311
CH_L_290a,6-14,1,YAP,0.36074746,0.3978467583656311
CH_L_290a,6-15,1,YAP,0.33988026,0.3978467583656311
CH_L_290a,6-16,1,YAP,0.35453942,0.3978467583656311
CH_L_290a,7-13,1,YAP,0.42002195,0.39758214354515076
CH_L_290a,7-14,1,YAP,0.41296974,0.39758214354515076
CH_L_290a,7-15,1,YAP,0.3444797,0.39758214354515076
CH_L_290a,7-16,1,YAP,0.32635432,0.39758214354515076
CH_L_290a,7-18,1,YAP,0.42190528,0.39758214354515076
CH_L_290a,8-15,1,YAP,0.35472682,0.3972456157207489
CH_L_290a,8-16,1,YAP,0.34171575,0.3972456157207489
CH_L_290a,9-14,1,YAP,0.35797778,0.39729079604148865
CH_L_290a,9-15,1,YAP,0.3914793,0.39729079604148865
CH_L_290a,9-16,1,YAP,0.428271,0.39729079604148865
CH_L_290a,9-17,1,YAP,0.3478299,0.39729079604148865
CH_L_291a,10-4,1,YAP,0.4149375,0.3933369219303131
CH_L_291a,10-5,1,YAP,0.35847288,0.39354032278060913
CH_L_291a,10-6,1,YAP,0.3865696,0.39324015378952026
CH_L_291a,10-7,1,YAP,0.36144638,0.3931005299091339
CH_L_291a,10-8,1,YAP,0.3991097,0.39325618743896484
CH_L_291a,10-9,1,YAP,0.40731278,0.39335495233535767
CH_L_291a,11-4,1,YAP,0.4116253,0.39568424224853516
CH_L_291a,11-5,1,YAP,0.3665271,0.39569583535194397
CH_L_291a,11-6,1,YAP,0.374022,0.3956656754016876
CH_L_291a,11-7,1,YAP,0.36061013,0.3955630958080292
CH_L_291a,11-8,1,YAP,0.36799464,0.39578521251678467
CH_L_291a,11-9,1,YAP,0.3813081,0.3955920338630676
CH_L_291a,7-4,1,YAP,0.41017455,0.3984360992908478
CH_L_291a,7-5,1,YAP,0.37028292,0.39803647994995117
CH_L_291a,7-6,1,YAP,0.39437965,0.3969082832336426
CH_L_291a,7-7,1,YAP,0.39502037,0.3966600298881531
CH_L_291a,7-8,1,YAP,0.39432886,0.3972010910511017
CH_L_291a,8-4,1,YAP,0.34764722,0.39829227328300476
CH_L_291a,8-5,1,YAP,0.37538683,0.3969576358795166
CH_L_291a,8-6,1,YAP,0.39260304,0.3965977132320404
CH_L_291a,8-7,1,YAP,0.40715593,0.39588412642478943
CH_L_291a,8-8,1,YAP,0.36583102,0.3973006010055542
CH_L_291a,8-9,1,YAP,0.3866996,0.3958359956741333
CH_L_291a,9-4,1,YAP,0.38355702,0.3959631025791168
CH_L_291a,9-5,1,YAP,0.37357417,0.3968226909637451
CH_L_291a,9-6,1,YAP,0.41704693,0.39640653133392334
CH_L_291a,9-7,1,YAP,0.32729846,0.39600685238838196
CH_L_291a,9-8,1,YAP,0.36375234,0.3974032700061798
CH_L_292a,2-12,2,YAP,0.5266358,0.3809632360935211
CH_L_292a,2-13,2,YAP,0.52046096,0.3809632360935211
CH_L_292a,2-14,2,YAP,0.49750108,0.3809632360935211
CH_L_292a,2-15,2,YAP,0.44799805,0.3809632360935211
CH_L_292a,2-16,2,YAP,0.40692303,0.3809632360935211
CH_L_292a,3-12,2,YAP,0.5342105,0.3822482228279114
CH_L_292a,3-13,2,YAP,0.5074867,0.3822482228279114
CH_L_292a,3-14,2,YAP,0.46718892,0.3822482228279114
CH_L_292a,3-15,2,YAP,0.4276206,0.3822482228279114
CH_L_292a,3-16,2,YAP,0.41979453,0.3822482228279114
CH_L_292a,4-13,2,YAP,0.49764493,0.3813273012638092
CH_L_292a,4-14,2,YAP,0.46762404,0.3813273012638092
CH_L_292a,4-15,2,YAP,0.40570527,0.3813273012638092
CH_L_292a,4-16,2,YAP,0.40311962,0.3813273012638092
CH_L_292a,5-13,2,YAP,0.5047832,0.381300687789917
CH_L_292a,5-14,2,YAP,0.4807577,0.381300687789917
CH_L_292a,5-15,2,YAP,0.4257369,0.381300687789917
CH_L_292a,5-16,2,YAP,0.4234904,0.381300687789917
CH_L_292a,6-12,2,YAP,0.49987957,0.3813464045524597
CH_L_292a,6-13,2,YAP,0.48840597,0.3813464045524597
CH_L_292a,6-14,2,YAP,0.44732544,0.3813464045524597
CH_L_292a,6-15,2,YAP,0.41954085,0.3813464045524597
CH_L_292a,6-16,2,YAP,0.42297906,0.3813464045524597
CH_L_292a,7-12,2,YAP,0.520228,0.38069117069244385
CH_L_292a,7-13,2,YAP,0.50333756,0.38069117069244385
CH_L_292a,7-14,2,YAP,0.45321646,0.38069117069244385
CH_L_292a,7-15,2,YAP,0.43208855,0.38069117069244385
CH_L_292a,7-16,2,YAP,0.47341886,0.38069117069244385
CH_L_293a,10-14,0,YAP,0.37236133,0.3896739184856415
CH_L_293a,10-15,0,YAP,0.41636577,0.3896739184856415
CH_L_293a,10-16,0,YAP,0.35831618,0.3896739184856415
CH_L_293a,5-14,0,YAP,0.43307355,0.3907657563686371
CH_L_293a,5-15,0,YAP,0.35479298,0.3907657563686371
CH_L_293a,5-16,0,YAP,0.32477117,0.3907657563686371
CH_L_293a,5-17,0,YAP,0.34208944,0.3907657563686371
CH_L_293a,5-18,0,YAP,0.33462566,0.3907657563686371
CH_L_293a,6-14,0,YAP,0.3418021,0.39055895805358887
CH_L_293a,6-15,0,YAP,0.3542454,0.39055895805358887
CH_L_293a,6-16,0,YAP,0.33995488,0.39055895805358887
CH_L_293a,6-17,0,YAP,0.36148837,0.39055895805358887
CH_L_293a,6-18,0,YAP,0.3266788,0.39055895805358887
CH_L_293a,7-13,0,YAP,0.36421943,0.3900381028652191
CH_L_293a,7-14,0,YAP,0.33040324,0.3900381028652191
CH_L_293a,7-15,0,YAP,0.3749462,0.3900381028652191
CH_L_293a,7-16,0,YAP,0.34952673,0.3900381028652191
CH_L_293a,7-17,0,YAP,0.35276937,0.3900381028652191
CH_L_293a,7-18,0,YAP,0.32164901,0.3900381028652191
CH_L_293a,8-14,0,YAP,0.40607265,0.3898913860321045
CH_L_293a,8-15,0,YAP,0.38657975,0.3898913860321045
CH_L_293a,8-16,0,YAP,0.3292899,0.3898913860321045
CH_L_293a,8-17,0,YAP,0.32780495,0.3898913860321045
CH_L_293a,8-18,0,YAP,0.43101862,0.3898913860321045
CH_L_293a,9-14,0,YAP,0.42362526,0.38999682664871216
CH_L_293a,9-15,0,YAP,0.40843335,0.38999682664871216
CH_L_293a,9-16,0,YAP,0.34434062,0.38999682664871216
CH_L_293a,9-17,0,YAP,0.34115034,0.38999682664871216
CH_L_293a,9-18,0,YAP,0.38681918,0.38999682664871216
CH_L_294a,10-10,2,YAP,0.53581625,0.37982311844825745
CH_L_294a,10-13,2,YAP,0.51623994,0.38092154264450073
CH_L_294a,10-9,2,YAP,0.53657883,0.3799367845058441
CH_L_294a,11-12,2,YAP,0.5350645,0.3814274072647095
CH_L_294a,11-13,2,YAP,0.501434,0.3814274072647095
CH_L_294a,6-10,2,YAP,0.5536108,0.3853670060634613
CH_L_294a,6-11,2,YAP,0.5549073,0.383414626121521
CH_L_294a,6-12,2,YAP,0.5394976,0.38252830505371094
CH_L_294a,6-13,2,YAP,0.54484904,0.38252830505371094
CH_L_294a,6-9,2,YAP,0.5489136,0.38530975580215454
CH_L_294a,7-10,2,YAP,0.5698231,0.3850144147872925
CH_L_294a,7-11,2,YAP,0.56469625,0.38316935300827026
CH_L_294a,7-12,2,YAP,0.5590395,0.382110059261322
CH_L_294a,7-13,2,YAP,0.5372721,0.382110059261322
CH_L_294a,7-9,2,YAP,0.5571591,0.38502854108810425
CH_L_294a,8-10,2,YAP,0.5679264,0.3846593201160431
CH_L_294a,8-11,2,YAP,0.5642877,0.3833891451358795
CH_L_294a,8-12,2,YAP,0.55126125,0.3830370008945465
CH_L_294a,8-13,2,YAP,0.5287511,0.3830370008945465
CH_L_294a,8-9,2,YAP,0.56372905,0.38463908433914185
CH_L_294a,9-10,2,YAP,0.53886986,0.3825725018978119
CH_L_294a,9-11,2,YAP,0.5301968,0.3813297748565674
CH_L_294a,9-12,2,YAP,0.533227,0.38127395510673523
CH_L_294a,9-13,2,YAP,0.5470909,0.38127395510673523
CH_L_294a,9-9,2,YAP,0.5472644,0.382988303899765
CH_L_295a,10-11,4,YAP,0.5063775,0.3831644058227539
CH_L_295a,10-12,4,YAP,0.4975311,0.3829881250858307
CH_L_295a,10-13,4,YAP,0.5027458,0.3829881250858307
CH_L_295a,10-14,4,YAP,0.4959001,0.3829881250858307
CH_L_295a,10-15,4,YAP,0.5125355,0.3829881250858307
CH_L_295a,11-10,4,YAP,0.4994925,0.3841318190097809
CH_L_295a,11-11,4,YAP,0.52935565,0.38147374987602234
CH_L_295a,11-13,4,YAP,0.53071284,0.38045117259025574
CH_L_295a,11-14,4,YAP,0.49285713,0.38045117259025574
CH_L_295a,12-10,4,YAP,0.562547,0.3842509686946869
CH_L_295a,12-15,4,YAP,0.49048555,0.37800827622413635
CH_L_295a,13-13,4,YAP,0.53342265,0.37800827622413635
CH_L_295a,13-14,4,YAP,0.5225389,0.37800827622413635
CH_L_295a,13-15,4,YAP,0.4881329,0.37800827622413635
CH_L_295a,9-11,4,YAP,0.5118642,0.3841404318809509
CH_L_295a,9-12,4,YAP,0.4874657,0.38440030813217163
CH_L_295a,9-13,4,YAP,0.48959902,0.38440030813217163
CH_L_295a,9-14,4,YAP,0.4922211,0.38440030813217163
CH_L_295a,9-15,4,YAP,0.501978,0.38440030813217163
CH_L_296a,10-10,4,YAP,0.5778465,0.3735223412513733
CH_L_296a,10-11,4,YAP,0.5947044,0.3735223412513733
CH_L_296a,10-12,4,YAP,0.5923935,0.3735223412513733
CH_L_296a,10-8,4,YAP,0.6125106,0.3735223412513733
CH_L_296a,10-9,4,YAP,0.57990605,0.3735223412513733
CH_L_296a,11-10,4,YAP,0.57566935,0.3735223412513733
CH_L_296a,11-11,4,YAP,0.5933655,0.3735223412513733
CH_L_296a,11-12,4,YAP,0.60070777,0.3735223412513733
CH_L_296a,11-8,4,YAP,0.61889523,0.3735223412513733
CH_L_296a,11-9,4,YAP,0.5861385,0.3735223412513733
CH_L_296a,7-10,4,YAP,0.5973972,0.37603870034217834
CH_L_296a,7-11,4,YAP,0.61655426,0.37603870034217834
CH_L_296a,7-12,4,YAP,0.6147612,0.37603870034217834
CH_L_296a,7-8,4,YAP,0.5649867,0.37603870034217834
CH_L_296a,7-9,4,YAP,0.592539,0.37603870034217834
CH_L_296a,8-10,4,YAP,0.6022983,0.3735223412513733
CH_L_296a,8-11,4,YAP,0.61400396,0.3735223412513733
CH_L_296a,8-12,4,YAP,0.6130784,0.3735223412513733
CH_L_296a,8-8,4,YAP,0.5770201,0.3735223412513733
CH_L_296a,8-9,4,YAP,0.591181,0.3735223412513733
CH_L_296a,9-10,4,YAP,0.5940454,0.3735223412513733
CH_L_296a,9-11,4,YAP,0.60337436,0.3735223412513733
CH_L_296a,9-8,4,YAP,0.5967396,0.3735223412513733
CH_L_296a,9-9,4,YAP,0.5712617,0.3735223412513733
CH_L_298a,10-3,0,YAP,0.3701114,0.3882129490375519
CH_L_298a,10-4,0,YAP,0.32485446,0.3881973624229431
CH_L_298a,10-5,0,YAP,0.4372449,0.3883988559246063
CH_L_298a,11-4,0,YAP,0.35222223,0.3881973624229431
CH_L_298a,11-5,0,YAP,0.45048323,0.3883988559246063
CH_L_298a,13-1,0,YAP,0.4199691,0.3881409466266632
CH_L_298a,13-3,0,YAP,0.397706,0.3882129490375519
CH_L_298a,14-1,0,YAP,0.43240312,0.3881409466266632
CH_L_298a,14-3,0,YAP,0.40579164,0.3882129490375519
CH_L_298a,14-4,0,YAP,0.4390342,0.3881973624229431
CH_L_298a,9-1,0,YAP,0.37721077,0.38808369636535645
CH_L_298a,9-2,0,YAP,0.38769177,0.3879898190498352
CH_L_298a,9-3,0,YAP,0.4201198,0.3881976902484894
CH_L_298a,9-4,0,YAP,0.32825583,0.38825783133506775
CH_L_298a,9-5,0,YAP,0.44570884,0.3883393108844757
CH_L_299a,4-10,4,YAP,0.40961716,0.3757992386817932
CH_L_299a,4-6,4,YAP,0.44960585,0.38163304328918457
CH_L_299a,4-7,4,YAP,0.42311564,0.3757168650627136
CH_L_299a,4-8,4,YAP,0.38951632,0.3757992386817932
CH_L_299a,4-9,4,YAP,0.36861682,0.3757992386817932
CH_L_299a,5-10,4,YAP,0.421942,0.3759036660194397
CH_L_299a,5-6,4,YAP,0.44056728,0.38103508949279785
CH_L_299a,5-7,4,YAP,0.39281383,0.3758012056350708
CH_L_299a,5-8,4,YAP,0.4024113,0.3759036660194397
CH_L_299a,5-9,4,YAP,0.37853947,0.3759036660194397
CH_L_299a,6-10,4,YAP,0.45583567,0.3740096390247345
CH_L_299a,6-7,4,YAP,0.40178934,0.37453633546829224
CH_L_299a,6-8,4,YAP,0.38614616,0.3740096390247345
CH_L_299a,6-9,4,YAP,0.42582548,0.3740096390247345
CH_L_299a,7-10,4,YAP,0.34090048,0.37967365980148315
CH_L_299a,7-7,4,YAP,0.34579173,0.3790694773197174
CH_L_299a,7-8,4,YAP,0.37491924,0.37967365980148315
CH_L_299a,7-9,4,YAP,0.42415434,0.37967365980148315
CH_L_299a,8-10,4,YAP,0.32787544,0.3866041302680969
CH_L_299a,8-6,4,YAP,0.41305548,0.37966933846473694
CH_L_299a,8-8,4,YAP,0.36477014,0.3866041302680969
CH_L_299a,8-9,4,YAP,0.35867944,0.3866041302680969
CH_L_299a,9-9,4,YAP,0.33987278,0.3866041302680969
CH_L_300a,4-12,2,YAP,0.5162459,0.381756454706192
CH_L_300a,5-13,2,YAP,0.492313,0.38229113817214966
CH_L_300a,5-14,2,YAP,0.4744968,0.38229113817214966
CH_L_300a,6-11,2,YAP,0.47013518,0.38211333751678467
CH_L_300a,7-10,2,YAP,0.45267946,0.38402923941612244
CH_L_300a,7-12,2,YAP,0.48035058,0.3825080692768097
CH_L_300a,7-13,2,YAP,0.45411333,0.3825080692768097
CH_L_300a,7-9,2,YAP,0.43357998,0.38523608446121216
CH_L_300a,8-14,2,YAP,0.48913535,0.38185206055641174
CH_L_300a,9-14,2,YAP,0.48132536,0.38118720054626465
CH_L_301a,10-10,2,YAP,0.40788326,0.38466861844062805
CH_L_301a,10-11,2,YAP,0.43288097,0.3847064971923828
CH_L_301a,10-12,2,YAP,0.45912412,0.3844694495201111
CH_L_301a,5-10,2,YAP,0.38169184,0.3871658444404602
CH_L_301a,5-12,2,YAP,0.41797438,0.3870154321193695
CH_L_301a,5-13,2,YAP,0.39678445,0.385303258895874
CH_L_301a,5-14,2,YAP,0.38912398,0.385303258895874
CH_L_301a,5-15,2,YAP,0.3812686,0.385303258895874
CH_L_301a,6-10,2,YAP,0.39751667,0.38713207840919495
CH_L_301a,6-11,2,YAP,0.42121837,0.38835686445236206
CH_L_301a,6-13,2,YAP,0.40550503,0.3847144842147827
CH_L_301a,6-14,2,YAP,0.41189647,0.3847144842147827
CH_L_301a,6-15,2,YAP,0.4062093,0.3847144842147827
CH_L_301a,7-10,2,YAP,0.41806003,0.3874168395996094
CH_L_301a,7-11,2,YAP,0.4335563,0.38781970739364624
CH_L_301a,7-12,2,YAP,0.4018523,0.38605719804763794
CH_L_301a,7-13,2,YAP,0.3965758,0.3845575749874115
CH_L_301a,7-14,2,YAP,0.39489964,0.3845575749874115
CH_L_301a,7-15,2,YAP,0.42051408,0.3845575749874115
CH_L_301a,8-10,2,YAP,0.40827313,0.38757768273353577
CH_L_301a,8-11,2,YAP,0.41576234,0.38765543699264526
CH_L_301a,8-12,2,YAP,0.39883274,0.38609740138053894
CH_L_301a,8-13,2,YAP,0.39778772,0.3847219944000244
CH_L_301a,8-14,2,YAP,0.3934391,0.3847219944000244
CH_L_301a,8-15,2,YAP,0.42104506,0.3847219944000244
CH_L_301a,9-10,2,YAP,0.39602548,0.3862246870994568
CH_L_301a,9-11,2,YAP,0.39064127,0.38683292269706726
CH_L_301a,9-12,2,YAP,0.39770436,0.38489198684692383
CH_L_301a,9-13,2,YAP,0.4174891,0.3839396834373474
CH_L_301a,9-14,2,YAP,0.41746715,0.3839396834373474
CH_L_301a,9-15,2,YAP,0.42843124,0.3839396834373474
CH_L_302a,10-15,0,YAP,0.36945862,0.3912181556224823
CH_L_302a,10-16,0,YAP,0.36443982,0.3912181556224823
CH_L_302a,10-17,0,YAP,0.44402084,0.3912181556224823
CH_L_302a,10-18,0,YAP,0.37401474,0.3912181556224823
CH_L_302a,10-19,0,YAP,0.3804118,0.3912181556224823
CH_L_302a,5-15,0,YAP,0.3959023,0.3938606083393097
CH_L_302a,5-16,0,YAP,0.393853,0.3938606083393097
CH_L_302a,5-17,0,YAP,0.38305196,0.3938606083393097
CH_L_302a,5-18,0,YAP,0.36725664,0.3938606083393097
CH_L_302a,5-19,0,YAP,0.31414953,0.3938606083393097
CH_L_302a,5-20,0,YAP,0.32968763,0.3938606083393097
CH_L_302a,6-15,0,YAP,0.35045308,0.39279642701148987
CH_L_302a,6-16,0,YAP,0.35337293,0.39279642701148987
CH_L_302a,6-17,0,YAP,0.3522113,0.39279642701148987
CH_L_302a,6-18,0,YAP,0.35268047,0.39279642701148987
CH_L_302a,6-19,0,YAP,0.35822663,0.39279642701148987
CH_L_302a,6-20,0,YAP,0.3498552,0.39279642701148987
CH_L_302a,7-15,0,YAP,0.34707898,0.39218026399612427
CH_L_302a,7-16,0,YAP,0.34868836,0.39218026399612427
CH_L_302a,7-17,0,YAP,0.38955483,0.39218026399612427
CH_L_302a,7-18,0,YAP,0.35974866,0.39218026399612427
CH_L_302a,7-19,0,YAP,0.36706302,0.39218026399612427
CH_L_302a,7-20,0,YAP,0.3511673,0.39218026399612427
CH_L_302a,8-15,0,YAP,0.37830073,0.3923143446445465
CH_L_302a,8-16,0,YAP,0.3264987,0.3923143446445465
CH_L_302a,8-17,0,YAP,0.30906257,0.3923143446445465
CH_L_302a,8-18,0,YAP,0.32002464,0.3923143446445465
CH_L_302a,8-19,0,YAP,0.36057913,0.3923143446445465
CH_L_302a,8-20,0,YAP,0.37983704,0.3923143446445465
CH_L_302a,9-15,0,YAP,0.3357798,0.3914085626602173
CH_L_302a,9-16,0,YAP,0.3438077,0.3914085626602173
CH_L_302a,9-18,0,YAP,0.32899734,0.3914085626602173
CH_L_302a,9-19,0,YAP,0.35470456,0.3914085626602173
CH_L_303a,10-5,2,YAP,0.33064193,0.3870960772037506
CH_L_303a,10-9,2,YAP,0.35094017,0.3880314528942108
CH_L_303a,5-5,2,YAP,0.40424764,0.38721606135368347
CH_L_303a,5-6,2,YAP,0.38534364,0.3881794214248657
CH_L_303a,5-7,2,YAP,0.3771806,0.388092577457428
CH_L_303a,5-8,2,YAP,0.2970797,0.3882119059562683
CH_L_303a,6-5,2,YAP,0.35768843,0.3880608379840851
CH_L_303a,6-7,2,YAP,0.343425,0.38849499821662903
CH_L_303a,6-8,2,YAP,0.3153388,0.38828739523887634
CH_L_303a,6-9,2,YAP,0.31616303,0.38815203309059143
CH_L_303a,7-5,2,YAP,0.33818874,0.3880329430103302
CH_L_303a,7-6,2,YAP,0.36798114,0.3878571391105652
CH_L_303a,7-7,2,YAP,0.35415247,0.3886212110519409
CH_L_303a,7-8,2,YAP,0.34368804,0.387661874294281
CH_L_303a,8-5,2,YAP,0.31007883,0.38768270611763
CH_L_303a,8-6,2,YAP,0.3303935,0.38764891028404236
CH_L_303a,8-7,2,YAP,0.36065632,0.3883027732372284
CH_L_303a,8-8,2,YAP,0.37648684,0.38767892122268677
CH_L_303a,8-9,2,YAP,0.38360307,0.38818004727363586
CH_L_303a,9-6,2,YAP,0.31253347,0.38831695914268494
CH_L_303a,9-9,2,YAP,0.37054616,0.388091117143631
CH_L_305a,10-10,0,YAP,0.41455144,0.39326047897338867
CH_L_305a,10-11,0,YAP,0.4221305,0.39333584904670715
CH_L_305a,10-12,0,YAP,0.4022997,0.393838495016098
CH_L_305a,10-7,0,YAP,0.5382526,0.3931902050971985
CH_L_305a,10-8,0,YAP,0.5192925,0.3932163417339325
CH_L_305a,10-9,0,YAP,0.431042,0.39310380816459656
CH_L_305a,11-10,0,YAP,0.42539546,0.39323869347572327
CH_L_305a,11-11,0,YAP,0.4413877,0.3932824432849884
CH_L_305a,11-12,0,YAP,0.42204008,0.3938627243041992
CH_L_305a,11-7,0,YAP,0.5396253,0.39318111538887024
CH_L_305a,11-8,0,YAP,0.5195368,0.39317241311073303
CH_L_305a,11-9,0,YAP,0.44773027,0.3931425213813782
CH_L_305a,12-11,0,YAP,0.3913702,0.39333057403564453
CH_L_305a,7-10,0,YAP,0.41272464,0.39334943890571594
CH_L_305a,7-11,0,YAP,0.40349346,0.39345404505729675
CH_L_305a,7-12,0,YAP,0.41352636,0.393967866897583
CH_L_305a,7-8,0,YAP,0.50797945,0.39305058121681213
CH_L_305a,7-9,0,YAP,0.3973078,0.39314156770706177
CH_L_305a,8-10,0,YAP,0.38450554,0.39337024092674255
CH_L_305a,8-11,0,YAP,0.39270097,0.3934642970561981
CH_L_305a,8-12,0,YAP,0.40944192,0.3938691020011902
CH_L_305a,8-8,0,YAP,0.5153764,0.39323148131370544
CH_L_305a,8-9,0,YAP,0.4614645,0.393314927816391
CH_L_305a,9-10,0,YAP,0.38384458,0.3931843638420105
CH_L_305a,9-11,0,YAP,0.42158446,0.3933383822441101
CH_L_305a,9-12,0,YAP,0.43234405,0.39387160539627075
CH_L_305a,9-8,0,YAP,0.51287705,0.39316481351852417
CH_L_305a,9-9,0,YAP,0.41677123,0.39318710565567017
CH_L_306a,3-16,4,YAP,0.48831034,0.3951384127140045
CH_L_306a,3-17,4,YAP,0.48783013,0.3951384127140045
CH_L_306a,3-18,4,YAP,0.49177125,0.3951384127140045
CH_L_306a,3-19,4,YAP,0.48034418,0.3951384127140045
CH_L_306a,4-19,4,YAP,0.47005433,0.3944871723651886
CH_L_306a,4-20,4,YAP,0.4974436,0.3944871723651886
CH_L_306a,5-20,4,YAP,0.50541496,0.3945847749710083
CH_L_306a,6-17,4,YAP,0.4648474,0.39624103903770447
CH_L_306a,6-18,4,YAP,0.4850887,0.39624103903770447
CH_L_306a,6-19,4,YAP,0.5222495,0.39624103903770447
CH_L_306a,6-20,4,YAP,0.52993524,0.39624103903770447
CH_L_306a,7-19,4,YAP,0.534227,0.3954659104347229
CH_L_306b,10-17,1,YAP,0.52016443,0.39780837297439575
CH_L_306b,10-18,1,YAP,0.50285995,0.39780837297439575
CH_L_306b,10-19,1,YAP,0.52187353,0.39780837297439575
CH_L_306b,10-20,1,YAP,0.5655306,0.39780837297439575
CH_L_306b,11-19,1,YAP,0.52617615,0.3982803225517273
CH_L_306b,11-20,1,YAP,0.5289987,0.3982803225517273
CH_L_306b,6-16,1,YAP,0.5271041,0.3984610140323639
CH_L_306b,6-17,1,YAP,0.535615,0.3984610140323639
CH_L_306b,7-16,1,YAP,0.5249421,0.39813610911369324
CH_L_306b,7-17,1,YAP,0.5231241,0.39813610911369324
CH_L_306b,7-19,1,YAP,0.5107551,0.39813610911369324
CH_L_306b,7-20,1,YAP,0.465043,0.39813610911369324
CH_L_306b,8-16,1,YAP,0.5275409,0.3983961343765259
CH_L_306b,8-17,1,YAP,0.5226691,0.3983961343765259
CH_L_306b,8-18,1,YAP,0.5165806,0.3983961343765259
CH_L_306b,8-19,1,YAP,0.4915036,0.3983961343765259
CH_L_306b,8-20,1,YAP,0.4845583,0.3983961343765259
CH_L_306b,9-16,1,YAP,0.5214516,0.39796677231788635
CH_L_306b,9-17,1,YAP,0.5227727,0.39796677231788635
CH_L_306b,9-18,1,YAP,0.52632993,0.39796677231788635
CH_L_306b,9-19,1,YAP,0.5208243,0.39796677231788635
CH_L_306b,9-20,1,YAP,0.55280125,0.39796677231788635
CH_L_307a,3-15,1,YAP,0.47083396,0.3985136151313782
CH_L_307a,3-16,1,YAP,0.46465653,0.39853745698928833
CH_L_307a,3-17,1,YAP,0.45489466,0.39853745698928833
CH_L_307a,4-16,1,YAP,0.3980837,0.39842933416366577
CH_L_307a,4-17,1,YAP,0.40019628,0.39842933416366577
CH_L_307a,4-18,1,YAP,0.42236188,0.39842933416366577
CH_L_307a,5-15,1,YAP,0.43590772,0.39826011657714844
CH_L_307a,5-16,1,YAP,0.34806412,0.39824652671813965
CH_L_307a,5-17,1,YAP,0.35251576,0.39824652671813965
CH_L_307a,5-18,1,YAP,0.34238443,0.39824652671813965
CH_L_307a,6-15,1,YAP,0.40270194,0.3983127772808075
CH_L_307a,6-16,1,YAP,0.32516977,0.3983127772808075
CH_L_307a,6-17,1,YAP,0.34677085,0.3983127772808075
CH_L_307a,6-18,1,YAP,0.35125312,0.3983127772808075
CH_L_307a,7-14,1,YAP,0.30413288,0.39693474769592285
CH_L_307a,7-15,1,YAP,0.35073668,0.39838552474975586
CH_L_307a,7-16,1,YAP,0.3618427,0.39840808510780334
CH_L_307a,7-17,1,YAP,0.33784908,0.39840808510780334
CH_L_307a,7-18,1,YAP,0.36229965,0.39840808510780334
CH_L_307a,8-14,1,YAP,0.31740886,0.39646831154823303
CH_L_307a,8-15,1,YAP,0.3260513,0.39854633808135986
CH_L_307a,8-16,1,YAP,0.3282109,0.3985518515110016
CH_L_307a,8-17,1,YAP,0.38702235,0.3985518515110016
CH_L_307a,8-18,1,YAP,0.40475354,0.3985518515110016
CH_L_308a,10-7,3,YAP,0.42361513,0.39902421832084656
CH_L_308a,10-8,3,YAP,0.44039384,0.3975396752357483
CH_L_308a,10-9,3,YAP,0.47280312,0.39766955375671387
CH_L_308a,11-10,3,YAP,0.4255512,0.39775699377059937
CH_L_308a,11-11,3,YAP,0.42956161,0.39807364344596863
CH_L_308a,6-10,3,YAP,0.39804447,0.39798659086227417
CH_L_308a,6-11,3,YAP,0.39395005,0.3981359302997589
CH_L_308a,6-12,3,YAP,0.41977695,0.39814522862434387
CH_L_308a,6-7,3,YAP,0.41007832,0.3996703326702118
CH_L_308a,6-8,3,YAP,0.38623,0.398348867893219
CH_L_308a,6-9,3,YAP,0.4230247,0.3975643813610077
CH_L_308a,7-10,3,YAP,0.3827894,0.39782238006591797
CH_L_308a,7-11,3,YAP,0.42290384,0.39810463786125183
CH_L_308a,7-12,3,YAP,0.42472643,0.398194283246994
CH_L_308a,7-7,3,YAP,0.3943992,0.39916956424713135
CH_L_308a,7-8,3,YAP,0.40636608,0.3978329300880432
CH_L_308a,7-9,3,YAP,0.3739895,0.3976720869541168
CH_L_308a,8-10,3,YAP,0.38467273,0.39787909388542175
CH_L_308a,8-11,3,YAP,0.4147309,0.3978617489337921
CH_L_308a,8-12,3,YAP,0.42048058,0.3978714644908905
CH_L_308a,8-7,3,YAP,0.4129086,0.39963337779045105
CH_L_308a,8-8,3,YAP,0.4068514,0.3977511525154114
CH_L_308a,8-9,3,YAP,0.41239867,0.3976695239543915
CH_L_308a,9-12,3,YAP,0.43434885,0.3978758752346039
CH_L_308a,9-7,3,YAP,0.42616212,0.39965352416038513
CH_L_308a,9-8,3,YAP,0.41565603,0.39779233932495117
CH_L_308a,9-9,3,YAP,0.45027348,0.3974305987358093
CH_L_309a,10-10,1,YAP,0.40591845,0.39577847719192505
CH_L_309a,10-11,1,YAP,0.42799422,0.3957807719707489
CH_L_309a,10-12,1,YAP,0.41244435,0.3957807719707489
CH_L_309a,6-10,1,YAP,0.32034448,0.394567608833313
CH_L_309a,6-11,1,YAP,0.33534306,0.3948669135570526
CH_L_309a,6-12,1,YAP,0.32254618,0.3948669135570526
CH_L_309a,6-13,1,YAP,0.32112592,0.3948669135570526
CH_L_309a,7-10,1,YAP,0.32223463,0.3945845067501068
CH_L_309a,7-11,1,YAP,0.3203442,0.39491966366767883
CH_L_309a,7-12,1,YAP,0.31216872,0.39491966366767883
CH_L_309a,7-13,1,YAP,0.30981866,0.39491966366767883
CH_L_309a,8-10,1,YAP,0.323132,0.39485055208206177
CH_L_309a,8-11,1,YAP,0.32396752,0.3951825201511383
CH_L_309a,8-12,1,YAP,0.3421733,0.3951825201511383
CH_L_309a,8-13,1,YAP,0.36399367,0.3951825201511383
CH_L_309a,8-9,1,YAP,0.31504324,0.39385926723480225
CH_L_309a,9-10,1,YAP,0.3268507,0.3946886360645294
CH_L_309a,9-11,1,YAP,0.33392167,0.39481353759765625
CH_L_309a,9-12,1,YAP,0.39326286,0.39481353759765625
CH_L_309a,9-9,1,YAP,0.351128,0.3940070867538452
CH_L_310a,4-10,1,YAP,0.42563125,0.39843595027923584
CH_L_310a,4-11,1,YAP,0.41137075,0.39863070845603943
CH_L_310a,4-12,1,YAP,0.39981437,0.3974204659461975
CH_L_310a,4-14,1,YAP,0.3785974,0.39709460735321045
CH_L_310a,5-10,1,YAP,0.37390766,0.39835283160209656
CH_L_310a,5-11,1,YAP,0.37569147,0.3980952799320221
CH_L_310a,5-12,1,YAP,0.35661373,0.3971630036830902
CH_L_310a,5-13,1,YAP,0.33377653,0.39714765548706055
CH_L_310a,5-14,1,YAP,0.367048,0.39714765548706055
CH_L_310a,6-13,1,YAP,0.34362626,0.39693209528923035
CH_L_310a,6-14,1,YAP,0.32142276,0.39693209528923035
CH_L_310a,7-13,1,YAP,0.3608526,0.39736175537109375
CH_L_310a,7-14,1,YAP,0.33725324,0.39736175537109375
CH_L_310a,9-10,1,YAP,0.4191815,0.39829787611961365
CH_L_310a,9-14,1,YAP,0.3891801,0.3972587585449219
CH_L_311a,10-11,0,YAP,0.30508333,0.3896780014038086
CH_L_311a,10-12,0,YAP,0.3111047,0.39086753129959106
CH_L_311a,10-13,0,YAP,0.2800682,0.39145800471305847
CH_L_311a,10-14,0,YAP,0.28271532,0.39145800471305847
CH_L_311a,10-15,0,YAP,0.30999964,0.39145800471305847
CH_L_311a,11-11,0,YAP,0.27900422,0.39004257321357727
CH_L_311a,11-12,0,YAP,0.27353114,0.3903619647026062
CH_L_311a,11-13,0,YAP,0.2894416,0.39058253169059753
CH_L_311a,11-14,0,YAP,0.28598952,0.39058253169059753
CH_L_311a,11-15,0,YAP,0.28299317,0.39058253169059753
CH_L_311a,12-11,0,YAP,0.3501059,0.39134886860847473
CH_L_311a,12-12,0,YAP,0.2679792,0.39058807492256165
CH_L_311a,12-13,0,YAP,0.26960343,0.39038828015327454
CH_L_311a,12-14,0,YAP,0.25997534,0.39038828015327454
CH_L_311a,7-15,0,YAP,0.5308133,0.3912777602672577
CH_L_311a,8-11,0,YAP,0.32084367,0.39008674025535583
CH_L_311a,8-12,0,YAP,0.34459296,0.3905130624771118
CH_L_311a,8-13,0,YAP,0.3924186,0.3909410238265991
CH_L_311a,8-14,0,YAP,0.3932053,0.3909410238265991
CH_L_311a,8-15,0,YAP,0.39675778,0.3909410238265991
CH_L_311a,9-11,0,YAP,0.312177,0.38926661014556885
CH_L_311a,9-12,0,YAP,0.32153094,0.3909851312637329
CH_L_311a,9-13,0,YAP,0.30955023,0.3914523422718048
CH_L_311a,9-14,0,YAP,0.30596182,0.3914523422718048
CH_L_311a,9-15,0,YAP,0.3213148,0.3914523422718048
CH_L_312a,10-10,2,YAP,0.33613536,0.3813176155090332
CH_L_312a,10-11,2,YAP,0.35251835,0.3813176155090332
CH_L_312a,10-7,2,YAP,0.31292722,0.37807711958885193
CH_L_312a,10-8,2,YAP,0.31136137,0.38021212816238403
CH_L_312a,10-9,2,YAP,0.30793566,0.3813176155090332
CH_L_312a,11-11,2,YAP,0.44927222,0.3813176155090332
CH_L_312a,6-11,2,YAP,0.37580624,0.37857651710510254
CH_L_312a,6-8,2,YAP,0.30413565,0.37844833731651306
CH_L_312a,7-10,2,YAP,0.310413,0.378339946269989
CH_L_312a,7-8,2,YAP,0.33025727,0.3782801330089569
CH_L_312a,7-9,2,YAP,0.31623605,0.378339946269989
CH_L_312a,8-10,2,YAP,0.31727362,0.38025766611099243
CH_L_312a,8-8,2,YAP,0.3074621,0.3795417547225952
CH_L_312a,8-9,2,YAP,0.32027873,0.38025766611099243
CH_L_312a,9-10,2,YAP,0.3195262,0.3813176155090332
CH_L_312a,9-11,2,YAP,0.33825365,0.3813176155090332
CH_L_312a,9-7,2,YAP,0.30006373,0.37807711958885193
CH_L_312a,9-8,2,YAP,0.31147566,0.38021212816238403
CH_L_312a,9-9,2,YAP,0.32148752,0.3813176155090332
CH_L_313a,4-6,4,YAP,0.30181283,0.38196808099746704
CH_L_313a,6-7,4,YAP,0.34878424,0.3749709725379944
CH_L_313a,7-5,4,YAP,0.3571602,0.37573158740997314
CH_L_313a,7-6,4,YAP,0.3315542,0.3745470941066742
CH_L_313a,8-4,4,YAP,0.3214004,0.37460818886756897
CH_L_313a,8-7,4,YAP,0.35162425,0.3734101355075836
CH_L_314a,5-18,2,YAP,0.48022926,0.38474154472351074
CH_L_314a,5-19,2,YAP,0.47431424,0.38474154472351074
CH_L_314a,5-20,2,YAP,0.44587344,0.38474154472351074
CH_L_314a,5-22,2,YAP,0.4335846,0.38474154472351074
CH_L_314a,5-23,2,YAP,0.4208485,0.38474154472351074
CH_L_314a,6-18,2,YAP,0.4487371,0.3846534490585327
CH_L_314a,6-19,2,YAP,0.39028037,0.3846534490585327
CH_L_314a,6-20,2,YAP,0.39438778,0.3846534490585327
CH_L_314a,6-21,2,YAP,0.3747212,0.3846534490585327
CH_L_314a,6-22,2,YAP,0.33248356,0.3846534490585327
CH_L_314a,6-23,2,YAP,0.32720265,0.3846534490585327
CH_L_314a,7-18,2,YAP,0.34547368,0.38490813970565796
CH_L_314a,7-19,2,YAP,0.342191,0.38490813970565796
CH_L_314a,7-22,2,YAP,0.38383535,0.38490813970565796
CH_L_314a,7-23,2,YAP,0.3357702,0.38490813970565796
CH_L_314a,8-18,2,YAP,0.3363831,0.38481390476226807
CH_L_314a,8-19,2,YAP,0.34209836,0.38481390476226807
CH_L_314a,8-22,2,YAP,0.36094585,0.38481390476226807
CH_L_314a,8-23,2,YAP,0.3231893,0.38481390476226807
CH_L_314a,9-18,2,YAP,0.37731853,0.38450735807418823
CH_L_314a,9-19,2,YAP,0.37005335,0.38450735807418823
CH_L_314a,9-23,2,YAP,0.35481298,0.38450735807418823
CH_L_315a,5-10,0,YAP,0.37645394,0.3877989649772644
CH_L_315a,5-5,0,YAP,0.4364112,0.38705626130104065
CH_L_315a,5-7,0,YAP,0.36390686,0.3877033591270447
CH_L_315a,5-8,0,YAP,0.37284005,0.3877989649772644
CH_L_315a,5-9,0,YAP,0.37663785,0.3877989649772644
CH_L_315a,6-10,0,YAP,0.3294539,0.3880731463432312
CH_L_315a,6-5,0,YAP,0.4248779,0.3870271146297455
CH_L_315a,6-7,0,YAP,0.32477012,0.3877992033958435
CH_L_315a,6-8,0,YAP,0.3210891,0.3880731463432312
CH_L_315a,6-9,0,YAP,0.33403885,0.3880731463432312
CH_L_315a,7-5,0,YAP,0.3994895,0.387529194355011
CH_L_315a,7-6,0,YAP,0.3315531,0.3875618577003479
CH_L_315a,7-7,0,YAP,0.30895078,0.3876602351665497
CH_L_315a,7-8,0,YAP,0.3191532,0.3879510760307312
CH_L_315a,7-9,0,YAP,0.33870998,0.3879510760307312
CH_L_315a,8-5,0,YAP,0.37881646,0.3875722587108612
CH_L_315a,8-6,0,YAP,0.34447408,0.38770198822021484
CH_L_315a,8-7,0,YAP,0.33266798,0.38779473304748535
CH_L_315a,8-8,0,YAP,0.35648242,0.3884027600288391
CH_L_315a,8-9,0,YAP,0.36937,0.3884027600288391
CH_L_315a,9-5,0,YAP,0.29810643,0.3875722587108612
CH_L_315a,9-8,0,YAP,0.37749696,0.3884027600288391
CH_L_315a,9-9,0,YAP,0.4054209,0.3884027600288391
CH_L_317a,10-3,0,YAP,0.37971115,0.38858848810195923
CH_L_317a,10-4,0,YAP,0.3849217,0.38817739486694336
CH_L_317a,10-5,0,YAP,0.36975482,0.38860511779785156
CH_L_317a,10-6,0,YAP,0.39351022,0.3885451853275299
CH_L_317a,10-7,0,YAP,0.37117684,0.38824254274368286
CH_L_317a,10-8,0,YAP,0.40350446,0.38840121030807495
CH_L_317a,11-3,0,YAP,0.42293254,0.38858848810195923
CH_L_317a,11-4,0,YAP,0.40555155,0.38817739486694336
CH_L_317a,11-5,0,YAP,0.38450113,0.38860511779785156
CH_L_317a,11-6,0,YAP,0.42647874,0.3885451853275299
CH_L_317a,11-7,0,YAP,0.4421957,0.38824254274368286
CH_L_317a,6-4,0,YAP,0.44239348,0.3892839848995209
CH_L_317a,6-5,0,YAP,0.4451273,0.38914549350738525
CH_L_317a,6-6,0,YAP,0.4398705,0.3887443542480469
CH_L_317a,7-3,0,YAP,0.40579122,0.38926711678504944
CH_L_317a,7-4,0,YAP,0.44658408,0.38992878794670105
CH_L_317a,7-5,0,YAP,0.41444084,0.3886718451976776
CH_L_317a,7-6,0,YAP,0.38749212,0.3881913125514984
CH_L_317a,8-3,0,YAP,0.3924959,0.3887723982334137
CH_L_317a,8-4,0,YAP,0.42112115,0.388622909784317
CH_L_317a,8-5,0,YAP,0.3984962,0.3876514434814453
CH_L_317a,8-6,0,YAP,0.38759035,0.3876579999923706
CH_L_317a,9-3,0,YAP,0.3641262,0.38853025436401367
CH_L_317a,9-4,0,YAP,0.36383653,0.3883135914802551
CH_L_317a,9-5,0,YAP,0.38752767,0.38852930068969727
CH_L_317a,9-6,0,YAP,0.3903259,0.3884205222129822
CH_L_317a,9-7,0,YAP,0.35574245,0.3882006108760834
CH_L_317a,9-8,0,YAP,0.3641745,0.3881646990776062
CH_L_318a,10-18,3,YAP,0.3723602,0.3994680345058441
CH_L_318a,10-19,3,YAP,0.3537863,0.3994680345058441
CH_L_318a,10-20,3,YAP,0.391894,0.3994680345058441
CH_L_318a,10-21,3,YAP,0.3404484,0.3994680345058441
CH_L_318a,10-22,3,YAP,0.30654958,0.3994680345058441
CH_L_318a,10-23,3,YAP,0.2774658,0.3994680345058441
CH_L_318a,5-19,3,YAP,0.38622022,0.3996703028678894
CH_L_318a,5-20,3,YAP,0.35840756,0.3996703028678894
CH_L_318a,5-21,3,YAP,0.32125568,0.3996703028678894
CH_L_318a,5-22,3,YAP,0.3344102,0.3996703028678894
CH_L_318a,6-18,3,YAP,0.33540446,0.3999505937099457
CH_L_318a,6-19,3,YAP,0.3249749,0.3999505937099457
CH_L_318a,6-20,3,YAP,0.3312645,0.3999505937099457
CH_L_318a,6-21,3,YAP,0.32508585,0.3999505937099457
CH_L_318a,6-22,3,YAP,0.3187053,0.3999505937099457
CH_L_318a,6-23,3,YAP,0.38681227,0.3999505937099457
CH_L_318a,7-18,3,YAP,0.3095868,0.3999325931072235
CH_L_318a,7-19,3,YAP,0.32682884,0.3999325931072235
CH_L_318a,7-20,3,YAP,0.32637405,0.3999325931072235
CH_L_318a,7-21,3,YAP,0.32763964,0.3999325931072235
CH_L_318a,7-22,3,YAP,0.3286776,0.3999325931072235
CH_L_318a,7-23,3,YAP,0.31296748,0.3999325931072235
CH_L_318a,8-18,3,YAP,0.32328984,0.40032121539115906
CH_L_318a,8-19,3,YAP,0.33518407,0.40032121539115906
CH_L_318a,8-20,3,YAP,0.33595434,0.40032121539115906
CH_L_318a,8-21,3,YAP,0.33989134,0.40032121539115906
CH_L_318a,8-22,3,YAP,0.35813826,0.40032121539115906
CH_L_318a,8-23,3,YAP,0.3182974,0.40032121539115906
CH_L_318a,9-18,3,YAP,0.3443743,0.39989790320396423
CH_L_318a,9-19,3,YAP,0.3419983,0.39989790320396423
CH_L_318a,9-20,3,YAP,0.34651133,0.39989790320396423
CH_L_318a,9-21,3,YAP,0.36463636,0.39989790320396423
CH_L_318a,9-22,3,YAP,0.3414431,0.39989790320396423
CH_L_318a,9-23,3,YAP,0.30024627,0.39989790320396423
CH_L_319a,4-14,1,YAP,0.32299283,0.39671212434768677
CH_L_319a,4-15,1,YAP,0.30784282,0.39671212434768677
CH_L_319a,4-16,1,YAP,0.32075194,0.39671212434768677
CH_L_319a,4-17,1,YAP,0.32522023,0.39671212434768677
CH_L_319a,5-14,1,YAP,0.3168978,0.3968154191970825
CH_L_319a,5-15,1,YAP,0.31269804,0.3968154191970825
CH_L_319a,5-16,1,YAP,0.32703304,0.3968154191970825
CH_L_319a,5-17,1,YAP,0.3399122,0.3968154191970825
CH_L_319a,5-18,1,YAP,0.33951735,0.3968154191970825
CH_L_319a,6-14,1,YAP,0.32040453,0.3966792821884155
CH_L_319a,6-15,1,YAP,0.32419667,0.3966792821884155
CH_L_319a,6-16,1,YAP,0.33193782,0.3966792821884155
CH_L_319a,6-17,1,YAP,0.3111193,0.3966792821884155
CH_L_319a,6-18,1,YAP,0.3650635,0.3966792821884155
CH_L_319a,7-14,1,YAP,0.31925535,0.3971800208091736
CH_L_319a,7-15,1,YAP,0.3402344,0.3971800208091736
CH_L_319a,7-16,1,YAP,0.32441613,0.3971800208091736
CH_L_319a,7-17,1,YAP,0.34322035,0.3971800208091736
CH_L_319a,7-18,1,YAP,0.38900208,0.3971800208091736
CH_L_319a,8-14,1,YAP,0.4207433,0.3966781795024872
CH_L_319a,8-15,1,YAP,0.39570603,0.3966781795024872
CH_L_319a,8-16,1,YAP,0.42690048,0.3966781795024872
CH_L_319a,9-15,1,YAP,0.41787058,0.3966500461101532
CH_L_320a,10-11,3,YAP,0.3839542,0.39086732268333435
CH_L_320a,10-12,3,YAP,0.33803776,0.39086732268333435
CH_L_320a,10-13,3,YAP,0.34263536,0.39086732268333435
CH_L_320a,10-14,3,YAP,0.28400287,0.39086732268333435
CH_L_320a,10-15,3,YAP,0.31649053,0.39086732268333435
CH_L_320a,6-11,3,YAP,0.29998717,0.39130857586860657
CH_L_320a,6-12,3,YAP,0.34426856,0.39130857586860657
CH_L_320a,6-13,3,YAP,0.42072043,0.39130857586860657
CH_L_320a,6-14,3,YAP,0.4443788,0.39130857586860657
CH_L_320a,6-15,3,YAP,0.46125716,0.39130857586860657
CH_L_320a,7-13,3,YAP,0.35808837,0.39146512746810913
CH_L_320a,7-15,3,YAP,0.4047694,0.39146512746810913
CH_L_320a,7-16,3,YAP,0.42260677,0.39146512746810913
CH_L_320a,8-12,3,YAP,0.30104974,0.3913409113883972
CH_L_320a,8-14,3,YAP,0.34057698,0.3913409113883972
CH_L_320a,8-15,3,YAP,0.31392324,0.3913409113883972
CH_L_320a,8-16,3,YAP,0.32634568,0.3913409113883972
CH_L_320a,9-11,3,YAP,0.33471453,0.39129555225372314
CH_L_320a,9-12,3,YAP,0.369317,0.39129555225372314
CH_L_320a,9-13,3,YAP,0.33615208,0.39129555225372314
CH_L_320a,9-14,3,YAP,0.27030882,0.39129555225372314
CH_L_320a,9-15,3,YAP,0.3181411,0.39129555225372314
CH_L_320a,9-16,3,YAP,0.2755553,0.39129555225372314
CH_L_321a,10-10,0,YAP,0.3764539,0.38905954360961914
CH_L_321a,10-11,0,YAP,0.39122966,0.38967618346214294
CH_L_321a,10-12,0,YAP,0.39351842,0.3897511661052704
CH_L_321a,10-13,0,YAP,0.36318347,0.3897511661052704
CH_L_321a,10-14,0,YAP,0.3634855,0.3897511661052704
CH_L_321a,10-9,0,YAP,0.3815442,0.38999059796333313
CH_L_321a,5-10,0,YAP,0.50131774,0.3896227478981018
CH_L_321a,5-11,0,YAP,0.39272493,0.3911328613758087
CH_L_321a,5-12,0,YAP,0.35270384,0.39143243432044983
CH_L_321a,5-13,0,YAP,0.37557414,0.39143243432044983
CH_L_321a,5-9,0,YAP,0.50169915,0.38968807458877563
CH_L_321a,6-10,0,YAP,0.34930924,0.3894200623035431
CH_L_321a,6-11,0,YAP,0.36330956,0.3918256163597107
CH_L_321a,6-12,0,YAP,0.3208149,0.3921585977077484
CH_L_321a,6-13,0,YAP,0.3255429,0.3921585977077484
CH_L_321a,6-9,0,YAP,0.45021078,0.3892727494239807
CH_L_321a,7-10,0,YAP,0.31010544,0.3892315626144409
CH_L_321a,7-11,0,YAP,0.3348569,0.39067888259887695
CH_L_321a,7-12,0,YAP,0.33518356,0.39096713066101074
CH_L_321a,7-13,0,YAP,0.31287763,0.39096713066101074
CH_L_321a,7-14,0,YAP,0.29704064,0.39096713066101074
CH_L_321a,7-9,0,YAP,0.33732614,0.3892306685447693
CH_L_321a,8-10,0,YAP,0.32331008,0.3893381655216217
CH_L_321a,8-11,0,YAP,0.32481667,0.39107823371887207
CH_L_321a,8-12,0,YAP,0.33628306,0.3912993371486664
CH_L_321a,8-13,0,YAP,0.31384653,0.3912993371486664
CH_L_321a,8-14,0,YAP,0.30507693,0.3912993371486664
CH_L_321a,8-9,0,YAP,0.32051635,0.389453649520874
CH_L_321a,9-10,0,YAP,0.35673556,0.38932833075523376
CH_L_321a,9-11,0,YAP,0.33800757,0.3901805877685547
CH_L_321a,9-12,0,YAP,0.34621778,0.3903615474700928
CH_L_321a,9-13,0,YAP,0.329519,0.3903615474700928
CH_L_321a,9-14,0,YAP,0.29414898,0.3903615474700928
CH_L_321a,9-9,0,YAP,0.35757715,0.3891857862472534
CH_L_322a,10-10,1,YAP,0.25932607,0.3946022689342499
CH_L_322a,10-11,1,YAP,0.25920722,0.3946022689342499
CH_L_322a,10-7,1,YAP,0.32064527,0.3947729766368866
CH_L_322a,10-8,1,YAP,0.26513162,0.3945719301700592
CH_L_322a,10-9,1,YAP,0.26751032,0.3947148025035858
CH_L_322a,11-10,1,YAP,0.2448363,0.3946022689342499
CH_L_322a,11-11,1,YAP,0.30684313,0.3946022689342499
CH_L_322a,11-6,1,YAP,0.3747241,0.3950422406196594
CH_L_322a,11-7,1,YAP,0.3208567,0.3947729766368866
CH_L_322a,11-8,1,YAP,0.24464399,0.3945719301700592
CH_L_322a,11-9,1,YAP,0.22330314,0.3947148025035858
CH_L_322a,6-10,1,YAP,0.3128804,0.39446908235549927
CH_L_322a,6-11,1,YAP,0.32225147,0.39446908235549927
CH_L_322a,6-8,1,YAP,0.34693983,0.39623817801475525
CH_L_322a,6-9,1,YAP,0.33222616,0.39359021186828613
CH_L_322a,7-10,1,YAP,0.30700755,0.3943946659564972
CH_L_322a,7-11,1,YAP,0.3110669,0.3943946659564972
CH_L_322a,7-8,1,YAP,0.32337457,0.39523807168006897
CH_L_322a,7-9,1,YAP,0.3186068,0.39379194378852844
CH_L_322a,8-10,1,YAP,0.28042987,0.39439788460731506
CH_L_322a,8-11,1,YAP,0.31849298,0.39439788460731506
CH_L_322a,8-8,1,YAP,0.34851784,0.39483386278152466
CH_L_322a,8-9,1,YAP,0.31263632,0.39438533782958984
CH_L_322a,9-10,1,YAP,0.29906934,0.3947910666465759
CH_L_322a,9-11,1,YAP,0.3061013,0.3947910666465759
CH_L_322a,9-7,1,YAP,0.32329166,0.39506542682647705
CH_L_322a,9-8,1,YAP,0.36046788,0.39382198452949524
CH_L_322a,9-9,1,YAP,0.32307556,0.39406803250312805
CH_L_323a,3-10,3,YAP,0.36063084,0.38994866609573364
CH_L_323a,3-8,3,YAP,0.33536443,0.38994866609573364
CH_L_323a,3-9,3,YAP,0.32078052,0.38994866609573364
CH_L_323a,4-10,3,YAP,0.39301595,0.39022940397262573
CH_L_323a,4-6,3,YAP,0.3735351,0.3924555480480194
CH_L_323a,4-7,3,YAP,0.35577646,0.39095935225486755
CH_L_323a,4-8,3,YAP,0.35241112,0.39022940397262573
CH_L_323a,4-9,3,YAP,0.3659925,0.39022940397262573
CH_L_323a,5-10,3,YAP,0.33605534,0.39201459288597107
CH_L_323a,5-6,3,YAP,0.34020054,0.39259687066078186
CH_L_323a,5-7,3,YAP,0.34154436,0.3922313451766968
CH_L_323a,5-8,3,YAP,0.33297703,0.39201459288597107
CH_L_323a,5-9,3,YAP,0.3240194,0.39201459288597107
CH_L_323a,6-10,3,YAP,0.32126436,0.3896792531013489
CH_L_323a,6-7,3,YAP,0.3296621,0.38969746232032776
CH_L_323a,6-8,3,YAP,0.30869392,0.3896792531013489
CH_L_323a,6-9,3,YAP,0.30221754,0.3896792531013489
CH_L_323a,7-10,3,YAP,0.28665826,0.3932858109474182
CH_L_323a,7-11,3,YAP,0.3133344,0.3932858109474182
CH_L_323a,7-6,3,YAP,0.3186073,0.39277154207229614
CH_L_323a,7-7,3,YAP,0.31509778,0.3932935297489166
CH_L_323a,7-8,3,YAP,0.28454238,0.3932858109474182
CH_L_323a,7-9,3,YAP,0.27103192,0.3932858109474182
CH_L_323a,8-10,3,YAP,0.3680134,0.3939428925514221
CH_L_323a,8-11,3,YAP,0.3923162,0.3939428925514221
CH_L_323a,8-6,3,YAP,0.3211642,0.3935798704624176
CH_L_323a,8-7,3,YAP,0.3146161,0.39404037594795227
CH_L_323a,8-8,3,YAP,0.33025047,0.3939428925514221
CH_L_323a,8-9,3,YAP,0.36070865,0.3939428925514221
CH_L_326a,10-10,1,YAP,0.3399419,0.3977845311164856
CH_L_326a,10-11,1,YAP,0.35477108,0.3972535729408264
CH_L_326a,10-12,1,YAP,0.3363823,0.3970203995704651
CH_L_326a,10-13,1,YAP,0.35158324,0.3970203995704651
CH_L_326a,10-14,1,YAP,0.35902905,0.3970203995704651
CH_L_326a,10-9,1,YAP,0.3106123,0.39782530069351196
CH_L_326a,11-10,1,YAP,0.31144658,0.39707162976264954
CH_L_326a,11-11,1,YAP,0.29953155,0.39691340923309326
CH_L_326a,11-12,1,YAP,0.32295832,0.39689579606056213
CH_L_326a,11-13,1,YAP,0.32673386,0.39689579606056213
CH_L_326a,11-14,1,YAP,0.33594367,0.39689579606056213
CH_L_326a,12-14,1,YAP,0.35742375,0.3968595266342163
CH_L_326a,7-10,1,YAP,0.39785138,0.3982718884944916
CH_L_326a,7-11,1,YAP,0.31927982,0.3975917398929596
CH_L_326a,7-12,1,YAP,0.31423047,0.397067666053772
CH_L_326a,7-13,1,YAP,0.31463212,0.397067666053772
CH_L_326a,7-14,1,YAP,0.29584742,0.397067666053772
CH_L_326a,8-10,1,YAP,0.3984442,0.3983171284198761
CH_L_326a,8-11,1,YAP,0.38017496,0.39764922857284546
CH_L_326a,8-12,1,YAP,0.32291484,0.3974006175994873
CH_L_326a,8-13,1,YAP,0.299547,0.3974006175994873
CH_L_326a,8-14,1,YAP,0.30759043,0.3974006175994873
CH_L_326a,8-9,1,YAP,0.42147663,0.3977295756340027
CH_L_326a,9-10,1,YAP,0.3680837,0.3978521525859833
CH_L_326a,9-11,1,YAP,0.34524572,0.3975156247615814
CH_L_326a,9-12,1,YAP,0.31623662,0.3973207175731659
CH_L_326a,9-13,1,YAP,0.3265511,0.3973207175731659
CH_L_326a,9-14,1,YAP,0.36262202,0.3973207175731659
CH_L_326a,9-9,1,YAP,0.36584094,0.39773404598236084
CH_L_327a,4-2,3,YAP,0.45994422,0.39690688252449036
CH_L_327a,4-3,3,YAP,0.40626723,0.39673948287963867
CH_L_327a,4-4,3,YAP,0.3851855,0.3967122733592987
CH_L_327a,4-5,3,YAP,0.3580551,0.3962160348892212
CH_L_327a,4-6,3,YAP,0.3544017,0.39593181014060974
CH_L_327a,5-2,3,YAP,0.46224147,0.3971847593784332
CH_L_327a,5-3,3,YAP,0.34794065,0.39689865708351135
CH_L_327a,5-4,3,YAP,0.34288523,0.3971973955631256
CH_L_327a,5-5,3,YAP,0.35703978,0.3971256911754608
CH_L_327a,5-6,3,YAP,0.3288169,0.39626234769821167
CH_L_327a,6-2,3,YAP,0.43029264,0.3971923887729645
CH_L_327a,6-3,3,YAP,0.35017407,0.3971877098083496
CH_L_327a,6-4,3,YAP,0.35920125,0.3970317840576172
CH_L_327a,6-5,3,YAP,0.3648654,0.39712756872177124
CH_L_327a,6-6,3,YAP,0.3292176,0.39498236775398254
CH_L_327a,7-2,3,YAP,0.3901049,0.39690765738487244
CH_L_327a,7-3,3,YAP,0.31897646,0.397331565618515
CH_L_327a,7-4,3,YAP,0.34141892,0.3971455693244934
CH_L_327a,7-5,3,YAP,0.33426076,0.3963422477245331
CH_L_327a,7-6,3,YAP,0.31853214,0.39554786682128906
CH_L_327a,8-2,3,YAP,0.39345357,0.39630457758903503
CH_L_327a,8-3,3,YAP,0.30847603,0.39707136154174805
CH_L_327a,8-4,3,YAP,0.3176317,0.3968040347099304
CH_L_327a,8-5,3,YAP,0.31979337,0.39517754316329956
CH_L_327a,8-6,3,YAP,0.35211983,0.39457666873931885
CH_L_327a,9-5,3,YAP,0.31519002,0.3925129771232605
CH_L_327a,9-6,3,YAP,0.39729732,0.39574936032295227
CH_L_328a,10-10,0,YAP,0.36973035,0.39043372869491577
CH_L_328a,10-11,0,YAP,0.32190794,0.3901728689670563
CH_L_328a,10-7,0,YAP,0.32623821,0.3919917047023773
CH_L_328a,10-8,0,YAP,0.3453889,0.3917742371559143
CH_L_328a,10-9,0,YAP,0.38457337,0.3912982940673828
CH_L_328a,11-10,0,YAP,0.3999476,0.3906220495700836
CH_L_328a,11-11,0,YAP,0.34885988,0.3892729878425598
CH_L_328a,11-7,0,YAP,0.33925226,0.3906232714653015
CH_L_328a,11-8,0,YAP,0.3370383,0.39082857966423035
CH_L_328a,11-9,0,YAP,0.36235556,0.39063113927841187
CH_L_328a,6-10,0,YAP,0.37704155,0.3903525173664093
CH_L_328a,6-11,0,YAP,0.33041254,0.3918255865573883
CH_L_328a,6-12,0,YAP,0.36120978,0.3920471966266632
CH_L_328a,6-8,0,YAP,0.35646462,0.3906113803386688
CH_L_328a,6-9,0,YAP,0.37655088,0.3902951180934906
CH_L_328a,7-10,0,YAP,0.35133004,0.3907893896102905
CH_L_328a,7-11,0,YAP,0.3289607,0.39095520973205566
CH_L_328a,7-12,0,YAP,0.32936057,0.39109817147254944
CH_L_328a,7-7,0,YAP,0.34353676,0.39160552620887756
CH_L_328a,7-8,0,YAP,0.3785513,0.3912085294723511
CH_L_328a,7-9,0,YAP,0.37273452,0.39078208804130554
CH_L_328a,8-10,0,YAP,0.36148354,0.39061832427978516
CH_L_328a,8-11,0,YAP,0.29633084,0.39055463671684265
CH_L_328a,8-12,0,YAP,0.36196446,0.39068424701690674
CH_L_328a,8-7,0,YAP,0.33401716,0.39188352227211
CH_L_328a,8-8,0,YAP,0.35993147,0.3915063142776489
CH_L_328a,8-9,0,YAP,0.36393026,0.3914565443992615
CH_L_328a,9-10,0,YAP,0.34342438,0.39105725288391113
CH_L_328a,9-11,0,YAP,0.3145795,0.390474796295166
CH_L_328a,9-7,0,YAP,0.3420667,0.3916456699371338
CH_L_328a,9-8,0,YAP,0.3729249,0.3920062482357025
CH_L_328a,9-9,0,YAP,0.37877923,0.39169758558273315
CH_L_329a,4-10,3,YAP,0.32707867,0.390837162733078
CH_L_329a,4-7,3,YAP,0.3275169,0.3941265642642975
CH_L_329a,4-8,3,YAP,0.3050044,0.3939269483089447
CH_L_329a,4-9,3,YAP,0.3162645,0.39331552386283875
CH_L_329a,5-6,3,YAP,0.3128241,0.3939964175224304
CH_L_329a,5-7,3,YAP,0.31579638,0.39407217502593994
CH_L_329a,5-8,3,YAP,0.331487,0.3942795395851135
CH_L_329a,5-9,3,YAP,0.33781686,0.39357343316078186
CH_L_329a,6-6,3,YAP,0.2972112,0.3941924571990967
CH_L_329a,6-7,3,YAP,0.31313187,0.3939163386821747
CH_L_329a,6-8,3,YAP,0.34535176,0.3942653238773346
CH_L_329a,6-9,3,YAP,0.33316436,0.3933083117008209
CH_L_329a,7-10,3,YAP,0.32471046,0.39087975025177
CH_L_329a,7-6,3,YAP,0.2915118,0.39418676495552063
CH_L_329a,7-7,3,YAP,0.36583048,0.3939260244369507
CH_L_329a,7-8,3,YAP,0.32167903,0.39343059062957764
CH_L_329a,7-9,3,YAP,0.33883262,0.3927968442440033
CH_L_329a,8-10,3,YAP,0.31044284,0.39122244715690613
CH_L_329a,8-7,3,YAP,0.32435617,0.3941548764705658
CH_L_329a,8-8,3,YAP,0.3777205,0.393595427274704
CH_L_329a,8-9,3,YAP,0.36208516,0.3925374746322632
CH_L_329a,9-10,3,YAP,0.28114688,0.39056339859962463
CH_L_329a,9-6,3,YAP,0.35576054,0.3920263946056366
CH_L_329a,9-7,3,YAP,0.29219845,0.39181381464004517
CH_L_329a,9-8,3,YAP,0.34221828,0.39115217328071594
CH_L_329a,9-9,3,YAP,0.31551805,0.3910808265209198
CH_L_333a,10-6,4,YAP,0.34301934,0.3767726421356201
CH_L_333a,11-2,4,YAP,0.4050549,0.3765629529953003
CH_L_333a,11-4,4,YAP,0.38011476,0.37557679414749146
CH_L_333a,11-5,4,YAP,0.4100073,0.37781214714050293
CH_L_333a,11-6,4,YAP,0.40870586,0.3767726421356201
CH_L_333a,7-5,4,YAP,0.30068702,0.38192760944366455
CH_L_333a,9-5,4,YAP,0.29900497,0.37781214714050293
CH_L_333a,9-6,4,YAP,0.3666479,0.3767726421356201
CH_L_334a,4-10,4,YAP,0.31483954,0.3774830102920532
CH_L_334a,4-11,4,YAP,0.35428882,0.3774830102920532
CH_L_334a,4-12,4,YAP,0.39824098,0.3774830102920532
CH_L_334a,4-13,4,YAP,0.39181888,0.3774830102920532
CH_L_334a,4-9,4,YAP,0.30157098,0.3773426115512848
CH_L_334a,5-10,4,YAP,0.30433744,0.37828055024147034
CH_L_334a,5-11,4,YAP,0.33299196,0.37828055024147034
CH_L_334a,5-12,4,YAP,0.3262683,0.37828055024147034
CH_L_334a,5-13,4,YAP,0.3535042,0.37828055024147034
CH_L_334a,5-9,4,YAP,0.30470562,0.3780682682991028
CH_L_334a,6-10,4,YAP,0.32072452,0.3762645125389099
CH_L_334a,6-11,4,YAP,0.3090611,0.3762645125389099
CH_L_334a,6-12,4,YAP,0.32694244,0.3762645125389099
CH_L_334a,6-13,4,YAP,0.36639532,0.3762645125389099
CH_L_334a,6-9,4,YAP,0.3283487,0.37708279490470886
CH_L_334a,7-10,4,YAP,0.3257669,0.37672051787376404
CH_L_334a,7-11,4,YAP,0.3067126,0.37672051787376404
CH_L_334a,7-12,4,YAP,0.342702,0.37672051787376404
CH_L_334a,7-9,4,YAP,0.35819325,0.37926730513572693
CH_L_334a,8-10,4,YAP,0.3118686,0.37612542510032654
CH_L_334a,8-11,4,YAP,0.3283534,0.37612542510032654
CH_L_334a,8-12,4,YAP,0.37134647,0.37612542510032654
CH_L_334a,8-9,4,YAP,0.342608,0.3782786726951599
CH_L_334a,9-10,4,YAP,0.3221322,0.3751475512981415
CH_L_334a,9-11,4,YAP,0.38138476,0.3751475512981415
CH_L_334a,9-12,4,YAP,0.49933028,0.3751475512981415
CH_L_334a,9-9,4,YAP,0.3138969,0.3762988746166229
CH_L_335a,2-5,2,YAP,0.4215669,0.3811939060688019
CH_L_335a,2-6,2,YAP,0.4236678,0.38115453720092773
CH_L_335a,2-7,2,YAP,0.40318185,0.3774448335170746
CH_L_335a,2-8,2,YAP,0.36795968,0.3790166676044464
CH_L_335a,2-9,2,YAP,0.34397665,0.37902453541755676
CH_L_335a,3-4,2,YAP,0.38483813,0.37990856170654297
CH_L_335a,3-6,2,YAP,0.3458301,0.38006332516670227
CH_L_335a,3-7,2,YAP,0.3615612,0.3773316442966461
CH_L_335a,3-8,2,YAP,0.34291923,0.37907108664512634
CH_L_335a,6-9,2,YAP,0.3563128,0.3781934082508087
CH_L_336a,10-4,3,YAP,0.33965597,0.39638733863830566
CH_L_336a,10-5,3,YAP,0.33293813,0.396962434053421
CH_L_336a,10-7,3,YAP,0.31482372,0.3974776864051819
CH_L_336a,10-8,3,YAP,0.2947232,0.394385427236557
CH_L_336a,10-9,3,YAP,0.29871526,0.3950108289718628
CH_L_336a,11-7,3,YAP,0.34814668,0.39576074481010437
CH_L_336a,11-8,3,YAP,0.29335478,0.3938251733779907
CH_L_336a,11-9,3,YAP,0.29009348,0.39263251423835754
CH_L_336a,12-5,3,YAP,0.35625613,0.39450719952583313
CH_L_336a,12-8,3,YAP,0.28222075,0.39376795291900635
CH_L_336a,12-9,3,YAP,0.27667093,0.3931570053100586
CH_L_336a,7-5,3,YAP,0.36403915,0.39805519580841064
CH_L_336a,7-6,3,YAP,0.33521232,0.3971128463745117
CH_L_336a,8-5,3,YAP,0.34583312,0.397693932056427
CH_L_336a,8-6,3,YAP,0.34410807,0.3967532813549042
CH_L_336a,9-4,3,YAP,0.35936478,0.3969161808490753
CH_L_336a,9-5,3,YAP,0.3352312,0.39714309573173523
CH_L_336a,9-6,3,YAP,0.31629363,0.39708593487739563
CH_L_336a,9-7,3,YAP,0.32713088,0.39689743518829346
CH_L_336a,9-8,3,YAP,0.3180588,0.39623236656188965
CH_L_337a,10-12,0,YAP,0.49412367,0.3929300308227539
CH_L_337a,10-13,0,YAP,0.49748504,0.39234459400177
CH_L_337a,5-12,0,YAP,0.50937325,0.39215853810310364
CH_L_337a,5-13,0,YAP,0.52358216,0.39311301708221436
CH_L_337a,5-14,0,YAP,0.51353586,0.3932264447212219
CH_L_337a,5-15,0,YAP,0.50803983,0.3932264447212219
CH_L_337a,5-16,0,YAP,0.5196892,0.3932264447212219
CH_L_337a,6-12,0,YAP,0.52013665,0.392267107963562
CH_L_337a,6-13,0,YAP,0.5394153,0.39293789863586426
CH_L_337a,6-16,0,YAP,0.5442365,0.39306363463401794
CH_L_337a,7-12,0,YAP,0.48984864,0.39275726675987244
CH_L_337a,7-13,0,YAP,0.50899976,0.39285358786582947
CH_L_337a,7-16,0,YAP,0.5295833,0.3927896320819855
CH_L_337a,8-12,0,YAP,0.4905814,0.3926019072532654
CH_L_337a,8-13,0,YAP,0.4975096,0.3928377032279968
CH_L_337a,8-16,0,YAP,0.50764287,0.3928096890449524
CH_L_338a,10-10,2,YAP,0.5003149,0.3881431519985199
CH_L_338a,10-11,2,YAP,0.4992408,0.38785311579704285
CH_L_338a,10-12,2,YAP,0.51347953,0.38817712664604187
CH_L_338a,10-9,2,YAP,0.51833075,0.38801339268684387
CH_L_338a,11-10,2,YAP,0.5164087,0.38756227493286133
CH_L_338a,11-11,2,YAP,0.5090281,0.38767051696777344
CH_L_338a,6-12,2,YAP,0.5499828,0.38673871755599976
CH_L_338a,7-11,2,YAP,0.53200305,0.38803449273109436
CH_L_338a,7-12,2,YAP,0.5321294,0.3878258764743805
CH_L_338a,8-10,2,YAP,0.5170996,0.38799846172332764
CH_L_338a,8-11,2,YAP,0.525392,0.388052761554718
CH_L_338a,8-12,2,YAP,0.51992667,0.3884945511817932
CH_L_338a,8-13,2,YAP,0.5218343,0.3876293897628784
CH_L_338a,8-9,2,YAP,0.53689027,0.388208270072937
CH_L_338a,9-10,2,YAP,0.50940216,0.38814812898635864
CH_L_338a,9-11,2,YAP,0.51064754,0.38788551092147827
CH_L_338a,9-12,2,YAP,0.5118612,0.38838374614715576
CH_L_338a,9-13,2,YAP,0.52037543,0.38825199007987976
CH_L_338a,9-9,2,YAP,0.51720804,0.3883369266986847
CH_L_339a,5-10,3,YAP,0.33552906,0.3901808261871338
CH_L_339a,5-7,3,YAP,0.35299584,0.3901952803134918
CH_L_339a,5-8,3,YAP,0.33619663,0.3901808261871338
CH_L_339a,5-9,3,YAP,0.33512715,0.3901808261871338
CH_L_339a,6-10,3,YAP,0.32254976,0.3917389512062073
CH_L_339a,6-6,3,YAP,0.36155555,0.3926287293434143
CH_L_339a,6-7,3,YAP,0.31707993,0.39171573519706726
CH_L_339a,6-8,3,YAP,0.29303685,0.3917389512062073
CH_L_339a,6-9,3,YAP,0.31605503,0.3917389512062073
CH_L_339a,7-10,3,YAP,0.31460083,0.390007883310318
CH_L_339a,7-6,3,YAP,0.3923569,0.39001229405403137
CH_L_339a,7-7,3,YAP,0.3175481,0.3900777995586395
CH_L_339a,7-8,3,YAP,0.2963471,0.390007883310318
CH_L_339a,7-9,3,YAP,0.29884547,0.390007883310318
CH_L_339a,8-10,3,YAP,0.27951068,0.390157014131546
CH_L_339a,8-6,3,YAP,0.31359527,0.38984712958335876
CH_L_339a,8-7,3,YAP,0.28926593,0.39015328884124756
CH_L_339a,8-8,3,YAP,0.28890976,0.390157014131546
CH_L_339a,8-9,3,YAP,0.29753628,0.390157014131546
CH_L_339a,9-10,3,YAP,0.28733954,0.390157014131546
CH_L_339a,9-7,3,YAP,0.29347843,0.39015328884124756
CH_L_339a,9-8,3,YAP,0.2619713,0.390157014131546
CH_L_339a,9-9,3,YAP,0.2663282,0.390157014131546
CH_L_340a,10-10,3,YAP,0.43836176,0.3965228199958801
CH_L_340a,10-11,3,YAP,0.45211026,0.3965248763561249
CH_L_340a,10-12,3,YAP,0.50163525,0.3965524137020111
CH_L_340a,10-8,3,YAP,0.43643057,0.3964526355266571
CH_L_340a,10-9,3,YAP,0.4112629,0.3961568772792816
CH_L_340a,5-10,3,YAP,0.39901388,0.3973197042942047
CH_L_340a,5-11,3,YAP,0.38334972,0.39735865592956543
CH_L_340a,5-12,3,YAP,0.36072293,0.3974582254886627
CH_L_340a,5-8,3,YAP,0.37298945,0.39683303236961365
CH_L_340a,5-9,3,YAP,0.36149618,0.39716464281082153
CH_L_340a,6-10,3,YAP,0.387724,0.3970257341861725
CH_L_340a,6-11,3,YAP,0.40211093,0.39694899320602417
CH_L_340a,6-12,3,YAP,0.35121125,0.39678898453712463
CH_L_340a,6-8,3,YAP,0.37513164,0.3966682553291321
CH_L_340a,6-9,3,YAP,0.38473925,0.39676839113235474
CH_L_340a,7-10,3,YAP,0.3868033,0.39687392115592957
CH_L_340a,7-11,3,YAP,0.41954345,0.3971002995967865
CH_L_340a,7-12,3,YAP,0.37983894,0.3971872925758362
CH_L_340a,7-8,3,YAP,0.41249573,0.3967503309249878
CH_L_340a,7-9,3,YAP,0.38792425,0.3968818485736847
CH_L_340a,8-10,3,YAP,0.40972036,0.39644855260849
CH_L_340a,8-11,3,YAP,0.4174063,0.3967559039592743
CH_L_340a,8-12,3,YAP,0.4007366,0.39682888984680176
CH_L_340a,8-8,3,YAP,0.41680774,0.396760493516922
CH_L_340a,8-9,3,YAP,0.3860714,0.39637190103530884
CH_L_340a,9-10,3,YAP,0.40137383,0.3963818848133087
CH_L_340a,9-11,3,YAP,0.42947772,0.39655184745788574
CH_L_340a,9-12,3,YAP,0.40556884,0.39645829796791077
CH_L_340a,9-8,3,YAP,0.42530283,0.3961317539215088
CH_L_340a,9-9,3,YAP,0.40809935,0.39608731865882874
CH_L_341a,10-8,3,YAP,0.54919934,0.3958968222141266
CH_L_341a,10-9,3,YAP,0.5737319,0.39691561460494995
CH_L_341a,5-8,3,YAP,0.5660688,0.3958897292613983
CH_L_341a,5-9,3,YAP,0.5554401,0.39564749598503113
CH_L_341a,6-8,3,YAP,0.5577484,0.3961779475212097
CH_L_341a,6-9,3,YAP,0.55759585,0.3951486349105835
CH_L_341a,7-8,3,YAP,0.5521671,0.3964434266090393
CH_L_341a,7-9,3,YAP,0.5532938,0.3957194983959198
CH_L_341a,8-10,3,YAP,0.56225616,0.3945811688899994
CH_L_341a,8-12,3,YAP,0.57819283,0.39349403977394104
CH_L_341a,8-8,3,YAP,0.5602885,0.39614561200141907
CH_L_341a,8-9,3,YAP,0.56489265,0.3960438370704651
CH_L_341a,9-8,3,YAP,0.5516672,0.39532923698425293
CH_L_342a,10-7,4,YAP,0.49672896,0.39621502161026
CH_L_342a,10-8,4,YAP,0.46628085,0.3960086703300476
CH_L_342a,10-9,4,YAP,0.48023614,0.39512380957603455
CH_L_342a,11-9,4,YAP,0.4566024,0.3905622959136963
CH_L_342a,12-8,4,YAP,0.42504036,0.3834015429019928
CH_L_342a,12-9,4,YAP,0.43481395,0.3907962143421173
CH_L_342a,7-8,4,YAP,0.5217917,0.3962429165840149
CH_L_342a,8-7,4,YAP,0.5157375,0.39702528715133667
CH_L_342a,8-8,4,YAP,0.51260424,0.3960658013820648
CH_L_342a,8-9,4,YAP,0.53074354,0.39517995715141296
CH_L_342a,9-7,4,YAP,0.5183337,0.39667952060699463
CH_L_342a,9-8,4,YAP,0.4793776,0.39498329162597656
CH_L_342a,9-9,4,YAP,0.48677737,0.39536139369010925
CH_L_344a,10-5,3,YAP,0.33474568,0.3963575065135956
CH_L_344a,10-6,3,YAP,0.32499975,0.3962229788303375
CH_L_344a,10-7,3,YAP,0.32584468,0.3964537978172302
CH_L_344a,10-8,3,YAP,0.3399713,0.39622962474823
CH_L_344a,10-9,3,YAP,0.3261886,0.39620837569236755
CH_L_344a,6-6,3,YAP,0.31362775,0.39828038215637207
CH_L_344a,6-7,3,YAP,0.37111276,0.3971625864505768
CH_L_344a,6-8,3,YAP,0.3890653,0.39616063237190247
CH_L_344a,6-9,3,YAP,0.3844459,0.3962376117706299
CH_L_344a,7-5,3,YAP,0.36096126,0.3985753655433655
CH_L_344a,7-6,3,YAP,0.34039986,0.39832985401153564
CH_L_344a,7-7,3,YAP,0.34968144,0.3972078561782837
CH_L_344a,7-8,3,YAP,0.3539156,0.3961111307144165
CH_L_344a,7-9,3,YAP,0.37607563,0.39609119296073914
CH_L_344a,8-5,3,YAP,0.37402862,0.39800187945365906
CH_L_344a,8-6,3,YAP,0.34813657,0.3981040418148041
CH_L_344a,8-7,3,YAP,0.3523546,0.39717376232147217
CH_L_344a,8-8,3,YAP,0.35845277,0.3962125778198242
CH_L_344a,8-9,3,YAP,0.36679193,0.39592117071151733
CH_L_344a,9-5,3,YAP,0.34385085,0.397773802280426
CH_L_344a,9-6,3,YAP,0.3227569,0.39775773882865906
CH_L_344a,9-7,3,YAP,0.3418132,0.3969167172908783
CH_L_344a,9-8,3,YAP,0.33680233,0.39631256461143494
CH_L_344a,9-9,3,YAP,0.34344888,0.39609718322753906
CH_L_345a,3-6,0,YAP,0.29791698,0.38747715950012207
CH_L_345a,3-8,0,YAP,0.41675907,0.38759148120880127
CH_L_345a,3-9,0,YAP,0.39301363,0.38759148120880127
CH_L_345a,4-6,0,YAP,0.3004676,0.38688260316848755
CH_L_345a,4-7,0,YAP,0.35187656,0.38686367869377136
CH_L_345a,4-8,0,YAP,0.34140688,0.38686367869377136
CH_L_345a,4-9,0,YAP,0.33535656,0.38686367869377136
CH_L_345a,5-10,0,YAP,0.3507564,0.3869298994541168
CH_L_345a,5-6,0,YAP,0.32267094,0.3868981897830963
CH_L_345a,5-7,0,YAP,0.31027263,0.3869298994541168
CH_L_345a,5-8,0,YAP,0.31136027,0.3869298994541168
CH_L_345a,5-9,0,YAP,0.35247192,0.3869298994541168
CH_L_345a,6-10,0,YAP,0.3612678,0.38728880882263184
CH_L_345a,6-5,0,YAP,0.31085706,0.38755378127098083
CH_L_345a,6-6,0,YAP,0.39587358,0.38729700446128845
CH_L_345a,6-7,0,YAP,0.35167718,0.38728880882263184
CH_L_345a,6-8,0,YAP,0.30589157,0.38728880882263184
CH_L_345a,6-9,0,YAP,0.34243473,0.38728880882263184
CH_L_345a,7-5,0,YAP,0.3158561,0.38788485527038574
CH_L_345a,7-6,0,YAP,0.41024458,0.38735753297805786
CH_L_345a,7-7,0,YAP,0.383086,0.3872155547142029
CH_L_345a,7-8,0,YAP,0.34032837,0.3872155547142029
CH_L_345a,7-9,0,YAP,0.35436842,0.3872155547142029
CH_L_345a,8-5,0,YAP,0.47583684,0.38788485527038574
CH_L_345a,8-6,0,YAP,0.433785,0.38735753297805786
CH_L_345a,8-7,0,YAP,0.40390545,0.3872155547142029
CH_L_345a,8-8,0,YAP,0.43350303,0.3872155547142029
CH_L_346a,10-10,4,YAP,0.3591408,0.39314624667167664
CH_L_346a,10-11,4,YAP,0.35023567,0.3882136642932892
CH_L_346a,10-12,4,YAP,0.34168726,0.3860049843788147
CH_L_346a,10-13,4,YAP,0.36744735,0.3860049843788147
CH_L_346a,10-9,4,YAP,0.37089807,0.3917790353298187
CH_L_346a,5-10,4,YAP,0.43035677,0.39219969511032104
CH_L_346a,5-13,4,YAP,0.5237642,0.3883899748325348
CH_L_346a,5-9,4,YAP,0.38977802,0.39274516701698303
CH_L_346a,6-10,4,YAP,0.3846645,0.3919067978858948
CH_L_346a,6-11,4,YAP,0.39420867,0.38780009746551514
CH_L_346a,6-12,4,YAP,0.43037546,0.3864526152610779
CH_L_346a,6-13,4,YAP,0.52062285,0.3864526152610779
CH_L_346a,6-8,4,YAP,0.42581522,0.3912735879421234
CH_L_346a,6-9,4,YAP,0.46310255,0.39145761728286743
CH_L_346a,7-10,4,YAP,0.37713057,0.39316990971565247
CH_L_346a,7-11,4,YAP,0.36231863,0.3857363760471344
CH_L_346a,7-12,4,YAP,0.37664622,0.38300901651382446
CH_L_346a,7-13,4,YAP,0.39301383,0.38300901651382446
CH_L_346a,7-8,4,YAP,0.36939108,0.3906654417514801
CH_L_346a,7-9,4,YAP,0.36566177,0.3926609456539154
CH_L_346a,8-10,4,YAP,0.35307994,0.3926466405391693
CH_L_346a,8-11,4,YAP,0.35278413,0.3890094459056854
CH_L_346a,8-12,4,YAP,0.3526249,0.387178897857666
CH_L_346a,8-13,4,YAP,0.34208238,0.387178897857666
CH_L_346a,8-8,4,YAP,0.36928153,0.3904961049556732
CH_L_346a,8-9,4,YAP,0.3655353,0.39277639985084534
CH_L_346a,9-10,4,YAP,0.35505185,0.3909367024898529
CH_L_346a,9-11,4,YAP,0.35735545,0.38739919662475586
CH_L_346a,9-12,4,YAP,0.35913208,0.38623133301734924
CH_L_346a,9-13,4,YAP,0.34715894,0.38623133301734924
CH_L_346a,9-8,4,YAP,0.38570887,0.3899916112422943
CH_L_346a,9-9,4,YAP,0.37155992,0.3910318911075592
CH_L_347a,4-11,3,YAP,0.4076504,0.39082446694374084
CH_L_347a,4-12,3,YAP,0.4028102,0.39082446694374084
CH_L_347a,4-13,3,YAP,0.37670895,0.39082446694374084
CH_L_347a,4-9,3,YAP,0.36334535,0.39076676964759827
CH_L_347a,5-10,3,YAP,0.38525087,0.390746146440506
CH_L_347a,5-11,3,YAP,0.41027156,0.390746146440506
CH_L_347a,5-12,3,YAP,0.42882544,0.390746146440506
CH_L_347a,5-13,3,YAP,0.38903627,0.390746146440506
CH_L_347a,5-9,3,YAP,0.39245838,0.3906790614128113
CH_L_347a,6-10,3,YAP,0.40712285,0.3903725743293762
CH_L_347a,6-11,3,YAP,0.42589727,0.3903725743293762
CH_L_347a,6-12,3,YAP,0.42261326,0.3903725743293762
CH_L_347a,6-13,3,YAP,0.38882634,0.3903725743293762
CH_L_347a,6-9,3,YAP,0.39374244,0.39033690094947815
CH_L_347a,7-10,3,YAP,0.4197882,0.3905738592147827
CH_L_347a,7-11,3,YAP,0.40406784,0.3905738592147827
CH_L_347a,7-12,3,YAP,0.40494624,0.3905738592147827
CH_L_347a,7-13,3,YAP,0.43496546,0.3905738592147827
CH_L_347a,7-9,3,YAP,0.41123205,0.3904820680618286
CH_L_347a,8-10,3,YAP,0.41768044,0.3927721083164215
CH_L_347a,8-11,3,YAP,0.40641174,0.3927721083164215
CH_L_347a,8-12,3,YAP,0.40292698,0.3927721083164215
CH_L_347a,8-13,3,YAP,0.4046735,0.3927721083164215
CH_L_347a,8-9,3,YAP,0.4346562,0.39279794692993164
CH_L_347a,9-10,3,YAP,0.44625613,0.390806645154953
CH_L_347a,9-11,3,YAP,0.43661922,0.390806645154953
CH_L_347a,9-12,3,YAP,0.44424945,0.390806645154953
CH_L_347a,9-13,3,YAP,0.43948126,0.390806645154953
CH_L_347a,9-9,3,YAP,0.42905295,0.3907501995563507
CH_L_348a,10-10,1,YAP,0.3970922,0.39422285556793213
CH_L_348a,10-11,1,YAP,0.4078162,0.39403975009918213
CH_L_348a,10-7,1,YAP,0.36009222,0.39482325315475464
CH_L_348a,10-8,1,YAP,0.3532152,0.39498370885849
CH_L_348a,10-9,1,YAP,0.37831742,0.39500558376312256
CH_L_348a,5-11,1,YAP,0.3114387,0.39568814635276794
CH_L_348a,5-7,1,YAP,0.37603638,0.3954644203186035
CH_L_348a,5-9,1,YAP,0.33243242,0.3922877013683319
CH_L_348a,6-7,1,YAP,0.35017532,0.39528748393058777
CH_L_348a,6-9,1,YAP,0.3307075,0.3922666311264038
CH_L_348a,7-10,1,YAP,0.3032098,0.3952276408672333
CH_L_348a,7-7,1,YAP,0.37072226,0.3949621617794037
CH_L_348a,7-9,1,YAP,0.32142058,0.3921329081058502
CH_L_348a,8-10,1,YAP,0.35334733,0.39480918645858765
CH_L_348a,8-11,1,YAP,0.37815088,0.3947847783565521
CH_L_348a,8-7,1,YAP,0.33864376,0.39521437883377075
CH_L_348a,8-9,1,YAP,0.363223,0.39244911074638367
CH_L_348a,9-10,1,YAP,0.38266593,0.39485234022140503
CH_L_348a,9-11,1,YAP,0.4023558,0.39492326974868774
CH_L_348a,9-6,1,YAP,0.31838557,0.39474228024482727
CH_L_348a,9-7,1,YAP,0.32837072,0.3952578902244568
CH_L_348a,9-8,1,YAP,0.34958568,0.39361414313316345
CH_L_348a,9-9,1,YAP,0.3813869,0.3933034837245941
CH_L_349a,4-17,1,YAP,0.44571167,0.3986857235431671
CH_L_349a,5-16,1,YAP,0.45098794,0.3991314470767975
CH_L_349a,5-18,1,YAP,0.42392135,0.3991314470767975
CH_L_349a,5-19,1,YAP,0.40787795,0.3991314470767975
CH_L_349a,6-16,1,YAP,0.41097358,0.39878049492836
CH_L_349a,6-17,1,YAP,0.42451552,0.39878049492836
CH_L_349a,6-18,1,YAP,0.40330893,0.39878049492836
CH_L_349a,6-19,1,YAP,0.41512623,0.39878049492836
CH_L_349a,7-16,1,YAP,0.36411834,0.39908069372177124
CH_L_349a,7-17,1,YAP,0.37486717,0.39908069372177124
CH_L_349a,7-18,1,YAP,0.36906528,0.39908069372177124
CH_L_349a,7-19,1,YAP,0.42077366,0.39908069372177124
CH_L_349a,8-16,1,YAP,0.3349706,0.39851322770118713
CH_L_349a,8-17,1,YAP,0.34513852,0.39851322770118713
CH_L_349a,8-18,1,YAP,0.3808854,0.39851322770118713
CH_L_349a,8-19,1,YAP,0.4173117,0.39851322770118713
CH_L_349a,8-20,1,YAP,0.43721044,0.39851322770118713
CH_L_350a,10-4,0,YAP,0.31267768,0.3872229754924774
CH_L_350a,10-5,0,YAP,0.31924367,0.38774919509887695
CH_L_350a,10-6,0,YAP,0.3121014,0.3877224624156952
CH_L_350a,10-7,0,YAP,0.328156,0.3872966468334198
CH_L_350a,10-8,0,YAP,0.33213076,0.3875694274902344
CH_L_350a,5-4,0,YAP,0.35568726,0.3870042562484741
CH_L_350a,5-5,0,YAP,0.32487494,0.3871791362762451
CH_L_350a,5-7,0,YAP,0.3792568,0.3875858783721924
CH_L_350a,5-8,0,YAP,0.4106812,0.38786983489990234
CH_L_350a,6-4,0,YAP,0.3706792,0.3866589069366455
CH_L_350a,6-5,0,YAP,0.34325415,0.3867458999156952
CH_L_350a,6-7,0,YAP,0.38449687,0.38766393065452576
CH_L_350a,6-8,0,YAP,0.3989368,0.3879750669002533
CH_L_350a,7-4,0,YAP,0.32727045,0.3872755765914917
CH_L_350a,7-5,0,YAP,0.33438757,0.387561172246933
CH_L_350a,7-6,0,YAP,0.33819434,0.38765862584114075
CH_L_350a,7-7,0,YAP,0.40838775,0.38731929659843445
CH_L_350a,7-8,0,YAP,0.3809831,0.3874324560165405
CH_L_350a,8-4,0,YAP,0.3191868,0.3872229754924774
CH_L_350a,8-5,0,YAP,0.36010623,0.38774919509887695
CH_L_350a,8-6,0,YAP,0.32862082,0.3877224624156952
CH_L_350a,8-7,0,YAP,0.36191064,0.3872966468334198
CH_L_350a,8-8,0,YAP,0.38372418,0.3875694274902344
CH_L_350a,9-4,0,YAP,0.32397932,0.3872229754924774
CH_L_350a,9-5,0,YAP,0.35568792,0.38774919509887695
CH_L_350a,9-6,0,YAP,0.3513831,0.3877224624156952
CH_L_350a,9-7,0,YAP,0.35041133,0.3872966468334198
CH_L_350a,9-8,0,YAP,0.36548162,0.3875694274902344
CH_L_351a,10-12,1,YAP,0.36420208,0.39836782217025757
CH_L_351a,10-7,1,YAP,0.32655862,0.39957529306411743
CH_L_351a,6-10,1,YAP,0.31647038,0.3989901542663574
CH_L_351a,6-11,1,YAP,0.30506057,0.3987945318222046
CH_L_351a,6-12,1,YAP,0.33971617,0.39848604798316956
CH_L_351a,6-8,1,YAP,0.36351475,0.3988770544528961
CH_L_351a,6-9,1,YAP,0.36236164,0.39889153838157654
CH_L_351a,7-10,1,YAP,0.29826704,0.39921805262565613
CH_L_351a,7-12,1,YAP,0.37059832,0.39863112568855286
CH_L_351a,7-8,1,YAP,0.3134802,0.3988906145095825
CH_L_351a,8-10,1,YAP,0.30043697,0.39897793531417847
CH_L_351a,8-12,1,YAP,0.3990129,0.3985021114349365
CH_L_351a,9-11,1,YAP,0.33029452,0.3988686501979828
CH_L_351a,9-12,1,YAP,0.37819046,0.3982163965702057
CH_L_351a,9-7,1,YAP,0.31036192,0.39976567029953003
CH_L_352a,10-10,1,YAP,0.41018286,0.3937734365463257
CH_L_352a,10-6,1,YAP,0.33629528,0.39430707693099976
CH_L_352a,10-8,1,YAP,0.4206185,0.3937734365463257
CH_L_352a,10-9,1,YAP,0.38923308,0.3937734365463257
CH_L_352a,11-6,1,YAP,0.4304535,0.39430707693099976
CH_L_352a,11-9,1,YAP,0.38911015,0.3937734365463257
CH_L_352a,6-10,1,YAP,0.43149632,0.39444324374198914
CH_L_352a,6-6,1,YAP,0.36212292,0.3919219672679901
CH_L_352a,6-7,1,YAP,0.3144714,0.39405256509780884
CH_L_352a,6-8,1,YAP,0.33713558,0.39444324374198914
CH_L_352a,6-9,1,YAP,0.31315023,0.39444324374198914
CH_L_352a,7-10,1,YAP,0.44982177,0.3939584791660309
CH_L_352a,7-6,1,YAP,0.36140624,0.3936072587966919
CH_L_352a,7-7,1,YAP,0.34542823,0.39376065135002136
CH_L_352a,7-8,1,YAP,0.34293133,0.3939584791660309
CH_L_352a,7-9,1,YAP,0.32615283,0.3939584791660309
CH_L_352a,8-10,1,YAP,0.46274564,0.3937734365463257
CH_L_352a,8-7,1,YAP,0.32044423,0.39361831545829773
CH_L_352a,8-8,1,YAP,0.3659902,0.3937734365463257
CH_L_352a,9-10,1,YAP,0.44288415,0.3937734365463257
CH_L_352a,9-6,1,YAP,0.31912804,0.39430707693099976
CH_L_352a,9-8,1,YAP,0.37976727,0.3937734365463257
CH_L_352a,9-9,1,YAP,0.3803168,0.3937734365463257
CH_L_353a,10-10,1,YAP,0.34532925,0.39488664269447327
CH_L_353a,10-11,1,YAP,0.32909623,0.39488664269447327
CH_L_353a,10-12,1,YAP,0.33604681,0.39488664269447327
CH_L_353a,10-13,1,YAP,0.3542814,0.39488664269447327
CH_L_353a,10-14,1,YAP,0.35029975,0.39488664269447327
CH_L_353a,5-10,1,YAP,0.33859214,0.3952733278274536
CH_L_353a,5-11,1,YAP,0.278164,0.3952733278274536
CH_L_353a,5-12,1,YAP,0.27686754,0.3952733278274536
CH_L_353a,5-13,1,YAP,0.3059083,0.3952733278274536
CH_L_353a,5-14,1,YAP,0.37848443,0.3952733278274536
CH_L_353a,6-10,1,YAP,0.3236578,0.3947410583496094
CH_L_353a,6-11,1,YAP,0.2993534,0.3947410583496094
CH_L_353a,6-12,1,YAP,0.25823808,0.3947410583496094
CH_L_353a,6-13,1,YAP,0.29430842,0.3947410583496094
CH_L_353a,6-14,1,YAP,0.3546269,0.3947410583496094
CH_L_353a,6-9,1,YAP,0.3414082,0.3947410583496094
CH_L_353a,7-10,1,YAP,0.29661608,0.39427581429481506
CH_L_353a,7-13,1,YAP,0.2689678,0.39427581429481506
CH_L_353a,7-14,1,YAP,0.33691493,0.39427581429481506
CH_L_353a,7-9,1,YAP,0.29400277,0.39427581429481506
CH_L_353a,8-11,1,YAP,0.26759827,0.3941565752029419
CH_L_353a,8-12,1,YAP,0.23982106,0.3941565752029419
CH_L_353a,8-13,1,YAP,0.24658763,0.3941565752029419
CH_L_353a,9-12,1,YAP,0.27404386,0.39488664269447327
CH_L_353a,9-13,1,YAP,0.3086242,0.39488664269447327
CH_L_353a,9-14,1,YAP,0.33160973,0.39488664269447327
CH_L_356a,4-10,4,YAP,0.38106245,0.3952970802783966
CH_L_356a,4-11,4,YAP,0.36029202,0.39522552490234375
CH_L_356a,4-12,4,YAP,0.34210345,0.3911323547363281
CH_L_356a,4-13,4,YAP,0.34975722,0.3911121189594269
CH_L_356a,4-9,4,YAP,0.3810219,0.3951643109321594
CH_L_356a,5-10,4,YAP,0.3727136,0.3960410952568054
CH_L_356a,5-11,4,YAP,0.3644678,0.3962518870830536
CH_L_356a,5-12,4,YAP,0.34838748,0.3919396698474884
CH_L_356a,5-13,4,YAP,0.3361683,0.39092233777046204
CH_L_356a,5-9,4,YAP,0.36308447,0.3955928087234497
CH_L_356a,6-10,4,YAP,0.35150027,0.39543816447257996
CH_L_356a,6-11,4,YAP,0.35285488,0.3952624797821045
CH_L_356a,6-12,4,YAP,0.31950977,0.3916004002094269
CH_L_356a,6-13,4,YAP,0.3544515,0.39182958006858826
CH_L_356a,6-9,4,YAP,0.35392,0.3950550854206085
CH_L_356a,7-10,4,YAP,0.394729,0.39566367864608765
CH_L_356a,7-11,4,YAP,0.41921008,0.3956465423107147
CH_L_359a,3-11,0,YAP,0.4332102,0.39012083411216736
CH_L_359a,3-12,0,YAP,0.42760518,0.39172253012657166
CH_L_359a,3-13,0,YAP,0.38236535,0.39172253012657166
CH_L_359a,3-14,0,YAP,0.36491767,0.39172253012657166
CH_L_359a,4-10,0,YAP,0.41032496,0.3905148506164551
CH_L_359a,4-11,0,YAP,0.4476422,0.39068588614463806
CH_L_359a,4-13,0,YAP,0.39956352,0.39202216267585754
CH_L_359a,4-14,0,YAP,0.3789678,0.39202216267585754
CH_L_359a,4-9,0,YAP,0.4482438,0.3910011053085327
CH_L_359a,5-11,0,YAP,0.41709292,0.3911762237548828
CH_L_359a,5-13,0,YAP,0.41780442,0.3930834233760834
CH_L_359a,5-14,0,YAP,0.3591227,0.3930834233760834
CH_L_359a,5-9,0,YAP,0.46472287,0.3911944627761841
CH_L_359a,6-10,0,YAP,0.38834494,0.39065733551979065
CH_L_359a,6-11,0,YAP,0.41674018,0.39141032099723816
CH_L_359a,6-13,0,YAP,0.40348008,0.3927464485168457
CH_L_359a,6-14,0,YAP,0.3689962,0.3927464485168457
CH_L_359a,6-9,0,YAP,0.511786,0.39102816581726074
CH_L_359a,7-10,0,YAP,0.41821042,0.3908914029598236
CH_L_359a,8-10,0,YAP,0.46237996,0.39117494225502014
CH_L_359a,8-14,0,YAP,0.38485655,0.39346790313720703
CH_L_360a,4-10,2,YAP,0.40082318,0.3877221941947937
CH_L_360a,4-11,2,YAP,0.32640293,0.3874881863594055
CH_L_360a,5-10,2,YAP,0.36093065,0.3872470557689667
CH_L_360a,5-11,2,YAP,0.36002278,0.3878585696220398
CH_L_360a,5-12,2,YAP,0.32460365,0.38770774006843567
CH_L_360a,5-14,2,YAP,0.34461832,0.38565143942832947
CH_L_360a,5-9,2,YAP,0.4693355,0.38748523592948914
CH_L_360a,6-10,2,YAP,0.3501006,0.38784047961235046
CH_L_360a,6-11,2,YAP,0.32075644,0.3879469335079193
CH_L_360a,6-12,2,YAP,0.30986586,0.3873824179172516
CH_L_360a,6-9,2,YAP,0.34368688,0.3875434398651123
CH_L_360a,7-10,2,YAP,0.3357348,0.387716680765152
CH_L_360a,7-11,2,YAP,0.32900262,0.38785263895988464
CH_L_360a,7-12,2,YAP,0.32032764,0.3873145580291748
CH_L_360a,7-13,2,YAP,0.2993198,0.3872675597667694
CH_L_360a,7-9,2,YAP,0.34102616,0.38789090514183044
CH_L_360a,8-10,2,YAP,0.3807779,0.3877791166305542
CH_L_360a,8-11,2,YAP,0.34716702,0.3878736197948456
CH_L_360a,8-12,2,YAP,0.3482576,0.38781803846359253
CH_L_360a,8-13,2,YAP,0.31677783,0.38711559772491455
CH_L_360a,8-9,2,YAP,0.3436693,0.38765186071395874
CH_L_360a,9-10,2,YAP,0.36942157,0.38750043511390686
CH_L_360a,9-11,2,YAP,0.34889185,0.3874930739402771
CH_L_360a,9-12,2,YAP,0.34020114,0.3875974416732788
CH_L_360a,9-13,2,YAP,0.3356148,0.38718581199645996
CH_L_360a,9-9,2,YAP,0.34615538,0.3872559666633606
CH_L_361a,10-10,4,YAP,0.35824138,0.3835837244987488
CH_L_361a,10-11,4,YAP,0.35999584,0.38091716170310974
CH_L_361a,10-6,4,YAP,0.4383058,0.38462525606155396
CH_L_361a,10-7,4,YAP,0.40949085,0.38496172428131104
CH_L_361a,10-8,4,YAP,0.3911723,0.38773486018180847
CH_L_361a,10-9,4,YAP,0.37652037,0.3877822756767273
CH_L_361a,11-10,4,YAP,0.35096604,0.38232216238975525
CH_L_361a,11-11,4,YAP,0.35116208,0.38465094566345215
CH_L_361a,11-6,4,YAP,0.43988782,0.379005491733551
CH_L_361a,11-7,4,YAP,0.4311387,0.38263005018234253
CH_L_361a,11-8,4,YAP,0.40099463,0.38316410779953003
CH_L_361a,11-9,4,YAP,0.36867735,0.3817049562931061
CH_L_361a,12-10,4,YAP,0.3712919,0.38232216238975525
CH_L_361a,12-11,4,YAP,0.36808482,0.38465094566345215
CH_L_361a,12-6,4,YAP,0.4337228,0.379005491733551
CH_L_361a,12-7,4,YAP,0.4351259,0.38263005018234253
CH_L_361a,12-8,4,YAP,0.3920248,0.38316410779953003
CH_L_361a,12-9,4,YAP,0.3710683,0.3817049562931061
CH_L_361a,7-10,4,YAP,0.38430965,0.38712096214294434
CH_L_361a,7-11,4,YAP,0.3985326,0.38324129581451416
CH_L_361a,7-9,4,YAP,0.35286894,0.3900904655456543
CH_L_361a,8-10,4,YAP,0.37332785,0.38821616768836975
CH_L_361a,8-11,4,YAP,0.38761425,0.38478660583496094
CH_L_361a,8-8,4,YAP,0.33862957,0.3888210654258728
CH_L_361a,8-9,4,YAP,0.32743967,0.3899748921394348
CH_L_361a,9-10,4,YAP,0.3324171,0.3870296776294708
CH_L_361a,9-11,4,YAP,0.37439498,0.3810119330883026
CH_L_361a,9-6,4,YAP,0.4140457,0.38753795623779297
CH_L_361a,9-7,4,YAP,0.36934212,0.38633987307548523
CH_L_361a,9-8,4,YAP,0.36626312,0.3901197910308838
CH_L_361a,9-9,4,YAP,0.36323413,0.3895345628261566
CH_L_362a,10-10,3,YAP,0.35839793,0.3906831741333008
CH_L_362a,10-11,3,YAP,0.4087103,0.39050498604774475
CH_L_362a,10-12,3,YAP,0.40726116,0.39050498604774475
CH_L_362a,10-13,3,YAP,0.40029663,0.39050498604774475
CH_L_362a,10-14,3,YAP,0.4136747,0.39050498604774475
CH_L_362a,10-9,3,YAP,0.30189887,0.3907891809940338
CH_L_362a,11-10,3,YAP,0.36242136,0.3906382620334625
CH_L_362a,11-11,3,YAP,0.35718936,0.3904115855693817
CH_L_362a,11-13,3,YAP,0.4508924,0.3904115855693817
CH_L_362a,11-14,3,YAP,0.45406425,0.3904115855693817
CH_L_362a,11-9,3,YAP,0.37703615,0.39083045721054077
CH_L_362a,12-10,3,YAP,0.34258547,0.3906382620334625
CH_L_362a,12-11,3,YAP,0.3087029,0.3904115855693817
CH_L_362a,7-11,3,YAP,0.44104815,0.39171385765075684
CH_L_362a,7-12,3,YAP,0.4971088,0.39171385765075684
CH_L_362a,7-13,3,YAP,0.45290086,0.39171385765075684
CH_L_362a,7-14,3,YAP,0.3762313,0.39171385765075684
CH_L_362a,7-9,3,YAP,0.38001084,0.3919787108898163
CH_L_362a,8-10,3,YAP,0.3598417,0.39126884937286377
CH_L_362a,8-11,3,YAP,0.38150772,0.39119425415992737
CH_L_362a,8-12,3,YAP,0.45108968,0.39119425415992737
CH_L_362a,8-13,3,YAP,0.4045831,0.39119425415992737
CH_L_362a,8-14,3,YAP,0.39796555,0.39119425415992737
CH_L_362a,8-9,3,YAP,0.42387795,0.3932913541793823
CH_L_362a,9-10,3,YAP,0.3509638,0.3906530737876892
CH_L_362a,9-11,3,YAP,0.31940344,0.39058542251586914
CH_L_362a,9-12,3,YAP,0.3615473,0.39058542251586914
CH_L_362a,9-13,3,YAP,0.3950381,0.39058542251586914
CH_L_362a,9-14,3,YAP,0.36975724,0.39058542251586914
CH_L_362a,9-9,3,YAP,0.34050325,0.3912091553211212
CH_L_363a,10-10,2,YAP,0.40595978,0.3807477653026581
CH_L_363a,10-11,2,YAP,0.3691159,0.3803580403327942
CH_L_363a,10-6,2,YAP,0.43254113,0.38358765840530396
CH_L_363a,10-7,2,YAP,0.35052845,0.3836516737937927
CH_L_363a,6-10,2,YAP,0.4047636,0.3799249231815338
CH_L_363a,6-11,2,YAP,0.4456743,0.37989622354507446
CH_L_363a,6-6,2,YAP,0.37588978,0.3844338655471802
CH_L_363a,6-7,2,YAP,0.31930497,0.3843563497066498
CH_L_363a,7-10,2,YAP,0.41647753,0.3799247443675995
CH_L_363a,7-11,2,YAP,0.40231788,0.37996432185173035
CH_L_363a,7-6,2,YAP,0.37432396,0.3842617869377136
CH_L_363a,7-7,2,YAP,0.3379257,0.3855568766593933
CH_L_363a,8-10,2,YAP,0.41100815,0.37992823123931885
CH_L_363a,8-6,2,YAP,0.36549017,0.3849680721759796
CH_L_363a,8-7,2,YAP,0.30830145,0.3857787847518921
CH_L_363a,9-10,2,YAP,0.42004624,0.3815539479255676
CH_L_363a,9-11,2,YAP,0.43481153,0.38048434257507324
CH_L_363a,9-6,2,YAP,0.39962813,0.3850982189178467
CH_L_363a,9-7,2,YAP,0.31603584,0.3816382884979248
CH_L_363a,9-8,2,YAP,0.33464572,0.3838581442832947
CH_L_363a,9-9,2,YAP,0.3641664,0.3830988109111786
CH_L_364a,2-11,1,YAP,0.27597362,0.3958766758441925
CH_L_364a,3-10,1,YAP,0.24490987,0.3969954550266266
CH_L_364a,3-11,1,YAP,0.28640684,0.396671324968338
CH_L_364a,3-7,1,YAP,0.34639904,0.3971787989139557
CH_L_364a,3-8,1,YAP,0.31924826,0.3974262475967407
CH_L_364a,3-9,1,YAP,0.28192022,0.39724329113960266
CH_L_364a,4-11,1,YAP,0.28945506,0.39618805050849915
CH_L_364a,4-8,1,YAP,0.30507466,0.39706310629844666
CH_L_364a,5-11,1,YAP,0.37108812,0.3965371549129486
CH_L_364a,6-11,1,YAP,0.39369765,0.3963417708873749
CH_L_367a,5-10,1,YAP,0.2888903,0.394999235868454
CH_L_367a,5-11,1,YAP,0.33918902,0.394999235868454
CH_L_367a,5-9,1,YAP,0.3104232,0.3949865996837616
CH_L_367a,6-11,1,YAP,0.33388835,0.39515677094459534
CH_L_367a,6-12,1,YAP,0.33506387,0.39515677094459534
CH_L_367a,6-13,1,YAP,0.34836867,0.39515677094459534
CH_L_367a,6-9,1,YAP,0.33829615,0.3949349820613861
CH_L_367a,7-10,1,YAP,0.35733464,0.3955593705177307
CH_L_367a,7-11,1,YAP,0.32708845,0.3955593705177307
CH_L_367a,7-12,1,YAP,0.3333282,0.3955593705177307
CH_L_367a,7-13,1,YAP,0.28456816,0.3955593705177307
CH_L_367a,7-9,1,YAP,0.32066706,0.3952478766441345
CH_L_367a,8-10,1,YAP,0.36843303,0.39536476135253906
CH_L_367a,8-11,1,YAP,0.31649393,0.39536476135253906
CH_L_367a,8-12,1,YAP,0.33655915,0.39536476135253906
CH_L_367a,8-13,1,YAP,0.28662628,0.39536476135253906
CH_L_367a,8-9,1,YAP,0.36263147,0.39488521218299866
CH_L_367a,9-10,1,YAP,0.368183,0.39459237456321716
CH_L_367a,9-11,1,YAP,0.31808326,0.39459237456321716
CH_L_367a,9-12,1,YAP,0.31195536,0.39459237456321716
CH_L_367a,9-13,1,YAP,0.35897195,0.39459237456321716
CH_L_367a,9-9,1,YAP,0.3810214,0.39475491642951965
CH_L_368a,4-5,4,YAP,0.38243264,0.38392817974090576
CH_L_368a,4-6,4,YAP,0.37758577,0.37392160296440125
CH_L_368a,4-7,4,YAP,0.41216287,0.37398266792297363
CH_L_368a,5-3,4,YAP,0.4282289,0.3809267580509186
CH_L_368a,5-4,4,YAP,0.40435746,0.38164976239204407
CH_L_368a,5-5,4,YAP,0.35878527,0.38124409317970276
CH_L_368a,5-6,4,YAP,0.36463732,0.3759358525276184
CH_L_368a,5-7,4,YAP,0.41038418,0.3749716579914093
CH_L_368a,5-8,4,YAP,0.3926111,0.3749716579914093
CH_L_368a,6-4,4,YAP,0.36670965,0.3808559775352478
CH_L_368a,6-5,4,YAP,0.34238082,0.3767920136451721
CH_L_368a,6-6,4,YAP,0.35481626,0.37395134568214417
CH_L_368a,6-7,4,YAP,0.40548912,0.37329068779945374
CH_L_368a,7-4,4,YAP,0.38964418,0.38035547733306885
CH_L_368a,7-5,4,YAP,0.34842998,0.3765137791633606
CH_L_368a,7-6,4,YAP,0.34972262,0.37369608879089355
CH_L_368a,7-7,4,YAP,0.39986867,0.3729492127895355
CH_L_368a,7-8,4,YAP,0.38388553,0.3729492127895355
CH_L_368a,8-4,4,YAP,0.3662022,0.38035547733306885
CH_L_368a,8-5,4,YAP,0.3399482,0.3765137791633606
CH_L_368a,8-6,4,YAP,0.35199815,0.37369608879089355
CH_L_368a,8-7,4,YAP,0.35818624,0.3729492127895355
CH_L_368a,8-8,4,YAP,0.33997238,0.3729492127895355
CH_L_368a,9-5,4,YAP,0.33787268,0.3765137791633606
CH_L_368a,9-6,4,YAP,0.33700123,0.37369608879089355
CH_L_368a,9-7,4,YAP,0.35022473,0.3729492127895355
CH_L_369a,10-5,2,YAP,0.34712404,0.3801442086696625
CH_L_369a,10-6,2,YAP,0.30277112,0.3789159655570984
CH_L_369a,10-7,2,YAP,0.32705122,0.37864944338798523
CH_L_369a,10-8,2,YAP,0.31697822,0.37818944454193115
CH_L_369a,11-5,2,YAP,0.36132222,0.3801442086696625
CH_L_369a,11-6,2,YAP,0.31551912,0.3789159655570984
CH_L_369a,11-7,2,YAP,0.32538202,0.37864944338798523
CH_L_369a,11-8,2,YAP,0.3419719,0.37818944454193115
CH_L_369a,6-4,2,YAP,0.42432827,0.38074761629104614
CH_L_369a,6-5,2,YAP,0.35755777,0.3813515305519104
CH_L_369a,6-6,2,YAP,0.39541093,0.38174882531166077
CH_L_369a,6-7,2,YAP,0.33680183,0.380919873714447
CH_L_369a,6-8,2,YAP,0.31941858,0.37988972663879395
CH_L_369a,7-5,2,YAP,0.34378275,0.38134369254112244
CH_L_369a,7-6,2,YAP,0.37188765,0.37953487038612366
CH_L_369a,7-7,2,YAP,0.34722975,0.37845486402511597
CH_L_369a,7-8,2,YAP,0.32389775,0.37912940979003906
CH_L_369a,8-4,2,YAP,0.38863516,0.3793015480041504
CH_L_369a,8-5,2,YAP,0.32814223,0.3801460862159729
CH_L_369a,8-6,2,YAP,0.35943985,0.37889400124549866
CH_L_369a,8-7,2,YAP,0.33776402,0.3786432445049286
CH_L_369a,8-8,2,YAP,0.293133,0.3782123923301697
CH_L_369a,9-5,2,YAP,0.33434242,0.3801442086696625
CH_L_369a,9-6,2,YAP,0.3117004,0.3789159655570984
CH_L_369a,9-8,2,YAP,0.29075179,0.37818944454193115
CH_L_371a,10-4,3,YAP,0.3380958,0.39133578538894653
CH_L_371a,10-5,3,YAP,0.32804805,0.3905746340751648
CH_L_371a,10-6,3,YAP,0.36757916,0.3916057348251343
CH_L_371a,10-7,3,YAP,0.35992777,0.39218419790267944
CH_L_371a,10-8,3,YAP,0.3764106,0.3907039165496826
CH_L_371a,10-9,3,YAP,0.43506327,0.39040955901145935
CH_L_371a,11-8,3,YAP,0.37124544,0.3907141387462616
CH_L_371a,6-4,3,YAP,0.43123817,0.39512866735458374
CH_L_371a,6-5,3,YAP,0.4186209,0.3952311873435974
CH_L_371a,6-6,3,YAP,0.4062562,0.3952733278274536
CH_L_371a,6-7,3,YAP,0.40063325,0.3944608271121979
CH_L_371a,6-8,3,YAP,0.4448607,0.3937830328941345
CH_L_371a,7-4,3,YAP,0.39388332,0.3951284885406494
CH_L_371a,7-5,3,YAP,0.37982574,0.395215779542923
CH_L_371a,7-6,3,YAP,0.38132194,0.3951767086982727
CH_L_371a,7-7,3,YAP,0.4076465,0.3939504623413086
CH_L_371a,7-8,3,YAP,0.41936028,0.3940465450286865
CH_L_371a,8-4,3,YAP,0.3445484,0.39560312032699585
CH_L_371a,8-5,3,YAP,0.38380435,0.39602750539779663
CH_L_371a,8-6,3,YAP,0.34841314,0.3945189118385315
CH_L_371a,8-7,3,YAP,0.35280856,0.39503157138824463
CH_L_371a,8-8,3,YAP,0.37904215,0.3962651789188385
CH_L_371a,8-9,3,YAP,0.4338344,0.3956346809864044
CH_L_371a,9-4,3,YAP,0.33624405,0.3938846290111542
CH_L_371a,9-5,3,YAP,0.3623684,0.3936963379383087
CH_L_371a,9-6,3,YAP,0.36234292,0.39344778656959534
CH_L_371a,9-7,3,YAP,0.34605664,0.3943428695201874
CH_L_371a,9-8,3,YAP,0.3837717,0.3903501331806183
CH_L_371a,9-9,3,YAP,0.44157276,0.3908692002296448
CH_L_372a,10-16,4,YAP,0.37627602,0.3888067305088043
CH_L_372a,10-17,4,YAP,0.4104913,0.3888067305088043
CH_L_372a,10-18,4,YAP,0.39069137,0.3888067305088043
CH_L_372a,10-19,4,YAP,0.34864247,0.3888067305088043
CH_L_372a,10-20,4,YAP,0.4165391,0.3888067305088043
CH_L_372a,11-18,4,YAP,0.37147716,0.386203408241272
CH_L_372a,11-19,4,YAP,0.29726565,0.386203408241272
CH_L_372a,11-20,4,YAP,0.37464663,0.386203408241272
CH_L_372a,6-16,4,YAP,0.39333376,0.38819581270217896
CH_L_372a,6-17,4,YAP,0.38147807,0.38819581270217896
CH_L_372a,6-18,4,YAP,0.4606989,0.38819581270217896
CH_L_372a,6-19,4,YAP,0.51895857,0.38819581270217896
CH_L_372a,6-20,4,YAP,0.53087467,0.38819581270217896
CH_L_372a,6-21,4,YAP,0.5357364,0.38819581270217896
CH_L_372a,7-16,4,YAP,0.3804509,0.3902871012687683
CH_L_372a,7-17,4,YAP,0.38724414,0.3902871012687683
CH_L_372a,7-18,4,YAP,0.39629027,0.3902871012687683
CH_L_372a,7-19,4,YAP,0.49146274,0.3902871012687683
CH_L_372a,7-20,4,YAP,0.5049394,0.3902871012687683
CH_L_372a,7-21,4,YAP,0.53277874,0.3902871012687683
CH_L_372a,8-16,4,YAP,0.38106373,0.38884851336479187
CH_L_372a,8-17,4,YAP,0.37203714,0.38884851336479187
CH_L_372a,8-18,4,YAP,0.416995,0.38884851336479187
CH_L_372a,8-19,4,YAP,0.42049903,0.38884851336479187
CH_L_372a,8-20,4,YAP,0.44063687,0.38884851336479187
CH_L_372a,8-21,4,YAP,0.5132545,0.38884851336479187
CH_L_372a,9-16,4,YAP,0.37304226,0.38725098967552185
CH_L_372a,9-17,4,YAP,0.41663584,0.38725098967552185
CH_L_372a,9-18,4,YAP,0.41261843,0.38725098967552185
CH_L_372a,9-19,4,YAP,0.35980722,0.38725098967552185
CH_L_372a,9-20,4,YAP,0.4217861,0.38725098967552185
CH_L_373a,2-7,0,YAP,0.38442847,0.38704901933670044
CH_L_373a,2-8,0,YAP,0.35881698,0.38704901933670044
CH_L_373a,3-4,0,YAP,0.4545794,0.3870202600955963
CH_L_373a,3-7,0,YAP,0.39229107,0.38698479533195496
CH_L_373a,3-8,0,YAP,0.32553914,0.38698479533195496
CH_L_373a,4-6,0,YAP,0.34715337,0.38686585426330566
CH_L_373a,4-8,0,YAP,0.33365473,0.38686585426330566
CH_L_373a,5-4,0,YAP,0.30401886,0.38795915246009827
CH_L_373a,5-5,0,YAP,0.31547192,0.38718658685684204
CH_L_373a,5-6,0,YAP,0.35908738,0.38696011900901794
CH_L_373a,5-7,0,YAP,0.3487748,0.3869529664516449
CH_L_373a,5-8,0,YAP,0.3270807,0.3869529664516449
CH_L_373a,6-5,0,YAP,0.35234267,0.38763782382011414
CH_L_373a,6-6,0,YAP,0.32941175,0.38757503032684326
CH_L_373a,6-7,0,YAP,0.35478112,0.3877018392086029
CH_L_373a,6-8,0,YAP,0.34190252,0.3877018392086029
CH_L_373a,7-6,0,YAP,0.3387809,0.3876170217990875
CH_L_376a,0-5,3,YAP,0.31692663,0.3911582827568054
CH_L_376a,0-6,3,YAP,0.3220916,0.3911582827568054
CH_L_376a,0-8,3,YAP,0.3726693,0.3911582827568054
CH_L_387a,2-2,4,YAP,0.4013213,0.3787711262702942
CH_L_387a,2-5,4,YAP,0.42521045,0.3752600848674774
CH_L_387a,3-5,4,YAP,0.41336083,0.37494921684265137
CH_L_387a,3-6,4,YAP,0.39743096,0.37494921684265137
CH_L_387a,5-2,4,YAP,0.43303415,0.3747311234474182
CH_L_387a,6-2,4,YAP,0.43308598,0.3747311234474182
CH_L_388a,2-5,4,YAP,0.32151765,0.3776435852050781
CH_L_388a,2-6,4,YAP,0.39532617,0.3776435852050781
CH_L_389a,2-6,2,YAP,0.33832622,0.3778051733970642
CH_L_389a,2-7,2,YAP,0.35491443,0.3778051733970642
CH_L_389a,4-6,2,YAP,0.34174305,0.37888389825820923
CH_L_389a,4-7,2,YAP,0.36387098,0.37888389825820923
CH_L_390a,9-8,3,YAP,0.47521925,0.39729219675064087
CH_L_395a,2-2,2,YAP,0.49412322,0.3795316815376282
CH_L_395a,5-1,2,YAP,0.42955747,0.37722474336624146
CH_L_395a,5-2,2,YAP,0.4155214,0.3770310580730438
CH_L_395a,6-2,2,YAP,0.41529226,0.3770310580730438
CH_L_399a,10-4,0,YAP,0.5689327,0.38769492506980896
CH_L_399a,11-4,0,YAP,0.5401326,0.38769492506980896
CH_L_399a,11-5,0,YAP,0.45325556,0.3880775570869446
CH_L_400a,0-1,3,YAP,0.351201,0.39258283376693726
CH_L_400a,1-2,3,YAP,0.38089904,0.3920285999774933
CH_L_403a,4-3,3,YAP,0.34686312,0.39166533946990967
CH_L_403a,4-4,3,YAP,0.3801755,0.39249441027641296
CH_L_403a,4-6,3,YAP,0.33645067,0.3905893862247467
CH_L_403a,5-3,3,YAP,0.3608723,0.3900739252567291
CH_L_403a,5-6,3,YAP,0.3746297,0.3903670907020569
CH_L_403a,6-6,3,YAP,0.39821,0.3917849063873291
CH_L_403a,6-7,3,YAP,0.40579167,0.39183101058006287
CH_L_403a,7-7,3,YAP,0.4137275,0.3906972408294678
CH_L_275a,10-11,0,WNT,-0.0419441,-0.032657843083143234
CH_L_275a,10-12,0,WNT,-0.06905868,-0.03283845633268356
CH_L_275a,10-13,0,WNT,-0.08822912,-0.033058132976293564
CH_L_275a,10-14,0,WNT,-0.10148279,-0.032751213759183884
CH_L_275a,10-15,0,WNT,-0.13910787,-0.03318203613162041
CH_L_275a,6-11,0,WNT,-0.01943056,-0.032259635627269745
CH_L_275a,6-12,0,WNT,0.018072942,-0.03243536129593849
CH_L_275a,6-13,0,WNT,0.014128976,-0.03239087760448456
CH_L_275a,6-14,0,WNT,-0.033855543,-0.03234861046075821
CH_L_275a,7-11,0,WNT,-0.022941459,-0.03266175463795662
CH_L_275a,7-12,0,WNT,0.021168124,-0.0326327309012413
CH_L_275a,7-13,0,WNT,0.022023875,-0.03252040967345238
CH_L_275a,7-14,0,WNT,-0.050660674,-0.032610293477773666
CH_L_275a,8-11,0,WNT,-0.014160244,-0.032876234501600266
CH_L_275a,8-12,0,WNT,-0.039728362,-0.03277279809117317
CH_L_275a,8-13,0,WNT,-0.056406178,-0.03300262615084648
CH_L_275a,8-14,0,WNT,-0.03271468,-0.03286829590797424
CH_L_275a,8-15,0,WNT,-0.078909256,-0.032745443284511566
CH_L_275a,9-11,0,WNT,-0.021803712,-0.03274615481495857
CH_L_275a,9-12,0,WNT,-0.044756573,-0.032888054847717285
CH_L_275a,9-13,0,WNT,-0.08197425,-0.032944612205028534
CH_L_275a,9-14,0,WNT,-0.09085533,-0.032952677458524704
CH_L_275a,9-15,0,WNT,-0.12378834,-0.032744333148002625
CH_L_276a,10-10,4,WNT,-0.016027879,-0.030152766034007072
CH_L_276a,10-11,4,WNT,0.01953635,-0.025008169934153557
CH_L_276a,10-12,4,WNT,0.042909764,-0.02479243092238903
CH_L_276a,10-8,4,WNT,-0.038188145,-0.030342135578393936
CH_L_276a,10-9,4,WNT,-0.053924285,-0.03208746761083603
CH_L_276a,5-10,4,WNT,0.01455222,-0.03165850043296814
CH_L_276a,5-9,4,WNT,-0.033019356,-0.030589554458856583
CH_L_276a,6-10,4,WNT,0.018441863,-0.030567292124032974
CH_L_276a,6-11,4,WNT,0.057516314,-0.026764992624521255
CH_L_276a,6-8,4,WNT,-0.10111811,-0.028636816889047623
CH_L_276a,6-9,4,WNT,-0.051438015,-0.031142551451921463
CH_L_276a,7-10,4,WNT,0.040590055,-0.03058638982474804
CH_L_276a,7-11,4,WNT,0.056010783,-0.025850944221019745
CH_L_276a,7-8,4,WNT,-0.1011701,-0.03154022991657257
CH_L_276a,7-9,4,WNT,0.008313978,-0.03125514090061188
CH_L_276a,8-10,4,WNT,0.030111235,-0.03037850931286812
CH_L_276a,8-11,4,WNT,0.05428854,-0.025640541687607765
CH_L_276a,8-12,4,WNT,0.026976885,-0.025512918829917908
CH_L_276a,9-10,4,WNT,0.040263336,-0.03159666806459427
CH_L_276a,9-11,4,WNT,0.07909938,-0.02797066979110241
CH_L_276a,9-12,4,WNT,0.024996247,-0.02787662111222744
CH_L_276a,9-8,4,WNT,-0.076038085,-0.027623750269412994
CH_L_277a,2-10,4,WNT,0.0781852,-0.017626125365495682
CH_L_277a,2-8,4,WNT,-0.04234613,-0.017626125365495682
CH_L_277a,2-9,4,WNT,0.036055133,-0.017626125365495682
CH_L_277a,3-10,4,WNT,0.0128042605,-0.017542552202939987
CH_L_277a,3-6,4,WNT,-0.059579838,-0.0174507237970829
CH_L_277a,3-7,4,WNT,-0.03926288,-0.017542552202939987
CH_L_277a,3-8,4,WNT,0.07014997,-0.017542552202939987
CH_L_277a,3-9,4,WNT,0.095210806,-0.017542552202939987
CH_L_277a,4-6,4,WNT,-0.036310516,-0.014760415069758892
CH_L_277a,4-7,4,WNT,0.04448934,-0.014760416001081467
CH_L_277a,4-8,4,WNT,0.041142434,-0.014760416001081467
CH_L_277a,4-9,4,WNT,0.05292406,-0.014760416001081467
CH_L_277a,5-6,4,WNT,-0.010682082,-0.017742743715643883
CH_L_277a,5-7,4,WNT,-0.013512022,-0.017742745578289032
CH_L_277a,5-8,4,WNT,0.008194331,-0.017742745578289032
CH_L_277a,6-6,4,WNT,0.0969459,-0.017230059951543808
CH_L_278a,10-11,2,WNT,-0.040515836,-0.02128554880619049
CH_L_278a,5-10,2,WNT,-0.04787732,-0.020859699696302414
CH_L_278a,7-11,2,WNT,-0.030664096,-0.021590659394860268
CH_L_278a,7-12,2,WNT,-0.01616693,-0.02190364897251129
CH_L_278a,7-14,2,WNT,0.053182792,-0.02190364897251129
CH_L_278a,8-11,2,WNT,0.023738775,-0.021502653136849403
CH_L_278a,8-12,2,WNT,0.03368141,-0.021621638908982277
CH_L_278a,8-13,2,WNT,0.037250202,-0.021621638908982277
CH_L_278a,8-14,2,WNT,0.044265203,-0.021621638908982277
CH_L_278a,9-11,2,WNT,0.060054023,-0.021418854594230652
CH_L_278a,9-12,2,WNT,0.024635868,-0.021324237808585167
CH_L_279a,10-12,0,WNT,-0.11876454,-0.02999444119632244
CH_L_279a,10-9,0,WNT,-0.015294401,-0.029445813968777657
CH_L_279a,5-10,0,WNT,0.03941586,-0.02991284802556038
CH_L_279a,5-11,0,WNT,0.034440555,-0.030887287110090256
CH_L_279a,6-10,0,WNT,0.056666516,-0.02982831560075283
CH_L_279a,6-11,0,WNT,0.07674659,-0.03055850975215435
CH_L_279a,6-12,0,WNT,-0.08820132,-0.03055850975215435
CH_L_279a,6-8,0,WNT,-0.007185857,-0.028609031811356544
CH_L_279a,6-9,0,WNT,0.0032819512,-0.028595171868801117
CH_L_279a,7-10,0,WNT,0.07637421,-0.029598349705338478
CH_L_279a,7-9,0,WNT,0.023123382,-0.029003504663705826
CH_L_279a,8-10,0,WNT,-0.1010992,-0.029573872685432434
CH_L_279a,8-8,0,WNT,-0.029086579,-0.029231209307909012
CH_L_279a,8-9,0,WNT,-0.013634836,-0.028835996985435486
CH_L_279a,9-12,0,WNT,-0.04852246,-0.030088385567069054
CH_L_279a,9-13,0,WNT,-0.12291243,-0.030088385567069054
CH_L_280a,10-4,1,WNT,0.017767712,-0.02567935734987259
CH_L_280a,10-5,1,WNT,0.016301304,-0.02556799165904522
CH_L_280a,10-6,1,WNT,0.040276006,-0.025683337822556496
CH_L_280a,10-7,1,WNT,0.016215106,-0.025514546781778336
CH_L_280a,10-8,1,WNT,0.010804722,-0.025540946051478386
CH_L_280a,10-9,1,WNT,0.039799977,-0.025540946051478386
CH_L_280a,11-5,1,WNT,0.030945824,-0.02556799165904522
CH_L_280a,11-6,1,WNT,0.017818889,-0.025683337822556496
CH_L_280a,11-7,1,WNT,0.07725442,-0.025514546781778336
CH_L_280a,11-8,1,WNT,0.006593423,-0.025540946051478386
CH_L_280a,6-4,1,WNT,0.04478368,-0.02680337056517601
CH_L_280a,6-5,1,WNT,-0.0019400772,-0.026678416877985
CH_L_280a,6-6,1,WNT,0.037041508,-0.026446271687746048
CH_L_280a,6-7,1,WNT,0.03366636,-0.02539808675646782
CH_L_280a,6-8,1,WNT,0.052139945,-0.02544185146689415
CH_L_280a,6-9,1,WNT,0.04406669,-0.02544185146689415
CH_L_280a,7-4,1,WNT,0.017461222,-0.02625492960214615
CH_L_280a,7-5,1,WNT,0.030051464,-0.025748083367943764
CH_L_280a,7-6,1,WNT,0.008432255,-0.025426721200346947
CH_L_280a,7-7,1,WNT,0.011722213,-0.025487884879112244
CH_L_280a,7-8,1,WNT,0.05987309,-0.02576192282140255
CH_L_280a,7-9,1,WNT,0.06232997,-0.02576192282140255
CH_L_280a,8-4,1,WNT,-0.014093875,-0.02567935734987259
CH_L_280a,8-5,1,WNT,0.006691048,-0.02556799165904522
CH_L_280a,8-6,1,WNT,-0.020177651,-0.025683337822556496
CH_L_280a,8-7,1,WNT,-0.050755367,-0.025514546781778336
CH_L_280a,8-8,1,WNT,0.01616856,-0.025540946051478386
CH_L_280a,8-9,1,WNT,0.052110232,-0.025540946051478386
CH_L_280a,9-4,1,WNT,0.036097124,-0.02567935734987259
CH_L_280a,9-5,1,WNT,0.019401733,-0.02556799165904522
CH_L_280a,9-6,1,WNT,0.021760423,-0.025683337822556496
CH_L_280a,9-7,1,WNT,0.037619155,-0.025514546781778336
CH_L_280a,9-8,1,WNT,0.034287103,-0.025540946051478386
CH_L_280a,9-9,1,WNT,0.04959314,-0.025540946051478386
CH_L_281a,10-21,2,WNT,-0.142415,-0.023866871371865273
CH_L_281a,10-22,2,WNT,-0.12960109,-0.023866871371865273
CH_L_281a,10-23,2,WNT,-0.14171346,-0.023866871371865273
CH_L_281a,10-24,2,WNT,-0.13178003,-0.023866871371865273
CH_L_281a,11-21,2,WNT,-0.11623329,-0.02369445562362671
CH_L_281a,11-22,2,WNT,-0.11284249,-0.02369445562362671
CH_L_281a,6-21,2,WNT,-0.14887126,-0.02339199371635914
CH_L_281a,6-22,2,WNT,-0.12331582,-0.02339199371635914
CH_L_281a,6-23,2,WNT,-0.1334043,-0.02339199371635914
CH_L_281a,6-24,2,WNT,-0.12974134,-0.02339199371635914
CH_L_281a,6-25,2,WNT,-0.12940367,-0.02339199371635914
CH_L_281a,6-26,2,WNT,-0.12807068,-0.02339199371635914
CH_L_281a,7-21,2,WNT,-0.14639002,-0.023804383352398872
CH_L_281a,7-22,2,WNT,-0.10742539,-0.023804383352398872
CH_L_281a,7-23,2,WNT,-0.11948325,-0.023804383352398872
CH_L_281a,7-24,2,WNT,-0.1189241,-0.023804383352398872
CH_L_281a,7-25,2,WNT,-0.12900226,-0.023804383352398872
CH_L_281a,7-26,2,WNT,-0.12798983,-0.023804383352398872
CH_L_281a,8-22,2,WNT,-0.113570414,-0.023487672209739685
CH_L_281a,8-23,2,WNT,-0.085188955,-0.023487672209739685
CH_L_281a,8-24,2,WNT,-0.10267932,-0.023487672209739685
CH_L_281a,8-25,2,WNT,-0.120892145,-0.023487672209739685
CH_L_281a,8-26,2,WNT,-0.11506428,-0.023487672209739685
CH_L_281a,9-23,2,WNT,-0.13103949,-0.023248761892318726
CH_L_281a,9-24,2,WNT,-0.1139095,-0.023248761892318726
CH_L_281a,9-26,2,WNT,-0.118853524,-0.023248761892318726
CH_L_281b,3-2,2,WNT,-0.1390703,-0.019289962947368622
CH_L_281b,3-3,2,WNT,-0.11253513,-0.019298043102025986
CH_L_281b,3-5,2,WNT,-0.10188224,-0.016871698200702667
CH_L_281b,3-6,2,WNT,-0.12471017,-0.01883191242814064
CH_L_281b,4-2,2,WNT,-0.085540496,-0.019026637077331543
CH_L_281b,4-3,2,WNT,-0.014517041,-0.019334441050887108
CH_L_281b,4-5,2,WNT,-0.025730496,-0.01700654625892639
CH_L_281b,4-6,2,WNT,-0.056059744,-0.018900584429502487
CH_L_281b,5-2,2,WNT,-0.056010004,-0.01857559010386467
CH_L_281b,5-3,2,WNT,-0.04381096,-0.01710440218448639
CH_L_281b,5-5,2,WNT,-0.04019474,-0.017365064471960068
CH_L_281b,5-6,2,WNT,-0.03236325,-0.01868795044720173
CH_L_281b,6-3,2,WNT,-0.023439117,-0.018335765227675438
CH_L_281b,6-4,2,WNT,-0.037393887,-0.018636956810951233
CH_L_281b,6-5,2,WNT,-0.048226006,-0.018617291003465652
CH_L_281b,6-6,2,WNT,-0.07700283,-0.019209038466215134
CH_L_281b,7-2,2,WNT,-0.10216506,-0.0179833322763443
CH_L_281b,7-5,2,WNT,-0.07443517,-0.018617291003465652
CH_L_281b,7-6,2,WNT,-0.09128346,-0.019209038466215134
CH_L_281b,8-2,2,WNT,-0.084443554,-0.0179833322763443
CH_L_282a,10-7,2,WNT,-0.14370136,-0.02000170201063156
CH_L_282a,10-8,2,WNT,-0.12589891,-0.020028818398714066
CH_L_282a,10-9,2,WNT,-0.125678,-0.020522065460681915
CH_L_282a,11-8,2,WNT,-0.10802661,-0.020028818398714066
CH_L_282a,11-9,2,WNT,-0.12727675,-0.020522065460681915
CH_L_282a,12-9,2,WNT,-0.14839143,-0.020522065460681915
CH_L_282a,7-10,2,WNT,-0.111977234,-0.02038947120308876
CH_L_282a,7-11,2,WNT,-0.11775564,-0.02038947120308876
CH_L_282a,7-9,2,WNT,-0.14092018,-0.02038947120308876
CH_L_282a,8-10,2,WNT,-0.12473075,-0.020299959927797318
CH_L_282a,8-11,2,WNT,-0.11885961,-0.020299959927797318
CH_L_282a,8-7,2,WNT,-0.14765102,-0.019573822617530823
CH_L_282a,8-9,2,WNT,-0.14055979,-0.020299959927797318
CH_L_282a,9-10,2,WNT,-0.1299392,-0.020522065460681915
CH_L_282a,9-11,2,WNT,-0.09674736,-0.020522065460681915
CH_L_283a,10-10,1,WNT,-0.05517659,-0.03274183347821236
CH_L_283a,10-11,1,WNT,-0.047912966,-0.030623624101281166
CH_L_283a,10-6,1,WNT,0.011272371,-0.032704517245292664
CH_L_283a,10-7,1,WNT,0.023118546,-0.03266086429357529
CH_L_283a,10-8,1,WNT,-0.01003479,-0.032655395567417145
CH_L_283a,10-9,1,WNT,-0.016467355,-0.032839447259902954
CH_L_283a,11-10,1,WNT,-0.005624861,-0.03051123023033142
CH_L_283a,11-11,1,WNT,-0.024558032,-0.029877228662371635
CH_L_283a,11-6,1,WNT,-0.13022058,-0.030612222850322723
CH_L_283a,11-7,1,WNT,-0.08188567,-0.03079512156546116
CH_L_283a,11-8,1,WNT,-0.047632124,-0.03047456592321396
CH_L_283a,11-9,1,WNT,-0.0064179027,-0.030989158898591995
CH_L_283a,12-10,1,WNT,-0.06862788,-0.029864700511097908
CH_L_283a,12-11,1,WNT,-0.035005845,-0.029553893953561783
CH_L_283a,12-7,1,WNT,-0.13290238,-0.029969606548547745
CH_L_283a,12-8,1,WNT,-0.10219574,-0.02939886972308159
CH_L_283a,12-9,1,WNT,-0.030301232,-0.03030899167060852
CH_L_283a,7-10,1,WNT,-0.036961008,-0.03132446110248566
CH_L_283a,7-11,1,WNT,-0.05072734,-0.03005186840891838
CH_L_283a,7-7,1,WNT,-0.04081208,-0.03371412679553032
CH_L_283a,7-8,1,WNT,-0.048025038,-0.0328635573387146
CH_L_283a,7-9,1,WNT,-0.04362691,-0.03271467238664627
CH_L_283a,8-10,1,WNT,-0.031931948,-0.032626714557409286
CH_L_283a,8-11,1,WNT,-0.036387905,-0.030092516914010048
CH_L_283a,8-7,1,WNT,-0.057338756,-0.03335512802004814
CH_L_283a,8-8,1,WNT,-0.017651387,-0.03297020122408867
CH_L_283a,8-9,1,WNT,-0.013203196,-0.032864056527614594
CH_L_283a,9-10,1,WNT,-0.037173145,-0.03286460041999817
CH_L_283a,9-11,1,WNT,-0.051624436,-0.030432023108005524
CH_L_283a,9-6,1,WNT,-0.0038849367,-0.033266566693782806
CH_L_283a,9-7,1,WNT,-0.016821314,-0.03312717750668526
CH_L_283a,9-8,1,WNT,-0.006425597,-0.03272866830229759
CH_L_283a,9-9,1,WNT,-0.021028595,-0.03283306956291199
CH_L_284a,10-10,0,WNT,-0.1310121,-0.027949264273047447
CH_L_284a,10-7,0,WNT,-0.11998918,-0.02921561896800995
CH_L_284a,10-8,0,WNT,-0.11116485,-0.02903895080089569
CH_L_284a,10-9,0,WNT,-0.13864516,-0.028797147795557976
CH_L_284a,11-10,0,WNT,-0.1239944,-0.027949264273047447
CH_L_284a,11-8,0,WNT,-0.119497366,-0.02903895080089569
CH_L_284a,11-9,0,WNT,-0.13341866,-0.028797147795557976
CH_L_284a,9-7,0,WNT,-0.13137305,-0.02880558930337429
CH_L_284a,9-8,0,WNT,-0.1186474,-0.02879050187766552
CH_L_284a,9-9,0,WNT,-0.13612615,-0.028811467811465263
CH_L_285a,5-10,1,WNT,-0.12112233,-0.025880083441734314
CH_L_285a,5-6,1,WNT,-0.11043905,-0.02896253392100334
CH_L_285a,5-8,1,WNT,-0.10113631,-0.02574995718896389
CH_L_285a,5-9,1,WNT,-0.09704461,-0.025880083441734314
CH_L_285a,6-10,1,WNT,-0.09055883,-0.02587900124490261
CH_L_285a,6-11,1,WNT,-0.14079665,-0.02587900124490261
CH_L_285a,6-6,1,WNT,-0.14224312,-0.02855715900659561
CH_L_285a,6-8,1,WNT,-0.10429297,-0.025729715824127197
CH_L_285a,6-9,1,WNT,-0.09420131,-0.02587900124490261
CH_L_285a,7-10,1,WNT,-0.12095854,-0.025466762483119965
CH_L_285a,7-11,1,WNT,-0.123907536,-0.025466762483119965
CH_L_285a,7-6,1,WNT,-0.12650925,-0.028447041288018227
CH_L_285a,7-8,1,WNT,-0.09462089,-0.02545279450714588
CH_L_285a,7-9,1,WNT,-0.11275136,-0.025466762483119965
CH_L_285a,8-10,1,WNT,-0.1305691,-0.0261656753718853
CH_L_285a,8-6,1,WNT,-0.09372392,-0.0270021203905344
CH_L_285a,8-7,1,WNT,-0.13566367,-0.025073595345020294
CH_L_285a,8-8,1,WNT,-0.11402034,-0.02594795823097229
CH_L_285a,8-9,1,WNT,-0.136217,-0.0261656753718853
CH_L_285a,9-10,1,WNT,-0.13559213,-0.026619289070367813
CH_L_285a,9-9,1,WNT,-0.13993661,-0.026619289070367813
CH_L_287a,10-11,0,WNT,-0.11931254,-0.031771495938301086
CH_L_287a,10-12,0,WNT,-0.12612474,-0.031255077570676804
CH_L_287a,10-13,0,WNT,-0.106527545,-0.03149428963661194
CH_L_287a,10-14,0,WNT,-0.06570594,-0.032343294471502304
CH_L_287a,10-15,0,WNT,-0.08413403,-0.032343294471502304
CH_L_287a,5-11,0,WNT,-0.09441079,-0.03149588778614998
CH_L_287a,6-10,0,WNT,-0.09617921,-0.03126319497823715
CH_L_287a,6-11,0,WNT,-0.08683421,-0.031204311177134514
CH_L_287a,6-12,0,WNT,-0.11170767,-0.03152231127023697
CH_L_287a,7-10,0,WNT,-0.12809737,-0.03175850585103035
CH_L_287a,7-11,0,WNT,-0.10861529,-0.03177257999777794
CH_L_287a,7-12,0,WNT,-0.09368157,-0.03164651617407799
CH_L_287a,7-13,0,WNT,-0.093830824,-0.03149464726448059
CH_L_287a,8-10,0,WNT,-0.09281116,-0.0318714864552021
CH_L_287a,8-11,0,WNT,-0.119812556,-0.03170832246541977
CH_L_287a,8-12,0,WNT,-0.09768578,-0.031552426517009735
CH_L_287a,8-13,0,WNT,-0.08063733,-0.03151543065905571
CH_L_287a,8-14,0,WNT,-0.11624816,-0.03218782693147659
CH_L_287a,9-11,0,WNT,-0.13392457,-0.03159419074654579
CH_L_287a,9-12,0,WNT,-0.11792099,-0.03159349039196968
CH_L_287a,9-13,0,WNT,-0.08525764,-0.03155858442187309
CH_L_287a,9-14,0,WNT,-0.10834669,-0.032276008278131485
CH_L_288a,4-3,2,WNT,-0.13112469,-0.02070138044655323
CH_L_288a,4-4,2,WNT,-0.14449468,-0.021313907578587532
CH_L_288a,4-6,2,WNT,-0.14632623,-0.018905341625213623
CH_L_288a,4-7,2,WNT,-0.1445181,-0.01938823238015175
CH_L_288a,5-3,2,WNT,-0.14568008,-0.01999463327229023
CH_L_288a,5-4,2,WNT,-0.12900564,-0.01929571107029915
CH_L_288a,5-6,2,WNT,-0.13066928,-0.018467651680111885
CH_L_288a,5-7,2,WNT,-0.14111654,-0.018900252878665924
CH_L_288a,6-4,2,WNT,-0.11593168,-0.019153105095028877
CH_L_288a,6-5,2,WNT,-0.11078256,-0.01895826868712902
CH_L_288a,6-6,2,WNT,-0.099605575,-0.019169339910149574
CH_L_288a,6-7,2,WNT,-0.08481748,-0.019266612827777863
CH_L_288a,7-3,2,WNT,-0.15035854,-0.019266614690423012
CH_L_288a,7-4,2,WNT,-0.12204141,-0.019283581525087357
CH_L_288a,7-5,2,WNT,-0.10743754,-0.01934928633272648
CH_L_288a,7-6,2,WNT,-0.10895285,-0.019497796893119812
CH_L_288a,7-7,2,WNT,-0.07957628,-0.01967873051762581
CH_L_288a,8-4,2,WNT,-0.09550414,-0.019283581525087357
CH_L_288a,8-5,2,WNT,-0.076049544,-0.01934928633272648
CH_L_288a,8-6,2,WNT,-0.084611654,-0.019497796893119812
CH_L_288a,8-7,2,WNT,-0.13224714,-0.01967873051762581
CH_L_288a,9-3,2,WNT,-0.14984937,-0.019266614690423012
CH_L_288a,9-4,2,WNT,-0.13524327,-0.019283581525087357
CH_L_288a,9-5,2,WNT,-0.112826966,-0.01934928633272648
CH_L_288a,9-6,2,WNT,-0.13553368,-0.019497796893119812
CH_L_289a,10-10,4,WNT,-0.067399524,-0.034525539726018906
CH_L_289a,10-11,4,WNT,-0.05088716,-0.03457600623369217
CH_L_289a,10-12,4,WNT,-0.04737817,-0.03457600623369217
CH_L_289a,10-13,4,WNT,-0.016839588,-0.03457600623369217
CH_L_289a,5-10,4,WNT,-0.059944924,-0.03388023376464844
CH_L_289a,5-11,4,WNT,-0.09481937,-0.036720991134643555
CH_L_289a,5-12,4,WNT,-0.072294325,-0.036720991134643555
CH_L_289a,5-13,4,WNT,-0.021310952,-0.036720991134643555
CH_L_289a,5-14,4,WNT,-0.008492516,-0.036720991134643555
CH_L_289a,5-15,4,WNT,-0.026291402,-0.036720991134643555
CH_L_289a,6-10,4,WNT,-0.07442588,-0.032200947403907776
CH_L_289a,6-11,4,WNT,-0.10066225,-0.03393225371837616
CH_L_289a,6-12,4,WNT,-0.073250815,-0.03393225371837616
CH_L_289a,6-13,4,WNT,-0.037399914,-0.03393225371837616
CH_L_289a,6-14,4,WNT,0.010296331,-0.03393225371837616
CH_L_289a,6-15,4,WNT,0.054511756,-0.03393225371837616
CH_L_289a,7-10,4,WNT,-0.12027245,-0.03329192474484444
CH_L_289a,7-11,4,WNT,-0.12190708,-0.03399179130792618
CH_L_289a,7-12,4,WNT,-0.08625917,-0.03399179130792618
CH_L_289a,7-13,4,WNT,-0.027344164,-0.03399179130792618
CH_L_289a,7-14,4,WNT,0.032306463,-0.03399179130792618
CH_L_289a,7-15,4,WNT,0.036761355,-0.03399179130792618
CH_L_289a,8-10,4,WNT,-0.13097894,-0.033158157020807266
CH_L_289a,8-11,4,WNT,-0.12904018,-0.03605246543884277
CH_L_289a,8-12,4,WNT,-0.1123629,-0.03605246543884277
CH_L_289a,8-13,4,WNT,-0.021887634,-0.03605246543884277
CH_L_289a,8-14,4,WNT,0.027232453,-0.03605246543884277
CH_L_289a,8-15,4,WNT,-0.03333574,-0.03605246543884277
CH_L_289a,9-10,4,WNT,-0.1046618,-0.03373108431696892
CH_L_289a,9-11,4,WNT,-0.11735481,-0.03510181978344917
CH_L_289a,9-12,4,WNT,-0.040810835,-0.03510181978344917
CH_L_289a,9-13,4,WNT,-0.0313765,-0.03510181978344917
CH_L_289a,9-14,4,WNT,-0.049681477,-0.03510181978344917
CH_L_290a,10-15,1,WNT,0.014531345,-0.031043028458952904
CH_L_290a,10-16,1,WNT,0.0076964083,-0.031043028458952904
CH_L_290a,5-14,1,WNT,0.0648836,-0.030790206044912338
CH_L_290a,5-16,1,WNT,0.05810955,-0.030790206044912338
CH_L_290a,5-17,1,WNT,0.0252832,-0.030790206044912338
CH_L_290a,5-18,1,WNT,0.01062245,-0.030790206044912338
CH_L_290a,6-13,1,WNT,0.07076923,-0.03084692358970642
CH_L_290a,6-14,1,WNT,0.06306961,-0.03084692358970642
CH_L_290a,6-15,1,WNT,0.080044866,-0.03084692358970642
CH_L_290a,6-16,1,WNT,0.03738578,-0.03084692358970642
CH_L_290a,7-13,1,WNT,-0.055033725,-0.03061947599053383
CH_L_290a,7-14,1,WNT,-0.04721229,-0.03061947599053383
CH_L_290a,7-15,1,WNT,0.03703786,-0.03061947599053383
CH_L_290a,7-16,1,WNT,0.03393143,-0.03061947599053383
CH_L_290a,7-18,1,WNT,-0.0639704,-0.03061947599053383
CH_L_290a,8-15,1,WNT,-0.01729845,-0.030371902510523796
CH_L_290a,8-16,1,WNT,0.030527748,-0.030371902510523796
CH_L_290a,9-14,1,WNT,0.005594432,-0.030467621982097626
CH_L_290a,9-15,1,WNT,0.012794682,-0.030467621982097626
CH_L_290a,9-16,1,WNT,-0.045231972,-0.030467621982097626
CH_L_290a,9-17,1,WNT,0.037144084,-0.030467621982097626
CH_L_291a,10-4,1,WNT,-0.10949475,-0.026848288252949715
CH_L_291a,10-5,1,WNT,0.09178343,-0.027216210961341858
CH_L_291a,10-6,1,WNT,0.111261696,-0.02688453160226345
CH_L_291a,10-7,1,WNT,0.08530206,-0.026580097153782845
CH_L_291a,10-8,1,WNT,0.027082054,-0.026963386684656143
CH_L_291a,10-9,1,WNT,-0.01664987,-0.0270207691937685
CH_L_291a,11-4,1,WNT,-0.076063074,-0.028214387595653534
CH_L_291a,11-5,1,WNT,0.033911932,-0.02827596478164196
CH_L_291a,11-6,1,WNT,0.112637766,-0.028204094618558884
CH_L_291a,11-7,1,WNT,0.0103593245,-0.02811465598642826
CH_L_291a,11-8,1,WNT,0.009715375,-0.028339849784970284
CH_L_291a,11-9,1,WNT,-0.025481248,-0.028346428647637367
CH_L_291a,7-4,1,WNT,-0.06748881,-0.03355114534497261
CH_L_291a,7-5,1,WNT,0.042212557,-0.033376336097717285
CH_L_291a,7-6,1,WNT,0.058439624,-0.03208960220217705
CH_L_291a,7-7,1,WNT,0.035844963,-0.03134763240814209
CH_L_291a,7-8,1,WNT,0.018704882,-0.0323479063808918
CH_L_291a,8-4,1,WNT,0.035863042,-0.03346717730164528
CH_L_291a,8-5,1,WNT,0.12340724,-0.0323517769575119
CH_L_291a,8-6,1,WNT,0.11399545,-0.031817078590393066
CH_L_291a,8-7,1,WNT,-0.040438514,-0.030483676120638847
CH_L_291a,8-8,1,WNT,0.044522762,-0.03232140839099884
CH_L_291a,8-9,1,WNT,0.033718783,-0.030914196744561195
CH_L_291a,9-4,1,WNT,-0.016085949,-0.03094147890806198
CH_L_291a,9-5,1,WNT,0.08257168,-0.03167158365249634
CH_L_291a,9-6,1,WNT,0.026115311,-0.03115372732281685
CH_L_291a,9-7,1,WNT,0.05819319,-0.030484003946185112
CH_L_291a,9-8,1,WNT,0.05710608,-0.03214704245328903
CH_L_292a,2-12,2,WNT,-0.14740679,-0.02145284414291382
CH_L_292a,2-13,2,WNT,-0.14003704,-0.02145284414291382
CH_L_292a,2-14,2,WNT,-0.12903868,-0.02145284414291382
CH_L_292a,2-15,2,WNT,-0.08987553,-0.02145284414291382
CH_L_292a,2-16,2,WNT,-0.011408891,-0.02145284414291382
CH_L_292a,3-12,2,WNT,-0.14470473,-0.022173408418893814
CH_L_292a,3-13,2,WNT,-0.14049712,-0.022173408418893814
CH_L_292a,3-14,2,WNT,-0.09046278,-0.022173408418893814
CH_L_292a,3-15,2,WNT,-0.06352687,-0.022173408418893814
CH_L_292a,3-16,2,WNT,-0.042017683,-0.022173408418893814
CH_L_292a,4-13,2,WNT,-0.13429344,-0.021549494937062263
CH_L_292a,4-14,2,WNT,-0.09782097,-0.021549494937062263
CH_L_292a,4-15,2,WNT,-0.0606248,-0.021549494937062263
CH_L_292a,4-16,2,WNT,-0.052795455,-0.021549494937062263
CH_L_292a,5-13,2,WNT,-0.12773778,-0.02164774388074875
CH_L_292a,5-14,2,WNT,-0.12304278,-0.02164774388074875
CH_L_292a,5-15,2,WNT,-0.06372124,-0.02164774388074875
CH_L_292a,5-16,2,WNT,-0.052717183,-0.02164774388074875
CH_L_292a,6-12,2,WNT,-0.12800848,-0.021647410467267036
CH_L_292a,6-13,2,WNT,-0.1074869,-0.021647410467267036
CH_L_292a,6-14,2,WNT,-0.08848536,-0.021647410467267036
CH_L_292a,6-15,2,WNT,-0.059022877,-0.021647410467267036
CH_L_292a,6-16,2,WNT,-0.04722327,-0.021647410467267036
CH_L_292a,7-12,2,WNT,-0.14229941,-0.02131049707531929
CH_L_292a,7-13,2,WNT,-0.12472493,-0.02131049707531929
CH_L_292a,7-14,2,WNT,-0.08803495,-0.02131049707531929
CH_L_292a,7-15,2,WNT,-0.05631379,-0.02131049707531929
CH_L_292a,7-16,2,WNT,-0.08115317,-0.02131049707531929
CH_L_293a,10-14,0,WNT,0.001444142,-0.02988220751285553
CH_L_293a,10-15,0,WNT,-0.0139437085,-0.02988220751285553
CH_L_293a,10-16,0,WNT,0.038099337,-0.02988220751285553
CH_L_293a,5-14,0,WNT,-0.057465814,-0.030622068792581558
CH_L_293a,5-15,0,WNT,0.017718576,-0.030622068792581558
CH_L_293a,5-16,0,WNT,0.050739735,-0.030622068792581558
CH_L_293a,5-17,0,WNT,0.024256406,-0.030622068792581558
CH_L_293a,5-18,0,WNT,0.024180239,-0.030622068792581558
CH_L_293a,6-14,0,WNT,0.018390784,-0.03048550896346569
CH_L_293a,6-15,0,WNT,0.014413428,-0.03048550896346569
CH_L_293a,6-16,0,WNT,0.016552154,-0.03048550896346569
CH_L_293a,6-17,0,WNT,0.012602715,-0.03048550896346569
CH_L_293a,6-18,0,WNT,0.042256627,-0.03048550896346569
CH_L_293a,7-13,0,WNT,0.046540115,-0.030275151133537292
CH_L_293a,7-14,0,WNT,0.027934311,-0.030275151133537292
CH_L_293a,7-15,0,WNT,-0.0076180976,-0.030275151133537292
CH_L_293a,7-16,0,WNT,-0.010040163,-0.030275151133537292
CH_L_293a,7-17,0,WNT,0.0060994592,-0.030275151133537292
CH_L_293a,7-18,0,WNT,0.04192817,-0.030275151133537292
CH_L_293a,8-14,0,WNT,-0.025720082,-0.029886484146118164
CH_L_293a,8-15,0,WNT,-0.016798718,-0.029886484146118164
CH_L_293a,8-16,0,WNT,0.023568848,-0.029886484146118164
CH_L_293a,8-17,0,WNT,0.03659755,-0.029886484146118164
CH_L_293a,8-18,0,WNT,-0.045100987,-0.029886484146118164
CH_L_293a,9-14,0,WNT,-0.036684196,-0.029270224273204803
CH_L_293a,9-15,0,WNT,-0.02623691,-0.029270224273204803
CH_L_293a,9-16,0,WNT,0.047025483,-0.029270224273204803
CH_L_293a,9-17,0,WNT,0.05598955,-0.029270224273204803
CH_L_293a,9-18,0,WNT,0.024473453,-0.029270224273204803
CH_L_294a,10-10,2,WNT,-0.13818061,-0.019636886194348335
CH_L_294a,10-13,2,WNT,-0.101686046,-0.0214446559548378
CH_L_294a,10-9,2,WNT,-0.12796555,-0.019759198650717735
CH_L_294a,11-12,2,WNT,-0.12434506,-0.021723149344325066
CH_L_294a,11-13,2,WNT,-0.11314165,-0.021723149344325066
CH_L_294a,6-10,2,WNT,-0.14371012,-0.023874297738075256
CH_L_294a,6-11,2,WNT,-0.14246769,-0.022927233949303627
CH_L_294a,6-12,2,WNT,-0.12428221,-0.022458987310528755
CH_L_294a,6-13,2,WNT,-0.13422002,-0.022458987310528755
CH_L_294a,6-9,2,WNT,-0.13773353,-0.02377280965447426
CH_L_294a,7-10,2,WNT,-0.15114449,-0.023424288257956505
CH_L_294a,7-11,2,WNT,-0.14559509,-0.022798888385295868
CH_L_294a,7-12,2,WNT,-0.14708912,-0.022215113043785095
CH_L_294a,7-13,2,WNT,-0.13273822,-0.022215113043785095
CH_L_294a,7-9,2,WNT,-0.13945082,-0.023518666625022888
CH_L_294a,8-10,2,WNT,-0.15257767,-0.023298710584640503
CH_L_294a,8-11,2,WNT,-0.1518177,-0.02275274321436882
CH_L_294a,8-12,2,WNT,-0.14957145,-0.022707071155309677
CH_L_294a,8-13,2,WNT,-0.1345154,-0.022707071155309677
CH_L_294a,8-9,2,WNT,-0.14776076,-0.023129889741539955
CH_L_294a,9-10,2,WNT,-0.13506989,-0.022040391340851784
CH_L_294a,9-11,2,WNT,-0.12362186,-0.0214921273291111
CH_L_294a,9-12,2,WNT,-0.12957802,-0.02176724188029766
CH_L_294a,9-13,2,WNT,-0.13932574,-0.02176724188029766
CH_L_294a,9-9,2,WNT,-0.14052199,-0.02206706814467907
CH_L_295a,10-11,4,WNT,-0.09993348,-0.02769390121102333
CH_L_295a,10-12,4,WNT,-0.08580769,-0.02927243895828724
CH_L_295a,10-13,4,WNT,-0.08797099,-0.02927243895828724
CH_L_295a,10-14,4,WNT,-0.07509734,-0.02927243895828724
CH_L_295a,10-15,4,WNT,-0.09667755,-0.02927243895828724
CH_L_295a,11-10,4,WNT,-0.05903985,-0.02811676636338234
CH_L_295a,11-11,4,WNT,-0.096313596,-0.0276933703571558
CH_L_295a,11-13,4,WNT,-0.111609064,-0.02761852741241455
CH_L_295a,11-14,4,WNT,-0.084019236,-0.02761852741241455
CH_L_295a,12-10,4,WNT,-0.15184058,-0.029843155294656754
CH_L_295a,12-15,4,WNT,-0.061935462,-0.02849571406841278
CH_L_295a,13-13,4,WNT,-0.11517779,-0.02849571406841278
CH_L_295a,13-14,4,WNT,-0.10695408,-0.02849571406841278
CH_L_295a,13-15,4,WNT,-0.060652558,-0.02849571406841278
CH_L_295a,9-11,4,WNT,-0.10138028,-0.028762856498360634
CH_L_295a,9-12,4,WNT,-0.07017705,-0.030452759936451912
CH_L_295a,9-13,4,WNT,-0.062280566,-0.030452759936451912
CH_L_295a,9-14,4,WNT,-0.06779641,-0.030452759936451912
CH_L_295a,9-15,4,WNT,-0.069022365,-0.030452759936451912
CH_L_296a,10-10,4,WNT,-0.14017476,-0.01967684179544449
CH_L_296a,10-11,4,WNT,-0.15971042,-0.01967684179544449
CH_L_296a,10-12,4,WNT,-0.15013704,-0.01967684179544449
CH_L_296a,10-8,4,WNT,-0.16448905,-0.01967684179544449
CH_L_296a,10-9,4,WNT,-0.15632522,-0.01967684179544449
CH_L_296a,11-10,4,WNT,-0.14108244,-0.01967684179544449
CH_L_296a,11-11,4,WNT,-0.16119303,-0.01967684179544449
CH_L_296a,11-12,4,WNT,-0.16408855,-0.01967684179544449
CH_L_296a,11-8,4,WNT,-0.17128024,-0.01967684179544449
CH_L_296a,11-9,4,WNT,-0.15701191,-0.01967684179544449
CH_L_296a,7-10,4,WNT,-0.16455601,-0.016274016350507736
CH_L_296a,7-11,4,WNT,-0.1675656,-0.016274016350507736
CH_L_296a,7-12,4,WNT,-0.163748,-0.016274016350507736
CH_L_296a,7-8,4,WNT,-0.14211203,-0.016274016350507736
CH_L_296a,7-9,4,WNT,-0.1554871,-0.016274016350507736
CH_L_296a,8-10,4,WNT,-0.16146149,-0.01967684179544449
CH_L_296a,8-11,4,WNT,-0.16904154,-0.01967684179544449
CH_L_296a,8-12,4,WNT,-0.16437688,-0.01967684179544449
CH_L_296a,8-8,4,WNT,-0.15219796,-0.01967684179544449
CH_L_296a,8-9,4,WNT,-0.15498528,-0.01967684179544449
CH_L_296a,9-10,4,WNT,-0.15523632,-0.01967684179544449
CH_L_296a,9-11,4,WNT,-0.15867244,-0.01967684179544449
CH_L_296a,9-8,4,WNT,-0.16303225,-0.01967684179544449
CH_L_296a,9-9,4,WNT,-0.14181077,-0.01967684179544449
CH_L_298a,10-3,0,WNT,-0.016011423,-0.028933914378285408
CH_L_298a,10-4,0,WNT,0.020858843,-0.028946829959750175
CH_L_298a,10-5,0,WNT,-0.07229633,-0.029018035158514977
CH_L_298a,11-4,0,WNT,-0.02045901,-0.028946829959750175
CH_L_298a,11-5,0,WNT,-0.07269387,-0.029018035158514977
CH_L_298a,13-1,0,WNT,-0.0028306218,-0.029047179967164993
CH_L_298a,13-3,0,WNT,-0.02570052,-0.028933914378285408
CH_L_298a,14-1,0,WNT,-0.016219392,-0.029047179967164993
CH_L_298a,14-3,0,WNT,-0.0076951366,-0.028933914378285408
CH_L_298a,14-4,0,WNT,-0.07381962,-0.028946829959750175
CH_L_298a,9-1,0,WNT,0.015904188,-0.02900579757988453
CH_L_298a,9-2,0,WNT,0.0029309888,-0.028961027041077614
CH_L_298a,9-3,0,WNT,-0.06604969,-0.028938332572579384
CH_L_298a,9-4,0,WNT,0.031765696,-0.029017997905611992
CH_L_298a,9-5,0,WNT,-0.055707857,-0.028969082981348038
CH_L_299a,4-10,4,WNT,-0.06662247,-0.018146343529224396
CH_L_299a,4-6,4,WNT,-0.08198241,-0.016082944348454475
CH_L_299a,4-7,4,WNT,-0.044733852,-0.017388474196195602
CH_L_299a,4-8,4,WNT,-0.0018725101,-0.018146343529224396
CH_L_299a,4-9,4,WNT,-0.014286176,-0.018146343529224396
CH_L_299a,5-10,4,WNT,-0.07619985,-0.018057717010378838
CH_L_299a,5-6,4,WNT,-0.08770407,-0.014291614294052124
CH_L_299a,5-7,4,WNT,-0.018672017,-0.01699855551123619
CH_L_299a,5-8,4,WNT,-0.04367618,-0.018057717010378838
CH_L_299a,5-9,4,WNT,-0.013457803,-0.018057717010378838
CH_L_299a,6-10,4,WNT,-0.11012915,-0.01654146984219551
CH_L_299a,6-7,4,WNT,-0.027718129,-0.015376019291579723
CH_L_299a,6-8,4,WNT,-0.04020135,-0.01654146984219551
CH_L_299a,6-9,4,WNT,-0.08401135,-0.01654146984219551
CH_L_299a,7-10,4,WNT,0.012004203,-0.023763073608279228
CH_L_299a,7-7,4,WNT,-0.025160858,-0.020925987511873245
CH_L_299a,7-8,4,WNT,-0.015172856,-0.023763073608279228
CH_L_299a,7-9,4,WNT,-0.056081872,-0.023763073608279228
CH_L_299a,8-10,4,WNT,0.020468462,-0.02975250408053398
CH_L_299a,8-6,4,WNT,-0.072364286,-0.013063319027423859
CH_L_299a,8-8,4,WNT,-0.007088976,-0.02975250408053398
CH_L_299a,8-9,4,WNT,0.0009118708,-0.02975250408053398
CH_L_299a,9-9,4,WNT,0.021479862,-0.02975250408053398
CH_L_300a,4-12,2,WNT,-0.14007553,-0.021941134706139565
CH_L_300a,5-13,2,WNT,-0.11783327,-0.022298162803053856
CH_L_300a,5-14,2,WNT,-0.09996142,-0.022298162803053856
CH_L_300a,6-11,2,WNT,-0.11363387,-0.022181520238518715
CH_L_300a,7-10,2,WNT,-0.10589196,-0.02300414629280567
CH_L_300a,7-12,2,WNT,-0.113740854,-0.022486612200737
CH_L_300a,7-13,2,WNT,-0.09747131,-0.022486612200737
CH_L_300a,7-9,2,WNT,-0.063927405,-0.023552939295768738
CH_L_300a,8-14,2,WNT,-0.11696628,-0.022015221416950226
CH_L_300a,9-14,2,WNT,-0.13226306,-0.021595245227217674
CH_L_301a,10-10,2,WNT,-0.021227166,-0.02344796061515808
CH_L_301a,10-11,2,WNT,-0.067382425,-0.02357642538845539
CH_L_301a,10-12,2,WNT,-0.089229345,-0.023321768268942833
CH_L_301a,5-10,2,WNT,-0.024604497,-0.02500023879110813
CH_L_301a,5-12,2,WNT,-0.0045782207,-0.025389965623617172
CH_L_301a,5-13,2,WNT,0.010171061,-0.024122657254338264
CH_L_301a,5-14,2,WNT,0.016422104,-0.024122657254338264
CH_L_301a,5-15,2,WNT,0.024176154,-0.024122657254338264
CH_L_301a,6-10,2,WNT,-0.022721011,-0.02510601282119751
CH_L_301a,6-11,2,WNT,-0.06824366,-0.026549292728304863
CH_L_301a,6-13,2,WNT,0.011710651,-0.02381216548383236
CH_L_301a,6-14,2,WNT,0.012260621,-0.02381216548383236
CH_L_301a,6-15,2,WNT,-0.018733958,-0.02381216548383236
CH_L_301a,7-10,2,WNT,-0.08157445,-0.025646992027759552
CH_L_301a,7-11,2,WNT,-0.08594042,-0.026148952543735504
CH_L_301a,7-12,2,WNT,0.010849835,-0.02470475062727928
CH_L_301a,7-13,2,WNT,-0.026879331,-0.023563923314213753
CH_L_301a,7-14,2,WNT,0.027070848,-0.023563923314213753
CH_L_301a,7-15,2,WNT,0.031147884,-0.023563923314213753
CH_L_301a,8-10,2,WNT,-0.06706678,-0.025797881186008453
CH_L_301a,8-11,2,WNT,-0.047268294,-0.025983698666095734
CH_L_301a,8-12,2,WNT,0.014929121,-0.024770231917500496
CH_L_301a,8-13,2,WNT,0.006440528,-0.023683667182922363
CH_L_301a,8-14,2,WNT,0.04581443,-0.023683667182922363
CH_L_301a,8-15,2,WNT,0.024785964,-0.023683667182922363
CH_L_301a,9-10,2,WNT,-0.004145592,-0.024670623242855072
CH_L_301a,9-11,2,WNT,-0.00079809676,-0.02517545595765114
CH_L_301a,9-12,2,WNT,0.0042057703,-0.02354351431131363
CH_L_301a,9-13,2,WNT,-0.02012472,-0.0228528194129467
CH_L_301a,9-14,2,WNT,0.0038366376,-0.0228528194129467
CH_L_301a,9-15,2,WNT,-0.010601587,-0.0228528194129467
CH_L_302a,10-15,0,WNT,-0.015299201,-0.030866635963320732
CH_L_302a,10-16,0,WNT,-0.010177829,-0.030866635963320732
CH_L_302a,10-17,0,WNT,-0.10744052,-0.030866635963320732
CH_L_302a,10-18,0,WNT,-0.036798377,-0.030866635963320732
CH_L_302a,10-19,0,WNT,-0.015030477,-0.030866635963320732
CH_L_302a,5-15,0,WNT,-0.05722546,-0.03247828781604767
CH_L_302a,5-16,0,WNT,-0.04225227,-0.03247828781604767
CH_L_302a,5-17,0,WNT,-0.046895657,-0.03247828781604767
CH_L_302a,5-18,0,WNT,-0.03572679,-0.03247828781604767
CH_L_302a,5-19,0,WNT,0.013840984,-0.03247828781604767
CH_L_302a,5-20,0,WNT,-0.009185582,-0.03247828781604767
CH_L_302a,6-15,0,WNT,0.003715245,-0.03185883164405823
CH_L_302a,6-16,0,WNT,0.003582197,-0.03185883164405823
CH_L_302a,6-17,0,WNT,0.0043264907,-0.03185883164405823
CH_L_302a,6-18,0,WNT,-0.009552915,-0.03185883164405823
CH_L_302a,6-19,0,WNT,-0.024882296,-0.03185883164405823
CH_L_302a,6-20,0,WNT,-0.028328393,-0.03185883164405823
CH_L_302a,7-15,0,WNT,-0.012873242,-0.0313907228410244
CH_L_302a,7-16,0,WNT,0.0059560253,-0.0313907228410244
CH_L_302a,7-17,0,WNT,-0.045962214,-0.0313907228410244
CH_L_302a,7-18,0,WNT,-0.0070073437,-0.0313907228410244
CH_L_302a,7-19,0,WNT,-0.023744583,-0.0313907228410244
CH_L_302a,7-20,0,WNT,-0.008681031,-0.0313907228410244
CH_L_302a,8-15,0,WNT,-0.04037457,-0.03161023184657097
CH_L_302a,8-16,0,WNT,0.037406947,-0.03161023184657097
CH_L_302a,8-17,0,WNT,0.04676141,-0.03161023184657097
CH_L_302a,8-18,0,WNT,0.04215656,-0.03161023184657097
CH_L_302a,8-19,0,WNT,-0.0030287749,-0.03161023184657097
CH_L_302a,8-20,0,WNT,-0.030457513,-0.03161023184657097
CH_L_302a,9-15,0,WNT,0.018221013,-0.030814802274107933
CH_L_302a,9-16,0,WNT,0.014554562,-0.030814802274107933
CH_L_302a,9-18,0,WNT,-4.3478423e-05,-0.030814802274107933
CH_L_302a,9-19,0,WNT,0.0082474295,-0.030814802274107933
CH_L_303a,10-5,2,WNT,-0.052397646,-0.02523564174771309
CH_L_303a,10-9,2,WNT,-0.028856944,-0.02613484114408493
CH_L_303a,5-5,2,WNT,-0.08824214,-0.025846362113952637
CH_L_303a,5-6,2,WNT,-0.07074479,-0.02653500996530056
CH_L_303a,5-7,2,WNT,-0.07821338,-0.026304999366402626
CH_L_303a,5-8,2,WNT,0.014463722,-0.026253361254930496
CH_L_303a,6-5,2,WNT,-0.055497605,-0.026274343952536583
CH_L_303a,6-7,2,WNT,-0.03637872,-0.02669234201312065
CH_L_303a,6-8,2,WNT,-0.021848394,-0.02635897509753704
CH_L_303a,6-9,2,WNT,-0.017644016,-0.026129305362701416
CH_L_303a,7-5,2,WNT,-0.040978678,-0.026250500231981277
CH_L_303a,7-6,2,WNT,-0.07492525,-0.02624136209487915
CH_L_303a,7-7,2,WNT,-0.03203022,-0.026823226362466812
CH_L_303a,7-8,2,WNT,-0.033016305,-0.02582317218184471
CH_L_303a,8-5,2,WNT,-0.052151278,-0.02608775906264782
CH_L_303a,8-6,2,WNT,-0.018960578,-0.026187995448708534
CH_L_303a,8-7,2,WNT,-0.017964564,-0.026523122563958168
CH_L_303a,8-8,2,WNT,-0.052163552,-0.025817716494202614
CH_L_303a,8-9,2,WNT,-0.07331304,-0.02618083730340004
CH_L_303a,9-6,2,WNT,-0.032827485,-0.026591483503580093
CH_L_303a,9-9,2,WNT,-0.05902217,-0.02619970589876175
CH_L_305a,10-10,0,WNT,-0.0060270275,-0.03294753283262253
CH_L_305a,10-11,0,WNT,-0.03191396,-0.03292186185717583
CH_L_305a,10-12,0,WNT,-0.013188679,-0.03300522640347481
CH_L_305a,10-7,0,WNT,-0.14700949,-0.032890863716602325
CH_L_305a,10-8,0,WNT,-0.13722768,-0.032889097929000854
CH_L_305a,10-9,0,WNT,-0.07542457,-0.03277058154344559
CH_L_305a,11-10,0,WNT,-0.045076013,-0.03294885903596878
CH_L_305a,11-11,0,WNT,-0.06160303,-0.032869379967451096
CH_L_305a,11-12,0,WNT,-0.034512885,-0.032951582223176956
CH_L_305a,11-7,0,WNT,-0.15069778,-0.032895419746637344
CH_L_305a,11-8,0,WNT,-0.14088476,-0.032863762229681015
CH_L_305a,11-9,0,WNT,-0.09016595,-0.03282319754362106
CH_L_305a,12-11,0,WNT,-0.02285348,-0.03294365108013153
CH_L_305a,7-10,0,WNT,-0.029210767,-0.03290921822190285
CH_L_305a,7-11,0,WNT,-0.007533229,-0.03291366249322891
CH_L_305a,7-12,0,WNT,-0.017696917,-0.03307216987013817
CH_L_305a,7-8,0,WNT,-0.12905227,-0.03270213305950165
CH_L_305a,7-9,0,WNT,-0.050675698,-0.03273489326238632
CH_L_305a,8-10,0,WNT,0.0026226542,-0.032997533679008484
CH_L_305a,8-11,0,WNT,-0.01921403,-0.032943397760391235
CH_L_305a,8-12,0,WNT,-0.020783609,-0.03290529549121857
CH_L_305a,8-8,0,WNT,-0.13483053,-0.03285352885723114
CH_L_305a,8-9,0,WNT,-0.095761694,-0.03291980177164078
CH_L_305a,9-10,0,WNT,0.024106422,-0.03288503363728523
CH_L_305a,9-11,0,WNT,-0.043291308,-0.032867662608623505
CH_L_305a,9-12,0,WNT,-0.05848571,-0.03298373520374298
CH_L_305a,9-8,0,WNT,-0.13127495,-0.03284773603081703
CH_L_305a,9-9,0,WNT,-0.04904755,-0.03283805772662163
CH_L_306a,3-16,4,WNT,-0.10330476,-0.04059824347496033
CH_L_306a,3-17,4,WNT,-0.12336656,-0.04059824347496033
CH_L_306a,3-18,4,WNT,-0.112919,-0.04059824347496033
CH_L_306a,3-19,4,WNT,-0.0897918,-0.04059824347496033
CH_L_306a,4-19,4,WNT,-0.09697306,-0.04016973450779915
CH_L_306a,4-20,4,WNT,-0.11930061,-0.04016973450779915
CH_L_306a,5-20,4,WNT,-0.13847728,-0.04112018644809723
CH_L_306a,6-17,4,WNT,-0.11188562,-0.04171331971883774
CH_L_306a,6-18,4,WNT,-0.12598625,-0.04171331971883774
CH_L_306a,6-19,4,WNT,-0.14192426,-0.04171331971883774
CH_L_306a,6-20,4,WNT,-0.14986321,-0.04171331971883774
CH_L_306a,7-19,4,WNT,-0.145742,-0.04156956821680069
CH_L_306b,10-17,1,WNT,-0.124418736,-0.031078144907951355
CH_L_306b,10-18,1,WNT,-0.09040392,-0.031078144907951355
CH_L_306b,10-19,1,WNT,-0.11867118,-0.031078144907951355
CH_L_306b,10-20,1,WNT,-0.15874454,-0.031078144907951355
CH_L_306b,11-19,1,WNT,-0.11358773,-0.03154585510492325
CH_L_306b,11-20,1,WNT,-0.11418072,-0.03154585510492325
CH_L_306b,6-16,1,WNT,-0.123092644,-0.03190784901380539
CH_L_306b,6-17,1,WNT,-0.13538072,-0.03190784901380539
CH_L_306b,7-16,1,WNT,-0.115269534,-0.03145627677440643
CH_L_306b,7-17,1,WNT,-0.10789943,-0.03145627677440643
CH_L_306b,7-19,1,WNT,-0.10010734,-0.03145627677440643
CH_L_306b,7-20,1,WNT,-0.03822497,-0.03145627677440643
CH_L_306b,8-16,1,WNT,-0.110920414,-0.0315055251121521
CH_L_306b,8-17,1,WNT,-0.11480954,-0.0315055251121521
CH_L_306b,8-18,1,WNT,-0.11151931,-0.0315055251121521
CH_L_306b,8-19,1,WNT,-0.076131396,-0.0315055251121521
CH_L_306b,8-20,1,WNT,-0.06449106,-0.0315055251121521
CH_L_306b,9-16,1,WNT,-0.11871563,-0.03106287308037281
CH_L_306b,9-17,1,WNT,-0.11083633,-0.03106287308037281
CH_L_306b,9-18,1,WNT,-0.12820995,-0.03106287308037281
CH_L_306b,9-19,1,WNT,-0.110763796,-0.03106287308037281
CH_L_306b,9-20,1,WNT,-0.14240243,-0.03106287308037281
CH_L_307a,3-15,1,WNT,-0.12799759,-0.031503863632678986
CH_L_307a,3-16,1,WNT,-0.12436034,-0.031526923179626465
CH_L_307a,3-17,1,WNT,-0.10212607,-0.031526923179626465
CH_L_307a,4-16,1,WNT,-0.075597905,-0.03151118755340576
CH_L_307a,4-17,1,WNT,-0.045791473,-0.03151118755340576
CH_L_307a,4-18,1,WNT,-0.07846721,-0.03151118755340576
CH_L_307a,5-15,1,WNT,-0.105829164,-0.03131780028343201
CH_L_307a,5-16,1,WNT,0.01708565,-0.03130607306957245
CH_L_307a,5-17,1,WNT,0.056344207,-0.03130607306957245
CH_L_307a,5-18,1,WNT,0.023753582,-0.03130607306957245
CH_L_307a,6-15,1,WNT,-0.06917175,-0.031383197754621506
CH_L_307a,6-16,1,WNT,0.057954907,-0.031382326036691666
CH_L_307a,6-17,1,WNT,0.079606935,-0.031382326036691666
CH_L_307a,6-18,1,WNT,0.050187428,-0.031382326036691666
CH_L_307a,7-14,1,WNT,0.0069000153,-0.030256051570177078
CH_L_307a,7-15,1,WNT,-0.04429501,-0.031421221792697906
CH_L_307a,7-16,1,WNT,-0.03162417,-0.03144713118672371
CH_L_307a,7-17,1,WNT,0.07689043,-0.03144713118672371
CH_L_307a,7-18,1,WNT,0.044721615,-0.03144713118672371
CH_L_307a,8-14,1,WNT,0.02436834,-0.029777666553854942
CH_L_307a,8-15,1,WNT,0.034696814,-0.03163503482937813
CH_L_307a,8-16,1,WNT,0.039969385,-0.031632062047719955
CH_L_307a,8-17,1,WNT,-0.049625047,-0.031632062047719955
CH_L_307a,8-18,1,WNT,-0.06852911,-0.031632062047719955
CH_L_308a,10-7,3,WNT,-0.06201654,-0.054026875644922256
CH_L_308a,10-8,3,WNT,-0.084027514,-0.04739831015467644
CH_L_308a,10-9,3,WNT,-0.094498076,-0.04823010414838791
CH_L_308a,11-10,3,WNT,-0.030360525,-0.04788335785269737
CH_L_308a,11-11,3,WNT,-0.021257175,-0.05327824875712395
CH_L_308a,6-10,3,WNT,0.0062780567,-0.052253104746341705
CH_L_308a,6-11,3,WNT,-0.0022837268,-0.052131690084934235
CH_L_308a,6-12,3,WNT,-0.018215295,-0.053135499358177185
CH_L_308a,6-7,3,WNT,-0.10406953,-0.05726044252514839
CH_L_308a,6-8,3,WNT,-0.049456783,-0.05623338371515274
CH_L_308a,6-9,3,WNT,-0.054905076,-0.0530533641576767
CH_L_308a,7-10,3,WNT,-0.0070859008,-0.05091831088066101
CH_L_308a,7-11,3,WNT,-0.046617653,-0.05194003880023956
CH_L_308a,7-12,3,WNT,-0.04349808,-0.054661016911268234
CH_L_308a,7-7,3,WNT,-0.052506153,-0.055898986756801605
CH_L_308a,7-8,3,WNT,-0.016974475,-0.0519314706325531
CH_L_308a,7-9,3,WNT,0.009596818,-0.05019937828183174
CH_L_308a,8-10,3,WNT,0.015304619,-0.04967508837580681
CH_L_308a,8-11,3,WNT,-0.016436884,-0.04988599941134453
CH_L_308a,8-12,3,WNT,-0.0406531,-0.051261357963085175
CH_L_308a,8-7,3,WNT,-0.044017676,-0.05716509744524956
CH_L_308a,8-8,3,WNT,-0.016302584,-0.049735695123672485
CH_L_308a,8-9,3,WNT,-0.038489092,-0.04708594083786011
CH_L_308a,9-12,3,WNT,-0.04270038,-0.05483277142047882
CH_L_308a,9-7,3,WNT,-0.02178256,-0.05695361644029617
CH_L_308a,9-8,3,WNT,-0.020505788,-0.04833038151264191
CH_L_308a,9-9,3,WNT,-0.09388308,-0.04648687317967415
CH_L_309a,10-10,1,WNT,-0.08875638,-0.027456149458885193
CH_L_309a,10-11,1,WNT,-0.10881187,-0.027465784922242165
CH_L_309a,10-12,1,WNT,-0.10039318,-0.027465784922242165
CH_L_309a,6-10,1,WNT,-0.0009391188,-0.026888929307460785
CH_L_309a,6-11,1,WNT,-0.02031605,-0.027054214850068092
CH_L_309a,6-12,1,WNT,-0.00039589943,-0.027054214850068092
CH_L_309a,6-13,1,WNT,0.013518408,-0.027054214850068092
CH_L_309a,7-10,1,WNT,-0.02764557,-0.02677496336400509
CH_L_309a,7-11,1,WNT,0.0060166847,-0.026968425139784813
CH_L_309a,7-12,1,WNT,-0.01369243,-0.026968425139784813
CH_L_309a,7-13,1,WNT,-0.0047151092,-0.026968425139784813
CH_L_309a,8-10,1,WNT,-0.03486917,-0.027054810896515846
CH_L_309a,8-11,1,WNT,-0.043667745,-0.02723928913474083
CH_L_309a,8-12,1,WNT,-0.049379576,-0.02723928913474083
CH_L_309a,8-13,1,WNT,-0.055341657,-0.02723928913474083
CH_L_309a,8-9,1,WNT,-0.022539707,-0.02713587135076523
CH_L_309a,9-10,1,WNT,-0.048905075,-0.026860995218157768
CH_L_309a,9-11,1,WNT,-0.057858936,-0.026958642527461052
CH_L_309a,9-12,1,WNT,-0.09360224,-0.026958642527461052
CH_L_309a,9-9,1,WNT,-0.061632033,-0.026483695954084396
CH_L_310a,4-10,1,WNT,-0.10357973,-0.03280344605445862
CH_L_310a,4-11,1,WNT,-0.09734263,-0.03295162692666054
CH_L_310a,4-12,1,WNT,-0.09671955,-0.03097083792090416
CH_L_310a,4-14,1,WNT,-0.063351154,-0.030316101387143135
CH_L_310a,5-10,1,WNT,-0.08949734,-0.03303613141179085
CH_L_310a,5-11,1,WNT,-0.07788833,-0.03293043002486229
CH_L_310a,5-12,1,WNT,-0.086057335,-0.030734833329916
CH_L_310a,5-13,1,WNT,-0.036746044,-0.03033660724759102
CH_L_310a,5-14,1,WNT,-0.06740973,-0.03033660724759102
CH_L_310a,6-13,1,WNT,-0.080660984,-0.03002934902906418
CH_L_310a,6-14,1,WNT,-0.038663805,-0.03002934902906418
CH_L_310a,7-13,1,WNT,-0.08950927,-0.03026144951581955
CH_L_310a,7-14,1,WNT,-0.06647825,-0.03026144951581955
CH_L_310a,9-10,1,WNT,-0.08486677,-0.03285554423928261
CH_L_310a,9-14,1,WNT,-0.08199062,-0.03031006269156933
CH_L_311a,10-11,0,WNT,1.92443e-05,-0.029894476756453514
CH_L_311a,10-12,0,WNT,-0.0036123097,-0.03029964119195938
CH_L_311a,10-13,0,WNT,0.019256242,-0.03087220899760723
CH_L_311a,10-14,0,WNT,-0.021727942,-0.03087220899760723
CH_L_311a,10-15,0,WNT,0.0062610456,-0.03087220899760723
CH_L_311a,11-11,0,WNT,0.011312409,-0.029814716428518295
CH_L_311a,11-12,0,WNT,0.009596104,-0.03004826046526432
CH_L_311a,11-13,0,WNT,0.023047086,-0.030299391597509384
CH_L_311a,11-14,0,WNT,-0.008264842,-0.030299391597509384
CH_L_311a,11-15,0,WNT,-0.0011716094,-0.030299391597509384
CH_L_311a,12-11,0,WNT,-0.08780891,-0.030701937153935432
CH_L_311a,12-12,0,WNT,-0.011647853,-0.0303712897002697
CH_L_311a,12-13,0,WNT,-0.0031453662,-0.03026251681149006
CH_L_311a,12-14,0,WNT,-0.0076515772,-0.03026251681149006
CH_L_311a,7-15,0,WNT,-0.149275,-0.0308239683508873
CH_L_311a,8-11,0,WNT,0.004240495,-0.03029671683907509
CH_L_311a,8-12,0,WNT,-0.03702181,-0.030055606737732887
CH_L_311a,8-13,0,WNT,-0.07923447,-0.030523506924510002
CH_L_311a,8-14,0,WNT,-0.07993287,-0.030523506924510002
CH_L_311a,8-15,0,WNT,-0.063545145,-0.030523506924510002
CH_L_311a,9-11,0,WNT,-0.0138354385,-0.02946653962135315
CH_L_311a,9-12,0,WNT,-0.020345967,-0.03038988634943962
CH_L_311a,9-13,0,WNT,-0.005535484,-0.03086479753255844
CH_L_311a,9-14,0,WNT,-0.009027075,-0.03086479753255844
CH_L_311a,9-15,0,WNT,-0.032392904,-0.03086479753255844
CH_L_312a,10-10,2,WNT,0.0029805657,-0.02103322185575962
CH_L_312a,10-11,2,WNT,-0.04987237,-0.02103322185575962
CH_L_312a,10-7,2,WNT,0.03727557,-0.019686425104737282
CH_L_312a,10-8,2,WNT,0.026995467,-0.020463837310671806
CH_L_312a,10-9,2,WNT,-0.008535158,-0.02103322185575962
CH_L_312a,11-11,2,WNT,-0.08751893,-0.02103322185575962
CH_L_312a,6-11,2,WNT,-0.07498271,-0.01972648687660694
CH_L_312a,6-8,2,WNT,-0.021843038,-0.019436664879322052
CH_L_312a,7-10,2,WNT,0.037761275,-0.01974712312221527
CH_L_312a,7-8,2,WNT,0.012000916,-0.01940310373902321
CH_L_312a,7-9,2,WNT,0.025526183,-0.01974712312221527
CH_L_312a,8-10,2,WNT,0.032893285,-0.020625386387109756
CH_L_312a,8-8,2,WNT,0.058080073,-0.020109986886382103
CH_L_312a,8-9,2,WNT,0.034388147,-0.020625386387109756
CH_L_312a,9-10,2,WNT,0.013335119,-0.02103322185575962
CH_L_312a,9-11,2,WNT,-0.028463775,-0.02103322185575962
CH_L_312a,9-7,2,WNT,0.023958562,-0.019686425104737282
CH_L_312a,9-8,2,WNT,0.0062060184,-0.020463837310671806
CH_L_312a,9-9,2,WNT,0.04905708,-0.02103322185575962
CH_L_313a,4-6,4,WNT,0.007906624,-0.01888187602162361
CH_L_313a,6-7,4,WNT,-0.029499838,-0.01745421811938286
CH_L_313a,7-5,4,WNT,-0.029755924,-0.017496775835752487
CH_L_313a,7-6,4,WNT,-0.0017640797,-0.01927952840924263
CH_L_313a,8-4,4,WNT,-0.019764226,-0.01967618800699711
CH_L_313a,8-7,4,WNT,-0.007757455,-0.0200410857796669
CH_L_314a,5-18,2,WNT,-0.11435656,-0.023693323135375977
CH_L_314a,5-19,2,WNT,-0.117829174,-0.023693323135375977
CH_L_314a,5-20,2,WNT,-0.10784208,-0.023693323135375977
CH_L_314a,5-22,2,WNT,-0.102106996,-0.023693323135375977
CH_L_314a,5-23,2,WNT,-0.08102276,-0.023693323135375977
CH_L_314a,6-18,2,WNT,-0.09564998,-0.023665407672524452
CH_L_314a,6-19,2,WNT,-0.0704603,-0.023665407672524452
CH_L_314a,6-20,2,WNT,-0.06752275,-0.023665407672524452
CH_L_314a,6-21,2,WNT,-0.06623171,-0.023665407672524452
CH_L_314a,6-22,2,WNT,-0.0252753,-0.023665407672524452
CH_L_314a,6-23,2,WNT,-0.045124464,-0.023665407672524452
CH_L_314a,7-18,2,WNT,-0.019884346,-0.023955557495355606
CH_L_314a,7-19,2,WNT,-0.027411008,-0.023955557495355606
CH_L_314a,7-22,2,WNT,-0.06534409,-0.023955557495355606
CH_L_314a,7-23,2,WNT,-0.027908765,-0.023955557495355606
CH_L_314a,8-18,2,WNT,-0.044142224,-0.023795515298843384
CH_L_314a,8-19,2,WNT,-0.040983193,-0.023795515298843384
CH_L_314a,8-22,2,WNT,-0.07668972,-0.023795515298843384
CH_L_314a,8-23,2,WNT,-0.0429789,-0.023795515298843384
CH_L_314a,9-18,2,WNT,-0.065615326,-0.02365085668861866
CH_L_314a,9-19,2,WNT,-0.08142659,-0.02365085668861866
CH_L_314a,9-23,2,WNT,-0.063568905,-0.02365085668861866
CH_L_315a,5-10,0,WNT,0.011693499,-0.028261443600058556
CH_L_315a,5-5,0,WNT,-0.058343608,-0.027084344998002052
CH_L_315a,5-7,0,WNT,0.0042738,-0.02808232419192791
CH_L_315a,5-8,0,WNT,-0.031255346,-0.028261443600058556
CH_L_315a,5-9,0,WNT,-0.013112574,-0.028261443600058556
CH_L_315a,6-10,0,WNT,0.0007936319,-0.028499463573098183
CH_L_315a,6-5,0,WNT,-0.045230623,-0.026627756655216217
CH_L_315a,6-7,0,WNT,0.037651062,-0.02815820463001728
CH_L_315a,6-8,0,WNT,0.046067115,-0.028499463573098183
CH_L_315a,6-9,0,WNT,0.040237676,-0.028499463573098183
CH_L_315a,7-5,0,WNT,-0.003782236,-0.028164539486169815
CH_L_315a,7-6,0,WNT,0.033827614,-0.028252409771084785
CH_L_315a,7-7,0,WNT,0.038730852,-0.028258366510272026
CH_L_315a,7-8,0,WNT,0.058778327,-0.028500782325863838
CH_L_315a,7-9,0,WNT,0.03249318,-0.028500782325863838
CH_L_315a,8-5,0,WNT,-0.017997062,-0.028445886448025703
CH_L_315a,8-6,0,WNT,0.0016923203,-0.028599858283996582
CH_L_315a,8-7,0,WNT,0.022400867,-0.028419412672519684
CH_L_315a,8-8,0,WNT,0.0068839346,-0.028743771836161613
CH_L_315a,8-9,0,WNT,0.01285687,-0.028743771836161613
CH_L_315a,9-5,0,WNT,0.026663382,-0.028445886448025703
CH_L_315a,9-8,0,WNT,0.0045798738,-0.028743771836161613
CH_L_315a,9-9,0,WNT,-0.05002869,-0.028743771836161613
CH_L_317a,10-3,0,WNT,-0.047104903,-0.02936539612710476
CH_L_317a,10-4,0,WNT,-0.057425525,-0.029106616973876953
CH_L_317a,10-5,0,WNT,-0.027739214,-0.02933041751384735
CH_L_317a,10-6,0,WNT,-0.049902894,-0.02931603603065014
CH_L_317a,10-7,0,WNT,0.020516904,-0.029066378250718117
CH_L_317a,10-8,0,WNT,-0.031822827,-0.029088962823152542
CH_L_317a,11-3,0,WNT,-0.11146527,-0.02936539612710476
CH_L_317a,11-4,0,WNT,-0.087677814,-0.029106616973876953
CH_L_317a,11-5,0,WNT,-0.06264136,-0.02933041751384735
CH_L_317a,11-6,0,WNT,-0.07849975,-0.02931603603065014
CH_L_317a,11-7,0,WNT,-0.095437735,-0.029066378250718117
CH_L_317a,6-4,0,WNT,-0.110191226,-0.029329117387533188
CH_L_317a,6-5,0,WNT,-0.11406318,-0.029103688895702362
CH_L_317a,6-6,0,WNT,-0.10991723,-0.028641073033213615
CH_L_317a,7-3,0,WNT,-0.10262426,-0.028990359976887703
CH_L_317a,7-4,0,WNT,-0.110325664,-0.029617004096508026
CH_L_317a,7-5,0,WNT,-0.07131633,-0.0285752322524786
CH_L_317a,7-6,0,WNT,-0.055276018,-0.028304340317845345
CH_L_317a,8-3,0,WNT,-0.09250576,-0.028593044728040695
CH_L_317a,8-4,0,WNT,-0.08244284,-0.0286128968000412
CH_L_317a,8-5,0,WNT,-0.054776005,-0.027880828827619553
CH_L_317a,8-6,0,WNT,-0.024794528,-0.027760909870266914
CH_L_317a,9-3,0,WNT,-0.04065099,-0.029236003756523132
CH_L_317a,9-4,0,WNT,-0.021056082,-0.029149005189538002
CH_L_317a,9-5,0,WNT,-0.044012688,-0.02920546382665634
CH_L_317a,9-6,0,WNT,-0.046376668,-0.029053982347249985
CH_L_317a,9-7,0,WNT,0.0301436,-0.02882247231900692
CH_L_317a,9-8,0,WNT,0.04302446,-0.0287635400891304
CH_L_318a,10-18,3,WNT,-0.0022470928,-0.05797738581895828
CH_L_318a,10-19,3,WNT,0.06188545,-0.05797738581895828
CH_L_318a,10-20,3,WNT,-0.0053180116,-0.05797738581895828
CH_L_318a,10-21,3,WNT,-0.020885577,-0.05797738581895828
CH_L_318a,10-22,3,WNT,0.012711952,-0.05797738581895828
CH_L_318a,10-23,3,WNT,0.03092891,-0.05797738581895828
CH_L_318a,5-19,3,WNT,-0.04210953,-0.05914752557873726
CH_L_318a,5-20,3,WNT,-0.01795646,-0.05914752557873726
CH_L_318a,5-21,3,WNT,0.023281924,-0.05914752557873726
CH_L_318a,5-22,3,WNT,0.018485442,-0.05914752557873726
CH_L_318a,6-18,3,WNT,0.027894042,-0.061404526233673096
CH_L_318a,6-19,3,WNT,0.011708881,-0.061404526233673096
CH_L_318a,6-20,3,WNT,-0.012833009,-0.061404526233673096
CH_L_318a,6-21,3,WNT,0.00948508,-0.061404526233673096
CH_L_318a,6-22,3,WNT,0.00027538763,-0.061404526233673096
CH_L_318a,6-23,3,WNT,-0.030972721,-0.061404526233673096
CH_L_318a,7-18,3,WNT,0.07705229,-0.06344985961914062
CH_L_318a,7-19,3,WNT,0.048656702,-0.06344985961914062
CH_L_318a,7-20,3,WNT,0.013964988,-0.06344985961914062
CH_L_318a,7-21,3,WNT,0.01346521,-0.06344985961914062
CH_L_318a,7-22,3,WNT,0.008568569,-0.06344985961914062
CH_L_318a,7-23,3,WNT,0.0061540734,-0.06344985961914062
CH_L_318a,8-18,3,WNT,0.07701367,-0.06427386403083801
CH_L_318a,8-19,3,WNT,0.058639735,-0.06427386403083801
CH_L_318a,8-20,3,WNT,0.030459827,-0.06427386403083801
CH_L_318a,8-21,3,WNT,0.012264743,-0.06427386403083801
CH_L_318a,8-22,3,WNT,-0.055759527,-0.06427386403083801
CH_L_318a,8-23,3,WNT,0.012450966,-0.06427386403083801
CH_L_318a,9-18,3,WNT,0.044464245,-0.06251803040504456
CH_L_318a,9-19,3,WNT,0.0609098,-0.06251803040504456
CH_L_318a,9-20,3,WNT,0.03383083,-0.06251803040504456
CH_L_318a,9-21,3,WNT,-0.0306118,-0.06251803040504456
CH_L_318a,9-22,3,WNT,-0.03717704,-0.06251803040504456
CH_L_318a,9-23,3,WNT,0.006471277,-0.06251803040504456
CH_L_319a,4-14,1,WNT,0.038539205,-0.029308319091796875
CH_L_319a,4-15,1,WNT,0.017427789,-0.029308319091796875
CH_L_319a,4-16,1,WNT,0.007824012,-0.029308319091796875
CH_L_319a,4-17,1,WNT,0.05174466,-0.029308319091796875
CH_L_319a,5-14,1,WNT,0.011598942,-0.029205698519945145
CH_L_319a,5-15,1,WNT,-0.0011127954,-0.029205698519945145
CH_L_319a,5-16,1,WNT,-0.01606094,-0.029205698519945145
CH_L_319a,5-17,1,WNT,-0.0019642285,-0.029205698519945145
CH_L_319a,5-18,1,WNT,0.014659552,-0.029205698519945145
CH_L_319a,6-14,1,WNT,0.046737976,-0.02928822487592697
CH_L_319a,6-15,1,WNT,-0.012382891,-0.02928822487592697
CH_L_319a,6-16,1,WNT,-0.008148652,-0.02928822487592697
CH_L_319a,6-17,1,WNT,0.010073292,-0.02928822487592697
CH_L_319a,6-18,1,WNT,-0.023833476,-0.02928822487592697
CH_L_319a,7-14,1,WNT,0.011905702,-0.029762612655758858
CH_L_319a,7-15,1,WNT,-0.0317382,-0.029762612655758858
CH_L_319a,7-16,1,WNT,0.0055163316,-0.029762612655758858
CH_L_319a,7-17,1,WNT,-0.028081527,-0.029762612655758858
CH_L_319a,7-18,1,WNT,-0.07588413,-0.029762612655758858
CH_L_319a,8-14,1,WNT,-0.07516236,-0.02888682670891285
CH_L_319a,8-15,1,WNT,-0.08073821,-0.02888682670891285
CH_L_319a,8-16,1,WNT,-0.08830864,-0.02888682670891285
CH_L_319a,9-15,1,WNT,-0.08976618,-0.02920602820813656
CH_L_320a,10-11,3,WNT,-0.07041709,-0.019328707829117775
CH_L_320a,10-12,3,WNT,-0.04645149,-0.019328707829117775
CH_L_320a,10-13,3,WNT,-0.056888144,-0.019328707829117775
CH_L_320a,10-14,3,WNT,0.06461531,-0.019328707829117775
CH_L_320a,10-15,3,WNT,-0.019580355,-0.019328707829117775
CH_L_320a,6-11,3,WNT,-0.0044260826,-0.027043428272008896
CH_L_320a,6-12,3,WNT,-0.018415913,-0.027043428272008896
CH_L_320a,6-13,3,WNT,-0.088422336,-0.027043428272008896
CH_L_320a,6-14,3,WNT,-0.112113655,-0.027043428272008896
CH_L_320a,6-15,3,WNT,-0.11396976,-0.027043428272008896
CH_L_320a,7-13,3,WNT,-0.029859578,-0.026808157563209534
CH_L_320a,7-15,3,WNT,-0.070663385,-0.026808157563209534
CH_L_320a,7-16,3,WNT,-0.1163391,-0.026808157563209534
CH_L_320a,8-12,3,WNT,-0.042815577,-0.02233775332570076
CH_L_320a,8-14,3,WNT,-0.025597027,-0.02233775332570076
CH_L_320a,8-15,3,WNT,0.03641959,-0.02233775332570076
CH_L_320a,8-16,3,WNT,-0.016577026,-0.02233775332570076
CH_L_320a,9-11,3,WNT,-0.014317388,-0.02598455175757408
CH_L_320a,9-12,3,WNT,-0.07723867,-0.02598455175757408
CH_L_320a,9-13,3,WNT,-0.0035989927,-0.02598455175757408
CH_L_320a,9-14,3,WNT,0.0609063,-0.02598455175757408
CH_L_320a,9-15,3,WNT,0.012551451,-0.02598455175757408
CH_L_320a,9-16,3,WNT,0.085317895,-0.02598455175757408
CH_L_321a,10-10,0,WNT,0.0016930151,-0.02914099395275116
CH_L_321a,10-11,0,WNT,0.0075605717,-0.029781898483633995
CH_L_321a,10-12,0,WNT,0.0050075566,-0.02992645651102066
CH_L_321a,10-13,0,WNT,0.029423546,-0.02992645651102066
CH_L_321a,10-14,0,WNT,0.027980255,-0.02992645651102066
CH_L_321a,10-9,0,WNT,0.020125052,-0.029786566272377968
CH_L_321a,5-10,0,WNT,-0.12472319,-0.029894795268774033
CH_L_321a,5-11,0,WNT,-0.03312042,-0.030695868656039238
CH_L_321a,5-12,0,WNT,0.061952434,-0.03102082759141922
CH_L_321a,5-13,0,WNT,0.04542163,-0.03102082759141922
CH_L_321a,5-9,0,WNT,-0.13342862,-0.02993362583220005
CH_L_321a,6-10,0,WNT,0.030242272,-0.02957751415669918
CH_L_321a,6-11,0,WNT,0.012146278,-0.031102530658245087
CH_L_321a,6-12,0,WNT,0.06363652,-0.031428899616003036
CH_L_321a,6-13,0,WNT,0.06899224,-0.031428899616003036
CH_L_321a,6-9,0,WNT,-0.06936072,-0.02953147329390049
CH_L_321a,7-10,0,WNT,0.0601087,-0.029378004372119904
CH_L_321a,7-11,0,WNT,0.040858973,-0.030458692461252213
CH_L_321a,7-12,0,WNT,0.03606764,-0.03077230602502823
CH_L_321a,7-13,0,WNT,0.06309384,-0.03077230602502823
CH_L_321a,7-14,0,WNT,0.082348526,-0.03077230602502823
CH_L_321a,7-9,0,WNT,0.05178553,-0.029488056898117065
CH_L_321a,8-10,0,WNT,0.047367875,-0.029556678608059883
CH_L_321a,8-11,0,WNT,0.048304,-0.03067578747868538
CH_L_321a,8-12,0,WNT,0.0409317,-0.030953820794820786
CH_L_321a,8-13,0,WNT,0.06831661,-0.030953820794820786
CH_L_321a,8-14,0,WNT,0.08945937,-0.030953820794820786
CH_L_321a,8-9,0,WNT,0.082992285,-0.029617896303534508
CH_L_321a,9-10,0,WNT,0.013090981,-0.02918834052979946
CH_L_321a,9-11,0,WNT,0.043070257,-0.02997971698641777
CH_L_321a,9-12,0,WNT,0.019854741,-0.030217628926038742
CH_L_321a,9-13,0,WNT,0.049794015,-0.030217628926038742
CH_L_321a,9-14,0,WNT,0.0830547,-0.030217628926038742
CH_L_321a,9-9,0,WNT,0.03381427,-0.029079359024763107
CH_L_322a,10-10,1,WNT,0.029053234,-0.026473766192793846
CH_L_322a,10-11,1,WNT,0.012788586,-0.026473766192793846
CH_L_322a,10-7,1,WNT,-0.0007987691,-0.02776077575981617
CH_L_322a,10-8,1,WNT,0.025497932,-0.02683558128774166
CH_L_322a,10-9,1,WNT,0.020205772,-0.02672571875154972
CH_L_322a,11-10,1,WNT,0.038728356,-0.026473766192793846
CH_L_322a,11-11,1,WNT,-0.032231104,-0.026473766192793846
CH_L_322a,11-6,1,WNT,-0.079680875,-0.027967795729637146
CH_L_322a,11-7,1,WNT,-0.0027321568,-0.02776077575981617
CH_L_322a,11-8,1,WNT,0.024809984,-0.02683558128774166
CH_L_322a,11-9,1,WNT,0.034446355,-0.02672571875154972
CH_L_322a,6-10,1,WNT,0.017335331,-0.02696654200553894
CH_L_322a,6-11,1,WNT,-0.026552225,-0.02696654200553894
CH_L_322a,6-8,1,WNT,0.0028094703,-0.031035203486680984
CH_L_322a,6-9,1,WNT,0.019821689,-0.026472512632608414
CH_L_322a,7-10,1,WNT,0.011653423,-0.02679099142551422
CH_L_322a,7-11,1,WNT,0.008585879,-0.02679099142551422
CH_L_322a,7-8,1,WNT,0.021181053,-0.02982318587601185
CH_L_322a,7-9,1,WNT,0.029617503,-0.026681698858737946
CH_L_322a,8-10,1,WNT,0.05219457,-0.026852598413825035
CH_L_322a,8-11,1,WNT,-0.008500386,-0.026852598413825035
CH_L_322a,8-8,1,WNT,-0.011241976,-0.02915680594742298
CH_L_322a,8-9,1,WNT,0.04431031,-0.02786879613995552
CH_L_322a,9-10,1,WNT,0.04466656,-0.027053091675043106
CH_L_322a,9-11,1,WNT,-0.006129156,-0.027053091675043106
CH_L_322a,9-7,1,WNT,0.0027817145,-0.02943810634315014
CH_L_322a,9-8,1,WNT,0.028157296,-0.027177948504686356
CH_L_322a,9-9,1,WNT,0.06693009,-0.026881344616413116
CH_L_323a,3-10,3,WNT,-0.009340117,-0.014765053987503052
CH_L_323a,3-8,3,WNT,0.037488043,-0.014765053987503052
CH_L_323a,3-9,3,WNT,0.04103362,-0.014765053987503052
CH_L_323a,4-10,3,WNT,-0.024510648,-0.01456916518509388
CH_L_323a,4-6,3,WNT,0.0061292276,-0.026249900460243225
CH_L_323a,4-7,3,WNT,0.0406037,-0.01933300867676735
CH_L_323a,4-8,3,WNT,-0.0019046564,-0.01456916518509388
CH_L_323a,4-9,3,WNT,-0.01641581,-0.01456916518509388
CH_L_323a,5-10,3,WNT,0.052140087,-0.021116402000188828
CH_L_323a,5-6,3,WNT,0.04367288,-0.028874212875962257
CH_L_323a,5-7,3,WNT,0.061458915,-0.023559220135211945
CH_L_323a,5-8,3,WNT,0.042876605,-0.021116402000188828
CH_L_323a,5-9,3,WNT,0.07885287,-0.021116402000188828
CH_L_323a,6-10,3,WNT,0.032584727,-0.011941960081458092
CH_L_323a,6-7,3,WNT,0.032843407,-0.011715579777956009
CH_L_323a,6-8,3,WNT,0.021420052,-0.011941960081458092
CH_L_323a,6-9,3,WNT,0.03867119,-0.011941960081458092
CH_L_323a,7-10,3,WNT,0.079262346,-0.007118159905076027
CH_L_323a,7-11,3,WNT,0.054684922,-0.007118159905076027
CH_L_323a,7-6,3,WNT,0.072347835,-0.009755540639162064
CH_L_323a,7-7,3,WNT,0.05014238,-0.00795280933380127
CH_L_323a,7-8,3,WNT,0.04789121,-0.007118159905076027
CH_L_323a,7-9,3,WNT,0.066555016,-0.007118159905076027
CH_L_323a,8-10,3,WNT,-0.004814331,-0.0032130442559719086
CH_L_323a,8-11,3,WNT,-0.006677708,-0.0032130442559719086
CH_L_323a,8-6,3,WNT,0.034383927,-0.008915551006793976
CH_L_323a,8-7,3,WNT,0.05621908,-0.0042119696736335754
CH_L_323a,8-8,3,WNT,0.018902022,-0.0032130442559719086
CH_L_323a,8-9,3,WNT,-0.022696428,-0.0032130442559719086
CH_L_326a,10-10,1,WNT,-0.0032800657,-0.03225739300251007
CH_L_326a,10-11,1,WNT,-0.03263498,-0.031165143474936485
CH_L_326a,10-12,1,WNT,-0.033723857,-0.029931863769888878
CH_L_326a,10-13,1,WNT,-0.03335543,-0.029931863769888878
CH_L_326a,10-14,1,WNT,-0.043461125,-0.029931863769888878
CH_L_326a,10-9,1,WNT,0.010356246,-0.03220994397997856
CH_L_326a,11-10,1,WNT,0.033046164,-0.03076843172311783
CH_L_326a,11-11,1,WNT,0.023615692,-0.030235230922698975
CH_L_326a,11-12,1,WNT,0.014457069,-0.029960617423057556
CH_L_326a,11-13,1,WNT,-0.02155144,-0.029960617423057556
CH_L_326a,11-14,1,WNT,-0.004809724,-0.029960617423057556
CH_L_326a,12-14,1,WNT,0.0034623337,-0.029773740097880363
CH_L_326a,7-10,1,WNT,-0.07195019,-0.03252900019288063
CH_L_326a,7-11,1,WNT,-0.00064583455,-0.03122524917125702
CH_L_326a,7-12,1,WNT,0.0096940985,-0.029945731163024902
CH_L_326a,7-13,1,WNT,0.008726383,-0.029945731163024902
CH_L_326a,7-14,1,WNT,0.026285533,-0.029945731163024902
CH_L_326a,8-10,1,WNT,-0.06429799,-0.03228278085589409
CH_L_326a,8-11,1,WNT,-0.053580415,-0.0310992281883955
CH_L_326a,8-12,1,WNT,0.0063077086,-0.030200637876987457
CH_L_326a,8-13,1,WNT,0.017378608,-0.030200637876987457
CH_L_326a,8-14,1,WNT,0.0059316633,-0.030200637876987457
CH_L_326a,8-9,1,WNT,-0.08127589,-0.03194896876811981
CH_L_326a,9-10,1,WNT,-0.010515546,-0.03166938200592995
CH_L_326a,9-11,1,WNT,-0.0076171192,-0.031067628413438797
CH_L_326a,9-12,1,WNT,0.0048568277,-0.030279455706477165
CH_L_326a,9-13,1,WNT,0.0028473334,-0.030279455706477165
CH_L_326a,9-14,1,WNT,-0.010723571,-0.030279455706477165
CH_L_326a,9-9,1,WNT,0.00023488692,-0.03166961297392845
CH_L_327a,4-2,3,WNT,-0.093626924,-0.05294694006443024
CH_L_327a,4-3,3,WNT,-0.09816993,-0.049517400562763214
CH_L_327a,4-4,3,WNT,-0.09349243,-0.04810001701116562
CH_L_327a,4-5,3,WNT,-0.058070935,-0.03605004400014877
CH_L_327a,4-6,3,WNT,-0.05637495,-0.030134452506899834
CH_L_327a,5-2,3,WNT,-0.106547855,-0.050612494349479675
CH_L_327a,5-3,3,WNT,-0.038464934,-0.048088639974594116
CH_L_327a,5-4,3,WNT,-0.016484454,-0.05010875314474106
CH_L_327a,5-5,3,WNT,0.014470445,-0.041377484798431396
CH_L_327a,5-6,3,WNT,0.03768459,-0.031959641724824905
CH_L_327a,6-2,3,WNT,-0.10192405,-0.050025418400764465
CH_L_327a,6-3,3,WNT,-0.023419617,-0.05208916962146759
CH_L_327a,6-4,3,WNT,-0.0074018734,-0.0514143630862236
CH_L_327a,6-5,3,WNT,0.011429848,-0.04555847868323326
CH_L_327a,6-6,3,WNT,-0.0156347,-0.023074999451637268
CH_L_327a,7-2,3,WNT,-0.07875391,-0.04368084669113159
CH_L_327a,7-3,3,WNT,0.023100764,-0.051379501819610596
CH_L_327a,7-4,3,WNT,0.031283207,-0.050402335822582245
CH_L_327a,7-5,3,WNT,0.04417212,-0.037586040794849396
CH_L_327a,7-6,3,WNT,0.06013356,-0.03144880011677742
CH_L_327a,8-2,3,WNT,-0.051499665,-0.03236622363328934
CH_L_327a,8-3,3,WNT,0.019845234,-0.03715968877077103
CH_L_327a,8-4,3,WNT,0.06056762,-0.039164941757917404
CH_L_327a,8-5,3,WNT,0.057338562,-0.025877464562654495
CH_L_327a,8-6,3,WNT,-0.019288583,-0.02500612661242485
CH_L_327a,9-5,3,WNT,-0.01340275,-0.007220864295959473
CH_L_327a,9-6,3,WNT,-0.058119282,-0.025082282721996307
CH_L_328a,10-10,0,WNT,0.003094707,-0.029956037178635597
CH_L_328a,10-11,0,WNT,0.06747784,-0.03013264387845993
CH_L_328a,10-7,0,WNT,0.035675388,-0.030634893104434013
CH_L_328a,10-8,0,WNT,0.055595934,-0.030681665986776352
CH_L_328a,10-9,0,WNT,0.0010068443,-0.030577121302485466
CH_L_328a,11-10,0,WNT,-0.05808111,-0.030408691614866257
CH_L_328a,11-11,0,WNT,-0.03808132,-0.029904281720519066
CH_L_328a,11-7,0,WNT,-0.002250156,-0.030245361849665642
CH_L_328a,11-8,0,WNT,0.043773115,-0.030499301850795746
CH_L_328a,11-9,0,WNT,-0.0014254656,-0.03036583960056305
CH_L_328a,6-10,0,WNT,0.028734514,-0.030056199058890343
CH_L_328a,6-11,0,WNT,0.06898952,-0.031073274090886116
CH_L_328a,6-12,0,WNT,-0.029937156,-0.0313393697142601
CH_L_328a,6-8,0,WNT,0.03552978,-0.030233412981033325
CH_L_328a,6-9,0,WNT,0.020371724,-0.029980113729834557
CH_L_328a,7-10,0,WNT,0.014416024,-0.030403729528188705
CH_L_328a,7-11,0,WNT,0.040987357,-0.030565064400434494
CH_L_328a,7-12,0,WNT,0.04038869,-0.03079252690076828
CH_L_328a,7-7,0,WNT,0.08646259,-0.029961755499243736
CH_L_328a,7-8,0,WNT,-0.00579082,-0.030410604551434517
CH_L_328a,7-9,0,WNT,-0.012308235,-0.030345452949404716
CH_L_328a,8-10,0,WNT,0.03779068,-0.030346883460879326
CH_L_328a,8-11,0,WNT,0.06517148,-0.030283262953162193
CH_L_328a,8-12,0,WNT,0.026710367,-0.030506610870361328
CH_L_328a,8-7,0,WNT,0.09345367,-0.030299758538603783
CH_L_328a,8-8,0,WNT,0.032875955,-0.03051285818219185
CH_L_328a,8-9,0,WNT,0.016898146,-0.030824998393654823
CH_L_328a,9-10,0,WNT,0.030033952,-0.03059259057044983
CH_L_328a,9-11,0,WNT,0.077538304,-0.03033590503036976
CH_L_328a,9-7,0,WNT,0.03723474,-0.03036373108625412
CH_L_328a,9-8,0,WNT,0.017320255,-0.0306590236723423
CH_L_328a,9-9,0,WNT,-0.0038994304,-0.03090593032538891
CH_L_329a,4-10,3,WNT,-0.0035991266,-0.03436852619051933
CH_L_329a,4-7,3,WNT,-0.027854616,-0.022929279133677483
CH_L_329a,4-8,3,WNT,-0.0051991493,-0.02377108857035637
CH_L_329a,4-9,3,WNT,0.006369777,-0.02795742079615593
CH_L_329a,5-6,3,WNT,-0.03452684,-0.02237090840935707
CH_L_329a,5-7,3,WNT,-0.014928109,-0.020594313740730286
CH_L_329a,5-8,3,WNT,-0.016813857,-0.023773936554789543
CH_L_329a,5-9,3,WNT,-0.02227694,-0.026646103709936142
CH_L_329a,6-6,3,WNT,-0.028403193,-0.020463699474930763
CH_L_329a,6-7,3,WNT,-0.022998722,-0.024527087807655334
CH_L_329a,6-8,3,WNT,-0.017113447,-0.024276645854115486
CH_L_329a,6-9,3,WNT,-0.008840368,-0.027884189039468765
CH_L_329a,7-10,3,WNT,0.008128878,-0.028915908187627792
CH_L_329a,7-6,3,WNT,-0.013081661,-0.02155115082859993
CH_L_329a,7-7,3,WNT,-0.04748215,-0.020295631140470505
CH_L_329a,7-8,3,WNT,-0.026758036,-0.02179892733693123
CH_L_329a,7-9,3,WNT,-0.017224729,-0.027507107704877853
CH_L_329a,8-10,3,WNT,-0.004476284,-0.02713613025844097
CH_L_329a,8-7,3,WNT,-0.010725901,-0.02205762267112732
CH_L_329a,8-8,3,WNT,-0.038341384,-0.019652819260954857
CH_L_329a,8-9,3,WNT,-0.028811974,-0.022425364702939987
CH_L_329a,9-10,3,WNT,0.01247726,-0.03665471076965332
CH_L_329a,9-6,3,WNT,-0.0629743,-0.025327958166599274
CH_L_329a,9-7,3,WNT,0.018065454,-0.026987258344888687
CH_L_329a,9-8,3,WNT,-0.0035144617,-0.025096483528614044
CH_L_329a,9-9,3,WNT,0.02146838,-0.02805199846625328
CH_L_333a,10-6,4,WNT,-0.02742965,-0.02255110815167427
CH_L_333a,11-2,4,WNT,-0.111498214,-0.02018962800502777
CH_L_333a,11-4,4,WNT,-0.102649435,-0.021082816645503044
CH_L_333a,11-5,4,WNT,-0.10572433,-0.022208314388990402
CH_L_333a,11-6,4,WNT,-0.078964435,-0.02255110815167427
CH_L_333a,7-5,4,WNT,-0.04920259,-0.016058728098869324
CH_L_333a,9-5,4,WNT,-0.009272127,-0.022208314388990402
CH_L_333a,9-6,4,WNT,-0.062377725,-0.02255110815167427
CH_L_334a,4-10,4,WNT,-0.007600318,-0.02021455019712448
CH_L_334a,4-11,4,WNT,-0.030823454,-0.02021455019712448
CH_L_334a,4-12,4,WNT,-0.067383155,-0.02021455019712448
CH_L_334a,4-13,4,WNT,-0.05243779,-0.02021455019712448
CH_L_334a,4-9,4,WNT,-0.014202458,-0.01797349564731121
CH_L_334a,5-10,4,WNT,-0.033690825,-0.02117903158068657
CH_L_334a,5-11,4,WNT,0.002380423,-0.02117903158068657
CH_L_334a,5-12,4,WNT,0.026237294,-0.02117903158068657
CH_L_334a,5-13,4,WNT,-0.008020261,-0.02117903158068657
CH_L_334a,5-9,4,WNT,-0.0044524246,-0.02075224183499813
CH_L_334a,6-10,4,WNT,-0.03551556,-0.019534297287464142
CH_L_334a,6-11,4,WNT,0.01646287,-0.019534297287464142
CH_L_334a,6-12,4,WNT,0.029991597,-0.019534297287464142
CH_L_334a,6-13,4,WNT,-0.029095702,-0.019534297287464142
CH_L_334a,6-9,4,WNT,-0.035503276,-0.019763624295592308
CH_L_334a,7-10,4,WNT,-0.021126302,-0.02053031139075756
CH_L_334a,7-11,4,WNT,0.02598536,-0.02053031139075756
CH_L_334a,7-12,4,WNT,-0.016980622,-0.02053031139075756
CH_L_334a,7-9,4,WNT,-0.05281827,-0.020393887534737587
CH_L_334a,8-10,4,WNT,0.035679203,-0.019986582919955254
CH_L_334a,8-11,4,WNT,0.0242094,-0.019986582919955254
CH_L_334a,8-12,4,WNT,-0.027254205,-0.019986582919955254
CH_L_334a,8-9,4,WNT,-0.0007108825,-0.019036371260881424
CH_L_334a,9-10,4,WNT,0.013716309,-0.020821120589971542
CH_L_334a,9-11,4,WNT,-0.04129006,-0.020821120589971542
CH_L_334a,9-12,4,WNT,-0.123523675,-0.020821120589971542
CH_L_334a,9-9,4,WNT,0.06970094,-0.020667344331741333
CH_L_335a,2-5,2,WNT,-0.067589685,-0.020164700224995613
CH_L_335a,2-6,2,WNT,-0.086216904,-0.02040891721844673
CH_L_335a,2-7,2,WNT,-0.0659413,-0.01820344291627407
CH_L_335a,2-8,2,WNT,-0.00023545219,-0.020146990194916725
CH_L_335a,2-9,2,WNT,0.012657254,-0.020158138126134872
CH_L_335a,3-4,2,WNT,-0.031684544,-0.01999766007065773
CH_L_335a,3-6,2,WNT,-0.019418316,-0.019712187349796295
CH_L_335a,3-7,2,WNT,-0.018488662,-0.018138859421014786
CH_L_335a,3-8,2,WNT,0.01761158,-0.02013808861374855
CH_L_335a,6-9,2,WNT,-0.02015095,-0.019601132720708847
CH_L_336a,10-4,3,WNT,0.0031434637,-0.044201839715242386
CH_L_336a,10-5,3,WNT,-0.0036203063,-0.04281450808048248
CH_L_336a,10-7,3,WNT,0.008142204,-0.04682512581348419
CH_L_336a,10-8,3,WNT,0.02244847,-0.028606021776795387
CH_L_336a,10-9,3,WNT,0.016643228,-0.03071516752243042
CH_L_336a,11-7,3,WNT,-0.03095536,-0.036987315863370895
CH_L_336a,11-8,3,WNT,0.024869703,-0.02736867032945156
CH_L_336a,11-9,3,WNT,0.016733568,-0.02734791487455368
CH_L_336a,12-5,3,WNT,-0.027039476,-0.03212505206465721
CH_L_336a,12-8,3,WNT,-0.007139128,-0.027204133570194244
CH_L_336a,12-9,3,WNT,-0.018566538,-0.02947702817618847
CH_L_336a,7-5,3,WNT,-0.040694572,-0.05092126131057739
CH_L_336a,7-6,3,WNT,-0.018544978,-0.04835476726293564
CH_L_336a,8-5,3,WNT,-0.022281243,-0.05067817121744156
CH_L_336a,8-6,3,WNT,-0.031633392,-0.048151805996894836
CH_L_336a,9-4,3,WNT,-0.046061438,-0.04062698408961296
CH_L_336a,9-5,3,WNT,-0.0076867193,-0.04732922464609146
CH_L_336a,9-6,3,WNT,0.0059485934,-0.04433566331863403
CH_L_336a,9-7,3,WNT,-0.006051336,-0.04721922427415848
CH_L_336a,9-8,3,WNT,-0.008843093,-0.045396849513053894
CH_L_337a,10-12,0,WNT,-0.13266107,-0.03151622787117958
CH_L_337a,10-13,0,WNT,-0.11465308,-0.03128597140312195
CH_L_337a,5-12,0,WNT,-0.14532791,-0.031035061925649643
CH_L_337a,5-13,0,WNT,-0.15578406,-0.03186463192105293
CH_L_337a,5-14,0,WNT,-0.13054721,-0.032047007232904434
CH_L_337a,5-15,0,WNT,-0.13759153,-0.032047007232904434
CH_L_337a,5-16,0,WNT,-0.1343464,-0.032047007232904434
CH_L_337a,6-12,0,WNT,-0.15172704,-0.031172778457403183
CH_L_337a,6-13,0,WNT,-0.14883411,-0.0315905399620533
CH_L_337a,6-16,0,WNT,-0.14782298,-0.03173601254820824
CH_L_337a,7-12,0,WNT,-0.13642827,-0.03136298805475235
CH_L_337a,7-13,0,WNT,-0.13907228,-0.03153751417994499
CH_L_337a,7-16,0,WNT,-0.13965662,-0.031529027968645096
CH_L_337a,8-12,0,WNT,-0.12840669,-0.031337637454271317
CH_L_337a,8-13,0,WNT,-0.13360345,-0.031524986028671265
CH_L_337a,8-16,0,WNT,-0.116889164,-0.03153114765882492
CH_L_338a,10-10,2,WNT,-0.12589033,-0.025859717279672623
CH_L_338a,10-11,2,WNT,-0.116765276,-0.02563866600394249
CH_L_338a,10-12,2,WNT,-0.13799697,-0.026067934930324554
CH_L_338a,10-9,2,WNT,-0.14022788,-0.025630243122577667
CH_L_338a,11-10,2,WNT,-0.12739769,-0.02531985193490982
CH_L_338a,11-11,2,WNT,-0.12669946,-0.025320840999484062
CH_L_338a,6-12,2,WNT,-0.14257604,-0.02509789541363716
CH_L_338a,7-11,2,WNT,-0.14313939,-0.02611260488629341
CH_L_338a,7-12,2,WNT,-0.14156953,-0.02597557194530964
CH_L_338a,8-10,2,WNT,-0.13987435,-0.025680821388959885
CH_L_338a,8-11,2,WNT,-0.13110672,-0.025974750518798828
CH_L_338a,8-12,2,WNT,-0.13491572,-0.026483438909053802
CH_L_338a,8-13,2,WNT,-0.14371638,-0.025837240740656853
CH_L_338a,8-9,2,WNT,-0.13497011,-0.02577109821140766
CH_L_338a,9-10,2,WNT,-0.11625995,-0.025796756148338318
CH_L_338a,9-11,2,WNT,-0.13732454,-0.02568519487977028
CH_L_338a,9-12,2,WNT,-0.13282876,-0.026339400559663773
CH_L_338a,9-13,2,WNT,-0.13763598,-0.02634299173951149
CH_L_338a,9-9,2,WNT,-0.13983126,-0.025935014709830284
CH_L_339a,5-10,3,WNT,0.0042449967,-0.029463697224855423
CH_L_339a,5-7,3,WNT,-0.0545841,-0.0281459279358387
CH_L_339a,5-8,3,WNT,-0.047169857,-0.029463697224855423
CH_L_339a,5-9,3,WNT,-0.006280246,-0.029463697224855423
CH_L_339a,6-10,3,WNT,0.012681433,-0.019000818952918053
CH_L_339a,6-6,3,WNT,-0.04732976,-0.020773928612470627
CH_L_339a,6-7,3,WNT,-0.020284727,-0.019389238208532333
CH_L_339a,6-8,3,WNT,0.017156096,-0.019000818952918053
CH_L_339a,6-9,3,WNT,0.0026318259,-0.019000818952918053
CH_L_339a,7-10,3,WNT,0.017005313,-0.016329148784279823
CH_L_339a,7-6,3,WNT,-0.05541876,-0.027990518137812614
CH_L_339a,7-7,3,WNT,-0.027522536,-0.018281543627381325
CH_L_339a,7-8,3,WNT,0.0078333095,-0.016329148784279823
CH_L_339a,7-9,3,WNT,0.019813612,-0.016329148784279823
CH_L_339a,8-10,3,WNT,0.024245666,-0.014057368040084839
CH_L_339a,8-6,3,WNT,0.0050906404,-0.029442349448800087
CH_L_339a,8-7,3,WNT,0.034169387,-0.016627810895442963
CH_L_339a,8-8,3,WNT,-0.024054963,-0.014057368040084839
CH_L_339a,8-9,3,WNT,0.015770672,-0.014057368040084839
CH_L_339a,9-10,3,WNT,0.04540024,-0.014057368040084839
CH_L_339a,9-7,3,WNT,0.028491085,-0.016627810895442963
CH_L_339a,9-8,3,WNT,0.052055947,-0.014057368040084839
CH_L_339a,9-9,3,WNT,0.04420431,-0.014057368040084839
CH_L_340a,10-10,3,WNT,-0.07496079,-0.030087731778621674
CH_L_340a,10-11,3,WNT,-0.08515209,-0.03272523730993271
CH_L_340a,10-12,3,WNT,-0.11353936,-0.0350353941321373
CH_L_340a,10-8,3,WNT,-0.07145776,-0.03866133838891983
CH_L_340a,10-9,3,WNT,-0.07399207,-0.03051917627453804
CH_L_340a,5-10,3,WNT,-0.03749346,-0.04293511435389519
CH_L_340a,5-11,3,WNT,-0.0457321,-0.04477798193693161
CH_L_340a,5-12,3,WNT,-0.00852021,-0.04607769846916199
CH_L_340a,5-8,3,WNT,-0.010919098,-0.03781396895647049
CH_L_340a,5-9,3,WNT,-0.018322742,-0.04376879706978798
CH_L_340a,6-10,3,WNT,-0.059784107,-0.036716047674417496
CH_L_340a,6-11,3,WNT,-0.049716543,-0.037385545670986176
CH_L_340a,6-12,3,WNT,-0.03361918,-0.03562881052494049
CH_L_340a,6-8,3,WNT,-0.026885692,-0.03366205468773842
CH_L_340a,6-9,3,WNT,-0.035396066,-0.0369316004216671
CH_L_340a,7-10,3,WNT,-0.053251576,-0.036338742822408676
CH_L_340a,7-11,3,WNT,-0.0611977,-0.03944375365972519
CH_L_340a,7-12,3,WNT,-0.048156563,-0.03961709886789322
CH_L_340a,7-8,3,WNT,-0.07343203,-0.03261661157011986
CH_L_340a,7-9,3,WNT,-0.055717863,-0.036147844046354294
CH_L_340a,8-10,3,WNT,-0.045687262,-0.035718753933906555
CH_L_340a,8-11,3,WNT,-0.079585806,-0.039020977914333344
CH_L_340a,8-12,3,WNT,-0.058135904,-0.03883369639515877
CH_L_340a,8-8,3,WNT,-0.06409726,-0.037778452038764954
CH_L_340a,8-9,3,WNT,-0.06291326,-0.03492939844727516
CH_L_340a,9-10,3,WNT,-0.029730141,-0.036559633910655975
CH_L_340a,9-11,3,WNT,-0.055018846,-0.037311721593141556
CH_L_340a,9-12,3,WNT,-0.03540694,-0.03510807454586029
CH_L_340a,9-8,3,WNT,-0.05229129,-0.03825436159968376
CH_L_340a,9-9,3,WNT,-0.06537919,-0.03842195123434067
CH_L_341a,10-8,3,WNT,-0.1330437,-0.02805459499359131
CH_L_341a,10-9,3,WNT,-0.15549338,-0.029979158192873
CH_L_341a,5-8,3,WNT,-0.13016821,-0.03931310027837753
CH_L_341a,5-9,3,WNT,-0.12742083,-0.034815989434719086
CH_L_341a,6-8,3,WNT,-0.12988415,-0.042654190212488174
CH_L_341a,6-9,3,WNT,-0.13579215,-0.03171388432383537
CH_L_341a,7-8,3,WNT,-0.14747752,-0.04304566979408264
CH_L_341a,7-9,3,WNT,-0.14435482,-0.04030681774020195
CH_L_341a,8-10,3,WNT,-0.15808704,-0.031226374208927155
CH_L_341a,8-12,3,WNT,-0.1569189,-0.0277805645018816
CH_L_341a,8-8,3,WNT,-0.15040968,-0.03359830752015114
CH_L_341a,8-9,3,WNT,-0.145391,-0.037345532327890396
CH_L_341a,9-8,3,WNT,-0.14024383,-0.026352081447839737
CH_L_342a,10-7,4,WNT,-0.13324557,-0.03806331008672714
CH_L_342a,10-8,4,WNT,-0.11712271,-0.035661157220602036
CH_L_342a,10-9,4,WNT,-0.13878253,-0.034926097840070724
CH_L_342a,11-9,4,WNT,-0.11463841,-0.0333419144153595
CH_L_342a,12-8,4,WNT,-0.109412864,-0.016428111121058464
CH_L_342a,12-9,4,WNT,-0.11170416,-0.03318887948989868
CH_L_342a,7-8,4,WNT,-0.14745161,-0.034352295100688934
CH_L_342a,8-7,4,WNT,-0.14718118,-0.03873817250132561
CH_L_342a,8-8,4,WNT,-0.13198882,-0.03433820232748985
CH_L_342a,8-9,4,WNT,-0.15230638,-0.03494253382086754
CH_L_342a,9-7,4,WNT,-0.13991682,-0.03833678364753723
CH_L_342a,9-8,4,WNT,-0.13140522,-0.03273802995681763
CH_L_342a,9-9,4,WNT,-0.13618036,-0.035911716520786285
CH_L_344a,10-5,3,WNT,0.08748451,-0.03931502252817154
CH_L_344a,10-6,3,WNT,0.115873106,-0.03748035058379173
CH_L_344a,10-7,3,WNT,0.13598327,-0.03746664896607399
CH_L_344a,10-8,3,WNT,0.13383077,-0.03939555957913399
CH_L_344a,10-9,3,WNT,0.14345415,-0.04115353524684906
CH_L_344a,6-6,3,WNT,0.04531114,-0.050206273794174194
CH_L_344a,6-7,3,WNT,0.05711547,-0.04255808889865875
CH_L_344a,6-8,3,WNT,0.07939132,-0.03813247010111809
CH_L_344a,6-9,3,WNT,0.08522221,-0.03788791224360466
CH_L_344a,7-5,3,WNT,-0.038042434,-0.05160914734005928
CH_L_344a,7-6,3,WNT,0.106271386,-0.05198602378368378
CH_L_344a,7-7,3,WNT,0.12414234,-0.0418442040681839
CH_L_344a,7-8,3,WNT,0.12426868,-0.03717036917805672
CH_L_344a,7-9,3,WNT,0.087137386,-0.03571192920207977
CH_L_344a,8-5,3,WNT,0.006261003,-0.050869833678007126
CH_L_344a,8-6,3,WNT,0.07084723,-0.05055646970868111
CH_L_344a,8-7,3,WNT,0.13840087,-0.041165467351675034
CH_L_344a,8-8,3,WNT,0.11711335,-0.03861011192202568
CH_L_344a,8-9,3,WNT,0.09363406,-0.03451484069228172
CH_L_344a,9-5,3,WNT,0.11331987,-0.04661957919597626
CH_L_344a,9-6,3,WNT,0.12112809,-0.04746794328093529
CH_L_344a,9-7,3,WNT,0.14320418,-0.03947918489575386
CH_L_344a,9-8,3,WNT,0.13991274,-0.03870382905006409
CH_L_344a,9-9,3,WNT,0.13704048,-0.038002513349056244
CH_L_345a,3-6,0,WNT,-0.016423076,-0.027903622016310692
CH_L_345a,3-8,0,WNT,-0.041350912,-0.02819565311074257
CH_L_345a,3-9,0,WNT,-0.061370913,-0.02819565311074257
CH_L_345a,4-6,0,WNT,0.06462253,-0.02709421142935753
CH_L_345a,4-7,0,WNT,-0.056552153,-0.027231810614466667
CH_L_345a,4-8,0,WNT,0.02762271,-0.027231810614466667
CH_L_345a,4-9,0,WNT,0.013979874,-0.027231810614466667
CH_L_345a,5-10,0,WNT,-0.0016369869,-0.027116576209664345
CH_L_345a,5-6,0,WNT,0.055967662,-0.026972897350788116
CH_L_345a,5-7,0,WNT,0.030414421,-0.027116576209664345
CH_L_345a,5-8,0,WNT,0.04857411,-0.027116576209664345
CH_L_345a,5-9,0,WNT,0.032731503,-0.027116576209664345
CH_L_345a,6-10,0,WNT,-0.040411633,-0.027779696509242058
CH_L_345a,6-5,0,WNT,0.042497236,-0.02767684869468212
CH_L_345a,6-6,0,WNT,-0.03852906,-0.027729526162147522
CH_L_345a,6-7,0,WNT,-0.0046481085,-0.027779696509242058
CH_L_345a,6-8,0,WNT,0.058157645,-0.027779696509242058
CH_L_345a,6-9,0,WNT,0.030309366,-0.027779696509242058
CH_L_345a,7-5,0,WNT,0.027761407,-0.027937084436416626
CH_L_345a,7-6,0,WNT,-0.06183031,-0.027755513787269592
CH_L_345a,7-7,0,WNT,-0.010469026,-0.027647538110613823
CH_L_345a,7-8,0,WNT,0.01959434,-0.027647538110613823
CH_L_345a,7-9,0,WNT,-0.0006206317,-0.027647538110613823
CH_L_345a,8-5,0,WNT,-0.09664833,-0.027937084436416626
CH_L_345a,8-6,0,WNT,-0.07172949,-0.027755513787269592
CH_L_345a,8-7,0,WNT,-0.030521573,-0.027647538110613823
CH_L_345a,8-8,0,WNT,-0.07779461,-0.027647538110613823
CH_L_346a,10-10,4,WNT,0.03973244,-0.032604705542325974
CH_L_346a,10-11,4,WNT,0.07303339,-0.03037167154252529
CH_L_346a,10-12,4,WNT,0.089029886,-0.029205940663814545
CH_L_346a,10-13,4,WNT,0.04416759,-0.029205940663814545
CH_L_346a,10-9,4,WNT,0.007961573,-0.030170733109116554
CH_L_346a,5-10,4,WNT,-0.024568515,-0.031005214899778366
CH_L_346a,5-13,4,WNT,-0.12349474,-0.030920622870326042
CH_L_346a,5-9,4,WNT,0.025949305,-0.031494367867708206
CH_L_346a,6-10,4,WNT,0.012636329,-0.0313711054623127
CH_L_346a,6-11,4,WNT,0.006678207,-0.02917693369090557
CH_L_346a,6-12,4,WNT,-0.026222678,-0.02909347228705883
CH_L_346a,6-13,4,WNT,-0.11820219,-0.02909347228705883
CH_L_346a,6-8,4,WNT,-0.0035285274,-0.027071336284279823
CH_L_346a,6-9,4,WNT,-0.057921533,-0.030294936150312424
CH_L_346a,7-10,4,WNT,0.020307297,-0.032789312303066254
CH_L_346a,7-11,4,WNT,0.048489004,-0.02731865458190441
CH_L_346a,7-12,4,WNT,0.015927428,-0.025216151028871536
CH_L_346a,7-13,4,WNT,-0.04549229,-0.025216151028871536
CH_L_346a,7-8,4,WNT,-0.0041357446,-0.026990093290805817
CH_L_346a,7-9,4,WNT,0.027949888,-0.03162185102701187
CH_L_346a,8-10,4,WNT,0.06642319,-0.03189342841506004
CH_L_346a,8-11,4,WNT,0.069187045,-0.03068251721560955
CH_L_346a,8-12,4,WNT,0.050453696,-0.02984527125954628
CH_L_346a,8-13,4,WNT,0.062993415,-0.02984527125954628
CH_L_346a,8-8,4,WNT,0.013183451,-0.027328284457325935
CH_L_346a,8-9,4,WNT,0.033768408,-0.03125961869955063
CH_L_346a,9-10,4,WNT,0.04651149,-0.02863326668739319
CH_L_346a,9-11,4,WNT,0.060952462,-0.026936037465929985
CH_L_346a,9-12,4,WNT,0.041353192,-0.026418857276439667
CH_L_346a,9-13,4,WNT,0.057423357,-0.026418857276439667
CH_L_346a,9-8,4,WNT,-0.022224193,-0.025988664478063583
CH_L_346a,9-9,4,WNT,0.006288775,-0.027898667380213737
CH_L_347a,4-11,3,WNT,-0.014073902,-0.027651984244585037
CH_L_347a,4-12,3,WNT,-0.02024354,-0.027651984244585037
CH_L_347a,4-13,3,WNT,0.03607701,-0.027651984244585037
CH_L_347a,4-9,3,WNT,0.04204439,-0.025817617774009705
CH_L_347a,5-10,3,WNT,0.07862859,-0.02764081582427025
CH_L_347a,5-11,3,WNT,0.008063655,-0.02764081582427025
CH_L_347a,5-12,3,WNT,-0.0074770628,-0.02764081582427025
CH_L_347a,5-13,3,WNT,0.042969353,-0.02764081582427025
CH_L_347a,5-9,3,WNT,0.08171521,-0.025321485474705696
CH_L_347a,6-10,3,WNT,0.041648205,-0.031275756657123566
CH_L_347a,6-11,3,WNT,0.003357695,-0.031275756657123566
CH_L_347a,6-12,3,WNT,0.0013004714,-0.031275756657123566
CH_L_347a,6-13,3,WNT,0.012438094,-0.031275756657123566
CH_L_347a,6-9,3,WNT,0.10890796,-0.02845725417137146
CH_L_347a,7-10,3,WNT,0.023108799,-0.028699180111289024
CH_L_347a,7-11,3,WNT,0.057669513,-0.028699180111289024
CH_L_347a,7-12,3,WNT,0.05163203,-0.028699180111289024
CH_L_347a,7-13,3,WNT,-0.0018796236,-0.028699180111289024
CH_L_347a,7-9,3,WNT,0.0458125,-0.02595447190105915
CH_L_347a,8-10,3,WNT,0.0051588584,-0.02196604199707508
CH_L_347a,8-11,3,WNT,0.026637489,-0.02196604199707508
CH_L_347a,8-12,3,WNT,0.05110839,-0.02196604199707508
CH_L_347a,8-13,3,WNT,0.07377259,-0.02196604199707508
CH_L_347a,8-9,3,WNT,-0.006476484,-0.020499154925346375
CH_L_347a,9-10,3,WNT,-0.084227584,-0.03138056769967079
CH_L_347a,9-11,3,WNT,0.0053590885,-0.03138056769967079
CH_L_347a,9-12,3,WNT,-0.018575212,-0.03138056769967079
CH_L_347a,9-13,3,WNT,-0.028370189,-0.03138056769967079
CH_L_347a,9-9,3,WNT,0.033507288,-0.030577359721064568
CH_L_348a,10-10,1,WNT,-0.03303439,-0.02609081380069256
CH_L_348a,10-11,1,WNT,-0.027720967,-0.025828484445810318
CH_L_348a,10-7,1,WNT,-0.043304075,-0.02760884538292885
CH_L_348a,10-8,1,WNT,-0.04774658,-0.02707085758447647
CH_L_348a,10-9,1,WNT,-0.047177512,-0.027304833754897118
CH_L_348a,5-11,1,WNT,0.011263943,-0.027844378724694252
CH_L_348a,5-7,1,WNT,-0.018670911,-0.030367964878678322
CH_L_348a,5-9,1,WNT,-0.036093768,-0.025969039648771286
CH_L_348a,6-7,1,WNT,-0.04316993,-0.030105533078312874
CH_L_348a,6-9,1,WNT,-0.015500815,-0.02589322254061699
CH_L_348a,7-10,1,WNT,-0.047401845,-0.02723713591694832
CH_L_348a,7-7,1,WNT,-0.08285621,-0.029803698882460594
CH_L_348a,7-9,1,WNT,-0.045798514,-0.025910550728440285
CH_L_348a,8-10,1,WNT,-0.02336133,-0.0271294005215168
CH_L_348a,8-11,1,WNT,-0.041264884,-0.02712429128587246
CH_L_348a,8-7,1,WNT,-0.06187818,-0.029737873002886772
CH_L_348a,8-9,1,WNT,-0.065586925,-0.026227222755551338
CH_L_348a,9-10,1,WNT,-0.019200517,-0.027179444208741188
CH_L_348a,9-11,1,WNT,-0.03777435,-0.027264872565865517
CH_L_348a,9-6,1,WNT,-0.042893525,-0.02897467091679573
CH_L_348a,9-7,1,WNT,-0.053979933,-0.029686199501156807
CH_L_348a,9-8,1,WNT,-0.057586044,-0.02667885087430477
CH_L_348a,9-9,1,WNT,-0.059251335,-0.02621481381356716
CH_L_349a,4-17,1,WNT,-0.10684157,-0.0318559929728508
CH_L_349a,5-16,1,WNT,-0.095559016,-0.03247315436601639
CH_L_349a,5-18,1,WNT,-0.09442671,-0.03247315436601639
CH_L_349a,5-19,1,WNT,-0.07977079,-0.03247315436601639
CH_L_349a,6-16,1,WNT,-0.09444478,-0.03199871629476547
CH_L_349a,6-17,1,WNT,-0.08883229,-0.03199871629476547
CH_L_349a,6-18,1,WNT,-0.075181596,-0.03199871629476547
CH_L_349a,6-19,1,WNT,-0.073483884,-0.03199871629476547
CH_L_349a,7-16,1,WNT,-0.04605491,-0.03241020813584328
CH_L_349a,7-17,1,WNT,-0.053330425,-0.03241020813584328
CH_L_349a,7-18,1,WNT,-0.051409524,-0.03241020813584328
CH_L_349a,7-19,1,WNT,-0.0828534,-0.03241020813584328
CH_L_349a,8-16,1,WNT,-0.046469998,-0.031735844910144806
CH_L_349a,8-17,1,WNT,-0.0379896,-0.031735844910144806
CH_L_349a,8-18,1,WNT,-0.05642033,-0.031735844910144806
CH_L_349a,8-19,1,WNT,-0.0782605,-0.031735844910144806
CH_L_349a,8-20,1,WNT,-0.079418026,-0.031735844910144806
CH_L_350a,10-4,0,WNT,0.059320968,-0.027721410617232323
CH_L_350a,10-5,0,WNT,0.055712122,-0.028314828872680664
CH_L_350a,10-6,0,WNT,0.04691037,-0.02831391803920269
CH_L_350a,10-7,0,WNT,0.074451394,-0.02785390429198742
CH_L_350a,10-8,0,WNT,0.025574472,-0.028258811682462692
CH_L_350a,5-4,0,WNT,0.0046885093,-0.027202516794204712
CH_L_350a,5-5,0,WNT,0.014172259,-0.027171384543180466
CH_L_350a,5-7,0,WNT,-0.03355032,-0.027712693437933922
CH_L_350a,5-8,0,WNT,-0.03837157,-0.028096569702029228
CH_L_350a,6-4,0,WNT,0.008679311,-0.026830514892935753
CH_L_350a,6-5,0,WNT,0.021852389,-0.026930343359708786
CH_L_350a,6-7,0,WNT,-0.003855471,-0.02803223207592964
CH_L_350a,6-8,0,WNT,-0.029671595,-0.028555184602737427
CH_L_350a,7-4,0,WNT,0.039432712,-0.027639115229249
CH_L_350a,7-5,0,WNT,0.001766593,-0.02790919318795204
CH_L_350a,7-6,0,WNT,0.046657283,-0.028160464018583298
CH_L_350a,7-7,0,WNT,-0.013272762,-0.027824148535728455
CH_L_350a,7-8,0,WNT,-0.010882358,-0.02797514759004116
CH_L_350a,8-4,0,WNT,0.021090344,-0.027721410617232323
CH_L_350a,8-5,0,WNT,0.03782393,-0.028314828872680664
CH_L_350a,8-6,0,WNT,0.07478216,-0.02831391803920269
CH_L_350a,8-7,0,WNT,0.02086952,-0.02785390429198742
CH_L_350a,8-8,0,WNT,0.018216684,-0.028258811682462692
CH_L_350a,9-4,0,WNT,0.015187124,-0.027721410617232323
CH_L_350a,9-5,0,WNT,0.04221708,-0.028314828872680664
CH_L_350a,9-6,0,WNT,0.044633247,-0.02831391803920269
CH_L_350a,9-7,0,WNT,0.07229551,-0.02785390429198742
CH_L_350a,9-8,0,WNT,0.0055109574,-0.028258811682462692
CH_L_351a,10-12,1,WNT,-0.019212112,-0.03342141956090927
CH_L_351a,10-7,1,WNT,0.015382803,-0.03447101637721062
CH_L_351a,6-10,1,WNT,-0.003675434,-0.033317841589450836
CH_L_351a,6-11,1,WNT,0.021459434,-0.03319362550973892
CH_L_351a,6-12,1,WNT,0.028193254,-0.033193789422512054
CH_L_351a,6-8,1,WNT,-0.024350699,-0.03278517723083496
CH_L_351a,6-9,1,WNT,-0.03223731,-0.0330081507563591
CH_L_351a,7-10,1,WNT,0.07932387,-0.033457040786743164
CH_L_351a,7-12,1,WNT,-0.07484415,-0.03343796357512474
CH_L_351a,7-8,1,WNT,-0.0025588498,-0.03285445272922516
CH_L_351a,8-10,1,WNT,0.05033564,-0.03313276916742325
CH_L_351a,8-12,1,WNT,-0.04385405,-0.0336071141064167
CH_L_351a,9-11,1,WNT,0.052162755,-0.03373095393180847
CH_L_351a,9-12,1,WNT,-0.001204217,-0.03338217735290527
CH_L_351a,9-7,1,WNT,0.058913022,-0.034627582877874374
CH_L_352a,10-10,1,WNT,-0.10544099,-0.025467541068792343
CH_L_352a,10-6,1,WNT,-0.076580584,-0.025876222178339958
CH_L_352a,10-8,1,WNT,-0.10420293,-0.025467541068792343
CH_L_352a,10-9,1,WNT,-0.068151385,-0.025467541068792343
CH_L_352a,11-6,1,WNT,-0.10902705,-0.025876222178339958
CH_L_352a,11-9,1,WNT,-0.09589343,-0.025467541068792343
CH_L_352a,6-10,1,WNT,-0.08017333,-0.02598179504275322
CH_L_352a,6-6,1,WNT,-0.036876645,-0.025917094200849533
CH_L_352a,6-7,1,WNT,-0.006744802,-0.02576379105448723
CH_L_352a,6-8,1,WNT,-0.021560494,-0.02598179504275322
CH_L_352a,6-9,1,WNT,0.004021658,-0.02598179504275322
CH_L_352a,7-10,1,WNT,-0.08884941,-0.025672191753983498
CH_L_352a,7-6,1,WNT,-0.03585269,-0.025614196434617043
CH_L_352a,7-7,1,WNT,-0.023249784,-0.025565622374415398
CH_L_352a,7-8,1,WNT,-0.036153965,-0.025672191753983498
CH_L_352a,7-9,1,WNT,-0.026218928,-0.025672191753983498
CH_L_352a,8-10,1,WNT,-0.12716806,-0.025467541068792343
CH_L_352a,8-7,1,WNT,-0.07068692,-0.02538568526506424
CH_L_352a,8-8,1,WNT,-0.083702944,-0.025467541068792343
CH_L_352a,9-10,1,WNT,-0.11673908,-0.025467541068792343
CH_L_352a,9-6,1,WNT,-0.02255443,-0.025876222178339958
CH_L_352a,9-8,1,WNT,-0.094798505,-0.025467541068792343
CH_L_352a,9-9,1,WNT,-0.07632227,-0.025467541068792343
CH_L_353a,10-10,1,WNT,-0.047251634,-0.026399856433272362
CH_L_353a,10-11,1,WNT,-0.033566024,-0.026399856433272362
CH_L_353a,10-12,1,WNT,-0.050702523,-0.026399856433272362
CH_L_353a,10-13,1,WNT,-0.049863707,-0.026399856433272362
CH_L_353a,10-14,1,WNT,-0.064217664,-0.026399856433272362
CH_L_353a,5-10,1,WNT,-0.06952253,-0.027081720530986786
CH_L_353a,5-11,1,WNT,-0.008915648,-0.027081720530986786
CH_L_353a,5-12,1,WNT,0.01313671,-0.027081720530986786
CH_L_353a,5-13,1,WNT,-0.01327136,-0.027081720530986786
CH_L_353a,5-14,1,WNT,-0.03952199,-0.027081720530986786
CH_L_353a,6-10,1,WNT,-0.04897404,-0.02654644288122654
CH_L_353a,6-11,1,WNT,-0.032108497,-0.02654644288122654
CH_L_353a,6-12,1,WNT,-0.041915886,-0.02654644288122654
CH_L_353a,6-13,1,WNT,-0.020940706,-0.02654644288122654
CH_L_353a,6-14,1,WNT,-0.05888849,-0.02654644288122654
CH_L_353a,6-9,1,WNT,-0.027312925,-0.02654644288122654
CH_L_353a,7-10,1,WNT,-0.054888435,-0.026183225214481354
CH_L_353a,7-13,1,WNT,-0.042967886,-0.026183225214481354
CH_L_353a,7-14,1,WNT,-0.06768256,-0.026183225214481354
CH_L_353a,7-9,1,WNT,-0.03555764,-0.026183225214481354
CH_L_353a,8-11,1,WNT,-0.015976708,-0.02608232945203781
CH_L_353a,8-12,1,WNT,-0.00061596127,-0.02608232945203781
CH_L_353a,8-13,1,WNT,-0.026782107,-0.02608232945203781
CH_L_353a,9-12,1,WNT,-0.028540403,-0.026399856433272362
CH_L_353a,9-13,1,WNT,-0.04856652,-0.026399856433272362
CH_L_353a,9-14,1,WNT,-0.051288318,-0.026399856433272362
CH_L_356a,4-10,4,WNT,-0.06919761,-0.036847375333309174
CH_L_356a,4-11,4,WNT,-0.059581567,-0.03627464175224304
CH_L_356a,4-12,4,WNT,-0.03389714,-0.03352788835763931
CH_L_356a,4-13,4,WNT,-0.018352717,-0.03485764563083649
CH_L_356a,4-9,4,WNT,-0.074202366,-0.03617739677429199
CH_L_356a,5-10,4,WNT,-0.056149315,-0.03800126910209656
CH_L_356a,5-11,4,WNT,-0.05212772,-0.038814298808574677
CH_L_356a,5-12,4,WNT,-0.051498495,-0.03406587243080139
CH_L_356a,5-13,4,WNT,-0.06921083,-0.03453192114830017
CH_L_356a,5-9,4,WNT,-0.05180814,-0.036430105566978455
CH_L_356a,6-10,4,WNT,-0.0252465,-0.036759935319423676
CH_L_356a,6-11,4,WNT,-0.03785179,-0.03740096092224121
CH_L_356a,6-12,4,WNT,0.005171029,-0.03372463956475258
CH_L_356a,6-13,4,WNT,-0.06951162,-0.03507504612207413
CH_L_356a,6-9,4,WNT,-0.020412756,-0.03542070835828781
CH_L_356a,7-10,4,WNT,-0.07851377,-0.037030886858701706
CH_L_356a,7-11,4,WNT,-0.09187418,-0.03775327280163765
CH_L_359a,3-11,0,WNT,-0.063149504,-0.03017841838300228
CH_L_359a,3-12,0,WNT,-0.07331603,-0.03120983950793743
CH_L_359a,3-13,0,WNT,-0.04692481,-0.03120983950793743
CH_L_359a,3-14,0,WNT,-0.002449411,-0.03120983950793743
CH_L_359a,4-10,0,WNT,-0.071411744,-0.03050043061375618
CH_L_359a,4-11,0,WNT,-0.061494295,-0.030492402613162994
CH_L_359a,4-13,0,WNT,-0.044996075,-0.03132366016507149
CH_L_359a,4-14,0,WNT,-0.05859425,-0.03132366016507149
CH_L_359a,4-9,0,WNT,-0.11532213,-0.03071228787302971
CH_L_359a,5-11,0,WNT,-0.06749146,-0.030965935438871384
CH_L_359a,5-13,0,WNT,-0.06471778,-0.03201416879892349
CH_L_359a,5-14,0,WNT,0.017154101,-0.03201416879892349
CH_L_359a,5-9,0,WNT,-0.11360181,-0.03093220293521881
CH_L_359a,6-10,0,WNT,-0.028397895,-0.030698426067829132
CH_L_359a,6-11,0,WNT,-0.053033307,-0.031175559386610985
CH_L_359a,6-13,0,WNT,-0.03738229,-0.03178739920258522
CH_L_359a,6-14,0,WNT,-0.013453244,-0.03178739920258522
CH_L_359a,6-9,0,WNT,-0.13801438,-0.030872415751218796
CH_L_359a,7-10,0,WNT,-0.054257423,-0.03085886873304844
CH_L_359a,8-10,0,WNT,-0.07564158,-0.031113261356949806
CH_L_359a,8-14,0,WNT,-0.03366669,-0.03223082423210144
CH_L_360a,4-10,2,WNT,-0.07166074,-0.025934329256415367
CH_L_360a,4-11,2,WNT,-0.023570677,-0.025821156799793243
CH_L_360a,5-10,2,WNT,-0.037541103,-0.025667918846011162
CH_L_360a,5-11,2,WNT,-0.03544918,-0.026041969656944275
CH_L_360a,5-12,2,WNT,-0.016753068,-0.02595348097383976
CH_L_360a,5-14,2,WNT,-0.062206432,-0.024318378418684006
CH_L_360a,5-9,2,WNT,-0.10741641,-0.025782432407140732
CH_L_360a,6-10,2,WNT,-0.024243483,-0.025994081050157547
CH_L_360a,6-11,2,WNT,0.0077513433,-0.026108980178833008
CH_L_360a,6-12,2,WNT,-0.0154745355,-0.0256991945207119
CH_L_360a,6-9,2,WNT,-0.022447964,-0.025671903043985367
CH_L_360a,7-10,2,WNT,-0.01527203,-0.025894779711961746
CH_L_360a,7-11,2,WNT,-0.0166354,-0.026048852130770683
CH_L_360a,7-12,2,WNT,-0.026597098,-0.025640616193413734
CH_L_360a,7-13,2,WNT,0.007202475,-0.025531059131026268
CH_L_360a,7-9,2,WNT,-0.02946034,-0.02595657855272293
CH_L_360a,8-10,2,WNT,0.0037630678,-0.025998270139098167
CH_L_360a,8-11,2,WNT,-0.012935501,-0.02607857622206211
CH_L_360a,8-12,2,WNT,-0.018492598,-0.026012584567070007
CH_L_360a,8-13,2,WNT,0.03524413,-0.02545003965497017
CH_L_360a,8-9,2,WNT,0.02228437,-0.025896267965435982
CH_L_360a,9-10,2,WNT,0.060597714,-0.02585705555975437
CH_L_360a,9-11,2,WNT,0.011373229,-0.02573714777827263
CH_L_360a,9-12,2,WNT,0.0023207765,-0.02584373950958252
CH_L_360a,9-13,2,WNT,0.0043550185,-0.025483107194304466
CH_L_360a,9-9,2,WNT,0.0291897,-0.025724371895194054
CH_L_361a,10-10,4,WNT,-0.030989325,-0.027297915890812874
CH_L_361a,10-11,4,WNT,0.02115151,-0.02702336572110653
CH_L_361a,10-6,4,WNT,-0.10344087,-0.02363795042037964
CH_L_361a,10-7,4,WNT,-0.1021889,-0.02408730424940586
CH_L_361a,10-8,4,WNT,-0.08811968,-0.028264401480555534
CH_L_361a,10-9,4,WNT,-0.057528242,-0.030244212597608566
CH_L_361a,11-10,4,WNT,-0.051257342,-0.027717383578419685
CH_L_361a,11-11,4,WNT,-0.02109262,-0.032090313732624054
CH_L_361a,11-6,4,WNT,-0.11394126,-0.02312241867184639
CH_L_361a,11-7,4,WNT,-0.10754199,-0.030499599874019623
CH_L_361a,11-8,4,WNT,-0.09053499,-0.0281708724796772
CH_L_361a,11-9,4,WNT,-0.064590536,-0.02919231355190277
CH_L_361a,12-10,4,WNT,-0.03512501,-0.027717383578419685
CH_L_361a,12-11,4,WNT,-0.027656209,-0.032090313732624054
CH_L_361a,12-6,4,WNT,-0.08340155,-0.02312241867184639
CH_L_361a,12-7,4,WNT,-0.105578706,-0.030499599874019623
CH_L_361a,12-8,4,WNT,-0.0812144,-0.0281708724796772
CH_L_361a,12-9,4,WNT,-0.065045446,-0.02919231355190277
CH_L_361a,7-10,4,WNT,-0.029187357,-0.02800956554710865
CH_L_361a,7-11,4,WNT,-0.06210667,-0.025903603062033653
CH_L_361a,7-9,4,WNT,-0.032851458,-0.030040234327316284
CH_L_361a,8-10,4,WNT,-0.043932278,-0.029421189799904823
CH_L_361a,8-11,4,WNT,-0.062519394,-0.028365077450871468
CH_L_361a,8-8,4,WNT,-0.027510462,-0.027024637907743454
CH_L_361a,8-9,4,WNT,0.018081192,-0.029724935069680214
CH_L_361a,9-10,4,WNT,0.008532362,-0.027585476636886597
CH_L_361a,9-11,4,WNT,-0.056481175,-0.026998009532690048
CH_L_361a,9-6,4,WNT,-0.09703489,-0.02251676842570305
CH_L_361a,9-7,4,WNT,-0.08393145,-0.021691299974918365
CH_L_361a,9-8,4,WNT,-0.048684407,-0.02678971365094185
CH_L_361a,9-9,4,WNT,-0.019864805,-0.027900241315364838
CH_L_362a,10-10,3,WNT,0.02481507,-0.03822966292500496
CH_L_362a,10-11,3,WNT,-0.027070476,-0.03944782912731171
CH_L_362a,10-12,3,WNT,-0.0063714925,-0.03944782912731171
CH_L_362a,10-13,3,WNT,0.015819617,-0.03944782912731171
CH_L_362a,10-14,3,WNT,-0.0142370835,-0.03944782912731171
CH_L_362a,10-9,3,WNT,0.09656626,-0.03518928959965706
CH_L_362a,11-10,3,WNT,0.052286677,-0.04082540422677994
CH_L_362a,11-11,3,WNT,0.032111283,-0.042423464357852936
CH_L_362a,11-13,3,WNT,-0.10059669,-0.042423464357852936
CH_L_362a,11-14,3,WNT,-0.08600536,-0.042423464357852936
CH_L_362a,11-9,3,WNT,0.00043908088,-0.03522735461592674
CH_L_362a,12-10,3,WNT,0.06925148,-0.04082540422677994
CH_L_362a,12-11,3,WNT,0.06378544,-0.042423464357852936
CH_L_362a,7-11,3,WNT,-0.06510876,-0.02917485311627388
CH_L_362a,7-12,3,WNT,-0.10127112,-0.02917485311627388
CH_L_362a,7-13,3,WNT,-0.02931228,-0.02917485311627388
CH_L_362a,7-14,3,WNT,0.019308107,-0.02917485311627388
CH_L_362a,7-9,3,WNT,-0.034239735,-0.010198183357715607
CH_L_362a,8-10,3,WNT,-0.025051152,-0.027770811691880226
CH_L_362a,8-11,3,WNT,-0.019841462,-0.03041396662592888
CH_L_362a,8-12,3,WNT,-0.07259252,-0.03041396662592888
CH_L_362a,8-13,3,WNT,-0.004462895,-0.03041396662592888
CH_L_362a,8-14,3,WNT,-0.0039387885,-0.03041396662592888
CH_L_362a,8-9,3,WNT,-0.06777435,-0.020996684208512306
CH_L_362a,9-10,3,WNT,0.030708294,-0.03247007727622986
CH_L_362a,9-11,3,WNT,0.04705648,-0.03337344899773598
CH_L_362a,9-12,3,WNT,0.0071027344,-0.03337344899773598
CH_L_362a,9-13,3,WNT,0.015059777,-0.03337344899773598
CH_L_362a,9-14,3,WNT,0.019512,-0.03337344899773598
CH_L_362a,9-9,3,WNT,0.007924626,-0.020036716014146805
CH_L_363a,10-10,2,WNT,-0.010720924,-0.020924443379044533
CH_L_363a,10-11,2,WNT,0.0125830155,-0.02102884091436863
CH_L_363a,10-6,2,WNT,-0.102274306,-0.02284843847155571
CH_L_363a,10-7,2,WNT,0.033094916,-0.022662347182631493
CH_L_363a,6-10,2,WNT,-0.011972286,-0.020947711542248726
CH_L_363a,6-11,2,WNT,-0.05581274,-0.020985901355743408
CH_L_363a,6-6,2,WNT,0.008328087,-0.023613564670085907
CH_L_363a,6-7,2,WNT,0.05178422,-0.023300793021917343
CH_L_363a,7-10,2,WNT,-0.031229729,-0.02099624276161194
CH_L_363a,7-11,2,WNT,-0.0071017146,-0.02102385275065899
CH_L_363a,7-6,2,WNT,0.019731473,-0.023396167904138565
CH_L_363a,7-7,2,WNT,0.06207658,-0.024185754358768463
CH_L_363a,8-10,2,WNT,-0.0385359,-0.020986588671803474
CH_L_363a,8-6,2,WNT,0.006372299,-0.023949826136231422
CH_L_363a,8-7,2,WNT,0.073248014,-0.024376703426241875
CH_L_363a,9-10,2,WNT,-0.03577401,-0.021458663046360016
CH_L_363a,9-11,2,WNT,-0.06474691,-0.021159296855330467
CH_L_363a,9-6,2,WNT,-0.028113388,-0.024025848135352135
CH_L_363a,9-7,2,WNT,0.06909251,-0.021125242114067078
CH_L_363a,9-8,2,WNT,0.040369667,-0.022659962996840477
CH_L_363a,9-9,2,WNT,0.030568192,-0.022110817953944206
CH_L_364a,2-11,1,WNT,0.03861677,-0.028578011319041252
CH_L_364a,3-10,1,WNT,0.029778736,-0.031337909400463104
CH_L_364a,3-11,1,WNT,0.021973658,-0.02988549694418907
CH_L_364a,3-7,1,WNT,-0.0037213375,-0.031727951020002365
CH_L_364a,3-8,1,WNT,0.008096497,-0.03174477443099022
CH_L_364a,3-9,1,WNT,0.029007398,-0.031816352158784866
CH_L_364a,4-11,1,WNT,-0.0011753797,-0.028574196621775627
CH_L_364a,4-8,1,WNT,0.040421743,-0.030709102749824524
CH_L_364a,5-11,1,WNT,-0.06867765,-0.029024487361311913
CH_L_364a,6-11,1,WNT,-0.076706566,-0.029237180948257446
CH_L_367a,5-10,1,WNT,0.034735546,-0.027495281770825386
CH_L_367a,5-11,1,WNT,-0.038135998,-0.027495281770825386
CH_L_367a,5-9,1,WNT,0.027517455,-0.02788066491484642
CH_L_367a,6-11,1,WNT,-0.027460793,-0.027796288952231407
CH_L_367a,6-12,1,WNT,-0.04699366,-0.027796288952231407
CH_L_367a,6-13,1,WNT,-0.049493466,-0.027796288952231407
CH_L_367a,6-9,1,WNT,-0.0074496022,-0.027921751141548157
CH_L_367a,7-10,1,WNT,-0.009595217,-0.028268668800592422
CH_L_367a,7-11,1,WNT,0.009866274,-0.028268668800592422
CH_L_367a,7-12,1,WNT,-0.009680212,-0.028268668800592422
CH_L_367a,7-13,1,WNT,0.013332719,-0.028268668800592422
CH_L_367a,7-9,1,WNT,0.03543526,-0.028389256447553635
CH_L_367a,8-10,1,WNT,-0.035574503,-0.02792191319167614
CH_L_367a,8-11,1,WNT,0.04022742,-0.02792191319167614
CH_L_367a,8-12,1,WNT,-0.008562831,-0.02792191319167614
CH_L_367a,8-13,1,WNT,0.02663036,-0.02792191319167614
CH_L_367a,8-9,1,WNT,-0.017702399,-0.027890944853425026
CH_L_367a,9-10,1,WNT,-0.03888451,-0.02696608193218708
CH_L_367a,9-11,1,WNT,-0.00020513567,-0.02696608193218708
CH_L_367a,9-12,1,WNT,0.004886582,-0.02696608193218708
CH_L_367a,9-13,1,WNT,0.009593069,-0.02696608193218708
CH_L_367a,9-9,1,WNT,-0.019353997,-0.02710708975791931
CH_L_368a,4-5,4,WNT,-0.04723725,-0.0178033746778965
CH_L_368a,4-6,4,WNT,-0.041277144,-0.015894338488578796
CH_L_368a,4-7,4,WNT,-0.052102815,-0.016118187457323074
CH_L_368a,5-3,4,WNT,-0.09660669,-0.014548241160809994
CH_L_368a,5-4,4,WNT,-0.06325508,-0.01580468937754631
CH_L_368a,5-5,4,WNT,0.028572252,-0.014595212414860725
CH_L_368a,5-6,4,WNT,-0.010168225,-0.013848614878952503
CH_L_368a,5-7,4,WNT,-0.059239306,-0.01446409523487091
CH_L_368a,5-8,4,WNT,-0.03494586,-0.01446409523487091
CH_L_368a,6-4,4,WNT,-0.0015723283,-0.012881330214440823
CH_L_368a,6-5,4,WNT,0.064802825,-0.013277742080390453
CH_L_368a,6-6,4,WNT,-0.010785835,-0.017620008438825607
CH_L_368a,6-7,4,WNT,-0.049546305,-0.018139295279979706
CH_L_368a,7-4,4,WNT,-0.013724643,-0.011352162808179855
CH_L_368a,7-5,4,WNT,0.09834289,-0.01326768472790718
CH_L_368a,7-6,4,WNT,0.029363127,-0.017786506563425064
CH_L_368a,7-7,4,WNT,-0.019720495,-0.018272414803504944
CH_L_368a,7-8,4,WNT,0.009636098,-0.018272414803504944
CH_L_368a,8-4,4,WNT,0.023565944,-0.011352162808179855
CH_L_368a,8-5,4,WNT,0.060805514,-0.01326768472790718
CH_L_368a,8-6,4,WNT,0.027367761,-0.017786506563425064
CH_L_368a,8-7,4,WNT,0.039582573,-0.018272414803504944
CH_L_368a,8-8,4,WNT,0.10687543,-0.018272414803504944
CH_L_368a,9-5,4,WNT,0.09748701,-0.01326768472790718
CH_L_368a,9-6,4,WNT,0.08925931,-0.017786506563425064
CH_L_368a,9-7,4,WNT,0.062153652,-0.018272414803504944
CH_L_369a,10-5,2,WNT,-0.020373946,-0.020323043689131737
CH_L_369a,10-6,2,WNT,0.06119658,-0.020014120265841484
CH_L_369a,10-7,2,WNT,0.05476852,-0.019590701907873154
CH_L_369a,10-8,2,WNT,0.049747236,-0.019306978210806847
CH_L_369a,11-5,2,WNT,-0.020045929,-0.020323043689131737
CH_L_369a,11-6,2,WNT,0.04918708,-0.020014120265841484
CH_L_369a,11-7,2,WNT,0.044228613,-0.019590701907873154
CH_L_369a,11-8,2,WNT,0.041868024,-0.019306978210806847
CH_L_369a,6-4,2,WNT,-0.066390246,-0.020284757018089294
CH_L_369a,6-5,2,WNT,0.015548075,-0.02101811021566391
CH_L_369a,6-6,2,WNT,-0.053688735,-0.02139924466609955
CH_L_369a,6-7,2,WNT,0.025406288,-0.02045055478811264
CH_L_369a,6-8,2,WNT,0.077118315,-0.019935715943574905
CH_L_369a,7-5,2,WNT,0.007593439,-0.02118213102221489
CH_L_369a,7-6,2,WNT,-0.02511573,-0.019961223006248474
CH_L_369a,7-7,2,WNT,0.020628935,-0.01912933960556984
CH_L_369a,7-8,2,WNT,0.04700189,-0.0199520755559206
CH_L_369a,8-4,2,WNT,-0.040925413,-0.019886832684278488
CH_L_369a,8-5,2,WNT,0.023053292,-0.02030866965651512
CH_L_369a,8-6,2,WNT,0.000518277,-0.019996250048279762
CH_L_369a,8-7,2,WNT,0.032186273,-0.019585292786359787
CH_L_369a,8-8,2,WNT,0.049724318,-0.019320137798786163
CH_L_369a,9-5,2,WNT,-0.0009998523,-0.020323043689131737
CH_L_369a,9-6,2,WNT,0.05111506,-0.020014120265841484
CH_L_369a,9-8,2,WNT,0.046584733,-0.019306978210806847
CH_L_371a,10-4,3,WNT,0.056723695,-0.02881568856537342
CH_L_371a,10-5,3,WNT,0.08557376,-0.024243125692009926
CH_L_371a,10-6,3,WNT,0.02215813,-0.02380325458943844
CH_L_371a,10-7,3,WNT,0.033974323,-0.022340627387166023
CH_L_371a,10-8,3,WNT,0.022565622,-0.034007929265499115
CH_L_371a,10-9,3,WNT,-0.017098073,-0.030262529850006104
CH_L_371a,11-8,3,WNT,0.043709703,-0.0341329351067543
CH_L_371a,6-4,3,WNT,-0.08905494,-0.03401368111371994
CH_L_371a,6-5,3,WNT,-0.068524845,-0.03829888254404068
CH_L_371a,6-6,3,WNT,-0.060559288,-0.036161940544843674
CH_L_371a,6-7,3,WNT,-0.044922538,-0.03008294105529785
CH_L_371a,6-8,3,WNT,-0.08752618,-0.02103603072464466
CH_L_371a,7-4,3,WNT,-0.009122031,-0.032094161957502365
CH_L_371a,7-5,3,WNT,-0.016677406,-0.03654085099697113
CH_L_371a,7-6,3,WNT,-0.016437665,-0.03510214760899544
CH_L_371a,7-7,3,WNT,-0.06417957,-0.025308292359113693
CH_L_371a,7-8,3,WNT,-0.06286154,-0.02762296423316002
CH_L_371a,8-4,3,WNT,0.0046786754,-0.03480852395296097
CH_L_371a,8-5,3,WNT,-0.021779636,-0.03703904151916504
CH_L_371a,8-6,3,WNT,0.043431647,-0.029726877808570862
CH_L_371a,8-7,3,WNT,0.05200069,-0.022459296509623528
CH_L_371a,8-8,3,WNT,0.01216037,-0.027943432331085205
CH_L_371a,8-9,3,WNT,-0.060458556,-0.02417632006108761
CH_L_371a,9-4,3,WNT,0.026336687,-0.029072783887386322
CH_L_371a,9-5,3,WNT,0.020322891,-0.028823023661971092
CH_L_371a,9-6,3,WNT,0.020089438,-0.02567216567695141
CH_L_371a,9-7,3,WNT,0.07624084,-0.023343682289123535
CH_L_371a,9-8,3,WNT,0.028988937,-0.02130766212940216
CH_L_371a,9-9,3,WNT,-0.044686083,-0.025613851845264435
CH_L_372a,10-16,4,WNT,0.12620547,-0.03698849678039551
CH_L_372a,10-17,4,WNT,0.08681728,-0.03698849678039551
CH_L_372a,10-18,4,WNT,0.15327841,-0.03698849678039551
CH_L_372a,10-19,4,WNT,0.16957214,-0.03698849678039551
CH_L_372a,10-20,4,WNT,0.020766191,-0.03698849678039551
CH_L_372a,11-18,4,WNT,0.18823521,-0.0295440424233675
CH_L_372a,11-19,4,WNT,0.17910524,-0.0295440424233675
CH_L_372a,11-20,4,WNT,0.044418573,-0.0295440424233675
CH_L_372a,6-16,4,WNT,0.10938895,-0.03560520336031914
CH_L_372a,6-17,4,WNT,0.121632375,-0.03560520336031914
CH_L_372a,6-18,4,WNT,-0.03835369,-0.03560520336031914
CH_L_372a,6-19,4,WNT,-0.12687252,-0.03560520336031914
CH_L_372a,6-20,4,WNT,-0.1363731,-0.03560520336031914
CH_L_372a,6-21,4,WNT,-0.14495943,-0.03560520336031914
CH_L_372a,7-16,4,WNT,0.11312196,-0.036537863314151764
CH_L_372a,7-17,4,WNT,0.13305137,-0.036537863314151764
CH_L_372a,7-18,4,WNT,0.08861922,-0.036537863314151764
CH_L_372a,7-19,4,WNT,-0.08066193,-0.036537863314151764
CH_L_372a,7-20,4,WNT,-0.11697176,-0.036537863314151764
CH_L_372a,7-21,4,WNT,-0.13424127,-0.036537863314151764
CH_L_372a,8-16,4,WNT,0.1511013,-0.035421885550022125
CH_L_372a,8-17,4,WNT,0.17102586,-0.035421885550022125
CH_L_372a,8-18,4,WNT,0.08899972,-0.035421885550022125
CH_L_372a,8-19,4,WNT,0.055935435,-0.035421885550022125
CH_L_372a,8-20,4,WNT,-0.019786745,-0.035421885550022125
CH_L_372a,8-21,4,WNT,-0.12815292,-0.035421885550022125
CH_L_372a,9-16,4,WNT,0.13945507,-0.03448839485645294
CH_L_372a,9-17,4,WNT,0.08660535,-0.03448839485645294
CH_L_372a,9-18,4,WNT,0.11252972,-0.03448839485645294
CH_L_372a,9-19,4,WNT,0.16228233,-0.03448839485645294
CH_L_372a,9-20,4,WNT,0.016910085,-0.03448839485645294
CH_L_373a,2-7,0,WNT,-0.006101133,-0.026552625000476837
CH_L_373a,2-8,0,WNT,-0.010269796,-0.026552625000476837
CH_L_373a,3-4,0,WNT,-0.0882899,-0.027026504278182983
CH_L_373a,3-7,0,WNT,-0.041653786,-0.026532940566539764
CH_L_373a,3-8,0,WNT,0.020155454,-0.026532940566539764
CH_L_373a,4-6,0,WNT,-0.01633248,-0.02636975608766079
CH_L_373a,4-8,0,WNT,-0.028989512,-0.02636975608766079
CH_L_373a,5-4,0,WNT,0.016872305,-0.027750413864850998
CH_L_373a,5-5,0,WNT,0.02027722,-0.026448631659150124
CH_L_373a,5-6,0,WNT,0.014376608,-0.026534058153629303
CH_L_373a,5-7,0,WNT,0.0029917783,-0.02652357891201973
CH_L_373a,5-8,0,WNT,0.04098969,-0.02652357891201973
CH_L_373a,6-5,0,WNT,-0.024127318,-0.02802412584424019
CH_L_373a,6-6,0,WNT,-0.011685869,-0.028129152953624725
CH_L_373a,6-7,0,WNT,-0.019657273,-0.02820107713341713
CH_L_373a,6-8,0,WNT,0.0266492,-0.02820107713341713
CH_L_373a,7-6,0,WNT,-0.02419803,-0.02813609689474106
CH_L_376a,0-5,3,WNT,0.030684335,-0.015514982864260674
CH_L_376a,0-6,3,WNT,0.036519952,-0.015514982864260674
CH_L_376a,0-8,3,WNT,0.0016192102,-0.015514982864260674
CH_L_387a,2-2,4,WNT,0.1057383,-0.011363659054040909
CH_L_387a,2-5,4,WNT,0.035030413,-0.013104798272252083
CH_L_387a,3-5,4,WNT,0.1113426,-0.013814687728881836
CH_L_387a,3-6,4,WNT,0.12736855,-0.013814687728881836
CH_L_387a,5-2,4,WNT,0.119370766,-0.013368449173867702
CH_L_387a,6-2,4,WNT,0.09418987,-0.013368449173867702
CH_L_388a,2-5,4,WNT,0.021187479,-0.011357199400663376
CH_L_388a,2-6,4,WNT,-0.03930018,-0.011357199400663376
CH_L_389a,2-6,2,WNT,0.06052525,-0.018526803702116013
CH_L_389a,2-7,2,WNT,0.07639488,-0.018526803702116013
CH_L_389a,4-6,2,WNT,0.11852374,-0.01881883293390274
CH_L_389a,4-7,2,WNT,0.09902803,-0.01881883293390274
CH_L_390a,9-8,3,WNT,-0.0378223,-0.03359553590416908
CH_L_395a,2-2,2,WNT,-0.05085181,-0.01889720931649208
CH_L_395a,5-1,2,WNT,0.112780266,-0.017714006826281548
CH_L_395a,5-2,2,WNT,0.13080116,-0.017563309520483017
CH_L_395a,6-2,2,WNT,0.14110301,-0.017563309520483017
CH_L_399a,10-4,0,WNT,-0.08439693,-0.0280411709100008
CH_L_399a,11-4,0,WNT,-0.05483704,-0.0280411709100008
CH_L_399a,11-5,0,WNT,0.10959337,-0.02784564532339573
CH_L_400a,0-1,3,WNT,0.019804671,-0.011126279830932617
CH_L_400a,1-2,3,WNT,0.012602784,-0.018350742757320404
CH_L_403a,4-3,3,WNT,0.09716125,-0.03440030291676521
CH_L_403a,4-4,3,WNT,0.063766405,-0.03636844456195831
CH_L_403a,4-6,3,WNT,0.12502125,-0.023921772837638855
CH_L_403a,5-3,3,WNT,0.063305326,-0.00914369709789753
CH_L_403a,5-6,3,WNT,0.06890504,-0.021734267473220825
CH_L_403a,6-6,3,WNT,0.056385707,-0.02044765278697014
CH_L_403a,6-7,3,WNT,0.046486396,-0.02070142887532711
CH_L_403a,7-7,3,WNT,-0.030999828,-0.023244783282279968
CH_L_275a,10-11,0,EMT,0.46989343,0.39122986793518066
CH_L_275a,10-12,0,EMT,0.45607647,0.39186739921569824
CH_L_275a,10-13,0,EMT,0.41690916,0.3917768895626068
CH_L_275a,10-14,0,EMT,0.32500756,0.3949335813522339
CH_L_275a,10-15,0,EMT,0.2791155,0.39831990003585815
CH_L_275a,6-11,0,EMT,0.42693156,0.3931821584701538
CH_L_275a,6-12,0,EMT,0.42612374,0.3926710784435272
CH_L_275a,6-13,0,EMT,0.46834058,0.3924812078475952
CH_L_275a,6-14,0,EMT,0.39242765,0.39663490653038025
CH_L_275a,7-11,0,EMT,0.40832397,0.39284637570381165
CH_L_275a,7-12,0,EMT,0.4396962,0.39204680919647217
CH_L_275a,7-13,0,EMT,0.40933207,0.39211902022361755
CH_L_275a,7-14,0,EMT,0.37622365,0.39539965987205505
CH_L_275a,8-11,0,EMT,0.3960261,0.39218050241470337
CH_L_275a,8-12,0,EMT,0.4601248,0.39161717891693115
CH_L_275a,8-13,0,EMT,0.43339437,0.39163532853126526
CH_L_275a,8-14,0,EMT,0.3935315,0.3949790894985199
CH_L_275a,8-15,0,EMT,0.3674899,0.3983728289604187
CH_L_275a,9-11,0,EMT,0.4232791,0.39124906063079834
CH_L_275a,9-12,0,EMT,0.42221817,0.3918626010417938
CH_L_275a,9-13,0,EMT,0.44295838,0.391951322555542
CH_L_275a,9-14,0,EMT,0.43168554,0.3949812948703766
CH_L_275a,9-15,0,EMT,0.3785127,0.3982912600040436
CH_L_276a,10-10,4,EMT,0.42739713,0.392050176858902
CH_L_276a,10-11,4,EMT,0.4220972,0.3946739137172699
CH_L_276a,10-12,4,EMT,0.43306866,0.39470505714416504
CH_L_276a,10-8,4,EMT,0.50690514,0.3909413516521454
CH_L_276a,10-9,4,EMT,0.4953506,0.3910609185695648
CH_L_276a,5-10,4,EMT,0.47862867,0.3920976519584656
CH_L_276a,5-9,4,EMT,0.42513308,0.3903588652610779
CH_L_276a,6-10,4,EMT,0.44771776,0.3942559063434601
CH_L_276a,6-11,4,EMT,0.51493347,0.3944663405418396
CH_L_276a,6-8,4,EMT,0.3550859,0.3904190957546234
CH_L_276a,6-9,4,EMT,0.39444125,0.3916654586791992
CH_L_276a,7-10,4,EMT,0.39787325,0.3928239941596985
CH_L_276a,7-11,4,EMT,0.46754786,0.39455297589302063
CH_L_276a,7-8,4,EMT,0.3482373,0.39096879959106445
CH_L_276a,7-9,4,EMT,0.4171596,0.39069488644599915
CH_L_276a,8-10,4,EMT,0.43433964,0.3935374319553375
CH_L_276a,8-11,4,EMT,0.42963067,0.3944065570831299
CH_L_276a,8-12,4,EMT,0.44807437,0.3944482207298279
CH_L_276a,9-10,4,EMT,0.44195426,0.391722172498703
CH_L_276a,9-11,4,EMT,0.47346285,0.39428290724754333
CH_L_276a,9-12,4,EMT,0.43804577,0.3942985534667969
CH_L_276a,9-8,4,EMT,0.38693243,0.3916434347629547
CH_L_277a,2-10,4,EMT,0.4279499,0.3960716426372528
CH_L_277a,2-8,4,EMT,0.5878993,0.3960716426372528
CH_L_277a,2-9,4,EMT,0.5044788,0.3960716426372528
CH_L_277a,3-10,4,EMT,0.40029818,0.39609453082084656
CH_L_277a,3-6,4,EMT,0.56739336,0.396119624376297
CH_L_277a,3-7,4,EMT,0.5474905,0.39609453082084656
CH_L_277a,3-8,4,EMT,0.43063515,0.39609453082084656
CH_L_277a,3-9,4,EMT,0.38595483,0.39609453082084656
CH_L_277a,4-6,4,EMT,0.6167894,0.39623886346817017
CH_L_277a,4-7,4,EMT,0.5057984,0.39623886346817017
CH_L_277a,4-8,4,EMT,0.46038446,0.39623886346817017
CH_L_277a,4-9,4,EMT,0.4143874,0.39623886346817017
CH_L_277a,5-6,4,EMT,0.60348237,0.39600542187690735
CH_L_277a,5-7,4,EMT,0.5103937,0.39600542187690735
CH_L_277a,5-8,4,EMT,0.40460536,0.39600542187690735
CH_L_277a,6-6,4,EMT,0.38416412,0.39611580967903137
CH_L_278a,10-11,2,EMT,0.44282323,0.39694905281066895
CH_L_278a,5-10,2,EMT,0.45874092,0.39831042289733887
CH_L_278a,7-11,2,EMT,0.4304662,0.3966469466686249
CH_L_278a,7-12,2,EMT,0.4578291,0.39631667733192444
CH_L_278a,7-14,2,EMT,0.45589986,0.39631667733192444
CH_L_278a,8-11,2,EMT,0.4509793,0.39652377367019653
CH_L_278a,8-12,2,EMT,0.44758797,0.3962276577949524
CH_L_278a,8-13,2,EMT,0.499935,0.3962276577949524
CH_L_278a,8-14,2,EMT,0.47758782,0.3962276577949524
CH_L_278a,9-11,2,EMT,0.45948163,0.3960801661014557
CH_L_278a,9-12,2,EMT,0.46785003,0.3959804177284241
CH_L_279a,10-12,0,EMT,0.34355548,0.39871957898139954
CH_L_279a,10-9,0,EMT,0.38110092,0.39936360716819763
CH_L_279a,5-10,0,EMT,0.40696675,0.39714333415031433
CH_L_279a,5-11,0,EMT,0.4456135,0.3990176320075989
CH_L_279a,6-10,0,EMT,0.4159472,0.3977670669555664
CH_L_279a,6-11,0,EMT,0.33147863,0.39876651763916016
CH_L_279a,6-12,0,EMT,0.42886588,0.39876651763916016
CH_L_279a,6-8,0,EMT,0.30829403,0.39613908529281616
CH_L_279a,6-9,0,EMT,0.40623996,0.3962787389755249
CH_L_279a,7-10,0,EMT,0.34708813,0.39759576320648193
CH_L_279a,7-9,0,EMT,0.407678,0.3954598903656006
CH_L_279a,8-10,0,EMT,0.2821294,0.3983149230480194
CH_L_279a,8-8,0,EMT,0.44768927,0.3952423632144928
CH_L_279a,8-9,0,EMT,0.2632811,0.3957262933254242
CH_L_279a,9-12,0,EMT,0.39334363,0.3989468812942505
CH_L_279a,9-13,0,EMT,0.23008575,0.3989468812942505
CH_L_280a,10-4,1,EMT,0.42459297,0.3880178928375244
CH_L_280a,10-5,1,EMT,0.38311678,0.39012444019317627
CH_L_280a,10-6,1,EMT,0.41930172,0.38801419734954834
CH_L_280a,10-7,1,EMT,0.42271343,0.3884493410587311
CH_L_280a,10-8,1,EMT,0.34040925,0.39098048210144043
CH_L_280a,10-9,1,EMT,0.30442074,0.39098048210144043
CH_L_280a,11-5,1,EMT,0.37252766,0.39012444019317627
CH_L_280a,11-6,1,EMT,0.36794513,0.38801419734954834
CH_L_280a,11-7,1,EMT,0.349866,0.3884493410587311
CH_L_280a,11-8,1,EMT,0.46970564,0.39098048210144043
CH_L_280a,6-4,1,EMT,0.387107,0.42331448197364807
CH_L_280a,6-5,1,EMT,0.38545144,0.4278084337711334
CH_L_280a,6-6,1,EMT,0.40567923,0.4257233142852783
CH_L_280a,6-7,1,EMT,0.39141178,0.3915729224681854
CH_L_280a,6-8,1,EMT,0.38844767,0.39083772897720337
CH_L_280a,6-9,1,EMT,0.4254405,0.39083772897720337
CH_L_280a,7-4,1,EMT,0.3151691,0.4120880663394928
CH_L_280a,7-5,1,EMT,0.34091637,0.4109438359737396
CH_L_280a,7-6,1,EMT,0.33521202,0.3985688090324402
CH_L_280a,7-7,1,EMT,0.36113933,0.3905962109565735
CH_L_280a,7-8,1,EMT,0.2862193,0.38641729950904846
CH_L_280a,7-9,1,EMT,0.31852108,0.38641729950904846
CH_L_280a,8-4,1,EMT,0.3138784,0.3880178928375244
CH_L_280a,8-5,1,EMT,0.3902839,0.39012444019317627
CH_L_280a,8-6,1,EMT,0.39030012,0.38801419734954834
CH_L_280a,8-7,1,EMT,0.39691743,0.3884493410587311
CH_L_280a,8-8,1,EMT,0.351227,0.39098048210144043
CH_L_280a,8-9,1,EMT,0.3721472,0.39098048210144043
CH_L_280a,9-4,1,EMT,0.39007768,0.3880178928375244
CH_L_280a,9-5,1,EMT,0.37251002,0.39012444019317627
CH_L_280a,9-6,1,EMT,0.39398098,0.38801419734954834
CH_L_280a,9-7,1,EMT,0.40538833,0.3884493410587311
CH_L_280a,9-8,1,EMT,0.3280721,0.39098048210144043
CH_L_280a,9-9,1,EMT,0.29765,0.39098048210144043
CH_L_281a,10-21,2,EMT,0.1811871,0.3969481885433197
CH_L_281a,10-22,2,EMT,0.24694401,0.3969481885433197
CH_L_281a,10-23,2,EMT,0.27299562,0.3969481885433197
CH_L_281a,10-24,2,EMT,0.2829998,0.3969481885433197
CH_L_281a,11-21,2,EMT,0.27426583,0.39700353145599365
CH_L_281a,11-22,2,EMT,0.27299583,0.39700353145599365
CH_L_281a,6-21,2,EMT,0.17340825,0.3970487713813782
CH_L_281a,6-22,2,EMT,0.31303737,0.3970487713813782
CH_L_281a,6-23,2,EMT,0.32347432,0.3970487713813782
CH_L_281a,6-24,2,EMT,0.27978417,0.3970487713813782
CH_L_281a,6-25,2,EMT,0.27997366,0.3970487713813782
CH_L_281a,6-26,2,EMT,0.23913105,0.3970487713813782
CH_L_281a,7-21,2,EMT,0.19376014,0.39686092734336853
CH_L_281a,7-22,2,EMT,0.3659627,0.39686092734336853
CH_L_281a,7-23,2,EMT,0.36403453,0.39686092734336853
CH_L_281a,7-24,2,EMT,0.3584799,0.39686092734336853
CH_L_281a,7-25,2,EMT,0.2820378,0.39686092734336853
CH_L_281a,7-26,2,EMT,0.26670927,0.39686092734336853
CH_L_281a,8-22,2,EMT,0.3036126,0.3970485329627991
CH_L_281a,8-23,2,EMT,0.40096012,0.3970485329627991
CH_L_281a,8-24,2,EMT,0.37591875,0.3970485329627991
CH_L_281a,8-25,2,EMT,0.32326692,0.3970485329627991
CH_L_281a,8-26,2,EMT,0.28681114,0.3970485329627991
CH_L_281a,9-23,2,EMT,0.25995052,0.3969920873641968
CH_L_281a,9-24,2,EMT,0.31001675,0.3969920873641968
CH_L_281a,9-26,2,EMT,0.3328944,0.3969920873641968
CH_L_281b,3-2,2,EMT,0.46467304,0.3987976014614105
CH_L_281b,3-3,2,EMT,0.50495124,0.3993140459060669
CH_L_281b,3-5,2,EMT,0.5178479,0.4011593759059906
CH_L_281b,3-6,2,EMT,0.4817942,0.397514671087265
CH_L_281b,4-2,2,EMT,0.5116983,0.3993646800518036
CH_L_281b,4-3,2,EMT,0.50039333,0.3987780809402466
CH_L_281b,4-5,2,EMT,0.49121147,0.40122783184051514
CH_L_281b,4-6,2,EMT,0.488839,0.3977679908275604
CH_L_281b,5-2,2,EMT,0.50043565,0.3999830186367035
CH_L_281b,5-3,2,EMT,0.45961303,0.40122348070144653
CH_L_281b,5-5,2,EMT,0.4547857,0.4004799425601959
CH_L_281b,5-6,2,EMT,0.48772112,0.3975554406642914
CH_L_281b,6-3,2,EMT,0.43644026,0.3980005085468292
CH_L_281b,6-4,2,EMT,0.47953972,0.3976605534553528
CH_L_281b,6-5,2,EMT,0.50492543,0.3973718583583832
CH_L_281b,6-6,2,EMT,0.5492825,0.39730578660964966
CH_L_281b,7-2,2,EMT,0.53376657,0.39792078733444214
CH_L_281b,7-5,2,EMT,0.56519467,0.3973718583583832
CH_L_281b,7-6,2,EMT,0.57918864,0.39730578660964966
CH_L_281b,8-2,2,EMT,0.55996746,0.39792078733444214
CH_L_282a,10-7,2,EMT,0.30697462,0.39639613032341003
CH_L_282a,10-8,2,EMT,0.3023945,0.3960269093513489
CH_L_282a,10-9,2,EMT,0.37539473,0.3958050608634949
CH_L_282a,11-8,2,EMT,0.33361885,0.3960269093513489
CH_L_282a,11-9,2,EMT,0.38290635,0.3958050608634949
CH_L_282a,12-9,2,EMT,0.19640766,0.3958050608634949
CH_L_282a,7-10,2,EMT,0.31971535,0.3957083523273468
CH_L_282a,7-11,2,EMT,0.3385489,0.3957083523273468
CH_L_282a,7-9,2,EMT,0.2981136,0.3957083523273468
CH_L_282a,8-10,2,EMT,0.28875574,0.3959256112575531
CH_L_282a,8-11,2,EMT,0.34614226,0.3959256112575531
CH_L_282a,8-7,2,EMT,0.2997433,0.397182434797287
CH_L_282a,8-9,2,EMT,0.25341704,0.3959256112575531
CH_L_282a,9-10,2,EMT,0.32392603,0.3958050608634949
CH_L_282a,9-11,2,EMT,0.4146922,0.3958050608634949
CH_L_283a,10-10,1,EMT,0.35520276,0.38274818658828735
CH_L_283a,10-11,1,EMT,0.3485413,0.3930266797542572
CH_L_283a,10-6,1,EMT,0.29359078,0.3787039518356323
CH_L_283a,10-7,1,EMT,0.3107723,0.37748071551322937
CH_L_283a,10-8,1,EMT,0.28228018,0.3773859739303589
CH_L_283a,10-9,1,EMT,0.27744332,0.37742316722869873
CH_L_283a,11-10,1,EMT,0.3825816,0.39215242862701416
CH_L_283a,11-11,1,EMT,0.4011079,0.3943784534931183
CH_L_283a,11-6,1,EMT,0.53512144,0.39207616448402405
CH_L_283a,11-7,1,EMT,0.47151554,0.3901185393333435
CH_L_283a,11-8,1,EMT,0.3954917,0.39264005422592163
CH_L_283a,11-9,1,EMT,0.370901,0.3916323184967041
CH_L_283a,12-10,1,EMT,0.35949674,0.3929242789745331
CH_L_283a,12-11,1,EMT,0.44584414,0.39545756578445435
CH_L_283a,12-7,1,EMT,0.53889245,0.3941071033477783
CH_L_283a,12-8,1,EMT,0.52970237,0.3980310559272766
CH_L_283a,12-9,1,EMT,0.41960052,0.396318256855011
CH_L_283a,7-10,1,EMT,0.33466393,0.3901413083076477
CH_L_283a,7-11,1,EMT,0.31389743,0.39423835277557373
CH_L_283a,7-7,1,EMT,0.21963145,0.3788370192050934
CH_L_283a,7-8,1,EMT,0.26301602,0.37923818826675415
CH_L_283a,7-9,1,EMT,0.2752816,0.3804214596748352
CH_L_283a,8-10,1,EMT,0.30650842,0.3813282251358032
CH_L_283a,8-11,1,EMT,0.31489965,0.39248740673065186
CH_L_283a,8-7,1,EMT,0.23449114,0.37850460410118103
CH_L_283a,8-8,1,EMT,0.24671839,0.37841057777404785
CH_L_283a,8-9,1,EMT,0.27934676,0.37794971466064453
CH_L_283a,9-10,1,EMT,0.35700178,0.38002556562423706
CH_L_283a,9-11,1,EMT,0.38564262,0.39077433943748474
CH_L_283a,9-6,1,EMT,0.26976493,0.3798278272151947
CH_L_283a,9-7,1,EMT,0.25227752,0.3794228136539459
CH_L_283a,9-8,1,EMT,0.29707336,0.3780116140842438
CH_L_283a,9-9,1,EMT,0.3074178,0.37766531109809875
CH_L_284a,10-10,0,EMT,0.2431353,0.4003562331199646
CH_L_284a,10-7,0,EMT,0.3099725,0.398727685213089
CH_L_284a,10-8,0,EMT,0.25224975,0.3987121880054474
CH_L_284a,10-9,0,EMT,0.19679041,0.3991324007511139
CH_L_284a,11-10,0,EMT,0.27511224,0.4003562331199646
CH_L_284a,11-8,0,EMT,0.37382165,0.3987121880054474
CH_L_284a,11-9,0,EMT,0.28538966,0.3991324007511139
CH_L_284a,9-7,0,EMT,0.23118141,0.3993818461894989
CH_L_284a,9-8,0,EMT,0.23731413,0.3992106020450592
CH_L_284a,9-9,0,EMT,0.23867229,0.3991861343383789
CH_L_285a,5-10,1,EMT,0.29861742,0.3944212794303894
CH_L_285a,5-6,1,EMT,0.40780503,0.4094156324863434
CH_L_285a,5-8,1,EMT,0.34780267,0.3982470631599426
CH_L_285a,5-9,1,EMT,0.34772968,0.3944212794303894
CH_L_285a,6-10,1,EMT,0.32726893,0.3910377323627472
CH_L_285a,6-11,1,EMT,0.2808881,0.3910377323627472
CH_L_285a,6-6,1,EMT,0.48451775,0.4114081859588623
CH_L_285a,6-8,1,EMT,0.29054,0.39612525701522827
CH_L_285a,6-9,1,EMT,0.2940849,0.3910377323627472
CH_L_285a,7-10,1,EMT,0.30651644,0.39290592074394226
CH_L_285a,7-11,1,EMT,0.2989114,0.39290592074394226
CH_L_285a,7-6,1,EMT,0.3772199,0.4112618863582611
CH_L_285a,7-8,1,EMT,0.20744476,0.3971283733844757
CH_L_285a,7-9,1,EMT,0.307675,0.39290592074394226
CH_L_285a,8-10,1,EMT,0.32849836,0.3905964195728302
CH_L_285a,8-6,1,EMT,0.28192994,0.4189550578594208
CH_L_285a,8-7,1,EMT,0.31143737,0.4209497272968292
CH_L_285a,8-8,1,EMT,0.24631445,0.3951399028301239
CH_L_285a,8-9,1,EMT,0.3035289,0.3905964195728302
CH_L_285a,9-10,1,EMT,0.32293883,0.3915639817714691
CH_L_285a,9-9,1,EMT,0.29824933,0.3915639817714691
CH_L_287a,10-11,0,EMT,0.32558054,0.3928499221801758
CH_L_287a,10-12,0,EMT,0.36179736,0.39347660541534424
CH_L_287a,10-13,0,EMT,0.37454686,0.3963526785373688
CH_L_287a,10-14,0,EMT,0.3168101,0.3990597426891327
CH_L_287a,10-15,0,EMT,0.3314777,0.3990597426891327
CH_L_287a,5-11,0,EMT,0.34555045,0.39315569400787354
CH_L_287a,6-10,0,EMT,0.31089237,0.39301690459251404
CH_L_287a,6-11,0,EMT,0.3178008,0.3934652507305145
CH_L_287a,6-12,0,EMT,0.39217255,0.3930502235889435
CH_L_287a,7-10,0,EMT,0.27770674,0.3928190767765045
CH_L_287a,7-11,0,EMT,0.25175864,0.39254146814346313
CH_L_287a,7-12,0,EMT,0.37103382,0.39290526509284973
CH_L_287a,7-13,0,EMT,0.40965956,0.3967289924621582
CH_L_287a,8-10,0,EMT,0.32076678,0.39245203137397766
CH_L_287a,8-11,0,EMT,0.2460344,0.3925219476222992
CH_L_287a,8-12,0,EMT,0.3225613,0.3930598795413971
CH_L_287a,8-13,0,EMT,0.34596705,0.3957541882991791
CH_L_287a,8-14,0,EMT,0.31296757,0.39881959557533264
CH_L_287a,9-11,0,EMT,0.24952348,0.3925604522228241
CH_L_287a,9-12,0,EMT,0.33315125,0.3930009603500366
CH_L_287a,9-13,0,EMT,0.35132703,0.3963659405708313
CH_L_287a,9-14,0,EMT,0.30035427,0.39907217025756836
CH_L_288a,4-3,2,EMT,0.31185102,0.3980787992477417
CH_L_288a,4-4,2,EMT,0.307814,0.39708369970321655
CH_L_288a,4-6,2,EMT,0.3323664,0.3975072503089905
CH_L_288a,4-7,2,EMT,0.28439772,0.39668014645576477
CH_L_288a,5-3,2,EMT,0.31387272,0.3984028100967407
CH_L_288a,5-4,2,EMT,0.25165787,0.39902693033218384
CH_L_288a,5-6,2,EMT,0.34151688,0.3981572091579437
CH_L_288a,5-7,2,EMT,0.3032925,0.3974113166332245
CH_L_288a,6-4,2,EMT,0.2507827,0.398051917552948
CH_L_288a,6-5,2,EMT,0.3041713,0.3974895179271698
CH_L_288a,6-6,2,EMT,0.34997582,0.397144079208374
CH_L_288a,6-7,2,EMT,0.39449236,0.3969089686870575
CH_L_288a,7-3,2,EMT,0.2617784,0.397204726934433
CH_L_288a,7-4,2,EMT,0.25635472,0.3970169126987457
CH_L_288a,7-5,2,EMT,0.29416612,0.39717602729797363
CH_L_288a,7-6,2,EMT,0.30943683,0.39680853486061096
CH_L_288a,7-7,2,EMT,0.37484562,0.39647918939590454
CH_L_288a,8-4,2,EMT,0.25748202,0.3970169126987457
CH_L_288a,8-5,2,EMT,0.3325683,0.39717602729797363
CH_L_288a,8-6,2,EMT,0.34885848,0.39680853486061096
CH_L_288a,8-7,2,EMT,0.32361054,0.39647918939590454
CH_L_288a,9-3,2,EMT,0.32314762,0.397204726934433
CH_L_288a,9-4,2,EMT,0.28247976,0.3970169126987457
CH_L_288a,9-5,2,EMT,0.29322362,0.39717602729797363
CH_L_288a,9-6,2,EMT,0.34976858,0.39680853486061096
CH_L_289a,10-10,4,EMT,0.41725194,0.3939763307571411
CH_L_289a,10-11,4,EMT,0.41189644,0.39454448223114014
CH_L_289a,10-12,4,EMT,0.4284644,0.39454448223114014
CH_L_289a,10-13,4,EMT,0.45132363,0.39454448223114014
CH_L_289a,5-10,4,EMT,0.4232249,0.3922445476055145
CH_L_289a,5-11,4,EMT,0.38589233,0.39443472027778625
CH_L_289a,5-12,4,EMT,0.42190012,0.39443472027778625
CH_L_289a,5-13,4,EMT,0.4040139,0.39443472027778625
CH_L_289a,5-14,4,EMT,0.46404463,0.39443472027778625
CH_L_289a,5-15,4,EMT,0.54687184,0.39443472027778625
CH_L_289a,6-10,4,EMT,0.42349663,0.39230582118034363
CH_L_289a,6-11,4,EMT,0.41901562,0.3945794999599457
CH_L_289a,6-12,4,EMT,0.41811383,0.3945794999599457
CH_L_289a,6-13,4,EMT,0.41001993,0.3945794999599457
CH_L_289a,6-14,4,EMT,0.4133783,0.3945794999599457
CH_L_289a,6-15,4,EMT,0.42069507,0.3945794999599457
CH_L_289a,7-10,4,EMT,0.37462363,0.3922925293445587
CH_L_289a,7-11,4,EMT,0.38298854,0.3945803940296173
CH_L_289a,7-12,4,EMT,0.41260275,0.3945803940296173
CH_L_289a,7-13,4,EMT,0.41304952,0.3945803940296173
CH_L_289a,7-14,4,EMT,0.4060475,0.3945803940296173
CH_L_289a,7-15,4,EMT,0.44438744,0.3945803940296173
CH_L_289a,8-10,4,EMT,0.34065098,0.392367422580719
CH_L_289a,8-11,4,EMT,0.3524973,0.39461323618888855
CH_L_289a,8-12,4,EMT,0.39044377,0.39461323618888855
CH_L_289a,8-13,4,EMT,0.42113534,0.39461323618888855
CH_L_289a,8-14,4,EMT,0.46084592,0.39461323618888855
CH_L_289a,8-15,4,EMT,0.53379166,0.39461323618888855
CH_L_289a,9-10,4,EMT,0.34490606,0.392292857170105
CH_L_289a,9-11,4,EMT,0.3581087,0.3946978449821472
CH_L_289a,9-12,4,EMT,0.43291304,0.3946978449821472
CH_L_289a,9-13,4,EMT,0.42308328,0.3946978449821472
CH_L_289a,9-14,4,EMT,0.48855805,0.3946978449821472
CH_L_290a,10-15,1,EMT,0.49549797,0.3902173340320587
CH_L_290a,10-16,1,EMT,0.49555993,0.3902173340320587
CH_L_290a,5-14,1,EMT,0.49818712,0.3849584758281708
CH_L_290a,5-16,1,EMT,0.52061206,0.3849584758281708
CH_L_290a,5-17,1,EMT,0.5505559,0.3849584758281708
CH_L_290a,5-18,1,EMT,0.46360505,0.3849584758281708
CH_L_290a,6-13,1,EMT,0.50346243,0.38385987281799316
CH_L_290a,6-14,1,EMT,0.5066203,0.38385987281799316
CH_L_290a,6-15,1,EMT,0.48756987,0.38385987281799316
CH_L_290a,6-16,1,EMT,0.5727395,0.38385987281799316
CH_L_290a,7-13,1,EMT,0.6208941,0.38345223665237427
CH_L_290a,7-14,1,EMT,0.6057145,0.38345223665237427
CH_L_290a,7-15,1,EMT,0.5186564,0.38345223665237427
CH_L_290a,7-16,1,EMT,0.5325296,0.38345223665237427
CH_L_290a,7-18,1,EMT,0.3395185,0.38345223665237427
CH_L_290a,8-15,1,EMT,0.5149171,0.3903263807296753
CH_L_290a,8-16,1,EMT,0.4732894,0.3903263807296753
CH_L_290a,9-14,1,EMT,0.5391008,0.38897377252578735
CH_L_290a,9-15,1,EMT,0.46367005,0.38897377252578735
CH_L_290a,9-16,1,EMT,0.4632238,0.38897377252578735
CH_L_290a,9-17,1,EMT,0.5008079,0.38897377252578735
CH_L_291a,10-4,1,EMT,0.48479477,0.4089730679988861
CH_L_291a,10-5,1,EMT,0.38976654,0.4100494682788849
CH_L_291a,10-6,1,EMT,0.4619048,0.41083911061286926
CH_L_291a,10-7,1,EMT,0.3996831,0.40922316908836365
CH_L_291a,10-8,1,EMT,0.29213172,0.41150331497192383
CH_L_291a,10-9,1,EMT,0.4318586,0.41247016191482544
CH_L_291a,11-4,1,EMT,0.5869951,0.383637011051178
CH_L_291a,11-5,1,EMT,0.425368,0.3820589482784271
CH_L_291a,11-6,1,EMT,0.4308907,0.38418281078338623
CH_L_291a,11-7,1,EMT,0.43043742,0.38365182280540466
CH_L_291a,11-8,1,EMT,0.32056803,0.38245537877082825
CH_L_291a,11-9,1,EMT,0.39976916,0.3880264163017273
CH_L_291a,7-4,1,EMT,0.48462078,0.38800913095474243
CH_L_291a,7-5,1,EMT,0.28292888,0.3873226046562195
CH_L_291a,7-6,1,EMT,0.27937847,0.3861156404018402
CH_L_291a,7-7,1,EMT,0.39674738,0.3870668113231659
CH_L_291a,7-8,1,EMT,0.33256662,0.3856072723865509
CH_L_291a,8-4,1,EMT,0.24145153,0.38581109046936035
CH_L_291a,8-5,1,EMT,0.2939372,0.39042025804519653
CH_L_291a,8-6,1,EMT,0.37941346,0.3894173800945282
CH_L_291a,8-7,1,EMT,0.3712564,0.3897572457790375
CH_L_291a,8-8,1,EMT,0.34013066,0.38559919595718384
CH_L_291a,8-9,1,EMT,0.099602975,0.3934631049633026
CH_L_291a,9-4,1,EMT,0.37218386,0.3875706195831299
CH_L_291a,9-5,1,EMT,0.30312797,0.3873329162597656
CH_L_291a,9-6,1,EMT,0.4032221,0.3889898955821991
CH_L_291a,9-7,1,EMT,0.26852524,0.38824662566185
CH_L_291a,9-8,1,EMT,0.3055315,0.38566869497299194
CH_L_292a,2-12,2,EMT,0.22758923,0.3972928524017334
CH_L_292a,2-13,2,EMT,0.2384411,0.3972928524017334
CH_L_292a,2-14,2,EMT,0.3182201,0.3972928524017334
CH_L_292a,2-15,2,EMT,0.33730152,0.3972928524017334
CH_L_292a,2-16,2,EMT,0.38066533,0.3972928524017334
CH_L_292a,3-12,2,EMT,0.20060419,0.39763742685317993
CH_L_292a,3-13,2,EMT,0.28104278,0.39763742685317993
CH_L_292a,3-14,2,EMT,0.35331827,0.39763742685317993
CH_L_292a,3-15,2,EMT,0.373928,0.39763742685317993
CH_L_292a,3-16,2,EMT,0.4079916,0.39763742685317993
CH_L_292a,4-13,2,EMT,0.33536872,0.39738035202026367
CH_L_292a,4-14,2,EMT,0.38538343,0.39738035202026367
CH_L_292a,4-15,2,EMT,0.4342828,0.39738035202026367
CH_L_292a,4-16,2,EMT,0.37647745,0.39738035202026367
CH_L_292a,5-13,2,EMT,0.43654838,0.3968753218650818
CH_L_292a,5-14,2,EMT,0.4427525,0.3968753218650818
CH_L_292a,5-15,2,EMT,0.3948372,0.3968753218650818
CH_L_292a,5-16,2,EMT,0.35959128,0.3968753218650818
CH_L_292a,6-12,2,EMT,0.272298,0.39719536900520325
CH_L_292a,6-13,2,EMT,0.3929946,0.39719536900520325
CH_L_292a,6-14,2,EMT,0.3953134,0.39719536900520325
CH_L_292a,6-15,2,EMT,0.37212548,0.39719536900520325
CH_L_292a,6-16,2,EMT,0.37523124,0.39719536900520325
CH_L_292a,7-12,2,EMT,0.24534929,0.39714568853378296
CH_L_292a,7-13,2,EMT,0.36906824,0.39714568853378296
CH_L_292a,7-14,2,EMT,0.3755452,0.39714568853378296
CH_L_292a,7-15,2,EMT,0.34261063,0.39714568853378296
CH_L_292a,7-16,2,EMT,0.24368665,0.39714568853378296
CH_L_293a,10-14,0,EMT,0.26965335,0.39944177865982056
CH_L_293a,10-15,0,EMT,0.28010046,0.39944177865982056
CH_L_293a,10-16,0,EMT,0.3329854,0.39944177865982056
CH_L_293a,5-14,0,EMT,0.26573536,0.39912527799606323
CH_L_293a,5-15,0,EMT,0.32942167,0.39912527799606323
CH_L_293a,5-16,0,EMT,0.3183775,0.39912527799606323
CH_L_293a,5-17,0,EMT,0.3085855,0.39912527799606323
CH_L_293a,5-18,0,EMT,0.28891987,0.39912527799606323
CH_L_293a,6-14,0,EMT,0.33667868,0.39886602759361267
CH_L_293a,6-15,0,EMT,0.32915798,0.39886602759361267
CH_L_293a,6-16,0,EMT,0.28375173,0.39886602759361267
CH_L_293a,6-17,0,EMT,0.27034092,0.39886602759361267
CH_L_293a,6-18,0,EMT,0.25155517,0.39886602759361267
CH_L_293a,7-13,0,EMT,0.28030145,0.39868369698524475
CH_L_293a,7-14,0,EMT,0.28593126,0.39868369698524475
CH_L_293a,7-15,0,EMT,0.2970026,0.39868369698524475
CH_L_293a,7-16,0,EMT,0.3026817,0.39868369698524475
CH_L_293a,7-17,0,EMT,0.29758242,0.39868369698524475
CH_L_293a,7-18,0,EMT,0.31896093,0.39868369698524475
CH_L_293a,8-14,0,EMT,0.2511989,0.3996531367301941
CH_L_293a,8-15,0,EMT,0.29188806,0.3996531367301941
CH_L_293a,8-16,0,EMT,0.31288198,0.3996531367301941
CH_L_293a,8-17,0,EMT,0.35756066,0.3996531367301941
CH_L_293a,8-18,0,EMT,0.43494624,0.3996531367301941
CH_L_293a,9-14,0,EMT,0.29498002,0.4013027548789978
CH_L_293a,9-15,0,EMT,0.28022844,0.4013027548789978
CH_L_293a,9-16,0,EMT,0.27274707,0.4013027548789978
CH_L_293a,9-17,0,EMT,0.35027927,0.4013027548789978
CH_L_293a,9-18,0,EMT,0.40941358,0.4013027548789978
CH_L_294a,10-10,2,EMT,0.23928775,0.3995538651943207
CH_L_294a,10-13,2,EMT,0.24901326,0.3963272273540497
CH_L_294a,10-9,2,EMT,0.26606405,0.39919114112854004
CH_L_294a,11-12,2,EMT,0.23888016,0.3964386582374573
CH_L_294a,11-13,2,EMT,0.24537435,0.3964386582374573
CH_L_294a,6-10,2,EMT,0.28789622,0.39289239048957825
CH_L_294a,6-11,2,EMT,0.19683732,0.39652514457702637
CH_L_294a,6-12,2,EMT,0.25639534,0.39816784858703613
CH_L_294a,6-13,2,EMT,0.25280875,0.39816784858703613
CH_L_294a,6-9,2,EMT,0.35450926,0.3925262987613678
CH_L_294a,7-10,2,EMT,0.21238339,0.39330047369003296
CH_L_294a,7-11,2,EMT,0.20962319,0.3962642550468445
CH_L_294a,7-12,2,EMT,0.213816,0.3976888060569763
CH_L_294a,7-13,2,EMT,0.273425,0.3976888060569763
CH_L_294a,7-9,2,EMT,0.21385714,0.3927425742149353
CH_L_294a,8-10,2,EMT,0.17422895,0.39352503418922424
CH_L_294a,8-11,2,EMT,0.211536,0.39638474583625793
CH_L_294a,8-12,2,EMT,0.25541052,0.39748331904411316
CH_L_294a,8-13,2,EMT,0.26916826,0.39748331904411316
CH_L_294a,8-9,2,EMT,0.17346707,0.3931782841682434
CH_L_294a,9-10,2,EMT,0.2115989,0.3953852355480194
CH_L_294a,9-11,2,EMT,0.25274813,0.39630964398384094
CH_L_294a,9-12,2,EMT,0.24384172,0.3961828052997589
CH_L_294a,9-13,2,EMT,0.24412502,0.3961828052997589
CH_L_294a,9-9,2,EMT,0.2423472,0.3949090242385864
CH_L_295a,10-11,4,EMT,0.3597958,0.39470890164375305
CH_L_295a,10-12,4,EMT,0.41527766,0.3946199119091034
CH_L_295a,10-13,4,EMT,0.37975103,0.3946199119091034
CH_L_295a,10-14,4,EMT,0.42975235,0.3946199119091034
CH_L_295a,10-15,4,EMT,0.3292983,0.3946199119091034
CH_L_295a,11-10,4,EMT,0.39003378,0.39455220103263855
CH_L_295a,11-11,4,EMT,0.25175747,0.39483973383903503
CH_L_295a,11-13,4,EMT,0.33918154,0.39493951201438904
CH_L_295a,11-14,4,EMT,0.37077978,0.39493951201438904
CH_L_295a,12-10,4,EMT,0.23214449,0.39442363381385803
CH_L_295a,12-15,4,EMT,0.307893,0.3949759304523468
CH_L_295a,13-13,4,EMT,0.344312,0.3949759304523468
CH_L_295a,13-14,4,EMT,0.30923766,0.3949759304523468
CH_L_295a,13-15,4,EMT,0.2886256,0.3949759304523468
CH_L_295a,9-11,4,EMT,0.3261257,0.39464789628982544
CH_L_295a,9-12,4,EMT,0.3611986,0.3944700062274933
CH_L_295a,9-13,4,EMT,0.31628156,0.3944700062274933
CH_L_295a,9-14,4,EMT,0.39884028,0.3944700062274933
CH_L_295a,9-15,4,EMT,0.368194,0.3944700062274933
CH_L_296a,10-10,4,EMT,0.2512069,0.3955663740634918
CH_L_296a,10-11,4,EMT,0.25037533,0.3955663740634918
CH_L_296a,10-12,4,EMT,0.25352246,0.3955663740634918
CH_L_296a,10-8,4,EMT,0.18640427,0.3955663740634918
CH_L_296a,10-9,4,EMT,0.23610608,0.3955663740634918
CH_L_296a,11-10,4,EMT,0.31378627,0.3955663740634918
CH_L_296a,11-11,4,EMT,0.22501954,0.3955663740634918
CH_L_296a,11-12,4,EMT,0.24919656,0.3955663740634918
CH_L_296a,11-8,4,EMT,0.17913744,0.3955663740634918
CH_L_296a,11-9,4,EMT,0.25963226,0.3955663740634918
CH_L_296a,7-10,4,EMT,0.24267109,0.39617711305618286
CH_L_296a,7-11,4,EMT,0.19746983,0.39617711305618286
CH_L_296a,7-12,4,EMT,0.1853481,0.39617711305618286
CH_L_296a,7-8,4,EMT,0.3288269,0.39617711305618286
CH_L_296a,7-9,4,EMT,0.21617334,0.39617711305618286
CH_L_296a,8-10,4,EMT,0.25041568,0.3955663740634918
CH_L_296a,8-11,4,EMT,0.21392186,0.3955663740634918
CH_L_296a,8-12,4,EMT,0.21981514,0.3955663740634918
CH_L_296a,8-8,4,EMT,0.25993776,0.3955663740634918
CH_L_296a,8-9,4,EMT,0.2307061,0.3955663740634918
CH_L_296a,9-10,4,EMT,0.2419436,0.3955663740634918
CH_L_296a,9-11,4,EMT,0.2614441,0.3955663740634918
CH_L_296a,9-8,4,EMT,0.19193508,0.3955663740634918
CH_L_296a,9-9,4,EMT,0.2590089,0.3955663740634918
CH_L_298a,10-3,0,EMT,0.45152897,0.39993372559547424
CH_L_298a,10-4,0,EMT,0.46894455,0.39980608224868774
CH_L_298a,10-5,0,EMT,0.32874656,0.39891308546066284
CH_L_298a,11-4,0,EMT,0.457013,0.39980608224868774
CH_L_298a,11-5,0,EMT,0.34368768,0.39891308546066284
CH_L_298a,13-1,0,EMT,0.4521017,0.3991876542568207
CH_L_298a,13-3,0,EMT,0.4421648,0.39993372559547424
CH_L_298a,14-1,0,EMT,0.41278443,0.3991876542568207
CH_L_298a,14-3,0,EMT,0.42316586,0.39993372559547424
CH_L_298a,14-4,0,EMT,0.39948243,0.39980608224868774
CH_L_298a,9-1,0,EMT,0.45525447,0.3992082476615906
CH_L_298a,9-2,0,EMT,0.4766426,0.39919424057006836
CH_L_298a,9-3,0,EMT,0.43966517,0.399886816740036
CH_L_298a,9-4,0,EMT,0.43867424,0.3996501863002777
CH_L_298a,9-5,0,EMT,0.29194918,0.3989540934562683
CH_L_299a,4-10,4,EMT,0.42446113,0.3958178758621216
CH_L_299a,4-6,4,EMT,0.35468653,0.39600518345832825
CH_L_299a,4-7,4,EMT,0.39313003,0.3959041237831116
CH_L_299a,4-8,4,EMT,0.3667667,0.3958178758621216
CH_L_299a,4-9,4,EMT,0.3865228,0.3958178758621216
CH_L_299a,5-10,4,EMT,0.4501616,0.39569830894470215
CH_L_299a,5-6,4,EMT,0.30119964,0.395959734916687
CH_L_299a,5-7,4,EMT,0.23112969,0.3958214521408081
CH_L_299a,5-8,4,EMT,0.3626041,0.39569830894470215
CH_L_299a,5-9,4,EMT,0.34272817,0.39569830894470215
CH_L_299a,6-10,4,EMT,0.4352713,0.3959311246871948
CH_L_299a,6-7,4,EMT,0.23163584,0.3961810767650604
CH_L_299a,6-8,4,EMT,0.37813085,0.3959311246871948
CH_L_299a,6-9,4,EMT,0.37292036,0.3959311246871948
CH_L_299a,7-10,4,EMT,0.24904673,0.3957054615020752
CH_L_299a,7-7,4,EMT,0.3865756,0.3958815038204193
CH_L_299a,7-8,4,EMT,0.38988382,0.3957054615020752
CH_L_299a,7-9,4,EMT,0.31612337,0.3957054615020752
CH_L_299a,8-10,4,EMT,0.26681483,0.3959122598171234
CH_L_299a,8-6,4,EMT,0.22599256,0.3964410722255707
CH_L_299a,8-8,4,EMT,0.39862838,0.3959122598171234
CH_L_299a,8-9,4,EMT,0.3625601,0.3959122598171234
CH_L_299a,9-9,4,EMT,0.262225,0.3959122598171234
CH_L_300a,4-12,2,EMT,0.29349586,0.39604875445365906
CH_L_300a,5-13,2,EMT,0.38294232,0.39732056856155396
CH_L_300a,5-14,2,EMT,0.4301993,0.39732056856155396
CH_L_300a,6-11,2,EMT,0.3002115,0.3968895673751831
CH_L_300a,7-10,2,EMT,0.40172052,0.39378485083580017
CH_L_300a,7-12,2,EMT,0.37820977,0.3965485990047455
CH_L_300a,7-13,2,EMT,0.36592624,0.3965485990047455
CH_L_300a,7-9,2,EMT,0.35547903,0.39228200912475586
CH_L_300a,8-14,2,EMT,0.383245,0.3972976505756378
CH_L_300a,9-14,2,EMT,0.48468354,0.39735713601112366
CH_L_301a,10-10,2,EMT,0.5095999,0.3941786289215088
CH_L_301a,10-11,2,EMT,0.4883883,0.39493298530578613
CH_L_301a,10-12,2,EMT,0.5191225,0.39543068408966064
CH_L_301a,5-10,2,EMT,0.45691034,0.39129331707954407
CH_L_301a,5-12,2,EMT,0.41126648,0.3930690586566925
CH_L_301a,5-13,2,EMT,0.4314212,0.3969973027706146
CH_L_301a,5-14,2,EMT,0.44458902,0.3969973027706146
CH_L_301a,5-15,2,EMT,0.46179512,0.3969973027706146
CH_L_301a,6-10,2,EMT,0.41273975,0.39129671454429626
CH_L_301a,6-11,2,EMT,0.43347675,0.3903651833534241
CH_L_301a,6-13,2,EMT,0.40243784,0.39713987708091736
CH_L_301a,6-14,2,EMT,0.44689438,0.39713987708091736
CH_L_301a,6-15,2,EMT,0.44053435,0.39713987708091736
CH_L_301a,7-10,2,EMT,0.3735928,0.39090439677238464
CH_L_301a,7-11,2,EMT,0.42199942,0.3908292055130005
CH_L_301a,7-12,2,EMT,0.43257222,0.3941417336463928
CH_L_301a,7-13,2,EMT,0.375528,0.3968520164489746
CH_L_301a,7-14,2,EMT,0.4682397,0.3968520164489746
CH_L_301a,7-15,2,EMT,0.5186796,0.3968520164489746
CH_L_301a,8-10,2,EMT,0.3554706,0.3910348117351532
CH_L_301a,8-11,2,EMT,0.4399613,0.3912000060081482
CH_L_301a,8-12,2,EMT,0.42083794,0.3937179744243622
CH_L_301a,8-13,2,EMT,0.44639528,0.39663928747177124
CH_L_301a,8-14,2,EMT,0.5145018,0.39663928747177124
CH_L_301a,8-15,2,EMT,0.48494864,0.39663928747177124
CH_L_301a,9-10,2,EMT,0.4671291,0.3927510678768158
CH_L_301a,9-11,2,EMT,0.44882023,0.3925260305404663
CH_L_301a,9-12,2,EMT,0.47537547,0.39552363753318787
CH_L_301a,9-13,2,EMT,0.53590935,0.39673036336898804
CH_L_301a,9-14,2,EMT,0.50796854,0.39673036336898804
CH_L_301a,9-15,2,EMT,0.48667017,0.39673036336898804
CH_L_302a,10-15,0,EMT,0.33932516,0.3990166187286377
CH_L_302a,10-16,0,EMT,0.413538,0.3990166187286377
CH_L_302a,10-17,0,EMT,0.35203013,0.3990166187286377
CH_L_302a,10-18,0,EMT,0.43158248,0.3990166187286377
CH_L_302a,10-19,0,EMT,0.37990898,0.3990166187286377
CH_L_302a,5-15,0,EMT,0.604904,0.39907220005989075
CH_L_302a,5-16,0,EMT,0.6001462,0.39907220005989075
CH_L_302a,5-17,0,EMT,0.5679772,0.39907220005989075
CH_L_302a,5-18,0,EMT,0.4840719,0.39907220005989075
CH_L_302a,5-19,0,EMT,0.3876335,0.39907220005989075
CH_L_302a,5-20,0,EMT,0.31333885,0.39907220005989075
CH_L_302a,6-15,0,EMT,0.47013038,0.3988880217075348
CH_L_302a,6-16,0,EMT,0.42361686,0.3988880217075348
CH_L_302a,6-17,0,EMT,0.42057985,0.3988880217075348
CH_L_302a,6-18,0,EMT,0.4762588,0.3988880217075348
CH_L_302a,6-19,0,EMT,0.38837373,0.3988880217075348
CH_L_302a,6-20,0,EMT,0.3044789,0.3988880217075348
CH_L_302a,7-15,0,EMT,0.46540037,0.3993237316608429
CH_L_302a,7-16,0,EMT,0.39055508,0.3993237316608429
CH_L_302a,7-17,0,EMT,0.40590715,0.3993237316608429
CH_L_302a,7-18,0,EMT,0.4283977,0.3993237316608429
CH_L_302a,7-19,0,EMT,0.31993005,0.3993237316608429
CH_L_302a,7-20,0,EMT,0.2853073,0.3993237316608429
CH_L_302a,8-15,0,EMT,0.37405235,0.39905881881713867
CH_L_302a,8-16,0,EMT,0.42534563,0.39905881881713867
CH_L_302a,8-17,0,EMT,0.44543424,0.39905881881713867
CH_L_302a,8-18,0,EMT,0.4362284,0.39905881881713867
CH_L_302a,8-19,0,EMT,0.32429928,0.39905881881713867
CH_L_302a,8-20,0,EMT,0.27542758,0.39905881881713867
CH_L_302a,9-15,0,EMT,0.37534368,0.3988582491874695
CH_L_302a,9-16,0,EMT,0.44215032,0.3988582491874695
CH_L_302a,9-18,0,EMT,0.45670822,0.3988582491874695
CH_L_302a,9-19,0,EMT,0.41702768,0.3988582491874695
CH_L_303a,10-5,2,EMT,0.5366546,0.39132794737815857
CH_L_303a,10-9,2,EMT,0.4363125,0.3909336030483246
CH_L_303a,5-5,2,EMT,0.46454343,0.39199355244636536
CH_L_303a,5-6,2,EMT,0.42664734,0.3913348317146301
CH_L_303a,5-7,2,EMT,0.4772196,0.3907611668109894
CH_L_303a,5-8,2,EMT,0.47193834,0.3904734253883362
CH_L_303a,6-5,2,EMT,0.45096263,0.3916114866733551
CH_L_303a,6-7,2,EMT,0.44325376,0.39082399010658264
CH_L_303a,6-8,2,EMT,0.46498257,0.39032238721847534
CH_L_303a,6-9,2,EMT,0.45147544,0.39102524518966675
CH_L_303a,7-5,2,EMT,0.42949253,0.3914438486099243
CH_L_303a,7-6,2,EMT,0.42426306,0.39124470949172974
CH_L_303a,7-7,2,EMT,0.4386217,0.39079102873802185
CH_L_303a,7-8,2,EMT,0.4671556,0.39115411043167114
CH_L_303a,8-5,2,EMT,0.4312388,0.3915358781814575
CH_L_303a,8-6,2,EMT,0.4507793,0.3915777802467346
CH_L_303a,8-7,2,EMT,0.47933075,0.39095574617385864
CH_L_303a,8-8,2,EMT,0.4499739,0.3911605775356293
CH_L_303a,8-9,2,EMT,0.43767807,0.39066457748413086
CH_L_303a,9-6,2,EMT,0.45087707,0.39103931188583374
CH_L_303a,9-9,2,EMT,0.43112856,0.3911147713661194
CH_L_305a,10-10,0,EMT,0.3966861,0.39228200912475586
CH_L_305a,10-11,0,EMT,0.38401476,0.39198997616767883
CH_L_305a,10-12,0,EMT,0.37226927,0.39145803451538086
CH_L_305a,10-7,0,EMT,0.13729613,0.3923719525337219
CH_L_305a,10-8,0,EMT,0.3158326,0.39233464002609253
CH_L_305a,10-9,0,EMT,0.44741982,0.39225929975509644
CH_L_305a,11-10,0,EMT,0.36676735,0.39210039377212524
CH_L_305a,11-11,0,EMT,0.34529135,0.39181849360466003
CH_L_305a,11-12,0,EMT,0.41324127,0.3913135230541229
CH_L_305a,11-7,0,EMT,0.13193765,0.39225420355796814
CH_L_305a,11-8,0,EMT,0.30430397,0.39204972982406616
CH_L_305a,11-9,0,EMT,0.4246862,0.39203211665153503
CH_L_305a,12-11,0,EMT,0.3495923,0.3918629288673401
CH_L_305a,7-10,0,EMT,0.39557865,0.39220109581947327
CH_L_305a,7-11,0,EMT,0.3609511,0.3917146325111389
CH_L_305a,7-12,0,EMT,0.35743707,0.39119264483451843
CH_L_305a,7-8,0,EMT,0.34548005,0.39233696460723877
CH_L_305a,7-9,0,EMT,0.47962776,0.3923967480659485
CH_L_305a,8-10,0,EMT,0.4161594,0.3921410143375397
CH_L_305a,8-11,0,EMT,0.3609522,0.3918724060058594
CH_L_305a,8-12,0,EMT,0.38618034,0.39125674962997437
CH_L_305a,8-8,0,EMT,0.3286198,0.3924846053123474
CH_L_305a,8-9,0,EMT,0.48735502,0.39253461360931396
CH_L_305a,9-10,0,EMT,0.35028043,0.3921686112880707
CH_L_305a,9-11,0,EMT,0.35157782,0.3919511139392853
CH_L_305a,9-12,0,EMT,0.4059618,0.39136916399002075
CH_L_305a,9-8,0,EMT,0.3508186,0.3922257125377655
CH_L_305a,9-9,0,EMT,0.4638422,0.39247697591781616
CH_L_306a,3-16,4,EMT,0.4198101,0.39398300647735596
CH_L_306a,3-17,4,EMT,0.35213912,0.39398300647735596
CH_L_306a,3-18,4,EMT,0.349577,0.39398300647735596
CH_L_306a,3-19,4,EMT,0.43681788,0.39398300647735596
CH_L_306a,4-19,4,EMT,0.4179595,0.3939061164855957
CH_L_306a,4-20,4,EMT,0.33485037,0.3939061164855957
CH_L_306a,5-20,4,EMT,0.34887254,0.3939756155014038
CH_L_306a,6-17,4,EMT,0.46327904,0.3937126398086548
CH_L_306a,6-18,4,EMT,0.41071716,0.3937126398086548
CH_L_306a,6-19,4,EMT,0.25105628,0.3937126398086548
CH_L_306a,6-20,4,EMT,0.27225226,0.3937126398086548
CH_L_306a,7-19,4,EMT,0.22489284,0.39373013377189636
CH_L_306b,10-17,1,EMT,0.28859574,0.3890393078327179
CH_L_306b,10-18,1,EMT,0.3163424,0.3890393078327179
CH_L_306b,10-19,1,EMT,0.2907415,0.3890393078327179
CH_L_306b,10-20,1,EMT,0.20683247,0.3890393078327179
CH_L_306b,11-19,1,EMT,0.31588084,0.38786256313323975
CH_L_306b,11-20,1,EMT,0.29172164,0.38786256313323975
CH_L_306b,6-16,1,EMT,0.3202041,0.3915851414203644
CH_L_306b,6-17,1,EMT,0.29731765,0.3915851414203644
CH_L_306b,7-16,1,EMT,0.31023896,0.3888745903968811
CH_L_306b,7-17,1,EMT,0.30767456,0.3888745903968811
CH_L_306b,7-19,1,EMT,0.28584567,0.3888745903968811
CH_L_306b,7-20,1,EMT,0.3175081,0.3888745903968811
CH_L_306b,8-16,1,EMT,0.3005392,0.38807329535484314
CH_L_306b,8-17,1,EMT,0.28608248,0.38807329535484314
CH_L_306b,8-18,1,EMT,0.2824627,0.38807329535484314
CH_L_306b,8-19,1,EMT,0.28932157,0.38807329535484314
CH_L_306b,8-20,1,EMT,0.29929668,0.38807329535484314
CH_L_306b,9-16,1,EMT,0.30126685,0.38392144441604614
CH_L_306b,9-17,1,EMT,0.25882572,0.38392144441604614
CH_L_306b,9-18,1,EMT,0.29337427,0.38392144441604614
CH_L_306b,9-19,1,EMT,0.28778628,0.38392144441604614
CH_L_306b,9-20,1,EMT,0.22754076,0.38392144441604614
CH_L_307a,3-15,1,EMT,0.4881188,0.3829931914806366
CH_L_307a,3-16,1,EMT,0.45203388,0.38289231061935425
CH_L_307a,3-17,1,EMT,0.5358162,0.38289231061935425
CH_L_307a,4-16,1,EMT,0.5173893,0.3831816613674164
CH_L_307a,4-17,1,EMT,0.5015361,0.3831816613674164
CH_L_307a,4-18,1,EMT,0.5137273,0.3831816613674164
CH_L_307a,5-15,1,EMT,0.51442415,0.38477644324302673
CH_L_307a,5-16,1,EMT,0.43541077,0.38485532999038696
CH_L_307a,5-17,1,EMT,0.37511924,0.38485532999038696
CH_L_307a,5-18,1,EMT,0.44706523,0.38485532999038696
CH_L_307a,6-15,1,EMT,0.43751824,0.3842006325721741
CH_L_307a,6-16,1,EMT,0.4080614,0.38422590494155884
CH_L_307a,6-17,1,EMT,0.37807545,0.38422590494155884
CH_L_307a,6-18,1,EMT,0.35306385,0.38422590494155884
CH_L_307a,7-14,1,EMT,0.44127032,0.39417368173599243
CH_L_307a,7-15,1,EMT,0.513811,0.381050705909729
CH_L_307a,7-16,1,EMT,0.48476928,0.38112834095954895
CH_L_307a,7-17,1,EMT,0.37693277,0.38112834095954895
CH_L_307a,7-18,1,EMT,0.36286128,0.38112834095954895
CH_L_307a,8-14,1,EMT,0.46652457,0.3946079611778259
CH_L_307a,8-15,1,EMT,0.46484137,0.384074330329895
CH_L_307a,8-16,1,EMT,0.420327,0.3841516077518463
CH_L_307a,8-17,1,EMT,0.4461605,0.3841516077518463
CH_L_307a,8-18,1,EMT,0.43938905,0.3841516077518463
CH_L_308a,10-7,3,EMT,0.29967102,0.3920608460903168
CH_L_308a,10-8,3,EMT,0.2943748,0.3942483961582184
CH_L_308a,10-9,3,EMT,0.2834014,0.39401522278785706
CH_L_308a,11-10,3,EMT,0.46694016,0.3943151831626892
CH_L_308a,11-11,3,EMT,0.4166149,0.3938623368740082
CH_L_308a,6-10,3,EMT,0.3693358,0.3939490020275116
CH_L_308a,6-11,3,EMT,0.40939063,0.39400139451026917
CH_L_308a,6-12,3,EMT,0.39873698,0.39390960335731506
CH_L_308a,6-7,3,EMT,0.37029913,0.3913271427154541
CH_L_308a,6-8,3,EMT,0.3528883,0.3934810757637024
CH_L_308a,6-9,3,EMT,0.28691283,0.39446157217025757
CH_L_308a,7-10,3,EMT,0.44464773,0.3940723240375519
CH_L_308a,7-11,3,EMT,0.42915356,0.39405933022499084
CH_L_308a,7-12,3,EMT,0.42426404,0.3938533067703247
CH_L_308a,7-7,3,EMT,0.3130009,0.3917689323425293
CH_L_308a,7-8,3,EMT,0.23544319,0.39400747418403625
CH_L_308a,7-9,3,EMT,0.32963195,0.39438357949256897
CH_L_308a,8-10,3,EMT,0.4683593,0.3939192593097687
CH_L_308a,8-11,3,EMT,0.46715093,0.39422762393951416
CH_L_308a,8-12,3,EMT,0.43973485,0.394220769405365
CH_L_308a,8-7,3,EMT,0.2216154,0.3914014399051666
CH_L_308a,8-8,3,EMT,0.33345592,0.39398443698883057
CH_L_308a,8-9,3,EMT,0.40503561,0.39408421516418457
CH_L_308a,9-12,3,EMT,0.35122976,0.3943325877189636
CH_L_308a,9-7,3,EMT,0.28879684,0.39119279384613037
CH_L_308a,9-8,3,EMT,0.37248272,0.39394599199295044
CH_L_308a,9-9,3,EMT,0.34401342,0.3942105174064636
CH_L_309a,10-10,1,EMT,0.55204964,0.3728858232498169
CH_L_309a,10-11,1,EMT,0.5553138,0.37299469113349915
CH_L_309a,10-12,1,EMT,0.56193244,0.37299469113349915
CH_L_309a,6-10,1,EMT,0.41763613,0.3866499662399292
CH_L_309a,6-11,1,EMT,0.42315766,0.38357341289520264
CH_L_309a,6-12,1,EMT,0.46217006,0.38357341289520264
CH_L_309a,6-13,1,EMT,0.4361555,0.38357341289520264
CH_L_309a,7-10,1,EMT,0.41309103,0.38382217288017273
CH_L_309a,7-11,1,EMT,0.46595317,0.3801659047603607
CH_L_309a,7-12,1,EMT,0.46215457,0.3801659047603607
CH_L_309a,7-13,1,EMT,0.47983158,0.3801659047603607
CH_L_309a,8-10,1,EMT,0.4266306,0.38262659311294556
CH_L_309a,8-11,1,EMT,0.45668277,0.37901005148887634
CH_L_309a,8-12,1,EMT,0.4241876,0.37901005148887634
CH_L_309a,8-13,1,EMT,0.5217109,0.37901005148887634
CH_L_309a,8-9,1,EMT,0.4156441,0.400677889585495
CH_L_309a,9-10,1,EMT,0.4787078,0.38050320744514465
CH_L_309a,9-11,1,EMT,0.46952885,0.3794322907924652
CH_L_309a,9-12,1,EMT,0.518799,0.3794322907924652
CH_L_309a,9-9,1,EMT,0.4944593,0.38967207074165344
CH_L_310a,4-10,1,EMT,0.56508625,0.3789713978767395
CH_L_310a,4-11,1,EMT,0.5618121,0.3785904347896576
CH_L_310a,4-12,1,EMT,0.5706102,0.3911881446838379
CH_L_310a,4-14,1,EMT,0.59245473,0.3934648633003235
CH_L_310a,5-10,1,EMT,0.575901,0.37905818223953247
CH_L_310a,5-11,1,EMT,0.58943576,0.3831171989440918
CH_L_310a,5-12,1,EMT,0.6097788,0.3893510401248932
CH_L_310a,5-13,1,EMT,0.61298686,0.3892267048358917
CH_L_310a,5-14,1,EMT,0.57484436,0.3892267048358917
CH_L_310a,6-13,1,EMT,0.60879016,0.3904806077480316
CH_L_310a,6-14,1,EMT,0.57221514,0.3904806077480316
CH_L_310a,7-13,1,EMT,0.60854775,0.3883366882801056
CH_L_310a,7-14,1,EMT,0.60388887,0.3883366882801056
CH_L_310a,9-10,1,EMT,0.46321234,0.38147497177124023
CH_L_310a,9-14,1,EMT,0.3496338,0.38820791244506836
CH_L_311a,10-11,0,EMT,0.36446375,0.3945331871509552
CH_L_311a,10-12,0,EMT,0.3484037,0.3997313380241394
CH_L_311a,10-13,0,EMT,0.34745017,0.3993644714355469
CH_L_311a,10-14,0,EMT,0.43311447,0.3993644714355469
CH_L_311a,10-15,0,EMT,0.32966092,0.3993644714355469
CH_L_311a,11-11,0,EMT,0.41556096,0.3961081802845001
CH_L_311a,11-12,0,EMT,0.3749557,0.3994944393634796
CH_L_311a,11-13,0,EMT,0.33693734,0.39936044812202454
CH_L_311a,11-14,0,EMT,0.38901463,0.39936044812202454
CH_L_311a,11-15,0,EMT,0.42063376,0.39936044812202454
CH_L_311a,12-11,0,EMT,0.50369376,0.3995895981788635
CH_L_311a,12-12,0,EMT,0.39061996,0.39905038475990295
CH_L_311a,12-13,0,EMT,0.3478622,0.39902594685554504
CH_L_311a,12-14,0,EMT,0.39739576,0.39902594685554504
CH_L_311a,7-15,0,EMT,0.15655906,0.39925268292427063
CH_L_311a,8-11,0,EMT,0.3276893,0.39444005489349365
CH_L_311a,8-12,0,EMT,0.3744046,0.39985355734825134
CH_L_311a,8-13,0,EMT,0.39407367,0.39944905042648315
CH_L_311a,8-14,0,EMT,0.38314205,0.39944905042648315
CH_L_311a,8-15,0,EMT,0.31501672,0.39944905042648315
CH_L_311a,9-11,0,EMT,0.3575313,0.39566323161125183
CH_L_311a,9-12,0,EMT,0.34121054,0.3995576500892639
CH_L_311a,9-13,0,EMT,0.38002497,0.39909255504608154
CH_L_311a,9-14,0,EMT,0.41820207,0.39909255504608154
CH_L_311a,9-15,0,EMT,0.41400203,0.39909255504608154
CH_L_312a,10-10,2,EMT,0.51163083,0.3980117738246918
CH_L_312a,10-11,2,EMT,0.6067328,0.3980117738246918
CH_L_312a,10-7,2,EMT,0.45253277,0.39658457040786743
CH_L_312a,10-8,2,EMT,0.44344345,0.397689551115036
CH_L_312a,10-9,2,EMT,0.52183455,0.3980117738246918
CH_L_312a,11-11,2,EMT,0.52633506,0.3980117738246918
CH_L_312a,6-11,2,EMT,0.52141637,0.39696231484413147
CH_L_312a,6-8,2,EMT,0.4491455,0.39758971333503723
CH_L_312a,7-10,2,EMT,0.46003908,0.3968432545661926
CH_L_312a,7-8,2,EMT,0.48690978,0.39755913615226746
CH_L_312a,7-9,2,EMT,0.46009457,0.3968432545661926
CH_L_312a,8-10,2,EMT,0.455661,0.3975061774253845
CH_L_312a,8-8,2,EMT,0.49679926,0.39763516187667847
CH_L_312a,8-9,2,EMT,0.4802499,0.3975061774253845
CH_L_312a,9-10,2,EMT,0.44843546,0.3980117738246918
CH_L_312a,9-11,2,EMT,0.54950184,0.3980117738246918
CH_L_312a,9-7,2,EMT,0.4871919,0.39658457040786743
CH_L_312a,9-8,2,EMT,0.4634382,0.397689551115036
CH_L_312a,9-9,2,EMT,0.45398748,0.3980117738246918
CH_L_313a,4-6,4,EMT,0.40265292,0.39396387338638306
CH_L_313a,6-7,4,EMT,0.5321836,0.3958055078983307
CH_L_313a,7-5,4,EMT,0.46997046,0.3958871066570282
CH_L_313a,7-6,4,EMT,0.5024256,0.3954967260360718
CH_L_313a,8-4,4,EMT,0.4497048,0.39562082290649414
CH_L_313a,8-7,4,EMT,0.46237573,0.3956056833267212
CH_L_314a,5-18,2,EMT,0.46369925,0.396438866853714
CH_L_314a,5-19,2,EMT,0.48715428,0.396438866853714
CH_L_314a,5-20,2,EMT,0.4413484,0.396438866853714
CH_L_314a,5-22,2,EMT,0.5353461,0.396438866853714
CH_L_314a,5-23,2,EMT,0.51354295,0.396438866853714
CH_L_314a,6-18,2,EMT,0.357702,0.3960666060447693
CH_L_314a,6-19,2,EMT,0.4731604,0.3960666060447693
CH_L_314a,6-20,2,EMT,0.40278426,0.3960666060447693
CH_L_314a,6-21,2,EMT,0.45424002,0.3960666060447693
CH_L_314a,6-22,2,EMT,0.43616456,0.3960666060447693
CH_L_314a,6-23,2,EMT,0.41894487,0.3960666060447693
CH_L_314a,7-18,2,EMT,0.46236396,0.39572614431381226
CH_L_314a,7-19,2,EMT,0.43494892,0.39572614431381226
CH_L_314a,7-22,2,EMT,0.4576804,0.39572614431381226
CH_L_314a,7-23,2,EMT,0.4305306,0.39572614431381226
CH_L_314a,8-18,2,EMT,0.37136036,0.3958922326564789
CH_L_314a,8-19,2,EMT,0.40847355,0.3958922326564789
CH_L_314a,8-22,2,EMT,0.46180743,0.3958922326564789
CH_L_314a,8-23,2,EMT,0.49259284,0.3958922326564789
CH_L_314a,9-18,2,EMT,0.4380502,0.395644873380661
CH_L_314a,9-19,2,EMT,0.42307448,0.395644873380661
CH_L_314a,9-23,2,EMT,0.52569044,0.395644873380661
CH_L_315a,5-10,0,EMT,0.46394855,0.3995625972747803
CH_L_315a,5-5,0,EMT,0.59473324,0.3980896770954132
CH_L_315a,5-7,0,EMT,0.49112207,0.4001680910587311
CH_L_315a,5-8,0,EMT,0.38469467,0.3995625972747803
CH_L_315a,5-9,0,EMT,0.4027612,0.3995625972747803
CH_L_315a,6-10,0,EMT,0.45411006,0.3991226851940155
CH_L_315a,6-5,0,EMT,0.6083832,0.39939603209495544
CH_L_315a,6-7,0,EMT,0.49305102,0.39987900853157043
CH_L_315a,6-8,0,EMT,0.43555447,0.3991226851940155
CH_L_315a,6-9,0,EMT,0.42846304,0.3991226851940155
CH_L_315a,7-5,0,EMT,0.60626996,0.3996414244174957
CH_L_315a,7-6,0,EMT,0.5504687,0.39923837780952454
CH_L_315a,7-7,0,EMT,0.4994516,0.3993116319179535
CH_L_315a,7-8,0,EMT,0.4600323,0.39879104495048523
CH_L_315a,7-9,0,EMT,0.45990685,0.39879104495048523
CH_L_315a,8-5,0,EMT,0.59754825,0.39903539419174194
CH_L_315a,8-6,0,EMT,0.58737653,0.3984997570514679
CH_L_315a,8-7,0,EMT,0.5001427,0.39886489510536194
CH_L_315a,8-8,0,EMT,0.48345882,0.39814186096191406
CH_L_315a,8-9,0,EMT,0.45932555,0.39814186096191406
CH_L_315a,9-5,0,EMT,0.56416255,0.39903539419174194
CH_L_315a,9-8,0,EMT,0.4628399,0.39814186096191406
CH_L_315a,9-9,0,EMT,0.43923956,0.39814186096191406
CH_L_317a,10-3,0,EMT,0.36367854,0.39885568618774414
CH_L_317a,10-4,0,EMT,0.3524034,0.3992941379547119
CH_L_317a,10-5,0,EMT,0.35756463,0.39878207445144653
CH_L_317a,10-6,0,EMT,0.3372788,0.3986954689025879
CH_L_317a,10-7,0,EMT,0.40356404,0.39904478192329407
CH_L_317a,10-8,0,EMT,0.3182669,0.39905303716659546
CH_L_317a,11-3,0,EMT,0.32445058,0.39885568618774414
CH_L_317a,11-4,0,EMT,0.42416435,0.3992941379547119
CH_L_317a,11-5,0,EMT,0.40402272,0.39878207445144653
CH_L_317a,11-6,0,EMT,0.35894346,0.3986954689025879
CH_L_317a,11-7,0,EMT,0.46976134,0.39904478192329407
CH_L_317a,6-4,0,EMT,0.46910706,0.39662715792655945
CH_L_317a,6-5,0,EMT,0.33965626,0.39645254611968994
CH_L_317a,6-6,0,EMT,0.26091835,0.39631474018096924
CH_L_317a,7-3,0,EMT,0.5287285,0.39576956629753113
CH_L_317a,7-4,0,EMT,0.40171382,0.39577189087867737
CH_L_317a,7-5,0,EMT,0.41146657,0.3966085910797119
CH_L_317a,7-6,0,EMT,0.32478923,0.39595744013786316
CH_L_317a,8-3,0,EMT,0.43566197,0.39558637142181396
CH_L_317a,8-4,0,EMT,0.38777977,0.3954964876174927
CH_L_317a,8-5,0,EMT,0.37881783,0.39629632234573364
CH_L_317a,8-6,0,EMT,0.3531213,0.39648547768592834
CH_L_317a,9-3,0,EMT,0.3859604,0.3991946578025818
CH_L_317a,9-4,0,EMT,0.42864162,0.39912471175193787
CH_L_317a,9-5,0,EMT,0.37221998,0.39896246790885925
CH_L_317a,9-6,0,EMT,0.32318375,0.39905989170074463
CH_L_317a,9-7,0,EMT,0.4230689,0.39930641651153564
CH_L_317a,9-8,0,EMT,0.43106106,0.3993634581565857
CH_L_318a,10-18,3,EMT,0.43229884,0.3926039934158325
CH_L_318a,10-19,3,EMT,0.42798296,0.3926039934158325
CH_L_318a,10-20,3,EMT,0.42540562,0.3926039934158325
CH_L_318a,10-21,3,EMT,0.44291192,0.3926039934158325
CH_L_318a,10-22,3,EMT,0.5101753,0.3926039934158325
CH_L_318a,10-23,3,EMT,0.53334785,0.3926039934158325
CH_L_318a,5-19,3,EMT,0.47569892,0.3923929035663605
CH_L_318a,5-20,3,EMT,0.46523216,0.3923929035663605
CH_L_318a,5-21,3,EMT,0.4922456,0.3923929035663605
CH_L_318a,5-22,3,EMT,0.573054,0.3923929035663605
CH_L_318a,6-18,3,EMT,0.43693995,0.39227983355522156
CH_L_318a,6-19,3,EMT,0.45305204,0.39227983355522156
CH_L_318a,6-20,3,EMT,0.46462077,0.39227983355522156
CH_L_318a,6-21,3,EMT,0.48480245,0.39227983355522156
CH_L_318a,6-22,3,EMT,0.48057997,0.39227983355522156
CH_L_318a,6-23,3,EMT,0.6131855,0.39227983355522156
CH_L_318a,7-18,3,EMT,0.44365695,0.3925319314002991
CH_L_318a,7-19,3,EMT,0.4296576,0.3925319314002991
CH_L_318a,7-20,3,EMT,0.46967587,0.3925319314002991
CH_L_318a,7-21,3,EMT,0.4626835,0.3925319314002991
CH_L_318a,7-22,3,EMT,0.43254545,0.3925319314002991
CH_L_318a,7-23,3,EMT,0.55693656,0.3925319314002991
CH_L_318a,8-18,3,EMT,0.4424903,0.3922106921672821
CH_L_318a,8-19,3,EMT,0.42390153,0.3922106921672821
CH_L_318a,8-20,3,EMT,0.47963798,0.3922106921672821
CH_L_318a,8-21,3,EMT,0.4385415,0.3922106921672821
CH_L_318a,8-22,3,EMT,0.45433176,0.3922106921672821
CH_L_318a,8-23,3,EMT,0.54720277,0.3922106921672821
CH_L_318a,9-18,3,EMT,0.44266295,0.3923717737197876
CH_L_318a,9-19,3,EMT,0.4280551,0.3923717737197876
CH_L_318a,9-20,3,EMT,0.42394158,0.3923717737197876
CH_L_318a,9-21,3,EMT,0.40355706,0.3923717737197876
CH_L_318a,9-22,3,EMT,0.44799608,0.3923717737197876
CH_L_318a,9-23,3,EMT,0.51298857,0.3923717737197876
CH_L_319a,4-14,1,EMT,0.35797808,0.38248738646507263
CH_L_319a,4-15,1,EMT,0.304425,0.38248738646507263
CH_L_319a,4-16,1,EMT,0.30355284,0.38248738646507263
CH_L_319a,4-17,1,EMT,0.34161347,0.38248738646507263
CH_L_319a,5-14,1,EMT,0.30598816,0.3783799111843109
CH_L_319a,5-15,1,EMT,0.28669322,0.3783799111843109
CH_L_319a,5-16,1,EMT,0.30802587,0.3783799111843109
CH_L_319a,5-17,1,EMT,0.35507566,0.3783799111843109
CH_L_319a,5-18,1,EMT,0.2800916,0.3783799111843109
CH_L_319a,6-14,1,EMT,0.2996766,0.3787268400192261
CH_L_319a,6-15,1,EMT,0.2939964,0.3787268400192261
CH_L_319a,6-16,1,EMT,0.40767986,0.3787268400192261
CH_L_319a,6-17,1,EMT,0.2590457,0.3787268400192261
CH_L_319a,6-18,1,EMT,0.25421205,0.3787268400192261
CH_L_319a,7-14,1,EMT,0.24047683,0.37942156195640564
CH_L_319a,7-15,1,EMT,0.27592784,0.37942156195640564
CH_L_319a,7-16,1,EMT,0.28719363,0.37942156195640564
CH_L_319a,7-17,1,EMT,0.25520995,0.37942156195640564
CH_L_319a,7-18,1,EMT,0.26928616,0.37942156195640564
CH_L_319a,8-14,1,EMT,0.37134525,0.3746405243873596
CH_L_319a,8-15,1,EMT,0.39284208,0.3746405243873596
CH_L_319a,8-16,1,EMT,0.30796096,0.3746405243873596
CH_L_319a,9-15,1,EMT,0.39922184,0.3791498839855194
CH_L_320a,10-11,3,EMT,0.5792089,0.3952431082725525
CH_L_320a,10-12,3,EMT,0.5263243,0.3952431082725525
CH_L_320a,10-13,3,EMT,0.49587047,0.3952431082725525
CH_L_320a,10-14,3,EMT,0.40727502,0.3952431082725525
CH_L_320a,10-15,3,EMT,0.4277025,0.3952431082725525
CH_L_320a,6-11,3,EMT,0.50560796,0.39530786871910095
CH_L_320a,6-12,3,EMT,0.5081848,0.39530786871910095
CH_L_320a,6-13,3,EMT,0.5012098,0.39530786871910095
CH_L_320a,6-14,3,EMT,0.51587534,0.39530786871910095
CH_L_320a,6-15,3,EMT,0.44847578,0.39530786871910095
CH_L_320a,7-13,3,EMT,0.42746574,0.3954252600669861
CH_L_320a,7-15,3,EMT,0.48191905,0.3954252600669861
CH_L_320a,7-16,3,EMT,0.51764464,0.3954252600669861
CH_L_320a,8-12,3,EMT,0.49350062,0.3951225280761719
CH_L_320a,8-14,3,EMT,0.38339892,0.3951225280761719
CH_L_320a,8-15,3,EMT,0.40416673,0.3951225280761719
CH_L_320a,8-16,3,EMT,0.4527061,0.3951225280761719
CH_L_320a,9-11,3,EMT,0.5296595,0.39455315470695496
CH_L_320a,9-12,3,EMT,0.50099695,0.39455315470695496
CH_L_320a,9-13,3,EMT,0.41498616,0.39455315470695496
CH_L_320a,9-14,3,EMT,0.37624997,0.39455315470695496
CH_L_320a,9-15,3,EMT,0.3969084,0.39455315470695496
CH_L_320a,9-16,3,EMT,0.3957583,0.39455315470695496
CH_L_321a,10-10,0,EMT,0.41719073,0.3989574611186981
CH_L_321a,10-11,0,EMT,0.3901776,0.3991801142692566
CH_L_321a,10-12,0,EMT,0.37181035,0.399016797542572
CH_L_321a,10-13,0,EMT,0.37127247,0.399016797542572
CH_L_321a,10-14,0,EMT,0.3893775,0.399016797542572
CH_L_321a,10-9,0,EMT,0.39287826,0.39912405610084534
CH_L_321a,5-10,0,EMT,0.4063247,0.39508581161499023
CH_L_321a,5-11,0,EMT,0.38710183,0.3992767035961151
CH_L_321a,5-12,0,EMT,0.34911177,0.39935195446014404
CH_L_321a,5-13,0,EMT,0.39029512,0.39935195446014404
CH_L_321a,5-9,0,EMT,0.4407499,0.395361065864563
CH_L_321a,6-10,0,EMT,0.31592068,0.39565911889076233
CH_L_321a,6-11,0,EMT,0.29768336,0.3994183838367462
CH_L_321a,6-12,0,EMT,0.34307852,0.3992465138435364
CH_L_321a,6-13,0,EMT,0.37938726,0.3992465138435364
CH_L_321a,6-9,0,EMT,0.4138234,0.3951527178287506
CH_L_321a,7-10,0,EMT,0.36233246,0.3960249722003937
CH_L_321a,7-11,0,EMT,0.36236313,0.3994028866291046
CH_L_321a,7-12,0,EMT,0.42234161,0.39937153458595276
CH_L_321a,7-13,0,EMT,0.40911126,0.39937153458595276
CH_L_321a,7-14,0,EMT,0.38942507,0.39937153458595276
CH_L_321a,7-9,0,EMT,0.3236979,0.3956720232963562
CH_L_321a,8-10,0,EMT,0.3774461,0.3953370749950409
CH_L_321a,8-11,0,EMT,0.3831399,0.3994600772857666
CH_L_321a,8-12,0,EMT,0.38856232,0.39933136105537415
CH_L_321a,8-13,0,EMT,0.4131748,0.39933136105537415
CH_L_321a,8-14,0,EMT,0.36054367,0.39933136105537415
CH_L_321a,8-9,0,EMT,0.35666257,0.3952667713165283
CH_L_321a,9-10,0,EMT,0.4244343,0.396688312292099
CH_L_321a,9-11,0,EMT,0.37273636,0.39857327938079834
CH_L_321a,9-12,0,EMT,0.3369118,0.39875245094299316
CH_L_321a,9-13,0,EMT,0.4178268,0.39875245094299316
CH_L_321a,9-14,0,EMT,0.43579793,0.39875245094299316
CH_L_321a,9-9,0,EMT,0.35351533,0.3968265652656555
CH_L_322a,10-10,1,EMT,0.25585666,0.37943994998931885
CH_L_322a,10-11,1,EMT,0.25977674,0.37943994998931885
CH_L_322a,10-7,1,EMT,0.37020603,0.39343366026878357
CH_L_322a,10-8,1,EMT,0.26652575,0.38488349318504333
CH_L_322a,10-9,1,EMT,0.32940754,0.3803311288356781
CH_L_322a,11-10,1,EMT,0.2508037,0.37943994998931885
CH_L_322a,11-11,1,EMT,0.18837929,0.37943994998931885
CH_L_322a,11-6,1,EMT,0.3728262,0.3908199369907379
CH_L_322a,11-7,1,EMT,0.41168842,0.39343366026878357
CH_L_322a,11-8,1,EMT,0.26996842,0.38488349318504333
CH_L_322a,11-9,1,EMT,0.19765298,0.3803311288356781
CH_L_322a,6-10,1,EMT,0.4166432,0.38794130086898804
CH_L_322a,6-11,1,EMT,0.42266375,0.38794130086898804
CH_L_322a,6-8,1,EMT,0.40944397,0.3887884020805359
CH_L_322a,6-9,1,EMT,0.38682064,0.39703792333602905
CH_L_322a,7-10,1,EMT,0.26118955,0.3878527879714966
CH_L_322a,7-11,1,EMT,0.3263833,0.3878527879714966
CH_L_322a,7-8,1,EMT,0.35721013,0.3967110514640808
CH_L_322a,7-9,1,EMT,0.31792158,0.3980681896209717
CH_L_322a,8-10,1,EMT,0.29710907,0.3885520398616791
CH_L_322a,8-11,1,EMT,0.31192636,0.3885520398616791
CH_L_322a,8-8,1,EMT,0.38567248,0.396053284406662
CH_L_322a,8-9,1,EMT,0.32069248,0.39894431829452515
CH_L_322a,9-10,1,EMT,0.26997524,0.38355499505996704
CH_L_322a,9-11,1,EMT,0.24357355,0.38355499505996704
CH_L_322a,9-7,1,EMT,0.38463226,0.3958815038204193
CH_L_322a,9-8,1,EMT,0.3079859,0.3991302251815796
CH_L_322a,9-9,1,EMT,0.33307847,0.3935282230377197
CH_L_323a,3-10,3,EMT,0.49837917,0.3974694311618805
CH_L_323a,3-8,3,EMT,0.3800248,0.3974694311618805
CH_L_323a,3-9,3,EMT,0.39649978,0.3974694311618805
CH_L_323a,4-10,3,EMT,0.5094296,0.39802005887031555
CH_L_323a,4-6,3,EMT,0.486055,0.39982059597969055
CH_L_323a,4-7,3,EMT,0.36849853,0.3985559642314911
CH_L_323a,4-8,3,EMT,0.44084105,0.39802005887031555
CH_L_323a,4-9,3,EMT,0.5108372,0.39802005887031555
CH_L_323a,5-10,3,EMT,0.45661348,0.3990531861782074
CH_L_323a,5-6,3,EMT,0.43351358,0.3992852568626404
CH_L_323a,5-7,3,EMT,0.40554386,0.3992501497268677
CH_L_323a,5-8,3,EMT,0.4801612,0.3990531861782074
CH_L_323a,5-9,3,EMT,0.43659884,0.3990531861782074
CH_L_323a,6-10,3,EMT,0.4825307,0.3975891172885895
CH_L_323a,6-7,3,EMT,0.4783434,0.3976294994354248
CH_L_323a,6-8,3,EMT,0.5438331,0.3975891172885895
CH_L_323a,6-9,3,EMT,0.50563145,0.3975891172885895
CH_L_323a,7-10,3,EMT,0.45658293,0.3958847224712372
CH_L_323a,7-11,3,EMT,0.5219719,0.3958847224712372
CH_L_323a,7-6,3,EMT,0.43449754,0.3959180414676666
CH_L_323a,7-7,3,EMT,0.47701764,0.3957221508026123
CH_L_323a,7-8,3,EMT,0.5156117,0.3958847224712372
CH_L_323a,7-9,3,EMT,0.43853587,0.3958847224712372
CH_L_323a,8-10,3,EMT,0.5920873,0.3958151936531067
CH_L_323a,8-11,3,EMT,0.6044066,0.3958151936531067
CH_L_323a,8-6,3,EMT,0.43939042,0.39534375071525574
CH_L_323a,8-7,3,EMT,0.44439387,0.39558908343315125
CH_L_323a,8-8,3,EMT,0.5396799,0.3958151936531067
CH_L_323a,8-9,3,EMT,0.5901469,0.3958151936531067
CH_L_326a,10-10,1,EMT,0.48698327,0.3807383179664612
CH_L_326a,10-11,1,EMT,0.4621002,0.3864717185497284
CH_L_326a,10-12,1,EMT,0.45869517,0.38688671588897705
CH_L_326a,10-13,1,EMT,0.42864406,0.38688671588897705
CH_L_326a,10-14,1,EMT,0.42175204,0.38688671588897705
CH_L_326a,10-9,1,EMT,0.51712054,0.3794168531894684
CH_L_326a,11-10,1,EMT,0.45518655,0.3859785497188568
CH_L_326a,11-11,1,EMT,0.46607414,0.3873322904109955
CH_L_326a,11-12,1,EMT,0.46198627,0.39108577370643616
CH_L_326a,11-13,1,EMT,0.47487298,0.39108577370643616
CH_L_326a,11-14,1,EMT,0.4040528,0.39108577370643616
CH_L_326a,12-14,1,EMT,0.44982874,0.38975363969802856
CH_L_326a,7-10,1,EMT,0.43130854,0.37413308024406433
CH_L_326a,7-11,1,EMT,0.40317437,0.3802320659160614
CH_L_326a,7-12,1,EMT,0.43418592,0.38595283031463623
CH_L_326a,7-13,1,EMT,0.43366593,0.38595283031463623
CH_L_326a,7-14,1,EMT,0.45833763,0.38595283031463623
CH_L_326a,8-10,1,EMT,0.44483498,0.372700035572052
CH_L_326a,8-11,1,EMT,0.42129683,0.379602313041687
CH_L_326a,8-12,1,EMT,0.4425643,0.38591814041137695
CH_L_326a,8-13,1,EMT,0.46114308,0.38591814041137695
CH_L_326a,8-14,1,EMT,0.4541629,0.38591814041137695
CH_L_326a,8-9,1,EMT,0.46616164,0.3751254975795746
CH_L_326a,9-10,1,EMT,0.45177007,0.37351518869400024
CH_L_326a,9-11,1,EMT,0.45919186,0.3805162310600281
CH_L_326a,9-12,1,EMT,0.44681755,0.38700979948043823
CH_L_326a,9-13,1,EMT,0.44625738,0.38700979948043823
CH_L_326a,9-14,1,EMT,0.42973825,0.38700979948043823
CH_L_326a,9-9,1,EMT,0.4561703,0.3767366409301758
CH_L_327a,4-2,3,EMT,0.46554822,0.393456369638443
CH_L_327a,4-3,3,EMT,0.5379795,0.3935554027557373
CH_L_327a,4-4,3,EMT,0.4914248,0.3938858211040497
CH_L_327a,4-5,3,EMT,0.36011222,0.39472830295562744
CH_L_327a,4-6,3,EMT,0.4683923,0.3943210542201996
CH_L_327a,5-2,3,EMT,0.48319682,0.3931922912597656
CH_L_327a,5-3,3,EMT,0.47038496,0.3936128616333008
CH_L_327a,5-4,3,EMT,0.38921332,0.39332273602485657
CH_L_327a,5-5,3,EMT,0.33686557,0.39374205470085144
CH_L_327a,5-6,3,EMT,0.30551818,0.39397597312927246
CH_L_327a,6-2,3,EMT,0.51213884,0.39347994327545166
CH_L_327a,6-3,3,EMT,0.48460582,0.39316463470458984
CH_L_327a,6-4,3,EMT,0.4090045,0.39336663484573364
CH_L_327a,6-5,3,EMT,0.34876475,0.3940548300743103
CH_L_327a,6-6,3,EMT,0.38513207,0.3952777683734894
CH_L_327a,7-2,3,EMT,0.51367074,0.393919974565506
CH_L_327a,7-3,3,EMT,0.45105085,0.39318710565567017
CH_L_327a,7-4,3,EMT,0.41105857,0.3931773900985718
CH_L_327a,7-5,3,EMT,0.37510872,0.3948189914226532
CH_L_327a,7-6,3,EMT,0.3610533,0.395162433385849
CH_L_327a,8-2,3,EMT,0.55137587,0.3946848511695862
CH_L_327a,8-3,3,EMT,0.45392847,0.39417755603790283
CH_L_327a,8-4,3,EMT,0.3706913,0.3940206468105316
CH_L_327a,8-5,3,EMT,0.35577437,0.39561304450035095
CH_L_327a,8-6,3,EMT,0.4492836,0.3958030343055725
CH_L_327a,9-5,3,EMT,0.4944953,0.39785197377204895
CH_L_327a,9-6,3,EMT,0.56704277,0.3932532072067261
CH_L_328a,10-10,0,EMT,0.40361378,0.39632856845855713
CH_L_328a,10-11,0,EMT,0.3862564,0.3997478783130646
CH_L_328a,10-7,0,EMT,0.41371253,0.3930157721042633
CH_L_328a,10-8,0,EMT,0.3947278,0.3928503096103668
CH_L_328a,10-9,0,EMT,0.43640754,0.3948332667350769
CH_L_328a,11-10,0,EMT,0.41177383,0.399844229221344
CH_L_328a,11-11,0,EMT,0.43760002,0.39913225173950195
CH_L_328a,11-7,0,EMT,0.40291032,0.39936551451683044
CH_L_328a,11-8,0,EMT,0.4021689,0.39932218194007874
CH_L_328a,11-9,0,EMT,0.45702153,0.3996773362159729
CH_L_328a,6-10,0,EMT,0.43204305,0.3951564431190491
CH_L_328a,6-11,0,EMT,0.43063498,0.3997459411621094
CH_L_328a,6-12,0,EMT,0.4909522,0.39954134821891785
CH_L_328a,6-8,0,EMT,0.4495605,0.3932948410511017
CH_L_328a,6-9,0,EMT,0.45909998,0.3946032226085663
CH_L_328a,7-10,0,EMT,0.33884406,0.394348680973053
CH_L_328a,7-11,0,EMT,0.37109733,0.39959999918937683
CH_L_328a,7-12,0,EMT,0.38525283,0.39929085969924927
CH_L_328a,7-7,0,EMT,0.4180789,0.3931795358657837
CH_L_328a,7-8,0,EMT,0.43962643,0.39286550879478455
CH_L_328a,7-9,0,EMT,0.48870704,0.39386266469955444
CH_L_328a,8-10,0,EMT,0.3866755,0.3943580090999603
CH_L_328a,8-11,0,EMT,0.35576332,0.3997834026813507
CH_L_328a,8-12,0,EMT,0.4082711,0.3994704484939575
CH_L_328a,8-7,0,EMT,0.4218191,0.3927694261074066
CH_L_328a,8-8,0,EMT,0.35875088,0.39266446232795715
CH_L_328a,8-9,0,EMT,0.40042323,0.39351725578308105
CH_L_328a,9-10,0,EMT,0.38680133,0.3941211700439453
CH_L_328a,9-11,0,EMT,0.39659372,0.3997180461883545
CH_L_328a,9-7,0,EMT,0.45558876,0.3930193781852722
CH_L_328a,9-8,0,EMT,0.40589115,0.39250829815864563
CH_L_328a,9-9,0,EMT,0.38690084,0.39315521717071533
CH_L_329a,4-10,3,EMT,0.51659405,0.3944118022918701
CH_L_329a,4-7,3,EMT,0.51559895,0.39655280113220215
CH_L_329a,4-8,3,EMT,0.4483463,0.396169513463974
CH_L_329a,4-9,3,EMT,0.49197462,0.39574649930000305
CH_L_329a,5-6,3,EMT,0.5454864,0.3966427743434906
CH_L_329a,5-7,3,EMT,0.47238353,0.39621514081954956
CH_L_329a,5-8,3,EMT,0.46863756,0.395990252494812
CH_L_329a,5-9,3,EMT,0.46537817,0.3958670496940613
CH_L_329a,6-6,3,EMT,0.5083121,0.39617887139320374
CH_L_329a,6-7,3,EMT,0.36949408,0.3964042663574219
CH_L_329a,6-8,3,EMT,0.3898169,0.39612311124801636
CH_L_329a,6-9,3,EMT,0.44402125,0.3960554301738739
CH_L_329a,7-10,3,EMT,0.48864496,0.39464297890663147
CH_L_329a,7-6,3,EMT,0.3851621,0.39633938670158386
CH_L_329a,7-7,3,EMT,0.31181037,0.39679762721061707
CH_L_329a,7-8,3,EMT,0.3273989,0.3972901999950409
CH_L_329a,7-9,3,EMT,0.32370758,0.39635148644447327
CH_L_329a,8-10,3,EMT,0.5112703,0.3948670029640198
CH_L_329a,8-7,3,EMT,0.27918547,0.39687588810920715
CH_L_329a,8-8,3,EMT,0.34730572,0.39714285731315613
CH_L_329a,8-9,3,EMT,0.32907277,0.3965856432914734
CH_L_329a,9-10,3,EMT,0.45710924,0.3940613865852356
CH_L_329a,9-6,3,EMT,0.55828893,0.3959096074104309
CH_L_329a,9-7,3,EMT,0.40467298,0.3956572115421295
CH_L_329a,9-8,3,EMT,0.42215577,0.3954795300960541
CH_L_329a,9-9,3,EMT,0.3987489,0.3952493965625763
CH_L_333a,10-6,4,EMT,0.5724368,0.39535513520240784
CH_L_333a,11-2,4,EMT,0.41663656,0.39532068371772766
CH_L_333a,11-4,4,EMT,0.4816101,0.3955588936805725
CH_L_333a,11-5,4,EMT,0.47769746,0.3953114449977875
CH_L_333a,11-6,4,EMT,0.5457132,0.39535513520240784
CH_L_333a,7-5,4,EMT,0.4581466,0.39355209469795227
CH_L_333a,9-5,4,EMT,0.4773547,0.3953114449977875
CH_L_333a,9-6,4,EMT,0.49712062,0.39535513520240784
CH_L_334a,4-10,4,EMT,0.25012752,0.3950512111186981
CH_L_334a,4-11,4,EMT,0.28529236,0.3950512111186981
CH_L_334a,4-12,4,EMT,0.21435866,0.3950512111186981
CH_L_334a,4-13,4,EMT,0.26670086,0.3950512111186981
CH_L_334a,4-9,4,EMT,0.23514716,0.39552244544029236
CH_L_334a,5-10,4,EMT,0.22987024,0.3948168456554413
CH_L_334a,5-11,4,EMT,0.26259807,0.3948168456554413
CH_L_334a,5-12,4,EMT,0.24095005,0.3948168456554413
CH_L_334a,5-13,4,EMT,0.29910293,0.3948168456554413
CH_L_334a,5-9,4,EMT,0.24065597,0.39501455426216125
CH_L_334a,6-10,4,EMT,0.23142588,0.3952520787715912
CH_L_334a,6-11,4,EMT,0.22869836,0.3952520787715912
CH_L_334a,6-12,4,EMT,0.2639207,0.3952520787715912
CH_L_334a,6-13,4,EMT,0.32037675,0.3952520787715912
CH_L_334a,6-9,4,EMT,0.2938788,0.39500659704208374
CH_L_334a,7-10,4,EMT,0.2362538,0.39501768350601196
CH_L_334a,7-11,4,EMT,0.25912985,0.39501768350601196
CH_L_334a,7-12,4,EMT,0.32369626,0.39501768350601196
CH_L_334a,7-9,4,EMT,0.26824725,0.39417019486427307
CH_L_334a,8-10,4,EMT,0.24758814,0.39498937129974365
CH_L_334a,8-11,4,EMT,0.24889049,0.39498937129974365
CH_L_334a,8-12,4,EMT,0.30943894,0.39498937129974365
CH_L_334a,8-9,4,EMT,0.21739605,0.39465412497520447
CH_L_334a,9-10,4,EMT,0.2715852,0.3952060043811798
CH_L_334a,9-11,4,EMT,0.2836084,0.3952060043811798
CH_L_334a,9-12,4,EMT,0.41272286,0.3952060043811798
CH_L_334a,9-9,4,EMT,0.20189555,0.39511483907699585
CH_L_335a,2-5,2,EMT,0.52630156,0.39708393812179565
CH_L_335a,2-6,2,EMT,0.5123141,0.3973234295845032
CH_L_335a,2-7,2,EMT,0.53270215,0.3989783227443695
CH_L_335a,2-8,2,EMT,0.49825558,0.3961039185523987
CH_L_335a,2-9,2,EMT,0.43773654,0.39607110619544983
CH_L_335a,3-4,2,EMT,0.51277685,0.3978428542613983
CH_L_335a,3-6,2,EMT,0.570779,0.3978869616985321
CH_L_335a,3-7,2,EMT,0.5487476,0.39910754561424255
CH_L_335a,3-8,2,EMT,0.45991942,0.3959462642669678
CH_L_335a,6-9,2,EMT,0.5062378,0.39652788639068604
CH_L_336a,10-4,3,EMT,0.44671315,0.3942687213420868
CH_L_336a,10-5,3,EMT,0.45093453,0.39362040162086487
CH_L_336a,10-7,3,EMT,0.41355428,0.3929201364517212
CH_L_336a,10-8,3,EMT,0.38909245,0.39331087470054626
CH_L_336a,10-9,3,EMT,0.4189544,0.393062025308609
CH_L_336a,11-7,3,EMT,0.42053163,0.39478495717048645
CH_L_336a,11-8,3,EMT,0.38218895,0.3941473066806793
CH_L_336a,11-9,3,EMT,0.41481474,0.3945126533508301
CH_L_336a,12-5,3,EMT,0.44984975,0.3944442868232727
CH_L_336a,12-8,3,EMT,0.41719735,0.3940853774547577
CH_L_336a,12-9,3,EMT,0.4359963,0.39431074261665344
CH_L_336a,7-5,3,EMT,0.43034133,0.3923984467983246
CH_L_336a,7-6,3,EMT,0.41376558,0.3935522735118866
CH_L_336a,8-5,3,EMT,0.4339326,0.3926748037338257
CH_L_336a,8-6,3,EMT,0.4355901,0.39363470673561096
CH_L_336a,9-4,3,EMT,0.45049644,0.39316806197166443
CH_L_336a,9-5,3,EMT,0.4401932,0.39329713582992554
CH_L_336a,9-6,3,EMT,0.43791953,0.3933047652244568
CH_L_336a,9-7,3,EMT,0.45675156,0.39390087127685547
CH_L_336a,9-8,3,EMT,0.42475396,0.394641637802124
CH_L_337a,10-12,0,EMT,0.38006154,0.3935096263885498
CH_L_337a,10-13,0,EMT,0.32797715,0.3993737995624542
CH_L_337a,5-12,0,EMT,0.32936615,0.39446181058883667
CH_L_337a,5-13,0,EMT,0.23318903,0.39884692430496216
CH_L_337a,5-14,0,EMT,0.25095645,0.3990323841571808
CH_L_337a,5-15,0,EMT,0.28436437,0.3990323841571808
CH_L_337a,5-16,0,EMT,0.28335172,0.3990323841571808
CH_L_337a,6-12,0,EMT,0.2888975,0.3947615325450897
CH_L_337a,6-13,0,EMT,0.20485277,0.39948344230651855
CH_L_337a,6-16,0,EMT,0.22463061,0.39959317445755005
CH_L_337a,7-12,0,EMT,0.3667887,0.39459967613220215
CH_L_337a,7-13,0,EMT,0.277711,0.39900532364845276
CH_L_337a,7-16,0,EMT,0.23104736,0.3992478549480438
CH_L_337a,8-12,0,EMT,0.39849463,0.3938511312007904
CH_L_337a,8-13,0,EMT,0.3254772,0.3992769420146942
CH_L_337a,8-16,0,EMT,0.26428184,0.39969366788864136
CH_L_338a,10-10,2,EMT,0.3545813,0.3904980421066284
CH_L_338a,10-11,2,EMT,0.34453794,0.3907175064086914
CH_L_338a,10-12,2,EMT,0.36055672,0.3902280032634735
CH_L_338a,10-9,2,EMT,0.3289822,0.3905498683452606
CH_L_338a,11-10,2,EMT,0.3327948,0.39106225967407227
CH_L_338a,11-11,2,EMT,0.35114276,0.3908046782016754
CH_L_338a,6-12,2,EMT,0.17872415,0.3917767107486725
CH_L_338a,7-11,2,EMT,0.25302106,0.390758216381073
CH_L_338a,7-12,2,EMT,0.24813956,0.3910536766052246
CH_L_338a,8-10,2,EMT,0.31399563,0.3901773989200592
CH_L_338a,8-11,2,EMT,0.2723139,0.3905990719795227
CH_L_338a,8-12,2,EMT,0.30715254,0.39049428701400757
CH_L_338a,8-13,2,EMT,0.27977535,0.3911779522895813
CH_L_338a,8-9,2,EMT,0.2937038,0.390048086643219
CH_L_338a,9-10,2,EMT,0.33250454,0.39009714126586914
CH_L_338a,9-11,2,EMT,0.31574208,0.3903854787349701
CH_L_338a,9-12,2,EMT,0.3172173,0.3899787366390228
CH_L_338a,9-13,2,EMT,0.27815408,0.39073100686073303
CH_L_338a,9-9,2,EMT,0.3077522,0.3898394703865051
CH_L_339a,5-10,3,EMT,0.31218195,0.3960541784763336
CH_L_339a,5-7,3,EMT,0.3973629,0.3962092399597168
CH_L_339a,5-8,3,EMT,0.3299048,0.3960541784763336
CH_L_339a,5-9,3,EMT,0.32032216,0.3960541784763336
CH_L_339a,6-10,3,EMT,0.24396831,0.39587095379829407
CH_L_339a,6-6,3,EMT,0.25296628,0.3980352580547333
CH_L_339a,6-7,3,EMT,0.3067473,0.3964514136314392
CH_L_339a,6-8,3,EMT,0.24051055,0.39587095379829407
CH_L_339a,6-9,3,EMT,0.28445297,0.39587095379829407
CH_L_339a,7-10,3,EMT,0.33510646,0.3961653411388397
CH_L_339a,7-6,3,EMT,0.48067728,0.39648351073265076
CH_L_339a,7-7,3,EMT,0.35355967,0.3961624801158905
CH_L_339a,7-8,3,EMT,0.28128192,0.3961653411388397
CH_L_339a,7-9,3,EMT,0.31631917,0.3961653411388397
CH_L_339a,8-10,3,EMT,0.31038418,0.3962959945201874
CH_L_339a,8-6,3,EMT,0.5295671,0.39591553807258606
CH_L_339a,8-7,3,EMT,0.38083524,0.3962407112121582
CH_L_339a,8-8,3,EMT,0.4054479,0.3962959945201874
CH_L_339a,8-9,3,EMT,0.32947797,0.3962959945201874
CH_L_339a,9-10,3,EMT,0.28562796,0.3962959945201874
CH_L_339a,9-7,3,EMT,0.42561057,0.3962407112121582
CH_L_339a,9-8,3,EMT,0.35380784,0.3962959945201874
CH_L_339a,9-9,3,EMT,0.3452603,0.3962959945201874
CH_L_340a,10-10,3,EMT,0.30523983,0.3951750099658966
CH_L_340a,10-11,3,EMT,0.28304577,0.3955193758010864
CH_L_340a,10-12,3,EMT,0.27171057,0.3953057825565338
CH_L_340a,10-8,3,EMT,0.3530429,0.3956884741783142
CH_L_340a,10-9,3,EMT,0.3978486,0.3955729901790619
CH_L_340a,5-10,3,EMT,0.33085763,0.3945089876651764
CH_L_340a,5-11,3,EMT,0.3413349,0.39449477195739746
CH_L_340a,5-12,3,EMT,0.33216786,0.3947955369949341
CH_L_340a,5-8,3,EMT,0.33012924,0.39438486099243164
CH_L_340a,5-9,3,EMT,0.3634173,0.3946107029914856
CH_L_340a,6-10,3,EMT,0.32721758,0.3946739435195923
CH_L_340a,6-11,3,EMT,0.31121677,0.39472144842147827
CH_L_340a,6-12,3,EMT,0.3569529,0.39500290155410767
CH_L_340a,6-8,3,EMT,0.34544605,0.39466893672943115
CH_L_340a,6-9,3,EMT,0.33187494,0.39497968554496765
CH_L_340a,7-10,3,EMT,0.3293893,0.3947383165359497
CH_L_340a,7-11,3,EMT,0.27409452,0.39476215839385986
CH_L_340a,7-12,3,EMT,0.3659799,0.3948881924152374
CH_L_340a,7-8,3,EMT,0.3818736,0.3945395350456238
CH_L_340a,7-9,3,EMT,0.34020692,0.39489027857780457
CH_L_340a,8-10,3,EMT,0.2985035,0.3953019976615906
CH_L_340a,8-11,3,EMT,0.2863699,0.39515841007232666
CH_L_340a,8-12,3,EMT,0.31977445,0.3951282203197479
CH_L_340a,8-8,3,EMT,0.34870252,0.39464229345321655
CH_L_340a,8-9,3,EMT,0.3261312,0.3951544165611267
CH_L_340a,9-10,3,EMT,0.34459355,0.3954918682575226
CH_L_340a,9-11,3,EMT,0.3341084,0.39526644349098206
CH_L_340a,9-12,3,EMT,0.39256868,0.39529234170913696
CH_L_340a,9-8,3,EMT,0.36427635,0.39548879861831665
CH_L_340a,9-9,3,EMT,0.31815207,0.39553526043891907
CH_L_341a,10-8,3,EMT,0.33039746,0.39371874928474426
CH_L_341a,10-9,3,EMT,0.24177204,0.39302030205726624
CH_L_341a,5-8,3,EMT,0.27694255,0.3950427174568176
CH_L_341a,5-9,3,EMT,0.27787167,0.394340842962265
CH_L_341a,6-8,3,EMT,0.29241177,0.3952814042568207
CH_L_341a,6-9,3,EMT,0.2586034,0.3951970934867859
CH_L_341a,7-8,3,EMT,0.30596069,0.3951176404953003
CH_L_341a,7-9,3,EMT,0.3316989,0.3948644697666168
CH_L_341a,8-10,3,EMT,0.29483938,0.39587321877479553
CH_L_341a,8-12,3,EMT,0.27527413,0.39437776803970337
CH_L_341a,8-8,3,EMT,0.2827088,0.3947928249835968
CH_L_341a,8-9,3,EMT,0.27950996,0.3949456512928009
CH_L_341a,9-8,3,EMT,0.31685805,0.39539772272109985
CH_L_342a,10-7,4,EMT,0.17312308,0.3892848789691925
CH_L_342a,10-8,4,EMT,0.20093241,0.3886936604976654
CH_L_342a,10-9,4,EMT,0.28768572,0.38871127367019653
CH_L_342a,11-9,4,EMT,0.21217568,0.3936638832092285
CH_L_342a,12-8,4,EMT,0.19196135,0.39450499415397644
CH_L_342a,12-9,4,EMT,0.21126212,0.3941875696182251
CH_L_342a,7-8,4,EMT,0.28746265,0.38860273361206055
CH_L_342a,8-7,4,EMT,0.27398545,0.38906973600387573
CH_L_342a,8-8,4,EMT,0.24716571,0.38857001066207886
CH_L_342a,8-9,4,EMT,0.24190222,0.3888382911682129
CH_L_342a,9-7,4,EMT,0.18529724,0.38934600353240967
CH_L_342a,9-8,4,EMT,0.25285143,0.38878461718559265
CH_L_342a,9-9,4,EMT,0.2742481,0.388778954744339
CH_L_344a,10-5,3,EMT,0.27584368,0.3953903615474701
CH_L_344a,10-6,3,EMT,0.27792692,0.39510849118232727
CH_L_344a,10-7,3,EMT,0.22122955,0.3949940800666809
CH_L_344a,10-8,3,EMT,0.27338555,0.3956635296344757
CH_L_344a,10-9,3,EMT,0.3397201,0.3960651755332947
CH_L_344a,6-6,3,EMT,0.383418,0.3920850455760956
CH_L_344a,6-7,3,EMT,0.32083717,0.39382749795913696
CH_L_344a,6-8,3,EMT,0.2628449,0.39564594626426697
CH_L_344a,6-9,3,EMT,0.27978176,0.3956111967563629
CH_L_344a,7-5,3,EMT,0.4712865,0.391845166683197
CH_L_344a,7-6,3,EMT,0.31608522,0.3920232057571411
CH_L_344a,7-7,3,EMT,0.27695048,0.3939111828804016
CH_L_344a,7-8,3,EMT,0.2642381,0.39554253220558167
CH_L_344a,7-9,3,EMT,0.30783564,0.39587870240211487
CH_L_344a,8-5,3,EMT,0.3132165,0.3921872675418854
CH_L_344a,8-6,3,EMT,0.320123,0.3921717405319214
CH_L_344a,8-7,3,EMT,0.21419095,0.3938143253326416
CH_L_344a,8-8,3,EMT,0.28759065,0.395687460899353
CH_L_344a,8-9,3,EMT,0.320247,0.3959754705429077
CH_L_344a,9-5,3,EMT,0.251785,0.3928848206996918
CH_L_344a,9-6,3,EMT,0.27479094,0.3926675021648407
CH_L_344a,9-7,3,EMT,0.21655285,0.3941897451877594
CH_L_344a,9-8,3,EMT,0.308936,0.39564579725265503
CH_L_344a,9-9,3,EMT,0.34228212,0.3959355652332306
CH_L_345a,3-6,0,EMT,0.42908862,0.4000708758831024
CH_L_345a,3-8,0,EMT,0.49006245,0.39944490790367126
CH_L_345a,3-9,0,EMT,0.45707467,0.39944490790367126
CH_L_345a,4-6,0,EMT,0.35568306,0.40177425742149353
CH_L_345a,4-7,0,EMT,0.36521614,0.4015253186225891
CH_L_345a,4-8,0,EMT,0.2929815,0.4015253186225891
CH_L_345a,4-9,0,EMT,0.24007162,0.4015253186225891
CH_L_345a,5-10,0,EMT,0.28851599,0.40238940715789795
CH_L_345a,5-6,0,EMT,0.32950628,0.40250375866889954
CH_L_345a,5-7,0,EMT,0.28813985,0.40238940715789795
CH_L_345a,5-8,0,EMT,0.28886816,0.40238940715789795
CH_L_345a,5-9,0,EMT,0.28038952,0.40238940715789795
CH_L_345a,6-10,0,EMT,0.27131718,0.3997216820716858
CH_L_345a,6-5,0,EMT,0.30364442,0.4002668261528015
CH_L_345a,6-6,0,EMT,0.2338932,0.39986106753349304
CH_L_345a,6-7,0,EMT,0.31698993,0.3997216820716858
CH_L_345a,6-8,0,EMT,0.29147443,0.3997216820716858
CH_L_345a,6-9,0,EMT,0.2568379,0.3997216820716858
CH_L_345a,7-5,0,EMT,0.24578167,0.3998796045780182
CH_L_345a,7-6,0,EMT,0.26539642,0.39979103207588196
CH_L_345a,7-7,0,EMT,0.2063785,0.3999395966529846
CH_L_345a,7-8,0,EMT,0.29396537,0.3999395966529846
CH_L_345a,7-9,0,EMT,0.26021168,0.3999395966529846
CH_L_345a,8-5,0,EMT,0.23264706,0.3998796045780182
CH_L_345a,8-6,0,EMT,0.22115041,0.39979103207588196
CH_L_345a,8-7,0,EMT,0.18686503,0.3999395966529846
CH_L_345a,8-8,0,EMT,0.20976017,0.3999395966529846
CH_L_346a,10-10,4,EMT,0.46262175,0.3905004858970642
CH_L_346a,10-11,4,EMT,0.3535603,0.393481969833374
CH_L_346a,10-12,4,EMT,0.42997515,0.39443784952163696
CH_L_346a,10-13,4,EMT,0.57689005,0.39443784952163696
CH_L_346a,10-9,4,EMT,0.4191864,0.39051833748817444
CH_L_346a,5-10,4,EMT,0.4608394,0.38992854952812195
CH_L_346a,5-13,4,EMT,0.46754777,0.3943624198436737
CH_L_346a,5-9,4,EMT,0.5268675,0.38955292105674744
CH_L_346a,6-10,4,EMT,0.43106493,0.3900761902332306
CH_L_346a,6-11,4,EMT,0.40725532,0.3935118019580841
CH_L_346a,6-12,4,EMT,0.43259102,0.3943200707435608
CH_L_346a,6-13,4,EMT,0.50516003,0.3943200707435608
CH_L_346a,6-8,4,EMT,0.55323917,0.38920944929122925
CH_L_346a,6-9,4,EMT,0.5166308,0.3898680508136749
CH_L_346a,7-10,4,EMT,0.44862744,0.3896092176437378
CH_L_346a,7-11,4,EMT,0.43398815,0.39378976821899414
CH_L_346a,7-12,4,EMT,0.37846744,0.3947550356388092
CH_L_346a,7-13,4,EMT,0.3209362,0.3947550356388092
CH_L_346a,7-8,4,EMT,0.43023226,0.38930895924568176
CH_L_346a,7-9,4,EMT,0.39947122,0.38962769508361816
CH_L_346a,8-10,4,EMT,0.4542549,0.3898865282535553
CH_L_346a,8-11,4,EMT,0.4661312,0.39324018359184265
CH_L_346a,8-12,4,EMT,0.4135865,0.39463329315185547
CH_L_346a,8-13,4,EMT,0.38803518,0.39463329315185547
CH_L_346a,8-8,4,EMT,0.38514563,0.3896354138851166
CH_L_346a,8-9,4,EMT,0.3965193,0.3896125555038452
CH_L_346a,9-10,4,EMT,0.45264018,0.3914757966995239
CH_L_346a,9-11,4,EMT,0.35560748,0.39407870173454285
CH_L_346a,9-12,4,EMT,0.46436617,0.39526093006134033
CH_L_346a,9-13,4,EMT,0.51000094,0.39526093006134033
CH_L_346a,9-8,4,EMT,0.37622476,0.3908855617046356
CH_L_346a,9-9,4,EMT,0.39273393,0.391154021024704
CH_L_347a,4-11,3,EMT,0.38528842,0.3951345980167389
CH_L_347a,4-12,3,EMT,0.40157643,0.3951345980167389
CH_L_347a,4-13,3,EMT,0.33521992,0.3951345980167389
CH_L_347a,4-9,3,EMT,0.47755066,0.3954717814922333
CH_L_347a,5-10,3,EMT,0.41623816,0.3954165279865265
CH_L_347a,5-11,3,EMT,0.3687587,0.3954165279865265
CH_L_347a,5-12,3,EMT,0.2624952,0.3954165279865265
CH_L_347a,5-13,3,EMT,0.31036016,0.3954165279865265
CH_L_347a,5-9,3,EMT,0.34765413,0.39577949047088623
CH_L_347a,6-10,3,EMT,0.40301737,0.3949699103832245
CH_L_347a,6-11,3,EMT,0.3638451,0.3949699103832245
CH_L_347a,6-12,3,EMT,0.34261248,0.3949699103832245
CH_L_347a,6-13,3,EMT,0.36810258,0.3949699103832245
CH_L_347a,6-9,3,EMT,0.3772341,0.39540499448776245
CH_L_347a,7-10,3,EMT,0.40910822,0.39509454369544983
CH_L_347a,7-11,3,EMT,0.41441694,0.39509454369544983
CH_L_347a,7-12,3,EMT,0.39335367,0.39509454369544983
CH_L_347a,7-13,3,EMT,0.28884307,0.39509454369544983
CH_L_347a,7-9,3,EMT,0.37908742,0.39551734924316406
CH_L_347a,8-10,3,EMT,0.42095828,0.3947157859802246
CH_L_347a,8-11,3,EMT,0.3847832,0.3947157859802246
CH_L_347a,8-12,3,EMT,0.36192226,0.3947157859802246
CH_L_347a,8-13,3,EMT,0.31976807,0.3947157859802246
CH_L_347a,8-9,3,EMT,0.39821476,0.39486345648765564
CH_L_347a,9-10,3,EMT,0.31586823,0.3944515287876129
CH_L_347a,9-11,3,EMT,0.37555933,0.3944515287876129
CH_L_347a,9-12,3,EMT,0.22888874,0.3944515287876129
CH_L_347a,9-13,3,EMT,0.2635716,0.3944515287876129
CH_L_347a,9-9,3,EMT,0.35220492,0.39446765184402466
CH_L_348a,10-10,1,EMT,0.5876704,0.382286936044693
CH_L_348a,10-11,1,EMT,0.5750075,0.38217616081237793
CH_L_348a,10-7,1,EMT,0.44648573,0.3885522782802582
CH_L_348a,10-8,1,EMT,0.45385453,0.3813309371471405
CH_L_348a,10-9,1,EMT,0.5185911,0.38309216499328613
CH_L_348a,5-11,1,EMT,0.48596823,0.37907302379608154
CH_L_348a,5-7,1,EMT,0.47243863,0.3957004249095917
CH_L_348a,5-9,1,EMT,0.4796168,0.4169124960899353
CH_L_348a,6-7,1,EMT,0.42750698,0.3978167474269867
CH_L_348a,6-9,1,EMT,0.44711995,0.41686898469924927
CH_L_348a,7-10,1,EMT,0.44681436,0.3795263171195984
CH_L_348a,7-7,1,EMT,0.4165357,0.40028101205825806
CH_L_348a,7-9,1,EMT,0.45226538,0.41852694749832153
CH_L_348a,8-10,1,EMT,0.5333448,0.38585540652275085
CH_L_348a,8-11,1,EMT,0.5873886,0.38630011677742004
CH_L_348a,8-7,1,EMT,0.42472744,0.3970744013786316
CH_L_348a,8-9,1,EMT,0.42673403,0.41766485571861267
CH_L_348a,9-10,1,EMT,0.5994551,0.3848402500152588
CH_L_348a,9-11,1,EMT,0.58455044,0.38500988483428955
CH_L_348a,9-6,1,EMT,0.46395826,0.40068960189819336
CH_L_348a,9-7,1,EMT,0.45883262,0.3977110683917999
CH_L_348a,9-8,1,EMT,0.459518,0.3987990617752075
CH_L_348a,9-9,1,EMT,0.41370568,0.39782246947288513
CH_L_349a,4-17,1,EMT,0.53571326,0.3863025903701782
CH_L_349a,5-16,1,EMT,0.42479464,0.38589316606521606
CH_L_349a,5-18,1,EMT,0.4512931,0.38589316606521606
CH_L_349a,5-19,1,EMT,0.43291768,0.38589316606521606
CH_L_349a,6-16,1,EMT,0.35905227,0.38725289702415466
CH_L_349a,6-17,1,EMT,0.42467475,0.38725289702415466
CH_L_349a,6-18,1,EMT,0.39861986,0.38725289702415466
CH_L_349a,6-19,1,EMT,0.3929647,0.38725289702415466
CH_L_349a,7-16,1,EMT,0.3591586,0.385651558637619
CH_L_349a,7-17,1,EMT,0.3645625,0.385651558637619
CH_L_349a,7-18,1,EMT,0.36454776,0.385651558637619
CH_L_349a,7-19,1,EMT,0.3928583,0.385651558637619
CH_L_349a,8-16,1,EMT,0.3921946,0.3883482813835144
CH_L_349a,8-17,1,EMT,0.3604943,0.3883482813835144
CH_L_349a,8-18,1,EMT,0.38001013,0.3883482813835144
CH_L_349a,8-19,1,EMT,0.49877226,0.3883482813835144
CH_L_349a,8-20,1,EMT,0.580288,0.3883482813835144
CH_L_350a,10-4,0,EMT,0.43853843,0.40052321553230286
CH_L_350a,10-5,0,EMT,0.42123035,0.39920294284820557
CH_L_350a,10-6,0,EMT,0.49875674,0.39918941259384155
CH_L_350a,10-7,0,EMT,0.4959773,0.399845689535141
CH_L_350a,10-8,0,EMT,0.45023954,0.39948588609695435
CH_L_350a,5-4,0,EMT,0.5673962,0.39877623319625854
CH_L_350a,5-5,0,EMT,0.46421,0.39841893315315247
CH_L_350a,5-7,0,EMT,0.4147559,0.40053293108940125
CH_L_350a,5-8,0,EMT,0.34545532,0.3997248411178589
CH_L_350a,6-4,0,EMT,0.52966094,0.39928433299064636
CH_L_350a,6-5,0,EMT,0.43742305,0.3989576995372772
CH_L_350a,6-7,0,EMT,0.35943693,0.4001235067844391
CH_L_350a,6-8,0,EMT,0.32663348,0.39917224645614624
CH_L_350a,7-4,0,EMT,0.49260595,0.40038156509399414
CH_L_350a,7-5,0,EMT,0.43027127,0.3999069631099701
CH_L_350a,7-6,0,EMT,0.45230293,0.3996838331222534
CH_L_350a,7-7,0,EMT,0.3396686,0.3998037278652191
CH_L_350a,7-8,0,EMT,0.3729225,0.3996215760707855
CH_L_350a,8-4,0,EMT,0.4152754,0.40052321553230286
CH_L_350a,8-5,0,EMT,0.4100654,0.39920294284820557
CH_L_350a,8-6,0,EMT,0.46509585,0.39918941259384155
CH_L_350a,8-7,0,EMT,0.36957657,0.399845689535141
CH_L_350a,8-8,0,EMT,0.40025115,0.39948588609695435
CH_L_350a,9-4,0,EMT,0.38605294,0.40052321553230286
CH_L_350a,9-5,0,EMT,0.3886653,0.39920294284820557
CH_L_350a,9-6,0,EMT,0.44750023,0.39918941259384155
CH_L_350a,9-7,0,EMT,0.46561104,0.399845689535141
CH_L_350a,9-8,0,EMT,0.39005992,0.39948588609695435
CH_L_351a,10-12,1,EMT,0.47174606,0.3784549832344055
CH_L_351a,10-7,1,EMT,0.4244112,0.37073972821235657
CH_L_351a,6-10,1,EMT,0.5531382,0.3704707622528076
CH_L_351a,6-11,1,EMT,0.49006277,0.371679425239563
CH_L_351a,6-12,1,EMT,0.45722133,0.3780929446220398
CH_L_351a,6-8,1,EMT,0.5992306,0.3699517846107483
CH_L_351a,6-9,1,EMT,0.60367453,0.3705943822860718
CH_L_351a,7-10,1,EMT,0.44888955,0.37002870440483093
CH_L_351a,7-12,1,EMT,0.45650837,0.37684571743011475
CH_L_351a,7-8,1,EMT,0.55108154,0.3702111840248108
CH_L_351a,8-10,1,EMT,0.45653772,0.3713597357273102
CH_L_351a,8-12,1,EMT,0.4931408,0.37787866592407227
CH_L_351a,9-11,1,EMT,0.43462634,0.3760739266872406
CH_L_351a,9-12,1,EMT,0.40579543,0.3788139820098877
CH_L_351a,9-7,1,EMT,0.45489714,0.37092721462249756
CH_L_352a,10-10,1,EMT,0.37807295,0.383737176656723
CH_L_352a,10-6,1,EMT,0.48627403,0.38448795676231384
CH_L_352a,10-8,1,EMT,0.33528998,0.383737176656723
CH_L_352a,10-9,1,EMT,0.3861355,0.383737176656723
CH_L_352a,11-6,1,EMT,0.43928945,0.38448795676231384
CH_L_352a,11-9,1,EMT,0.42368332,0.383737176656723
CH_L_352a,6-10,1,EMT,0.39399868,0.3837073743343353
CH_L_352a,6-6,1,EMT,0.4335801,0.4229787588119507
CH_L_352a,6-7,1,EMT,0.3662691,0.38737788796424866
CH_L_352a,6-8,1,EMT,0.35471207,0.3837073743343353
CH_L_352a,6-9,1,EMT,0.3992183,0.3837073743343353
CH_L_352a,7-10,1,EMT,0.421608,0.3853405714035034
CH_L_352a,7-6,1,EMT,0.49045563,0.3930785655975342
CH_L_352a,7-7,1,EMT,0.3735554,0.38851848244667053
CH_L_352a,7-8,1,EMT,0.39349222,0.3853405714035034
CH_L_352a,7-9,1,EMT,0.4280942,0.3853405714035034
CH_L_352a,8-10,1,EMT,0.3767195,0.383737176656723
CH_L_352a,8-7,1,EMT,0.4101548,0.3875700533390045
CH_L_352a,8-8,1,EMT,0.37804905,0.383737176656723
CH_L_352a,9-10,1,EMT,0.38206223,0.383737176656723
CH_L_352a,9-6,1,EMT,0.46983117,0.38448795676231384
CH_L_352a,9-8,1,EMT,0.35862592,0.383737176656723
CH_L_352a,9-9,1,EMT,0.3827862,0.383737176656723
CH_L_353a,10-10,1,EMT,0.58535826,0.37582871317863464
CH_L_353a,10-11,1,EMT,0.5879681,0.37582871317863464
CH_L_353a,10-12,1,EMT,0.576477,0.37582871317863464
CH_L_353a,10-13,1,EMT,0.59476995,0.37582871317863464
CH_L_353a,10-14,1,EMT,0.58712894,0.37582871317863464
CH_L_353a,5-10,1,EMT,0.5730612,0.3771301209926605
CH_L_353a,5-11,1,EMT,0.57185405,0.3771301209926605
CH_L_353a,5-12,1,EMT,0.5599037,0.3771301209926605
CH_L_353a,5-13,1,EMT,0.5815785,0.3771301209926605
CH_L_353a,5-14,1,EMT,0.5783625,0.3771301209926605
CH_L_353a,6-10,1,EMT,0.5330558,0.380389541387558
CH_L_353a,6-11,1,EMT,0.560448,0.380389541387558
CH_L_353a,6-12,1,EMT,0.5708103,0.380389541387558
CH_L_353a,6-13,1,EMT,0.535345,0.380389541387558
CH_L_353a,6-14,1,EMT,0.56392735,0.380389541387558
CH_L_353a,6-9,1,EMT,0.5406674,0.380389541387558
CH_L_353a,7-10,1,EMT,0.48695603,0.38227713108062744
CH_L_353a,7-13,1,EMT,0.5434515,0.38227713108062744
CH_L_353a,7-14,1,EMT,0.537588,0.38227713108062744
CH_L_353a,7-9,1,EMT,0.51196045,0.38227713108062744
CH_L_353a,8-11,1,EMT,0.48077968,0.38172540068626404
CH_L_353a,8-12,1,EMT,0.47931555,0.38172540068626404
CH_L_353a,8-13,1,EMT,0.56512505,0.38172540068626404
CH_L_353a,9-12,1,EMT,0.58845353,0.37582871317863464
CH_L_353a,9-13,1,EMT,0.58703554,0.37582871317863464
CH_L_353a,9-14,1,EMT,0.59041137,0.37582871317863464
CH_L_356a,4-10,4,EMT,0.37136048,0.3896711468696594
CH_L_356a,4-11,4,EMT,0.41056004,0.3897218704223633
CH_L_356a,4-12,4,EMT,0.47119018,0.3936476707458496
CH_L_356a,4-13,4,EMT,0.47523338,0.3942144215106964
CH_L_356a,4-9,4,EMT,0.39777735,0.3894554674625397
CH_L_356a,5-10,4,EMT,0.3238863,0.38932377099990845
CH_L_356a,5-11,4,EMT,0.38615328,0.3892696797847748
CH_L_356a,5-12,4,EMT,0.42679647,0.3927762806415558
CH_L_356a,5-13,4,EMT,0.40515706,0.3941797614097595
CH_L_356a,5-9,4,EMT,0.36903256,0.3893614113330841
CH_L_356a,6-10,4,EMT,0.34312075,0.3893844485282898
CH_L_356a,6-11,4,EMT,0.4386546,0.3896195888519287
CH_L_356a,6-12,4,EMT,0.45926282,0.3934904634952545
CH_L_356a,6-13,4,EMT,0.47463375,0.39416947960853577
CH_L_356a,6-9,4,EMT,0.42530996,0.389748752117157
CH_L_356a,7-10,4,EMT,0.36246184,0.38996773958206177
CH_L_356a,7-11,4,EMT,0.33057225,0.38959017395973206
CH_L_359a,3-11,0,EMT,0.35868898,0.39615508913993835
CH_L_359a,3-12,0,EMT,0.38678268,0.3987423777580261
CH_L_359a,3-13,0,EMT,0.44850639,0.3987423777580261
CH_L_359a,3-14,0,EMT,0.45292822,0.3987423777580261
CH_L_359a,4-10,0,EMT,0.42289254,0.393852561712265
CH_L_359a,4-11,0,EMT,0.35883915,0.3954620659351349
CH_L_359a,4-13,0,EMT,0.41708168,0.3993503153324127
CH_L_359a,4-14,0,EMT,0.4320205,0.3993503153324127
CH_L_359a,4-9,0,EMT,0.33752042,0.39329779148101807
CH_L_359a,5-11,0,EMT,0.42878363,0.3944236934185028
CH_L_359a,5-13,0,EMT,0.41773826,0.3987399637699127
CH_L_359a,5-14,0,EMT,0.42536446,0.3987399637699127
CH_L_359a,5-9,0,EMT,0.3390417,0.3934938609600067
CH_L_359a,6-10,0,EMT,0.4447938,0.39364171028137207
CH_L_359a,6-11,0,EMT,0.427316,0.3937041163444519
CH_L_359a,6-13,0,EMT,0.44005433,0.3991304337978363
CH_L_359a,6-14,0,EMT,0.4573378,0.3991304337978363
CH_L_359a,6-9,0,EMT,0.26253125,0.3938373923301697
CH_L_359a,7-10,0,EMT,0.39103624,0.39267465472221375
CH_L_359a,8-10,0,EMT,0.3908818,0.3929114043712616
CH_L_359a,8-14,0,EMT,0.43204504,0.39908871054649353
CH_L_360a,4-10,2,EMT,0.42880493,0.3921206295490265
CH_L_360a,4-11,2,EMT,0.4205032,0.39205095171928406
CH_L_360a,5-10,2,EMT,0.4308146,0.39198869466781616
CH_L_360a,5-11,2,EMT,0.43129864,0.39162391424179077
CH_L_360a,5-12,2,EMT,0.44377553,0.3919265568256378
CH_L_360a,5-14,2,EMT,0.61097324,0.3954009413719177
CH_L_360a,5-9,2,EMT,0.29964274,0.3918725550174713
CH_L_360a,6-10,2,EMT,0.44128364,0.3917134404182434
CH_L_360a,6-11,2,EMT,0.43295792,0.3915930688381195
CH_L_360a,6-12,2,EMT,0.4472926,0.39223822951316833
CH_L_360a,6-9,2,EMT,0.4389043,0.39182260632514954
CH_L_360a,7-10,2,EMT,0.43175292,0.3917168378829956
CH_L_360a,7-11,2,EMT,0.42184305,0.39172184467315674
CH_L_360a,7-12,2,EMT,0.41364163,0.39215096831321716
CH_L_360a,7-13,2,EMT,0.45618498,0.39275825023651123
CH_L_360a,7-9,2,EMT,0.462101,0.3914525806903839
CH_L_360a,8-10,2,EMT,0.32918614,0.39171868562698364
CH_L_360a,8-11,2,EMT,0.3845211,0.39158204197883606
CH_L_360a,8-12,2,EMT,0.37306213,0.39189064502716064
CH_L_360a,8-13,2,EMT,0.35017547,0.3927122950553894
CH_L_360a,8-9,2,EMT,0.3981661,0.3916746973991394
CH_L_360a,9-10,2,EMT,0.35977045,0.3921222686767578
CH_L_360a,9-11,2,EMT,0.36794853,0.39198750257492065
CH_L_360a,9-12,2,EMT,0.38429466,0.3922986090183258
CH_L_360a,9-13,2,EMT,0.42404237,0.39265215396881104
CH_L_360a,9-9,2,EMT,0.3982142,0.39240649342536926
CH_L_361a,10-10,4,EMT,0.5348364,0.39393576979637146
CH_L_361a,10-11,4,EMT,0.5730184,0.3945589065551758
CH_L_361a,10-6,4,EMT,0.44152093,0.3932183086872101
CH_L_361a,10-7,4,EMT,0.48933592,0.3930375576019287
CH_L_361a,10-8,4,EMT,0.5038286,0.3924376368522644
CH_L_361a,10-9,4,EMT,0.5044462,0.3923940658569336
CH_L_361a,11-10,4,EMT,0.5359935,0.3946949541568756
CH_L_361a,11-11,4,EMT,0.5278911,0.39394378662109375
CH_L_361a,11-6,4,EMT,0.44597292,0.3950747847557068
CH_L_361a,11-7,4,EMT,0.4519696,0.3945186734199524
CH_L_361a,11-8,4,EMT,0.5372826,0.39462924003601074
CH_L_361a,11-9,4,EMT,0.5364109,0.394710898399353
CH_L_361a,12-10,4,EMT,0.51999044,0.3946949541568756
CH_L_361a,12-11,4,EMT,0.502815,0.39394378662109375
CH_L_361a,12-6,4,EMT,0.42852923,0.3950747847557068
CH_L_361a,12-7,4,EMT,0.43923986,0.3945186734199524
CH_L_361a,12-8,4,EMT,0.5369908,0.39462924003601074
CH_L_361a,12-9,4,EMT,0.48092332,0.394710898399353
CH_L_361a,7-10,4,EMT,0.47253466,0.392621785402298
CH_L_361a,7-11,4,EMT,0.44907194,0.39462825655937195
CH_L_361a,7-9,4,EMT,0.49038994,0.39016783237457275
CH_L_361a,8-10,4,EMT,0.4679144,0.3922397792339325
CH_L_361a,8-11,4,EMT,0.53594536,0.3944336175918579
CH_L_361a,8-8,4,EMT,0.5197791,0.39079275727272034
CH_L_361a,8-9,4,EMT,0.49470836,0.39043524861335754
CH_L_361a,9-10,4,EMT,0.55220395,0.392393559217453
CH_L_361a,9-11,4,EMT,0.5365134,0.3946673274040222
CH_L_361a,9-6,4,EMT,0.4872611,0.3913121223449707
CH_L_361a,9-7,4,EMT,0.54187083,0.3919154405593872
CH_L_361a,9-8,4,EMT,0.5225466,0.3906048536300659
CH_L_361a,9-9,4,EMT,0.5063986,0.3906795084476471
CH_L_362a,10-10,3,EMT,0.51690197,0.393766313791275
CH_L_362a,10-11,3,EMT,0.4778671,0.39379629492759705
CH_L_362a,10-12,3,EMT,0.30983692,0.39379629492759705
CH_L_362a,10-13,3,EMT,0.29670575,0.39379629492759705
CH_L_362a,10-14,3,EMT,0.30255803,0.39379629492759705
CH_L_362a,10-9,3,EMT,0.43435025,0.39424705505371094
CH_L_362a,11-10,3,EMT,0.43141305,0.3936254382133484
CH_L_362a,11-11,3,EMT,0.46281725,0.3936552405357361
CH_L_362a,11-13,3,EMT,0.25797728,0.3936552405357361
CH_L_362a,11-14,3,EMT,0.3231696,0.3936552405357361
CH_L_362a,11-9,3,EMT,0.4675256,0.3942122459411621
CH_L_362a,12-10,3,EMT,0.45784795,0.3936254382133484
CH_L_362a,12-11,3,EMT,0.46510538,0.3936552405357361
CH_L_362a,7-11,3,EMT,0.33907914,0.39487144351005554
CH_L_362a,7-12,3,EMT,0.19994587,0.39487144351005554
CH_L_362a,7-13,3,EMT,0.28466174,0.39487144351005554
CH_L_362a,7-14,3,EMT,0.36784554,0.39487144351005554
CH_L_362a,7-9,3,EMT,0.31888387,0.39815255999565125
CH_L_362a,8-10,3,EMT,0.40096113,0.3950849771499634
CH_L_362a,8-11,3,EMT,0.3700923,0.3946779668331146
CH_L_362a,8-12,3,EMT,0.2437782,0.3946779668331146
CH_L_362a,8-13,3,EMT,0.32420123,0.3946779668331146
CH_L_362a,8-14,3,EMT,0.38191274,0.3946779668331146
CH_L_362a,8-9,3,EMT,0.4243134,0.39723512530326843
CH_L_362a,9-10,3,EMT,0.4110992,0.3945212662220001
CH_L_362a,9-11,3,EMT,0.43337473,0.39435848593711853
CH_L_362a,9-12,3,EMT,0.29832274,0.39435848593711853
CH_L_362a,9-13,3,EMT,0.32012478,0.39435848593711853
CH_L_362a,9-14,3,EMT,0.40764377,0.39435848593711853
CH_L_362a,9-9,3,EMT,0.4277189,0.39624136686325073
CH_L_363a,10-10,2,EMT,0.40437946,0.39716893434524536
CH_L_363a,10-11,2,EMT,0.3433507,0.3966905176639557
CH_L_363a,10-6,2,EMT,0.46558177,0.39467594027519226
CH_L_363a,10-7,2,EMT,0.34283686,0.39607539772987366
CH_L_363a,6-10,2,EMT,0.31465903,0.3962969481945038
CH_L_363a,6-11,2,EMT,0.3182349,0.3960176706314087
CH_L_363a,6-6,2,EMT,0.36502704,0.3934711217880249
CH_L_363a,6-7,2,EMT,0.21853201,0.39335668087005615
CH_L_363a,7-10,2,EMT,0.40243068,0.3960650563240051
CH_L_363a,7-11,2,EMT,0.32123777,0.39613077044487
CH_L_363a,7-6,2,EMT,0.38646266,0.3938254714012146
CH_L_363a,7-7,2,EMT,0.24889821,0.39271917939186096
CH_L_363a,8-10,2,EMT,0.4178269,0.3961959779262543
CH_L_363a,8-6,2,EMT,0.34976012,0.39342883229255676
CH_L_363a,8-7,2,EMT,0.23032211,0.39278706908226013
CH_L_363a,9-10,2,EMT,0.4113268,0.3967483937740326
CH_L_363a,9-11,2,EMT,0.37084755,0.3966195583343506
CH_L_363a,9-6,2,EMT,0.39718908,0.39309248328208923
CH_L_363a,9-7,2,EMT,0.25356883,0.3973127603530884
CH_L_363a,9-8,2,EMT,0.34266758,0.39608150720596313
CH_L_363a,9-9,2,EMT,0.3384736,0.39664745330810547
CH_L_364a,2-11,1,EMT,0.5113277,0.3877910375595093
CH_L_364a,3-10,1,EMT,0.5209722,0.3873303532600403
CH_L_364a,3-11,1,EMT,0.5134241,0.3868829607963562
CH_L_364a,3-7,1,EMT,0.6051139,0.3812791407108307
CH_L_364a,3-8,1,EMT,0.5988482,0.3818487226963043
CH_L_364a,3-9,1,EMT,0.5293845,0.38627365231513977
CH_L_364a,4-11,1,EMT,0.49215436,0.3793511688709259
CH_L_364a,4-8,1,EMT,0.566219,0.37924724817276
CH_L_364a,5-11,1,EMT,0.45901006,0.3799765706062317
CH_L_364a,6-11,1,EMT,0.45362422,0.38740435242652893
CH_L_367a,5-10,1,EMT,0.40248665,0.3877564072608948
CH_L_367a,5-11,1,EMT,0.45134273,0.3877564072608948
CH_L_367a,5-9,1,EMT,0.3955851,0.39130085706710815
CH_L_367a,6-11,1,EMT,0.41065738,0.38787320256233215
CH_L_367a,6-12,1,EMT,0.45730212,0.38787320256233215
CH_L_367a,6-13,1,EMT,0.55402106,0.38787320256233215
CH_L_367a,6-9,1,EMT,0.43862888,0.3922141194343567
CH_L_367a,7-10,1,EMT,0.4204357,0.3901708126068115
CH_L_367a,7-11,1,EMT,0.41358462,0.3901708126068115
CH_L_367a,7-12,1,EMT,0.36250865,0.3901708126068115
CH_L_367a,7-13,1,EMT,0.34248757,0.3901708126068115
CH_L_367a,7-9,1,EMT,0.4108605,0.3942241668701172
CH_L_367a,8-10,1,EMT,0.42281199,0.3889316916465759
CH_L_367a,8-11,1,EMT,0.3814701,0.3889316916465759
CH_L_367a,8-12,1,EMT,0.40806368,0.3889316916465759
CH_L_367a,8-13,1,EMT,0.3952985,0.3889316916465759
CH_L_367a,8-9,1,EMT,0.42931524,0.3936651647090912
CH_L_367a,9-10,1,EMT,0.35514432,0.38693591952323914
CH_L_367a,9-11,1,EMT,0.37457883,0.38693591952323914
CH_L_367a,9-12,1,EMT,0.42291108,0.38693591952323914
CH_L_367a,9-13,1,EMT,0.604747,0.38693591952323914
CH_L_367a,9-9,1,EMT,0.36453354,0.3861016035079956
CH_L_368a,4-5,4,EMT,0.59517026,0.39517030119895935
CH_L_368a,4-6,4,EMT,0.6158368,0.3962002992630005
CH_L_368a,4-7,4,EMT,0.62894326,0.3961730897426605
CH_L_368a,5-3,4,EMT,0.60318494,0.39514651894569397
CH_L_368a,5-4,4,EMT,0.57405716,0.3950783908367157
CH_L_368a,5-5,4,EMT,0.51439327,0.3967305123806
CH_L_368a,5-6,4,EMT,0.5777606,0.3965696096420288
CH_L_368a,5-7,4,EMT,0.6240191,0.3964006006717682
CH_L_368a,5-8,4,EMT,0.63611716,0.3964006006717682
CH_L_368a,6-4,4,EMT,0.5625981,0.3959251642227173
CH_L_368a,6-5,4,EMT,0.5652385,0.3964828550815582
CH_L_368a,6-6,4,EMT,0.5294808,0.39591890573501587
CH_L_368a,6-7,4,EMT,0.6235835,0.3959711492061615
CH_L_368a,7-4,4,EMT,0.59437454,0.39631643891334534
CH_L_368a,7-5,4,EMT,0.57684374,0.3962721824645996
CH_L_368a,7-6,4,EMT,0.5611415,0.3957499563694
CH_L_368a,7-7,4,EMT,0.528371,0.3957933187484741
CH_L_368a,7-8,4,EMT,0.5674716,0.3957933187484741
CH_L_368a,8-4,4,EMT,0.57848513,0.39631643891334534
CH_L_368a,8-5,4,EMT,0.5589042,0.3962721824645996
CH_L_368a,8-6,4,EMT,0.5157424,0.3957499563694
CH_L_368a,8-7,4,EMT,0.479517,0.3957933187484741
CH_L_368a,8-8,4,EMT,0.4891187,0.3957933187484741
CH_L_368a,9-5,4,EMT,0.556751,0.3962721824645996
CH_L_368a,9-6,4,EMT,0.5473409,0.3957499563694
CH_L_368a,9-7,4,EMT,0.5007623,0.3957933187484741
CH_L_369a,10-5,2,EMT,0.4775964,0.3974989056587219
CH_L_369a,10-6,2,EMT,0.3931741,0.39617598056793213
CH_L_369a,10-7,2,EMT,0.4419192,0.39656683802604675
CH_L_369a,10-8,2,EMT,0.4284023,0.3972421884536743
CH_L_369a,11-5,2,EMT,0.48079982,0.3974989056587219
CH_L_369a,11-6,2,EMT,0.33590928,0.39617598056793213
CH_L_369a,11-7,2,EMT,0.3654923,0.39656683802604675
CH_L_369a,11-8,2,EMT,0.39980853,0.3972421884536743
CH_L_369a,6-4,2,EMT,0.3953221,0.39745035767555237
CH_L_369a,6-5,2,EMT,0.34652746,0.39698871970176697
CH_L_369a,6-6,2,EMT,0.26462877,0.39701101183891296
CH_L_369a,6-7,2,EMT,0.35183376,0.39792004227638245
CH_L_369a,6-8,2,EMT,0.43769807,0.39754754304885864
CH_L_369a,7-5,2,EMT,0.35321856,0.3968622088432312
CH_L_369a,7-6,2,EMT,0.32289588,0.3970637023448944
CH_L_369a,7-7,2,EMT,0.308071,0.3976234495639801
CH_L_369a,7-8,2,EMT,0.375543,0.39635518193244934
CH_L_369a,8-4,2,EMT,0.5005332,0.3967857360839844
CH_L_369a,8-5,2,EMT,0.35207942,0.3975149989128113
CH_L_369a,8-6,2,EMT,0.32494658,0.3961903154850006
CH_L_369a,8-7,2,EMT,0.35322174,0.39657458662986755
CH_L_369a,8-8,2,EMT,0.4022222,0.3972516357898712
CH_L_369a,9-5,2,EMT,0.37109792,0.3974989056587219
CH_L_369a,9-6,2,EMT,0.379373,0.39617598056793213
CH_L_369a,9-8,2,EMT,0.43528822,0.3972421884536743
CH_L_371a,10-4,3,EMT,0.37858403,0.3948379456996918
CH_L_371a,10-5,3,EMT,0.3708259,0.39500924944877625
CH_L_371a,10-6,3,EMT,0.3549119,0.394603967666626
CH_L_371a,10-7,3,EMT,0.3578852,0.3943388760089874
CH_L_371a,10-8,3,EMT,0.29324663,0.39418864250183105
CH_L_371a,10-9,3,EMT,0.23620194,0.39431458711624146
CH_L_371a,11-8,3,EMT,0.24629271,0.39419442415237427
CH_L_371a,6-4,3,EMT,0.4908936,0.3943238854408264
CH_L_371a,6-5,3,EMT,0.40722576,0.3944001793861389
CH_L_371a,6-6,3,EMT,0.33396098,0.3950960040092468
CH_L_371a,6-7,3,EMT,0.2952984,0.3958795666694641
CH_L_371a,6-8,3,EMT,0.36963862,0.3959926664829254
CH_L_371a,7-4,3,EMT,0.31310692,0.39445528388023376
CH_L_371a,7-5,3,EMT,0.27263424,0.3945380449295044
CH_L_371a,7-6,3,EMT,0.25667766,0.395305335521698
CH_L_371a,7-7,3,EMT,0.27015427,0.39614152908325195
CH_L_371a,7-8,3,EMT,0.34898597,0.3958786427974701
CH_L_371a,8-4,3,EMT,0.3405289,0.39460036158561707
CH_L_371a,8-5,3,EMT,0.29134706,0.3941701054573059
CH_L_371a,8-6,3,EMT,0.34105283,0.39560726284980774
CH_L_371a,8-7,3,EMT,0.35599926,0.39418646693229675
CH_L_371a,8-8,3,EMT,0.35693425,0.3929005563259125
CH_L_371a,8-9,3,EMT,0.3175525,0.39344581961631775
CH_L_371a,9-4,3,EMT,0.34633687,0.3956489861011505
CH_L_371a,9-5,3,EMT,0.35835296,0.3955182731151581
CH_L_371a,9-6,3,EMT,0.35931557,0.3953733742237091
CH_L_371a,9-7,3,EMT,0.39384338,0.39373263716697693
CH_L_371a,9-8,3,EMT,0.31218475,0.3956894874572754
CH_L_371a,9-9,3,EMT,0.20687088,0.39530181884765625
CH_L_372a,10-16,4,EMT,0.4541841,0.3947279453277588
CH_L_372a,10-17,4,EMT,0.39393386,0.3947279453277588
CH_L_372a,10-18,4,EMT,0.36376467,0.3947279453277588
CH_L_372a,10-19,4,EMT,0.31839103,0.3947279453277588
CH_L_372a,10-20,4,EMT,0.30220312,0.3947279453277588
CH_L_372a,11-18,4,EMT,0.2962891,0.3955366313457489
CH_L_372a,11-19,4,EMT,0.3440135,0.3955366313457489
CH_L_372a,11-20,4,EMT,0.33755463,0.3955366313457489
CH_L_372a,6-16,4,EMT,0.4315978,0.3947075307369232
CH_L_372a,6-17,4,EMT,0.36586562,0.3947075307369232
CH_L_372a,6-18,4,EMT,0.38296106,0.3947075307369232
CH_L_372a,6-19,4,EMT,0.3009723,0.3947075307369232
CH_L_372a,6-20,4,EMT,0.3375642,0.3947075307369232
CH_L_372a,6-21,4,EMT,0.33867842,0.3947075307369232
CH_L_372a,7-16,4,EMT,0.4433135,0.3945469558238983
CH_L_372a,7-17,4,EMT,0.40311375,0.3945469558238983
CH_L_372a,7-18,4,EMT,0.32460544,0.3945469558238983
CH_L_372a,7-19,4,EMT,0.29749006,0.3945469558238983
CH_L_372a,7-20,4,EMT,0.37371528,0.3945469558238983
CH_L_372a,7-21,4,EMT,0.2953691,0.3945469558238983
CH_L_372a,8-16,4,EMT,0.41184968,0.39455336332321167
CH_L_372a,8-17,4,EMT,0.3907903,0.39455336332321167
CH_L_372a,8-18,4,EMT,0.37681514,0.39455336332321167
CH_L_372a,8-19,4,EMT,0.33584982,0.39455336332321167
CH_L_372a,8-20,4,EMT,0.44293085,0.39455336332321167
CH_L_372a,8-21,4,EMT,0.32647413,0.39455336332321167
CH_L_372a,9-16,4,EMT,0.43418363,0.394822359085083
CH_L_372a,9-17,4,EMT,0.3563394,0.394822359085083
CH_L_372a,9-18,4,EMT,0.34154168,0.394822359085083
CH_L_372a,9-19,4,EMT,0.35259262,0.394822359085083
CH_L_372a,9-20,4,EMT,0.33722132,0.394822359085083
CH_L_373a,2-7,0,EMT,0.4571026,0.40315401554107666
CH_L_373a,2-8,0,EMT,0.46569508,0.40315401554107666
CH_L_373a,3-4,0,EMT,0.5651718,0.3984532654285431
CH_L_373a,3-7,0,EMT,0.5885641,0.40295976400375366
CH_L_373a,3-8,0,EMT,0.4428955,0.40295976400375366
CH_L_373a,4-6,0,EMT,0.44303387,0.4033019542694092
CH_L_373a,4-8,0,EMT,0.45610005,0.4033019542694092
CH_L_373a,5-4,0,EMT,0.45761806,0.3996383249759674
CH_L_373a,5-5,0,EMT,0.43812782,0.40242424607276917
CH_L_373a,5-6,0,EMT,0.36154735,0.402576208114624
CH_L_373a,5-7,0,EMT,0.40598077,0.4026030898094177
CH_L_373a,5-8,0,EMT,0.41833556,0.4026030898094177
CH_L_373a,6-5,0,EMT,0.54207855,0.3994431793689728
CH_L_373a,6-6,0,EMT,0.4956321,0.3994787931442261
CH_L_373a,6-7,0,EMT,0.4220141,0.39944928884506226
CH_L_373a,6-8,0,EMT,0.4316102,0.39944928884506226
CH_L_373a,7-6,0,EMT,0.52351975,0.39952409267425537
CH_L_376a,0-5,3,EMT,0.38833278,0.39747145771980286
CH_L_376a,0-6,3,EMT,0.32404572,0.39747145771980286
CH_L_376a,0-8,3,EMT,0.52029026,0.39747145771980286
CH_L_387a,2-2,4,EMT,0.4291516,0.39753371477127075
CH_L_387a,2-5,4,EMT,0.48078215,0.396228551864624
CH_L_387a,3-5,4,EMT,0.49065128,0.3961353302001953
CH_L_387a,3-6,4,EMT,0.40434003,0.3961353302001953
CH_L_387a,5-2,4,EMT,0.2984941,0.3963756561279297
CH_L_387a,6-2,4,EMT,0.4931458,0.3963756561279297
CH_L_388a,2-5,4,EMT,0.33206096,0.39687907695770264
CH_L_388a,2-6,4,EMT,0.33049387,0.39687907695770264
CH_L_389a,2-6,2,EMT,0.40103188,0.3977479040622711
CH_L_389a,2-7,2,EMT,0.45987192,0.3977479040622711
CH_L_389a,4-6,2,EMT,0.4865414,0.39862295985221863
CH_L_389a,4-7,2,EMT,0.49090105,0.39862295985221863
CH_L_390a,9-8,3,EMT,0.1980416,0.39301326870918274
CH_L_395a,2-2,2,EMT,0.4983002,0.3995438516139984
CH_L_395a,5-1,2,EMT,0.63458073,0.39772722125053406
CH_L_395a,5-2,2,EMT,0.62863487,0.3981354534626007
CH_L_395a,6-2,2,EMT,0.6367217,0.3981354534626007
CH_L_399a,10-4,0,EMT,0.20930864,0.39997774362564087
CH_L_399a,11-4,0,EMT,0.2547643,0.39997774362564087
CH_L_399a,11-5,0,EMT,0.34798473,0.39974188804626465
CH_L_400a,0-1,3,EMT,0.5674081,0.39920490980148315
CH_L_400a,1-2,3,EMT,0.5352916,0.3990517556667328
CH_L_403a,4-3,3,EMT,0.49698356,0.39868053793907166
CH_L_403a,4-4,3,EMT,0.4157927,0.39902737736701965
CH_L_403a,4-6,3,EMT,0.49117115,0.3969055116176605
CH_L_403a,5-3,3,EMT,0.50718415,0.3998040556907654
CH_L_403a,5-6,3,EMT,0.5049074,0.3971361815929413
CH_L_403a,6-6,3,EMT,0.4394204,0.3957575857639313
CH_L_403a,6-7,3,EMT,0.44232482,0.3956659734249115
CH_L_403a,7-7,3,EMT,0.49491152,0.3957046866416931
