patient_id,tile_id,tile_row,tile_col,tile_purity,n_spots,FMRP_signature_score,Cell_cycle_signature_score,YAP_signature_score,WNT_signature_score,EMT_signature_score,x_min_fullres,y_min_fullres,x_max_fullres,y_max_fullres,FMRP_signature_score_binary,Cell_cycle_signature_score_binary,YAP_signature_score_binary,WNT_signature_score_binary,EMT_signature_score_binary
CH_L_275a,10-14,10,14,0.8511358336361634,105,0.05336233422166466,0.15718730014476825,0.3252209022468379,0.00030597418522967067,0.3786356250651232,26656,19040,28560,20944,1.0,1.0,0.0,1.0,0.0
CH_L_275a,10-15,10,15,0.6338300730071229,110,0.04726879516310022,0.15356677862154886,0.31590232244934047,-0.02211598827795834,0.40581840176898604,28560,19040,30464,20944,1.0,1.0,0.0,0.0,0.0
CH_L_275a,10-16,10,16,0.3481172207343023,110,0.020588126862174077,0.09375152146200204,0.3489352597980379,-0.04227933848465538,0.4561476283369859,30464,19040,32368,20944,0.0,0.0,0.0,0.0,1.0
CH_L_275a,10-17,10,17,0.6945363590036884,110,0.020380837377557456,0.14563270652242075,0.35777743154888914,-0.03521511582755416,0.4020298342175669,32368,19040,34272,20944,0.0,1.0,0.0,0.0,0.0
CH_L_275a,10-18,10,18,0.573627961542358,114,-0.004157058730488521,0.12793488828607402,0.39387617444861217,-0.04433694039805689,0.3839285074686025,34272,19040,36176,20944,0.0,0.0,0.0,0.0,0.0
CH_L_275a,10-19,10,19,0.43605477188737374,118,-0.029571441487230687,0.11771923900481464,0.40712965135586227,-0.05723997549260572,0.33837550331109695,36176,19040,38080,20944,0.0,0.0,0.0,0.0,0.0
CH_L_275a,10-20,10,20,0.34475647969658996,54,-0.049404764792792065,0.06384474958971485,0.43694164435940414,-0.09315034112359875,0.3672096002867935,38080,19040,39984,20944,0.0,0.0,1.0,0.0,0.0
CH_L_275a,11-14,11,14,0.7441099124311081,105,0.02707983474096764,0.11504066498437443,0.33740786960578606,-0.006807757046238294,0.41752679974743684,26656,20944,28560,22848,1.0,0.0,0.0,1.0,0.0
CH_L_275a,11-15,11,15,0.4243506576347706,118,0.026259360912648966,0.10528674594184319,0.3388298499102782,-0.03949235567225513,0.4564728569405828,28560,20944,30464,22848,0.0,0.0,0.0,0.0,1.0
CH_L_275a,11-16,11,16,0.3201100190609339,120,0.004862706903478236,0.056789985241870386,0.36360751248724205,-0.07390725716773557,0.4520179234363315,30464,20944,32368,22848,0.0,0.0,0.0,0.0,1.0
CH_L_275a,11-17,11,17,0.4749874880186927,120,0.0097108214374789,0.07249666423278828,0.36167745479510427,-0.051879609427327424,0.4579821734853329,32368,20944,34272,22848,0.0,0.0,0.0,0.0,1.0
CH_L_275a,11-18,11,18,0.6591974786414246,115,-0.005900600271686368,0.09578748740871769,0.3967373141429467,-0.05244953227843404,0.4225965148351659,34272,20944,36176,22848,0.0,0.0,0.0,0.0,0.0
CH_L_275a,11-19,11,19,0.5324817477760564,106,-0.031153666319026378,0.06082429364033003,0.431175174767061,-0.08534996278394097,0.41807171939258,36176,20944,38080,22848,0.0,0.0,1.0,0.0,0.0
CH_L_275a,11-20,11,20,0.3711931259570324,54,-0.04385891235639833,0.035824156388675095,0.4551228889177758,-0.1164787180943435,0.3853499153982301,38080,20944,39984,22848,0.0,0.0,1.0,0.0,0.0
CH_L_275a,12-14,12,14,0.4637173546702079,101,-0.013545602229964752,0.06829577043090637,0.384186651825904,-0.030166727828433104,0.4271172456171131,26656,22848,28560,24752,0.0,0.0,0.0,0.0,0.0
CH_L_275a,12-15,12,15,0.8023218732920576,111,0.02605457726204585,0.07798573775213552,0.3630803843134158,-0.012508824288180526,0.40045136781639196,28560,22848,30464,24752,0.0,0.0,0.0,1.0,0.0
CH_L_275a,12-16,12,16,0.7162950173613233,110,0.008628901622985042,0.05461876594168583,0.38919266699769184,-0.06026644252313551,0.4298329905263284,30464,22848,32368,24752,0.0,0.0,0.0,0.0,0.0
CH_L_275a,12-17,12,17,0.6078893651382606,105,-0.02427551971040169,0.04061940062663621,0.41735952691243106,-0.08917127548871212,0.41549843525243363,32368,22848,34272,24752,0.0,0.0,0.0,0.0,0.0
CH_L_275a,12-18,12,18,0.6899417895966363,107,-0.027245976341234417,0.020627288371639657,0.4408524724119024,-0.08971506955316803,0.4194609775226692,34272,22848,36176,24752,0.0,0.0,1.0,0.0,0.0
CH_L_275a,12-19,12,19,0.5872354980021407,111,-0.0652652252584087,0.034361358599170104,0.48555094811374233,-0.1232551238831896,0.3701378160161006,36176,22848,38080,24752,0.0,0.0,1.0,0.0,0.0
CH_L_275a,12-20,12,20,0.5771293352516422,59,-0.06932452339675871,0.03050758745539724,0.48861697677158583,-0.1285492238439465,0.3678544578480754,38080,22848,39984,24752,0.0,0.0,1.0,0.0,0.0
CH_L_275a,13-14,13,14,0.45202384125168427,66,-0.04195048190079064,0.07077065770889637,0.39367352695372415,-0.05284341169216348,0.5002583906609654,26656,24752,28560,26656,0.0,0.0,0.0,0.0,1.0
CH_L_275a,13-15,13,15,0.6020358355678408,70,-0.014436642024536723,0.0730434567434977,0.40261014146198093,-0.06522567198363205,0.4885690678911579,28560,24752,30464,26656,0.0,0.0,0.0,0.0,1.0
CH_L_275a,13-16,13,16,0.6507019276370772,90,-0.021578854905978308,0.08403303544814328,0.40991045074623833,-0.06880593165321564,0.46727041880050424,30464,24752,32368,26656,0.0,0.0,0.0,0.0,1.0
CH_L_275a,13-17,13,17,0.5707821948295618,114,-0.04251225919365013,0.050494290563120284,0.4274588979747497,-0.08884575920997517,0.4006602028357011,32368,24752,34272,26656,0.0,0.0,0.0,0.0,0.0
CH_L_275a,13-18,13,18,0.6751585801494786,97,-0.055591775760946704,0.03584588294099587,0.4562118785978451,-0.09861543039636683,0.3528694852228235,34272,24752,36176,26656,0.0,0.0,1.0,0.0,0.0
CH_L_275a,13-19,13,19,0.3820208022204071,116,-0.09381317214277064,0.03353954820614748,0.5139978982095247,-0.14292805053046367,0.2538826981012365,36176,24752,38080,26656,0.0,0.0,1.0,0.0,0.0
CH_L_275a,13-20,13,20,0.4861414516945525,55,-0.08794553363380994,0.02944714074046382,0.5055448110463007,-0.1434197191200197,0.2963874755494392,38080,24752,39984,26656,0.0,0.0,1.0,0.0,0.0
CH_L_275a,14-16,14,16,0.3221223132614828,64,-0.09892887575835334,0.026664007942970375,0.49910272775401376,-0.13171962257243877,0.314537854595117,30464,26656,32368,28560,0.0,0.0,1.0,0.0,0.0
CH_L_275a,8-14,8,14,0.5910869815955619,64,0.012970748860103756,0.08896769968916782,0.34820212935172373,-0.02247532779432451,0.43544468179456336,26656,15232,28560,17136,0.0,0.0,0.0,0.0,0.0
CH_L_275a,8-15,8,15,0.8295703393905471,65,0.05596291908200293,0.14823936787622838,0.30896498214296164,0.014331881220517194,0.3916853038224545,28560,15232,30464,17136,1.0,1.0,0.0,1.0,0.0
CH_L_275a,8-16,8,16,0.5953397108878908,76,0.03902101957795572,0.12879517120921566,0.3256721340811282,0.026208349277476128,0.46367908421359266,30464,15232,32368,17136,1.0,1.0,0.0,1.0,1.0
CH_L_275a,8-17,8,17,0.5276583392755823,81,0.03819059586914142,0.13756059997707787,0.3508246564657809,0.006429119765186084,0.4665054211963293,32368,15232,34272,17136,1.0,1.0,0.0,1.0,1.0
CH_L_275a,8-18,8,18,0.5873323011217603,112,0.022145095983110926,0.14237992918298836,0.3762709909708531,-0.008026980627980403,0.4091451833092705,34272,15232,36176,17136,0.0,1.0,0.0,1.0,0.0
CH_L_275a,9-14,9,14,0.612656371408579,114,0.034959942822912,0.09901135057146108,0.3365732175926089,-0.03974965599982391,0.42497474007558267,26656,17136,28560,19040,1.0,0.0,0.0,0.0,0.0
CH_L_275a,9-15,9,15,0.7516068810924673,120,0.05767900745031787,0.16754802173839511,0.3187073396420663,0.013798635785914665,0.4178300861523174,28560,17136,30464,19040,1.0,1.0,0.0,1.0,0.0
CH_L_275a,9-16,9,16,0.6909600746437331,116,0.05230237122370092,0.14359064452423997,0.3181759292694942,0.03770837217897403,0.4438393404971041,30464,17136,32368,19040,1.0,1.0,0.0,1.0,1.0
CH_L_275a,9-17,9,17,0.8200327166980316,113,0.04714691315126606,0.21673472993202292,0.3130719886206644,0.030739260437952637,0.3993948553001747,32368,17136,34272,19040,1.0,1.0,0.0,1.0,0.0
CH_L_275a,9-18,9,18,0.3664419561686274,110,-0.007531228477690011,0.10668736643850418,0.40201379926054787,-0.04403627544602593,0.39581206868557167,34272,17136,36176,19040,0.0,0.0,0.0,0.0,0.0
CH_L_275a,9-20,9,20,0.4375122915803597,50,-0.014658175240908632,0.051504056198563075,0.41913098338729327,-0.08865298680359981,0.41307676669474064,38080,17136,39984,19040,0.0,0.0,0.0,0.0,0.0
CH_L_276a,10-10,10,10,0.34179581430353584,94,-0.08997853011101496,0.042463759433476876,0.4939289604233717,-0.1308250572920861,0.24726581518488658,19040,19040,20944,20944,0.0,0.0,1.0,0.0,0.0
CH_L_276a,10-12,10,12,0.3779225883560457,121,-0.03885439042632599,0.15951036455157902,0.3209059463369486,0.04163126613380683,0.4167577205914887,22848,19040,24752,20944,0.0,0.0,0.0,0.0,0.0
CH_L_276a,10-13,10,13,0.3167335795519849,111,-0.03833817225384403,0.1652087435547356,0.2987194700712925,0.04356619272914027,0.4292182041649973,24752,19040,26656,20944,0.0,0.0,0.0,0.0,0.0
CH_L_276a,10-14,10,14,0.5255120537233454,119,-0.02177500246306855,0.1932658759341629,0.34383069292675766,0.054690267589668745,0.4303058269127961,26656,19040,28560,20944,1.0,0.0,0.0,1.0,0.0
CH_L_276a,10-15,10,15,0.47801354666462276,112,-0.030238481744251356,0.1939664206792545,0.34109824171070063,0.029020794351355406,0.44440271015711236,28560,19040,30464,20944,0.0,0.0,0.0,0.0,0.0
CH_L_276a,10-16,10,16,0.44421721471693343,74,-0.023083907946912452,0.19012567496174002,0.3342226033521088,0.01747379065074208,0.4697024786176816,30464,19040,32368,20944,1.0,0.0,0.0,0.0,1.0
CH_L_276a,11-10,11,10,0.41176809587960317,91,-0.08625633082620239,0.060336848200441995,0.47756769591328396,-0.12576891328245843,0.3158037809814766,19040,20944,20944,22848,0.0,0.0,1.0,0.0,0.0
CH_L_276a,11-13,11,13,0.37934755768534806,117,-0.026761423354426776,0.15900887471792205,0.31884785042311026,0.05376985577004417,0.45202613529268615,24752,20944,26656,22848,0.0,0.0,0.0,1.0,0.0
CH_L_276a,11-14,11,14,0.5581378302550151,113,-0.01431242946237734,0.20684033339885805,0.3535134333353744,0.07094133006354353,0.4445303775931757,26656,20944,28560,22848,1.0,0.0,0.0,1.0,0.0
CH_L_276a,11-15,11,15,0.482447349348215,118,-0.020876482089995128,0.217956461358345,0.32335199220624083,0.04783664822930377,0.4343160543395318,28560,20944,30464,22848,1.0,1.0,0.0,1.0,0.0
CH_L_276a,11-16,11,16,0.3666161711739864,64,-0.03785253159865351,0.19733660760609592,0.2933397637938205,0.025045489019517097,0.4415325084415224,30464,20944,32368,22848,0.0,0.0,0.0,0.0,0.0
CH_L_276a,12-11,12,11,0.46034561534131374,110,-0.048091814212011114,0.10672579955612779,0.39081513557564906,-0.04945154759991831,0.44831372594312563,20944,22848,22848,24752,0.0,0.0,1.0,0.0,0.0
CH_L_276a,12-13,12,13,0.5542539051972925,113,-0.02271322570296622,0.1441425983532073,0.35514002772399383,0.06350695948076958,0.4286167662364425,24752,22848,26656,24752,1.0,0.0,1.0,1.0,0.0
CH_L_276a,12-14,12,14,0.4514746629737976,118,-0.023489724101885625,0.18196998077105916,0.3259652057291595,0.06433169508411062,0.4675427337988269,26656,22848,28560,24752,0.0,0.0,0.0,1.0,1.0
CH_L_276a,12-15,12,15,0.4747602730971185,112,-0.028639125033303403,0.20634272174870233,0.3246791323273482,0.04388797454856135,0.4333956372848358,28560,22848,30464,24752,0.0,0.0,0.0,1.0,0.0
CH_L_276a,12-16,12,16,0.433268805626589,64,-0.040501467844534865,0.21450131877648754,0.32044734472159037,0.0370252888358111,0.4228661643888348,30464,22848,32368,24752,0.0,1.0,0.0,0.0,0.0
CH_L_276a,13-11,13,11,0.4774130113656771,118,-0.033351503677172115,0.1346743205487879,0.33165770125422217,-0.008670865826537408,0.5158966472740575,20944,24752,22848,26656,0.0,0.0,0.0,0.0,1.0
CH_L_276a,13-13,13,13,0.5113792262297738,119,-0.04895524303507158,0.12980052781764384,0.3617297807339845,-0.0009886254504740555,0.4193882962293012,24752,24752,26656,26656,0.0,0.0,1.0,0.0,0.0
CH_L_276a,13-14,13,14,0.4347569878492028,111,-0.0458279744386045,0.129072305067514,0.34642325372429184,0.020349308079112113,0.4096468414523126,26656,24752,28560,26656,0.0,0.0,0.0,0.0,0.0
CH_L_276a,13-15,13,15,0.43059995020811986,118,-0.03601260165588594,0.1521929367319061,0.3491336819511928,0.026968705600092117,0.45901870130457634,28560,24752,30464,26656,0.0,0.0,0.0,0.0,0.0
CH_L_276a,13-16,13,16,0.47381764609780025,54,-0.041507057777477374,0.21435303343445983,0.3545999659964622,0.02402092131007362,0.429132704781307,30464,24752,32368,26656,0.0,1.0,0.0,0.0,0.0
CH_L_276a,7-11,7,11,0.4051947579916304,90,-0.06851402309376305,0.18259650556284754,0.38071184461506563,-0.06566273491612569,0.4145829133124095,20944,13328,22848,15232,0.0,0.0,1.0,0.0,0.0
CH_L_276a,7-12,7,12,0.46908935168744426,80,-0.039575497376987345,0.19633460373002457,0.35508726075600994,-0.016435832339540487,0.43547604239718724,22848,13328,24752,15232,0.0,0.0,0.0,0.0,0.0
CH_L_276a,7-13,7,13,0.34730362948779486,77,-0.016376900116328766,0.2593868824056698,0.3051107992602317,0.026255962578033344,0.4764398370545065,24752,13328,26656,15232,1.0,1.0,0.0,0.0,1.0
CH_L_276a,7-14,7,14,0.3321455130728885,70,-0.007476202668111755,0.2809002016988158,0.2851254899356235,0.024836744876682845,0.5070216982132063,26656,13328,28560,15232,1.0,1.0,0.0,0.0,1.0
CH_L_276a,7-15,7,15,0.32604512607302877,67,0.0015678145361659851,0.19662118957355101,0.2853117915957927,0.04197638914810715,0.5773140051188104,28560,13328,30464,15232,1.0,0.0,0.0,0.0,1.0
CH_L_276a,8-10,8,10,0.39818909230889404,83,-0.09952678003440564,0.07248345128496951,0.4847506238419452,-0.11796357293759267,0.3198180610604301,19040,15232,20944,17136,0.0,0.0,1.0,0.0,0.0
CH_L_276a,8-11,8,11,0.5532428204366312,110,-0.05505276658434846,0.12461736608093303,0.42423070130443596,-0.07003312363775419,0.38165043171368135,20944,15232,22848,17136,0.0,0.0,1.0,0.0,0.0
CH_L_276a,8-12,8,12,0.45291446444906613,120,-0.04087462297654892,0.18933068051308508,0.348424310853895,-0.03415769128730089,0.41083439412705897,22848,15232,24752,17136,0.0,0.0,0.0,0.0,0.0
CH_L_276a,8-13,8,13,0.5404637932967747,115,-0.02366834181338986,0.2213421369438396,0.353227758410393,0.030201134832926566,0.43082732891998815,24752,15232,26656,17136,0.0,1.0,0.0,0.0,0.0
CH_L_276a,8-14,8,14,0.41514221858088446,119,-0.009826322938536572,0.26000774978306496,0.2936746734667429,0.048536276854180466,0.5182882290726412,26656,15232,28560,17136,1.0,1.0,0.0,1.0,1.0
CH_L_276a,8-15,8,15,0.3083950748048824,110,-0.025841413683141776,0.24514339840111132,0.30008074393761974,0.0335878870531335,0.5311803161496902,28560,15232,30464,17136,0.0,1.0,0.0,0.0,1.0
CH_L_276a,9-10,9,10,0.3148929799257497,82,-0.0892652008490927,0.05483722978799634,0.4742580797181126,-0.12852526777606585,0.3142220145051931,19040,17136,20944,19040,0.0,0.0,1.0,0.0,0.0
CH_L_276a,9-11,9,11,0.4550529404626647,118,-0.05217650454221459,0.1416373742911104,0.37242381257596235,-0.03373437059090674,0.39730228956183516,20944,17136,22848,19040,0.0,0.0,1.0,0.0,0.0
CH_L_276a,9-12,9,12,0.4567591422829453,110,-0.04077879983017214,0.17684461557168288,0.3321353375928942,0.019823174472821573,0.4240385083555733,22848,17136,24752,19040,0.0,0.0,0.0,0.0,0.0
CH_L_276a,9-13,9,13,0.5004310746891726,119,-0.025881464842397117,0.20697758503927682,0.3374465394913667,0.0487677724197767,0.3985092199390026,24752,17136,26656,19040,0.0,0.0,0.0,1.0,0.0
CH_L_276a,9-14,9,14,0.4699391095065511,112,-0.008092421572894314,0.21502468507822267,0.3462869399845109,0.047216769302509246,0.46601299273394814,26656,17136,28560,19040,1.0,1.0,0.0,1.0,1.0
CH_L_276a,9-15,9,15,0.39157310430151604,117,-0.023960342254030677,0.24005619650266824,0.3271342836394264,0.03621905707541989,0.4879279001641226,28560,17136,30464,19040,0.0,1.0,0.0,0.0,1.0
CH_L_277a,2-12,2,12,0.36695808679351816,45,0.018647380650181535,0.10713987619287102,0.3514416830883729,-0.023137134622567234,0.5784153951106228,22848,3808,24752,5712,0.0,0.0,0.0,0.0,1.0
CH_L_277a,2-13,2,13,0.7235503175250766,70,0.09510290024362811,0.26911958346193654,0.3249439295962818,0.061801408604936166,0.4745233118312407,24752,3808,26656,5712,1.0,1.0,0.0,1.0,0.0
CH_L_277a,3-10,3,10,0.4697840764552097,82,0.005561471192679367,0.06593483352857187,0.37207012550299673,-0.03374290110213891,0.5845846057857784,19040,5712,20944,7616,0.0,0.0,0.0,0.0,1.0
CH_L_277a,3-11,3,11,0.677430559592278,113,0.06626543812518311,0.1591539503961283,0.33113614366594313,0.047474390667705174,0.474209579814182,20944,5712,22848,7616,0.0,0.0,0.0,0.0,0.0
CH_L_277a,3-12,3,12,0.8088704154307605,112,0.0833510055541395,0.26659772769987156,0.3445165493131596,0.0947811697272887,0.4307549314296506,22848,5712,24752,7616,1.0,1.0,0.0,1.0,0.0
CH_L_277a,3-13,3,13,0.915726265700375,95,0.10008240808514547,0.1941617155044652,0.3231866113256533,0.10463251869814431,0.3580732119958163,24752,5712,26656,7616,1.0,1.0,0.0,1.0,0.0
CH_L_277a,3-9,3,9,0.5478593356794814,53,-0.04458293243068488,0.02384596003354262,0.45176446186637637,-0.09052453067462647,0.5663431430055743,17136,5712,19040,7616,0.0,0.0,1.0,0.0,1.0
CH_L_277a,4-10,4,10,0.8323050815058523,120,0.09157794801764921,0.21952450267892132,0.3525908969817014,0.08617724819349436,0.405061502959627,19040,7616,20944,9520,1.0,1.0,0.0,1.0,0.0
CH_L_277a,4-11,4,11,0.8473763955359552,116,0.06859610855353432,0.1562964467262902,0.35723793897152584,0.08421842582720468,0.40325903012647957,20944,7616,22848,9520,1.0,0.0,0.0,1.0,0.0
CH_L_277a,4-12,4,12,0.704697783749089,114,0.0540606775217629,0.1683197663902497,0.33743998520033236,0.052524884140693076,0.39973531533910367,22848,7616,24752,9520,0.0,0.0,0.0,0.0,0.0
CH_L_277a,4-8,4,8,0.4423551684936665,99,-0.034261377013468694,0.03912258509109438,0.425917599279566,-0.05684682576817246,0.5708328392327369,15232,7616,17136,9520,0.0,0.0,1.0,0.0,1.0
CH_L_277a,4-9,4,9,0.530526859777476,121,0.005847440014977188,0.10955920260187921,0.3918523595425736,-0.021288837820339343,0.5344673395797054,17136,7616,19040,9520,0.0,0.0,1.0,0.0,0.0
CH_L_277a,5-10,5,10,0.6178790912469119,123,0.042073791120091915,0.15747751653247902,0.3679738240181332,0.05365564197283901,0.4590693065707501,19040,9520,20944,11424,0.0,0.0,0.0,0.0,0.0
CH_L_277a,5-11,5,11,0.6163448018145271,119,0.06058909147735568,0.1749435139719568,0.3583389664606007,0.0444143813447554,0.4344943766229736,20944,9520,22848,11424,0.0,0.0,0.0,0.0,0.0
CH_L_277a,5-12,5,12,0.6563643552144337,53,0.03916064244117108,0.2210483747201844,0.3508376093333396,0.0491183499610449,0.396005096174327,22848,9520,24752,11424,0.0,1.0,0.0,0.0,0.0
CH_L_277a,5-8,5,8,0.48927818793817907,98,-0.0013342326632951689,0.03892705184721514,0.4016855162475295,-0.03170732833580887,0.6191321751550367,15232,9520,17136,11424,0.0,0.0,1.0,0.0,1.0
CH_L_277a,5-9,5,9,0.7350873354378457,115,0.06714365928145336,0.18443923951192076,0.3391191315307164,0.07869229653284181,0.4661808696280685,17136,9520,19040,11424,1.0,0.0,0.0,1.0,0.0
CH_L_277a,6-10,6,10,0.6085464123559436,105,0.015511370451440559,0.12606100916245508,0.38463182684476604,0.019205529206045735,0.4172370070729213,19040,11424,20944,13328,0.0,0.0,1.0,0.0,0.0
CH_L_277a,6-8,6,8,0.400496419071239,96,-0.004804580008932827,0.03845051219763101,0.4069699084680436,-0.048122121537202765,0.6113688269327269,15232,11424,17136,13328,0.0,0.0,1.0,0.0,1.0
CH_L_277a,6-9,6,9,0.42065594010071494,108,0.030604625789658196,0.10913216241484835,0.3638404987609724,-0.0005157817949913968,0.522710477002781,17136,11424,19040,13328,0.0,0.0,0.0,0.0,0.0
CH_L_277a,7-8,7,8,0.6778458873589406,78,0.05393801746603472,0.19415363856595827,0.37494965925237833,0.06116161495571415,0.46921263024213605,15232,13328,17136,15232,0.0,1.0,0.0,0.0,0.0
CH_L_278a,10-13,10,13,0.3930096877941606,105,-0.040786294836310084,0.04818985240152451,0.4386871036653093,-0.09658493340979782,0.4646669593394058,24752,19040,26656,20944,0.0,0.0,1.0,0.0,0.0
CH_L_278a,10-14,10,14,0.571666120827624,104,0.03881368941430675,0.11612423785430791,0.3848178472794262,-0.010538475035460836,0.43983528252604864,26656,19040,28560,20944,0.0,0.0,0.0,0.0,0.0
CH_L_278a,10-15,10,15,0.5215414073516669,105,0.034110872844862236,0.12649694099405753,0.4023594139173064,-0.031028049993073733,0.4390104678621938,28560,19040,30464,20944,0.0,0.0,0.0,0.0,0.0
CH_L_278a,10-16,10,16,0.5345412783734127,104,0.03962689930054624,0.1406943148816218,0.381079641088153,-0.0013701170364518308,0.44946800853903757,30464,19040,32368,20944,0.0,0.0,0.0,0.0,0.0
CH_L_278a,10-17,10,17,0.46950680434173264,105,0.03258189786665765,0.14357854507987391,0.3687136659136954,0.01069516349152548,0.4667340162116626,32368,19040,34272,20944,0.0,0.0,0.0,0.0,0.0
CH_L_278a,10-18,10,18,0.5163150633491894,103,0.07482437645376101,0.14856188685660315,0.31989287364462066,0.05332241386647032,0.48162034679860577,34272,19040,36176,20944,1.0,0.0,0.0,1.0,1.0
CH_L_278a,11-13,11,13,0.47285697281115185,105,-0.005119265640630906,0.058566145158242176,0.40994075606395547,-0.08432012814211116,0.5011506345220907,24752,20944,26656,22848,0.0,0.0,1.0,0.0,1.0
CH_L_278a,11-14,11,14,0.7787098018604452,103,0.06708956453335857,0.14655620262830066,0.36726196213566276,0.016920868307909613,0.45210779581870547,26656,20944,28560,22848,0.0,0.0,0.0,0.0,0.0
CH_L_278a,11-15,11,15,0.7047985595932058,104,0.0805114281310349,0.16034297562071306,0.3475494187653999,0.032469565129926437,0.4614538425554746,28560,20944,30464,22848,1.0,1.0,0.0,1.0,0.0
CH_L_278a,11-16,11,16,0.6844647774573719,105,0.0780457934504911,0.1858680360179574,0.33660670326669245,0.044493843729526944,0.45202474623681693,30464,20944,32368,22848,1.0,1.0,0.0,1.0,0.0
CH_L_278a,11-17,11,17,0.47743317232922683,104,0.07349821839075453,0.18488753502622382,0.3250449780263549,0.037473333264864704,0.4861535883028304,32368,20944,34272,22848,1.0,1.0,0.0,1.0,1.0
CH_L_278a,11-18,11,18,0.5581123530043248,104,0.07665705963300441,0.13209010666097398,0.31520226287621933,0.03000050906488587,0.5057929087389048,34272,20944,36176,22848,1.0,0.0,0.0,0.0,1.0
CH_L_278a,12-13,12,13,0.5043313905536766,107,0.007780637288032603,0.09842522243172425,0.381615242385403,-0.05645019659005775,0.5081908848523579,24752,22848,26656,24752,0.0,0.0,0.0,0.0,1.0
CH_L_278a,12-14,12,14,0.7633520167930234,110,0.08790304533174445,0.17870051313632926,0.3364247507159252,0.04110784340901353,0.46375363600408304,26656,22848,28560,24752,1.0,1.0,0.0,1.0,0.0
CH_L_278a,12-15,12,15,0.7395893152260516,110,0.10218274028129506,0.2369213519332183,0.3316222594719737,0.06988041327430575,0.4658812125170602,28560,22848,30464,24752,1.0,1.0,0.0,1.0,0.0
CH_L_278a,12-16,12,16,0.47717095936713133,104,0.055835532831428135,0.17054640753349626,0.3441091646645553,0.033978280943769194,0.46328384123086025,30464,22848,32368,24752,0.0,1.0,0.0,1.0,0.0
CH_L_278a,13-13,13,13,0.6215909431361254,105,0.008421278851025154,0.05687382113064091,0.38859928875346506,-0.04149448959282143,0.4845303731538635,24752,24752,26656,26656,0.0,0.0,0.0,0.0,1.0
CH_L_278a,13-14,13,14,0.5468884574833437,94,0.007617146933930721,0.0757616290309937,0.41128710042094135,-0.028817939484141922,0.44860641249678657,26656,24752,28560,26656,0.0,0.0,1.0,0.0,0.0
CH_L_278a,7-12,7,12,0.5566969966246708,61,0.00982826941533491,0.1246160563484949,0.4195118763452649,-0.07249617228160204,0.42287908324571194,22848,13328,24752,15232,0.0,0.0,1.0,0.0,0.0
CH_L_278a,7-13,7,13,0.644903980492053,60,0.05808437498353033,0.20725794030797057,0.3560504386406825,-0.030787697116534476,0.44568058729973015,24752,13328,26656,15232,0.0,1.0,0.0,0.0,0.0
CH_L_278a,7-14,7,14,0.30167084078395945,57,-0.00445245685496548,0.10552169098195216,0.38833989346576603,-0.08160325283947262,0.4691023970069846,26656,13328,28560,15232,0.0,0.0,0.0,0.0,1.0
CH_L_278a,8-12,8,12,0.7635951383352202,104,0.030163689249607946,0.14513027228023828,0.39120623222161044,-0.039558642571486634,0.4274034837502837,22848,15232,24752,17136,0.0,0.0,0.0,0.0,0.0
CH_L_278a,8-13,8,13,0.5807191579485266,105,0.02705083323973469,0.12377693628304279,0.38789054590521016,-0.046066131527965834,0.4398947235298544,24752,15232,26656,17136,0.0,0.0,0.0,0.0,0.0
CH_L_278a,9-12,9,12,0.4419437703599339,103,-0.056563718929945946,0.044998375862628455,0.4675538207271148,-0.12021667261347803,0.4146219733890561,22848,17136,24752,19040,0.0,0.0,1.0,0.0,0.0
CH_L_278a,9-13,9,13,0.33197284585028336,104,-0.024011186854224802,0.05581999696592489,0.44364474667783493,-0.06916793182387339,0.39812268191203304,24752,17136,26656,19040,0.0,0.0,1.0,0.0,0.0
CH_L_278a,9-14,9,14,0.43934674562989245,104,0.01707207799706163,0.1316369166095848,0.40572583146173685,-0.038848153331921126,0.4272701087615911,26656,17136,28560,19040,0.0,0.0,1.0,0.0,0.0
CH_L_278a,9-15,9,15,0.4186957168078545,104,0.029548493715222182,0.1350578520012232,0.3986117226553451,-0.010863103462068908,0.44912743037467223,28560,17136,30464,19040,0.0,0.0,0.0,0.0,0.0
CH_L_278a,9-16,9,16,0.4513799863794441,105,0.017067678133254265,0.10201256671133263,0.38994408965768035,-0.02844440600554487,0.45876246255515535,30464,17136,32368,19040,0.0,0.0,0.0,0.0,0.0
CH_L_279a,10-11,10,11,0.4000072698547491,110,-0.0381392734364335,0.09219969103282982,0.32828527952613573,0.0030659246402583557,0.3963780308012105,20944,19040,22848,20944,0.0,0.0,0.0,0.0,0.0
CH_L_279a,10-12,10,12,0.6001964967372084,101,-0.039712051865830204,0.06722787841397719,0.3566127118815671,0.022293989986025366,0.343503555612397,22848,19040,24752,20944,0.0,0.0,0.0,0.0,0.0
CH_L_279a,10-13,10,13,0.5675121696572746,114,-0.07418572653646635,0.06529392314431327,0.4482366153143955,-0.061518019095826826,0.23411870377823998,24752,19040,26656,20944,0.0,0.0,1.0,0.0,0.0
CH_L_279a,10-14,10,14,0.35018927126223676,113,-0.08498813015575638,0.03742404912170198,0.4571082941571482,-0.11357933436750801,0.2183956551413794,26656,19040,28560,20944,0.0,0.0,1.0,0.0,0.0
CH_L_279a,11-12,11,12,0.3638408688202697,80,-0.10548090063129163,0.02258919469537956,0.48934489639132817,-0.13457018226964707,0.16001633520850905,22848,20944,24752,22848,0.0,0.0,1.0,0.0,0.0
CH_L_279a,12-15,12,15,0.4623223678774284,93,-0.04386626183698239,0.12507687555125332,0.3946316350423901,-0.010634260555826013,0.27976527694808223,28560,22848,30464,24752,0.0,0.0,0.0,0.0,0.0
CH_L_279a,12-17,12,17,0.5696053153349427,66,-0.09277914834248162,0.03341065094963668,0.5033636340451856,-0.12646632419619494,0.22362756856541688,32368,22848,34272,24752,0.0,0.0,1.0,0.0,0.0
CH_L_279a,13-12,13,12,0.44818388743316845,80,-0.03989611220084083,0.06312102276814589,0.3522535163832575,-0.022002802160160786,0.389014330518483,22848,24752,24752,26656,0.0,0.0,0.0,0.0,0.0
CH_L_279a,7-12,7,12,0.559907128059907,66,-0.02894004356195878,0.17323711126378094,0.345726580223025,0.020475741541040888,0.4203781164413259,22848,13328,24752,15232,0.0,1.0,0.0,0.0,1.0
CH_L_279a,7-13,7,13,0.757288103549015,110,-0.02804195047396823,0.1654283317240668,0.3515800749144928,0.04870269091164459,0.39575659685037606,24752,13328,26656,15232,0.0,1.0,0.0,1.0,0.0
CH_L_279a,7-14,7,14,0.7637779730002817,107,-0.016219343185288507,0.14379045726111786,0.35559706477249825,0.10567736772620041,0.37773502014839233,26656,13328,28560,15232,1.0,1.0,0.0,1.0,0.0
CH_L_279a,7-15,7,15,0.33907188406655425,114,-0.03355605274483907,0.07172345818694105,0.3648652047642924,-0.03886578002129702,0.49100896832145885,28560,13328,30464,15232,0.0,0.0,0.0,0.0,1.0
CH_L_279a,8-10,8,10,0.4727396665280842,60,-0.05899206373874113,0.09905326163671849,0.41205724722311016,-0.05040784951658791,0.3457041211426419,19040,15232,20944,17136,0.0,0.0,0.0,0.0,0.0
CH_L_279a,8-11,8,11,0.7847019604640669,111,-0.03867684861739599,0.12112187202662632,0.37485898037421617,0.01125661126876871,0.3221185508672477,20944,15232,22848,17136,0.0,0.0,0.0,0.0,0.0
CH_L_279a,8-12,8,12,0.5382746471558625,111,-0.027158965091126985,0.13990368595298294,0.3096681268311905,0.009435434308633545,0.4224646248014892,22848,15232,24752,17136,1.0,0.0,0.0,0.0,1.0
CH_L_279a,8-13,8,13,0.5453028654874797,111,-0.02567588896371946,0.17642106586916545,0.3219032077267595,0.056571154722832424,0.4169919972872655,24752,15232,26656,17136,1.0,1.0,0.0,1.0,1.0
CH_L_279a,8-14,8,14,0.6511332661366281,114,-0.02251362330250405,0.1915334741071631,0.33046166864520427,0.07490808192091943,0.3333164788652977,26656,15232,28560,17136,1.0,1.0,0.0,1.0,0.0
CH_L_279a,8-15,8,15,0.5966976460011544,108,-0.037330494929393165,0.10337123162211628,0.36331649172691444,0.017753990207062306,0.38414863375933633,28560,15232,30464,17136,0.0,0.0,0.0,0.0,0.0
CH_L_279a,8-16,8,16,0.36595639151918286,107,-0.07333710241936942,0.028419630942075398,0.4288411054546722,-0.10663804579897677,0.4018517991316419,30464,15232,32368,17136,0.0,0.0,1.0,0.0,1.0
CH_L_279a,9-12,9,12,0.6095593888596671,112,-0.019770179507405564,0.1075428826250275,0.3056377561452027,0.04280294537714892,0.40506802045648893,22848,17136,24752,19040,1.0,0.0,0.0,1.0,1.0
CH_L_279a,9-13,9,13,0.673064995698139,113,-0.00857313949032175,0.21111310655980778,0.33653664760355523,0.10302166170354757,0.3722884390099763,24752,17136,26656,19040,1.0,1.0,0.0,1.0,0.0
CH_L_279a,9-14,9,14,0.3508682453888501,103,-0.06878770985935082,0.071681020163079,0.4237056480457627,-0.06254546360971928,0.3128786410277545,26656,17136,28560,19040,0.0,0.0,1.0,0.0,0.0
CH_L_280a,10-10,10,10,0.7243775576346054,113,-0.025479110694353133,0.1856284016765675,0.3385021193116088,-0.003019486934526291,0.35945456104836326,19040,19040,20944,20944,0.0,0.0,1.0,0.0,0.0
CH_L_280a,10-11,10,11,0.856295955178847,109,-0.008147797691334505,0.18718723518710995,0.3330921536455213,0.026834989995517776,0.3195878822704122,20944,19040,22848,20944,0.0,0.0,1.0,0.0,0.0
CH_L_280a,10-5,10,5,0.7879520045319188,43,-0.07416169089346389,0.09024484879692696,0.45043878431550843,-0.08566224097529401,0.27600245156288583,9520,19040,11424,20944,0.0,0.0,1.0,0.0,0.0
CH_L_280a,10-6,10,6,0.8420640783825074,110,-0.04388897180924398,0.15916374737821512,0.38704082106399346,-0.013569099371090368,0.28404164587062486,11424,19040,13328,20944,0.0,0.0,1.0,0.0,0.0
CH_L_280a,10-7,10,7,0.5395281656832724,112,-0.01639633273462127,0.21736640273702754,0.30976694358907325,0.012761668859432964,0.42788003394266083,13328,19040,15232,20944,0.0,0.0,0.0,0.0,1.0
CH_L_280a,10-8,10,8,0.5606327107275692,114,-0.025178915310195307,0.2123959453647268,0.32761822124028417,-0.015899903104597473,0.39198964132685193,15232,19040,17136,20944,0.0,0.0,0.0,0.0,0.0
CH_L_280a,11-10,11,10,0.7145336089171216,116,-0.002869343066193965,0.21262254109552076,0.30008517916703586,0.05041460434451351,0.3841475882965437,19040,20944,20944,22848,1.0,0.0,0.0,1.0,0.0
CH_L_280a,11-11,11,11,0.8519958813117866,110,-0.007750583127148865,0.18138009508655542,0.3250291101385586,0.034159096272781624,0.35497909262002514,20944,20944,22848,22848,0.0,0.0,0.0,0.0,0.0
CH_L_280a,11-5,11,5,0.7304248677247814,48,-0.01721032211044638,0.22349453193572297,0.31486991086479493,0.01722279621926143,0.36926131346377167,9520,20944,11424,22848,0.0,0.0,0.0,0.0,0.0
CH_L_280a,11-6,11,6,0.7667872884344368,118,-0.018238968105774002,0.19766060611654804,0.3480011060518239,0.02347533388009134,0.3947434038850959,11424,20944,13328,22848,0.0,0.0,1.0,0.0,0.0
CH_L_280a,11-7,11,7,0.507574094008567,109,-0.019398134742811178,0.18907345288545457,0.34310580516948946,-0.014758970568402066,0.44164989175556574,13328,20944,15232,22848,0.0,0.0,1.0,0.0,1.0
CH_L_280a,11-8,11,8,0.702376519518211,112,-0.02758720053070286,0.17707043467427264,0.35172039776307656,0.006016523485503096,0.3556458717225941,15232,20944,17136,22848,0.0,0.0,1.0,0.0,0.0
CH_L_280a,11-9,11,9,0.6600693547717217,109,-0.02845881793796011,0.22131942929720413,0.32801055061472423,0.011164032442733798,0.3578546499725165,17136,20944,19040,22848,0.0,0.0,0.0,0.0,0.0
CH_L_280a,12-10,12,10,0.8266368740792739,111,-0.010291668866481179,0.20620924581232533,0.3247864694283999,0.033517843392835346,0.32992310306925987,19040,22848,20944,24752,0.0,0.0,0.0,0.0,0.0
CH_L_280a,12-11,12,11,0.893683840125543,115,-0.009262717558823684,0.18684078477139163,0.3204012073366222,0.039827010120676444,0.31523054352978247,20944,22848,22848,24752,0.0,0.0,0.0,1.0,0.0
CH_L_280a,12-5,12,5,0.7349970154298323,50,0.01338265420895728,0.25759039989684984,0.2844492814711755,0.046617938226673435,0.36404762185820516,9520,22848,11424,24752,1.0,1.0,0.0,1.0,0.0
CH_L_280a,12-6,12,6,0.7177156582139173,110,-0.0043789439501672285,0.21145927396695383,0.3144570667083441,0.023754993646224364,0.37950583641014896,11424,22848,13328,24752,1.0,0.0,0.0,0.0,0.0
CH_L_280a,12-7,12,7,0.8424161564459939,115,-0.021346200112196255,0.21318377911743805,0.3306957163878393,0.023053260897102128,0.3265415542150225,13328,22848,15232,24752,0.0,0.0,0.0,0.0,0.0
CH_L_280a,12-8,12,8,0.6347031156456764,110,-0.013919466558384521,0.2552283807741768,0.30388209901100843,0.01770070750788494,0.41659041077750664,15232,22848,17136,24752,0.0,1.0,0.0,0.0,1.0
CH_L_280a,12-9,12,9,0.6026481038589465,114,-0.0057992780585725085,0.2523794944135364,0.30170635334534635,0.02560033957976174,0.42616053347801314,17136,22848,19040,24752,0.0,0.0,0.0,0.0,1.0
CH_L_280a,13-10,13,10,0.6317946834447467,114,-0.010959171782818217,0.21301950351811452,0.3129199033894966,0.008872169332148046,0.39403051993391236,19040,24752,20944,26656,0.0,0.0,0.0,0.0,0.0
CH_L_280a,13-11,13,11,0.8408414615193801,105,0.007130378106467915,0.2625973012998686,0.31075830507646796,0.0163878492591684,0.31818120675760636,20944,24752,22848,26656,1.0,1.0,0.0,0.0,0.0
CH_L_280a,13-5,13,5,0.5760895788489141,60,-0.006193796106963868,0.17299722434129292,0.31573514633744826,0.032033917075523305,0.4501420215446251,9520,24752,11424,26656,0.0,0.0,0.0,0.0,1.0
CH_L_280a,13-6,13,6,0.6450214253008407,109,0.006669276318891876,0.2570528684885983,0.30813933785593717,0.03295554992835168,0.4001325917234527,11424,24752,13328,26656,1.0,1.0,0.0,0.0,0.0
CH_L_280a,13-7,13,7,0.7860519362747018,112,-0.01476239225341112,0.19666843724095998,0.33218362056822126,0.02563015998851769,0.3628378018183385,13328,24752,15232,26656,0.0,0.0,1.0,0.0,0.0
CH_L_280a,13-8,13,8,0.6467677542181134,114,-0.008384140206139585,0.24587869979469862,0.315527990528516,0.038368343435811414,0.4330486123990766,15232,24752,17136,26656,0.0,0.0,0.0,1.0,1.0
CH_L_280a,13-9,13,9,0.557746570829334,111,-0.021375063499336305,0.22527385815567635,0.32464348826846706,0.005690144873919613,0.4156558136051704,17136,24752,19040,26656,0.0,0.0,0.0,0.0,1.0
CH_L_280a,14-10,14,10,0.8294358189627318,73,0.008696315619267592,0.25500948171045873,0.28632787990085107,0.057162349755315776,0.4069698643276998,19040,26656,20944,28560,1.0,1.0,0.0,1.0,0.0
CH_L_280a,14-11,14,11,0.5915394749659391,76,-0.03261570594550713,0.15572731249258834,0.3543721342695245,-0.050087893028092696,0.4541570154884814,20944,26656,22848,28560,0.0,0.0,1.0,0.0,1.0
CH_L_280a,14-6,14,6,0.5828459486258883,59,-0.002164052797202568,0.1919684746310565,0.30342298108353016,0.017876582070907997,0.42263591005891554,11424,26656,13328,28560,1.0,0.0,0.0,0.0,1.0
CH_L_280a,14-7,14,7,0.6102855840963862,59,-0.00040809145873361844,0.19914920504670766,0.3427645227378192,0.019127991237226315,0.42494545840353903,13328,26656,15232,28560,1.0,0.0,1.0,0.0,1.0
CH_L_280a,14-8,14,8,0.8533934499888345,66,-0.00738727479887952,0.2077030164311967,0.33860331755361456,0.03259212668733959,0.3575355430026592,15232,26656,17136,28560,0.0,0.0,1.0,0.0,0.0
CH_L_280a,14-9,14,9,0.8992076511485195,69,-0.0033160177777569835,0.31859354156234454,0.2845396467879231,0.07457623827642407,0.3530159809527737,17136,26656,19040,28560,1.0,1.0,0.0,1.0,0.0
CH_L_280a,7-6,7,6,0.3102811832010691,40,-0.043109537513268265,0.15850696091449334,0.3562709879937594,-0.02837576389496326,0.49228637816403625,11424,13328,13328,15232,0.0,0.0,1.0,0.0,1.0
CH_L_280a,7-7,7,7,0.5027771053997439,40,-0.012400914284005254,0.2286378252740368,0.2993556371964088,-0.013910900520458847,0.4682390888088184,13328,13328,15232,15232,0.0,0.0,0.0,0.0,1.0
CH_L_280a,8-10,8,10,0.7740380397959455,114,-0.009488255071338261,0.24434265027841845,0.31252794447984306,0.040957092082024596,0.3836690099533002,19040,15232,20944,17136,0.0,0.0,0.0,1.0,0.0
CH_L_280a,8-11,8,11,0.7931495676044197,109,0.0024929075512088723,0.307035111381768,0.29753185856046505,0.05513302116318254,0.37873479859268333,20944,15232,22848,17136,1.0,1.0,0.0,1.0,0.0
CH_L_280a,8-6,8,6,0.8193801533821751,116,-0.014165394906644929,0.24379167637426072,0.29822040280511275,0.02634783669539315,0.35834042254837006,11424,15232,13328,17136,0.0,0.0,0.0,0.0,0.0
CH_L_280a,8-7,8,7,0.6975607091713556,108,-0.0031841478602770497,0.220063608404615,0.2978800229622387,0.009937584136306762,0.3609819854027513,13328,15232,15232,17136,1.0,0.0,0.0,0.0,0.0
CH_L_280a,8-8,8,8,0.67045498266589,113,-0.004573127756116276,0.28566879856345034,0.275164879659586,0.04024753591122693,0.4122613247228879,15232,15232,17136,17136,0.0,1.0,0.0,1.0,0.0
CH_L_280a,8-9,8,9,0.6632493303666259,110,-0.006557494561249421,0.26731995204708914,0.2890601501403198,0.0313015220222896,0.38807951272152585,17136,15232,19040,17136,0.0,1.0,0.0,0.0,0.0
CH_L_280a,9-10,9,10,0.8841598755615573,107,-0.009054703060635258,0.25899215490898053,0.3201378580368689,0.043457629936304525,0.29443064976257605,19040,17136,20944,19040,0.0,1.0,0.0,1.0,0.0
CH_L_280a,9-11,9,11,0.90290351160896,115,-0.0013854604344759195,0.25190849237472396,0.28678452017282446,0.07315827586393855,0.2771572441930658,20944,17136,22848,19040,1.0,0.0,0.0,1.0,0.0
CH_L_280a,9-6,9,6,0.8932433975616942,112,-0.01626761944976676,0.23053405243544914,0.3071291310539597,0.04236536502026189,0.3310310309225058,11424,17136,13328,19040,0.0,0.0,0.0,1.0,0.0
CH_L_280a,9-7,9,7,0.8891508385801368,113,-0.009057027174911714,0.25861191406591183,0.2998749778474868,0.031698683420401,0.32314298966478655,13328,17136,15232,19040,0.0,1.0,0.0,0.0,0.0
CH_L_280a,9-8,9,8,0.7896206254293665,110,-0.018039191778067114,0.2239915556268998,0.3130235846151769,0.008981177792255199,0.3160247980400908,15232,17136,17136,19040,0.0,0.0,0.0,0.0,0.0
CH_L_280a,9-9,9,9,0.7089363679478208,117,-0.016363006746777178,0.2621186020911984,0.2884524337634404,0.018544468286226776,0.34867753940269247,17136,17136,19040,19040,0.0,1.0,0.0,0.0,0.0
CH_L_281a,10-28,10,28,0.5656107435216957,119,-0.07460035388964162,0.04070958606820466,0.48134940300524176,-0.10130139928804473,0.32187586339123564,53312,19040,55216,20944,0.0,0.0,0.0,1.0,0.0
CH_L_281a,10-29,10,29,0.5188883789594495,119,-0.03496288101868036,0.047016856531173074,0.4420497425805125,-0.08466500917909851,0.40957843702008834,55216,19040,57120,20944,1.0,1.0,0.0,1.0,1.0
CH_L_281a,10-30,10,30,0.40622627965615415,117,-0.0432105844248481,0.0416087713198241,0.44850767612915204,-0.0908053422049669,0.3919574866500559,57120,19040,59024,20944,1.0,0.0,0.0,1.0,1.0
CH_L_281a,10-31,10,31,0.46988123681992494,118,-0.0614358352433837,0.056280442083492775,0.4730887037912576,-0.11254622670652217,0.34403519773202185,59024,19040,60928,20944,1.0,1.0,0.0,0.0,1.0
CH_L_281a,10-32,10,32,0.5352323020736305,117,-0.07848478363731158,0.047808977760789066,0.48822012426285577,-0.12227785307518559,0.3010162544003827,60928,19040,62832,20944,0.0,1.0,0.0,0.0,0.0
CH_L_281a,11-29,11,29,0.45376779773806797,119,-0.08369486993115208,0.045503624796734705,0.5030094513672114,-0.12045119387670047,0.30527421002324273,55216,20944,57120,22848,0.0,0.0,0.0,0.0,0.0
CH_L_281a,11-30,11,30,0.5125239097433908,116,-0.04127518825604545,0.0518033461604712,0.4639341534326387,-0.09435990982747539,0.36338906249240344,57120,20944,59024,22848,1.0,1.0,0.0,1.0,1.0
CH_L_281a,11-32,11,32,0.6745550998220576,118,-0.06794966102797487,0.042371895811693656,0.4942741961666139,-0.10732609155859832,0.2973322307444403,60928,20944,62832,22848,0.0,0.0,0.0,1.0,0.0
CH_L_281a,12-28,12,28,0.4873324478013098,118,-0.09815121231845828,0.03190515244096492,0.5210093695306088,-0.13876979112513552,0.26126263793592813,53312,22848,55216,24752,0.0,0.0,1.0,0.0,0.0
CH_L_281a,12-29,12,29,0.6588677856994715,118,-0.08777059663385231,0.029578232416869524,0.5117808910919589,-0.12793697370760673,0.24900668591863195,55216,22848,57120,24752,0.0,0.0,1.0,0.0,0.0
CH_L_281a,12-30,12,30,0.6532643204703593,116,-0.07537428290881854,0.039509799568445296,0.5062613656218562,-0.12586095181647822,0.28126775494303186,57120,22848,59024,24752,0.0,0.0,0.0,0.0,0.0
CH_L_281a,12-31,12,31,0.46127789583621165,117,-0.06858415815346734,0.04617847588336127,0.4981638391490815,-0.11332065940559385,0.30475427410965605,59024,22848,60928,24752,0.0,0.0,0.0,0.0,0.0
CH_L_281a,13-27,13,27,0.7484339585364764,113,-0.07919081597630112,0.03224587842017121,0.5170067726645747,-0.12218529725107385,0.22180887978661262,51408,24752,53312,26656,0.0,0.0,1.0,0.0,0.0
CH_L_281a,13-28,13,28,0.49239950269779426,112,-0.08479147819338216,0.04933687409305988,0.49983095574349873,-0.13193405436454114,0.26600307387955097,53312,24752,55216,26656,0.0,1.0,0.0,0.0,0.0
CH_L_281a,14-27,14,27,0.7762761027809667,58,-0.04377324446083131,0.046875419378427666,0.4766140589414079,-0.09540853074466242,0.3315910331890294,51408,26656,53312,28560,1.0,0.0,0.0,1.0,0.0
CH_L_281a,14-28,14,28,0.7783436024925713,67,-0.07139199248935185,0.037141835018286724,0.49397285025224263,-0.10975444603474961,0.2607763401686241,53312,26656,55216,28560,0.0,0.0,0.0,1.0,0.0
CH_L_281a,8-27,8,27,0.43691391428225124,113,-0.09772760646500181,0.037795240213956735,0.5309728313793638,-0.14146405353214608,0.2109097450704933,51408,15232,53312,17136,0.0,0.0,1.0,0.0,0.0
CH_L_281a,8-28,8,28,0.6269790226049906,116,-0.0714684533405913,0.03851411586657006,0.4987861659018087,-0.12473230583956549,0.33677288838637665,53312,15232,55216,17136,0.0,0.0,0.0,0.0,0.0
CH_L_281a,8-29,8,29,0.5928143758377167,118,-0.07294444603252705,0.03664556254487753,0.508162951999985,-0.1253540957212373,0.32675610224136015,55216,15232,57120,17136,0.0,0.0,1.0,0.0,0.0
CH_L_281a,8-30,8,30,0.5322132004934905,112,-0.07553640790993646,0.04428127003608111,0.49605752769984174,-0.13122051868086576,0.3133635977597691,57120,15232,59024,17136,0.0,0.0,0.0,0.0,0.0
CH_L_281a,8-32,8,32,0.76478242517023,99,-0.08332999370532843,0.04598436328802001,0.5062981024324582,-0.13330909714519995,0.2523171772532183,60928,15232,62832,17136,0.0,0.0,1.0,0.0,0.0
CH_L_281a,9-27,9,27,0.440941278875179,119,-0.0912293027021173,0.038729560541857506,0.523305320997413,-0.1279058943030602,0.24528020948904034,51408,17136,53312,19040,0.0,0.0,1.0,0.0,0.0
CH_L_281a,9-28,9,28,0.4956527600208259,119,-0.0493737736701129,0.057450013410762175,0.4706149818439648,-0.11108962807109243,0.3936430247376596,53312,17136,55216,19040,1.0,1.0,0.0,0.0,1.0
CH_L_281a,9-29,9,29,0.4469556867702696,114,-0.06346717569591921,0.04262563037499041,0.480942193164116,-0.11559459491781726,0.37422295833876756,55216,17136,57120,19040,0.0,0.0,0.0,0.0,1.0
CH_L_281a,9-30,9,30,0.545977195692688,118,-0.0605195754864834,0.047348312750521815,0.4820691741584217,-0.1215769309880636,0.36919880452209086,57120,17136,59024,19040,1.0,1.0,0.0,0.0,1.0
CH_L_281a,9-31,9,31,0.6375842671229721,119,-0.07016345500359746,0.04177279904511621,0.5012165647842951,-0.12348773077830867,0.32954094972067405,59024,17136,60928,19040,0.0,0.0,0.0,0.0,0.0
CH_L_281a,9-32,9,32,0.6741165006108935,93,-0.08006109871030336,0.04052935760793053,0.49655026490228443,-0.12726850201661122,0.2760210720766826,60928,17136,62832,19040,0.0,0.0,0.0,0.0,0.0
CH_L_281b,3-4,3,4,0.5583543724261877,42,-0.08222838931317471,0.027184754203592634,0.4778980632471341,-0.12462669354638821,0.47465675754104547,7616,5712,9520,7616,0.0,0.0,1.0,0.0,0.0
CH_L_281b,3-5,3,5,0.490977011030992,51,-0.07620875513477754,0.024092576975005178,0.4658132662546026,-0.12967202635425715,0.4627277279612287,9520,5712,11424,7616,0.0,0.0,1.0,0.0,0.0
CH_L_281b,3-6,3,6,0.4416001996464339,59,-0.06790780539495331,0.03420409573905593,0.459075335085443,-0.10164188065912699,0.5510706453339541,11424,5712,13328,7616,0.0,0.0,1.0,0.0,1.0
CH_L_281b,3-7,3,7,0.4678497677018781,60,-0.0652244420927214,0.030678279417494847,0.4541203707406455,-0.10978164246261984,0.5450262448436448,13328,5712,15232,7616,0.0,0.0,0.0,0.0,1.0
CH_L_281b,4-2,4,2,0.4830424929204942,54,-0.09224729599428538,0.02756964631778091,0.4944489737398654,-0.14161530188792354,0.4171165191205372,3808,7616,5712,9520,0.0,0.0,1.0,0.0,0.0
CH_L_281b,4-3,4,3,0.42973920285272976,96,-0.08243934337732586,0.030617195486936866,0.4700133352646434,-0.13233608673124922,0.4953297841022706,5712,7616,7616,9520,0.0,0.0,1.0,0.0,0.0
CH_L_281b,4-4,4,4,0.49087827689137403,120,-0.060100317096847364,0.03540828942907636,0.4464315566629206,-0.10504463162234035,0.5180838104142255,7616,7616,9520,9520,0.0,0.0,0.0,0.0,1.0
CH_L_281b,4-5,4,5,0.5547211120532758,118,-0.042682326852439334,0.06498092026323281,0.4191192552671251,-0.08005498815515168,0.4919039724569878,9520,7616,11424,9520,0.0,0.0,0.0,0.0,0.0
CH_L_281b,4-6,4,6,0.4719160398861008,115,-0.04609355839197839,0.06326932782306728,0.42038641559904366,-0.09723718792232533,0.5145910199693646,11424,7616,13328,9520,0.0,0.0,0.0,0.0,0.0
CH_L_281b,4-7,4,7,0.46764997995890706,122,-0.06291029307745949,0.038526550826058395,0.4480890958801985,-0.10785744050396366,0.5024542389788854,13328,7616,15232,9520,0.0,0.0,0.0,0.0,0.0
CH_L_281b,4-8,4,8,0.40686049842012695,49,-0.09604057000297828,0.030865510710841863,0.475297898270031,-0.12894847609760823,0.4678927803930528,15232,7616,17136,9520,0.0,0.0,1.0,0.0,0.0
CH_L_281b,5-2,5,2,0.5790023963166575,60,-0.08256231413055003,0.028105308836428887,0.4787381674752187,-0.1282147763186515,0.5024143737839338,3808,9520,5712,11424,0.0,0.0,1.0,0.0,0.0
CH_L_281b,5-3,5,3,0.4856830172841242,117,-0.027878547418157575,0.07233815843889617,0.3897737333785691,-0.05537353157018887,0.5177930193719295,5712,9520,7616,11424,0.0,0.0,0.0,0.0,1.0
CH_L_281b,5-4,5,4,0.4948140046397296,121,0.0019071069538410586,0.12157558629694046,0.3396864739256537,-0.018248930714386078,0.516021947870973,7616,9520,9520,11424,1.0,1.0,0.0,1.0,1.0
CH_L_281b,5-5,5,5,0.3906243210215827,117,-0.011349550523871398,0.12024546197121092,0.3358121177280849,-0.02409405909913771,0.5134167057548181,9520,9520,11424,11424,1.0,1.0,0.0,1.0,0.0
CH_L_281b,5-6,5,6,0.4332585713234085,123,-0.006121380018038517,0.10107776080003487,0.3376967200587865,-0.014125515237227979,0.49010721069715846,11424,9520,13328,11424,1.0,0.0,0.0,1.0,0.0
CH_L_281b,5-7,5,7,0.5290402304898173,115,-0.01432093080369954,0.07965827685184297,0.3708057913697032,-0.04001009681490806,0.5073004060122744,13328,9520,15232,11424,1.0,0.0,0.0,0.0,0.0
CH_L_281b,5-8,5,8,0.48153445793948074,59,-0.05114801964050169,0.05393443879815288,0.4242650237580219,-0.10171227383763923,0.47545549006151927,15232,9520,17136,11424,0.0,0.0,0.0,0.0,0.0
CH_L_281b,6-2,6,2,0.5047145595247592,54,-0.0685943360618796,0.040180432491873606,0.4613123988649775,-0.10152604616183203,0.4622555242560718,3808,11424,5712,13328,0.0,0.0,1.0,0.0,0.0
CH_L_281b,6-3,6,3,0.5660479985112817,118,-0.002425944342996867,0.11798694083522297,0.35661484234812457,-0.019582984705377445,0.4928600337978457,5712,11424,7616,13328,1.0,1.0,0.0,1.0,0.0
CH_L_281b,6-4,6,4,0.47676172044527915,113,-0.01901363555025572,0.08216071731146013,0.3737570395203495,-0.03890942865574884,0.4626306694698789,7616,11424,9520,13328,1.0,0.0,0.0,1.0,0.0
CH_L_281b,6-5,6,5,0.31985714647963687,121,-0.061581206760612156,0.049296786997784316,0.4264609578611812,-0.09507080572152003,0.4361872051447348,9520,11424,11424,13328,0.0,0.0,0.0,0.0,0.0
CH_L_281b,6-6,6,6,0.36842895525758007,116,-0.031867914163618935,0.08825575012119026,0.3428130736574523,-0.04277693518086925,0.46606065938287555,11424,11424,13328,13328,0.0,0.0,0.0,0.0,0.0
CH_L_281b,6-7,6,7,0.3981349887805211,120,-0.008086176004946741,0.11493093197926553,0.32918365145841416,-0.030259067370381164,0.46587120096781137,13328,11424,15232,13328,1.0,1.0,0.0,1.0,0.0
CH_L_281b,6-8,6,8,0.4958005991008049,61,-0.006067562461439119,0.11809576924797822,0.33934703430580526,-0.019217056738887114,0.5097179782291057,15232,11424,17136,13328,1.0,1.0,0.0,1.0,0.0
CH_L_281b,7-2,7,2,0.4213427756117958,74,-0.0749607252583961,0.0338102242751965,0.46526751116399934,-0.10863218362894773,0.5116952945320081,3808,13328,5712,15232,0.0,0.0,1.0,0.0,0.0
CH_L_281b,7-3,7,3,0.36749255198147407,118,-0.026501268677028105,0.09897261274052499,0.3662214645180399,-0.05642902984947156,0.5027325727362616,5712,13328,7616,15232,0.0,0.0,0.0,0.0,0.0
CH_L_281b,7-4,7,4,0.348461431290087,119,-0.019285628284428424,0.08348673949292977,0.3564234162366437,-0.03560666240136106,0.45708644307644275,7616,13328,9520,15232,0.0,0.0,0.0,1.0,0.0
CH_L_281b,7-5,7,5,0.3120735933229479,118,-0.038868255399851476,0.0895419148034811,0.37792859738721557,-0.05152358903940089,0.47002606683191983,9520,13328,11424,15232,0.0,0.0,0.0,0.0,0.0
CH_L_281b,7-7,7,7,0.4463530173885876,119,0.002117265689348532,0.13298700346125336,0.32159517502677726,-0.04102481896045941,0.4865972395734244,13328,13328,15232,15232,1.0,1.0,0.0,0.0,0.0
CH_L_281b,7-8,7,8,0.4493767729047463,56,-0.020556133197178666,0.07681587764091999,0.3599144168935077,-0.059663578907162874,0.5025607415594844,15232,13328,17136,15232,0.0,0.0,0.0,0.0,0.0
CH_L_281b,8-2,8,2,0.3631560000760048,80,-0.07731375088418162,0.026204217875364106,0.45539109376166415,-0.120268884020674,0.49453394241018866,3808,15232,5712,17136,0.0,0.0,1.0,0.0,0.0
CH_L_281b,8-4,8,4,0.3086179462917529,115,-0.03803233025415681,0.10348715353773828,0.35714205416096256,-0.020643917473362347,0.4150724535456697,7616,15232,9520,17136,0.0,1.0,0.0,1.0,0.0
CH_L_281b,8-5,8,5,0.30590278802129445,118,-0.02537363599092517,0.13882019108887672,0.3189399597116032,-0.03943361651064369,0.4807848769385998,9520,15232,11424,17136,0.0,1.0,0.0,1.0,0.0
CH_L_281b,8-6,8,6,0.3672641790236248,122,-0.016711085540600527,0.13929492577421043,0.31883740664407545,-0.054954671791737,0.5055293645714888,11424,15232,13328,17136,1.0,1.0,0.0,0.0,0.0
CH_L_281b,8-7,8,7,0.3786750611167269,84,-0.021888674817299742,0.1100126422141616,0.34800522656339516,-0.06553990684655968,0.5656125478365579,13328,15232,15232,17136,0.0,1.0,0.0,0.0,1.0
CH_L_281b,8-8,8,8,0.43994544794573753,60,-0.04942572110517884,0.06005506077889722,0.41139517998993463,-0.08076499418398998,0.5585097719634297,15232,15232,17136,17136,0.0,0.0,0.0,0.0,1.0
CH_L_281b,9-2,9,2,0.33353482951145746,75,-0.0536050410963847,0.03256033788728122,0.43201355151792975,-0.08021162333846933,0.5579952366617663,3808,17136,5712,19040,0.0,0.0,0.0,0.0,1.0
CH_L_281b,9-6,9,6,0.30177500786613437,94,-0.04904740371955042,0.07182441009960239,0.3949888451815996,-0.07997848506704208,0.5608795714117201,11424,17136,13328,19040,0.0,0.0,0.0,0.0,1.0
CH_L_281b,9-7,9,7,0.3742215880356807,79,-0.04959852025343,0.03928748915921599,0.40828760473375797,-0.09118087037968294,0.5907853828358562,13328,17136,15232,19040,0.0,0.0,0.0,0.0,1.0
CH_L_282a,10-10,10,10,0.37071617589293965,45,-0.09251844371705266,0.031335429982178836,0.5370242055396894,-0.14019498348391857,0.32513722052449057,19040,19040,20944,20944,0.0,0.0,1.0,0.0,0.0
CH_L_282a,10-13,10,13,0.45832065328499844,61,-0.09059075584061295,0.03041056602085444,0.5344468297714278,-0.1441852250545248,0.32824277722917483,24752,19040,26656,20944,0.0,0.0,1.0,0.0,0.0
CH_L_282a,10-14,10,14,0.7233227658704475,68,-0.06246916857284604,0.019951811521214075,0.5018785484926809,-0.10371554947037649,0.32030734428829843,26656,19040,28560,20944,1.0,0.0,0.0,1.0,0.0
CH_L_282a,10-15,10,15,0.7139653062724418,65,-0.06161687489616352,0.021083694990124205,0.5051927583860543,-0.1164913330194485,0.3527976245287715,28560,19040,30464,20944,1.0,0.0,0.0,0.0,0.0
CH_L_282a,10-16,10,16,0.7310381270372821,64,-0.06727362440078265,0.026684187555622085,0.5147257660521222,-0.11736102392083285,0.3329561952647457,30464,19040,32368,20944,1.0,0.0,0.0,0.0,0.0
CH_L_282a,11-10,11,10,0.35121691247400705,53,-0.09000971419499997,0.039843268704010414,0.5255171285477088,-0.12665428749662713,0.3301790613525025,19040,20944,20944,22848,0.0,0.0,1.0,0.0,0.0
CH_L_282a,11-13,11,13,0.6635064865183604,72,-0.08468926777601443,0.03452848884520101,0.5193206885812611,-0.13505781668307498,0.20831674890967952,24752,20944,26656,22848,0.0,0.0,0.0,0.0,0.0
CH_L_282a,11-14,11,14,0.8011381462327488,93,-0.07170583283098131,0.03151665496191849,0.503859570365606,-0.12362726067167312,0.28621395549138834,26656,20944,28560,22848,0.0,0.0,0.0,0.0,0.0
CH_L_282a,11-15,11,15,0.6335187976630104,90,-0.08144401353418143,0.024650408745570646,0.5220293957006702,-0.12614994310459862,0.30514526662708047,28560,20944,30464,22848,0.0,0.0,0.0,0.0,0.0
CH_L_282a,11-16,11,16,0.7148160024630558,71,-0.07797743838130489,0.02492324572939852,0.5137638920878514,-0.11158908035153575,0.3207410186217082,30464,20944,32368,22848,0.0,0.0,0.0,1.0,0.0
CH_L_282a,12-13,12,13,0.3023964107199253,84,-0.10059584496437136,0.03377911894023996,0.530700083398831,-0.1475401816655094,0.28249575241311015,24752,22848,26656,24752,0.0,0.0,1.0,0.0,0.0
CH_L_282a,12-14,12,14,0.640496693021196,99,-0.0850852721799395,0.03204476672395693,0.5081442665219943,-0.12985578019547328,0.28097626886227356,26656,22848,28560,24752,0.0,0.0,0.0,0.0,0.0
CH_L_282a,12-15,12,15,0.6332852365723268,92,-0.07042418509419492,0.034907165673917016,0.49652510454962345,-0.11816531669637381,0.34543892062696724,28560,22848,30464,24752,0.0,0.0,0.0,0.0,0.0
CH_L_282a,12-16,12,16,0.5336098818322705,82,-0.062044554373737945,0.04105023346123881,0.4899575291232216,-0.10502513226576166,0.38611796963795075,30464,22848,32368,24752,1.0,1.0,0.0,1.0,1.0
CH_L_282a,13-12,13,12,0.3261362069994769,94,-0.09237330830140356,0.04216003828203723,0.5355853066098886,-0.15481336946103433,0.28252959763134444,22848,24752,24752,26656,0.0,1.0,1.0,0.0,0.0
CH_L_282a,13-14,13,14,0.33110310532489534,90,-0.09635382995991658,0.03128804331952598,0.5181507730950521,-0.14430932802368418,0.30375131105622055,26656,24752,28560,26656,0.0,0.0,0.0,0.0,0.0
CH_L_282a,13-15,13,15,0.386957725084637,94,-0.065784187188494,0.02992299360842632,0.5050169379936648,-0.11521476419672853,0.42591777534039166,28560,24752,30464,26656,1.0,0.0,0.0,0.0,1.0
CH_L_282a,13-16,13,16,0.6063998488901741,76,-0.04614947767561011,0.03456063847700594,0.45994443997310736,-0.08472426620132938,0.4056512685747139,30464,24752,32368,26656,1.0,0.0,0.0,1.0,1.0
CH_L_282a,14-11,14,11,0.5506333076884582,90,-0.08707339462400304,0.04155061360542936,0.5244784666519349,-0.12843401615915617,0.2910737022384015,20944,26656,22848,28560,0.0,1.0,0.0,0.0,0.0
CH_L_282a,14-12,14,12,0.7144302526945344,91,-0.06987427823686206,0.03878729304173704,0.5097671093544335,-0.11082697216012494,0.33625015552074966,22848,26656,24752,28560,0.0,0.0,0.0,1.0,0.0
CH_L_282a,14-13,14,13,0.5254451178585413,95,-0.07226951227428807,0.037437538467429136,0.5164031779522231,-0.12552336462407637,0.3462598188107478,24752,26656,26656,28560,0.0,0.0,0.0,0.0,0.0
CH_L_282a,14-14,14,14,0.33332759600773626,93,-0.07823045054651732,0.04077603699584788,0.5031640691643582,-0.11096733257616864,0.3998999534752024,26656,26656,28560,28560,0.0,1.0,0.0,1.0,1.0
CH_L_282a,15-10,15,10,0.3317181563764124,91,-0.09538206471136065,0.04290759614202133,0.5327304532222682,-0.1401064735059006,0.31387728564149237,19040,28560,20944,30464,0.0,1.0,1.0,0.0,0.0
CH_L_282a,15-11,15,11,0.686518122616519,99,-0.07084776193341721,0.04192392986142877,0.5129688897251887,-0.1288744529213209,0.29135817703489364,20944,28560,22848,30464,0.0,1.0,0.0,0.0,0.0
CH_L_282a,15-12,15,12,0.6108853624420303,93,-0.06324791608025343,0.04038389210878452,0.5063532519844822,-0.10735367973737654,0.37974115247350804,22848,28560,24752,30464,1.0,1.0,0.0,1.0,1.0
CH_L_282a,15-13,15,13,0.3407323642618521,91,-0.07729633197648035,0.04636482103005952,0.5198517048544113,-0.14126617282776785,0.4136009728885883,24752,28560,26656,30464,0.0,1.0,0.0,0.0,1.0
CH_L_282a,16-11,16,11,0.37560023607368315,76,-0.08568025322851697,0.034712567869806345,0.5294891787822199,-0.1251963510240229,0.3045398784263061,20944,30464,22848,32368,0.0,0.0,1.0,0.0,0.0
CH_L_282a,16-12,16,12,0.516458879468452,97,-0.06886815389138633,0.03298915625183354,0.5150212366128837,-0.11373212050943188,0.37013836176733816,22848,30464,24752,32368,1.0,0.0,0.0,1.0,1.0
CH_L_282a,16-13,16,13,0.4296480824159604,83,-0.07799455973111435,0.03022993660837432,0.5195714007853752,-0.128836734622491,0.35425437208870414,24752,30464,26656,32368,0.0,0.0,0.0,0.0,1.0
CH_L_282a,17-14,17,14,0.32026909287869715,51,-0.10128239570831729,0.022612868857771168,0.5368230685008157,-0.1521411624882817,0.24540498155070456,26656,32368,28560,34272,0.0,0.0,1.0,0.0,0.0
CH_L_283a,10-10,10,10,0.9161292598262339,110,-0.023610427616010086,0.26667291631967543,0.36141100321156683,-0.013570233884253173,0.25013409660137675,19040,19040,20944,20944,1.0,1.0,0.0,0.0,0.0
CH_L_283a,10-11,10,11,0.9017925668280674,118,-0.030891775600677646,0.19489732377505886,0.37956669150009553,-0.019375506432109238,0.25573949471983015,20944,19040,22848,20944,1.0,0.0,0.0,0.0,0.0
CH_L_283a,10-12,10,12,0.8929900304031382,115,-0.026792452192498883,0.2437409435127891,0.3518711433806148,0.002971448445920016,0.28000892519907455,22848,19040,24752,20944,1.0,1.0,0.0,1.0,0.0
CH_L_283a,10-13,10,13,0.8401706132952729,119,-0.045076092462143134,0.1715612936233238,0.37956306154677305,-0.03900088191288051,0.2983513185444016,24752,19040,26656,20944,0.0,0.0,0.0,0.0,0.0
CH_L_283a,10-14,10,14,0.779635282797399,117,-0.057133317240202264,0.13526500153842805,0.4111022124599962,-0.044523194814531236,0.29744882836650716,26656,19040,28560,20944,0.0,0.0,1.0,0.0,0.0
CH_L_283a,10-9,10,9,0.9315905954014501,119,-0.038887374252526176,0.2364419356673392,0.3795585969272116,-0.04202703309181247,0.23315868022166572,17136,19040,19040,20944,0.0,1.0,0.0,0.0,0.0
CH_L_283a,11-10,11,10,0.8831983415268695,120,-0.03888327468966931,0.23388082201797233,0.39486157521716286,-0.03677453424997668,0.2513255082355957,19040,20944,20944,22848,0.0,0.0,0.0,0.0,0.0
CH_L_283a,11-11,11,11,0.8623812942943543,110,-0.030410861416140147,0.23450073781235273,0.360946405081327,-0.0016953086440417567,0.2961251373974702,20944,20944,22848,22848,1.0,1.0,0.0,1.0,0.0
CH_L_283a,11-12,11,12,0.8372023385186181,112,-0.04124796158155176,0.18443630760214386,0.3818104985779073,-0.027150073003851832,0.3168978250027877,22848,20944,24752,22848,0.0,0.0,0.0,0.0,0.0
CH_L_283a,11-13,11,13,0.8241502350965506,114,-0.04856989477799507,0.15688244870662355,0.3997827537314279,-0.042456747227123365,0.3345322886307444,24752,20944,26656,22848,0.0,0.0,0.0,0.0,0.0
CH_L_283a,11-14,11,14,0.6696666766896572,112,-0.05619441549494113,0.10977011278079543,0.41604636192533545,-0.050862799647483095,0.36370231146064214,26656,20944,28560,22848,0.0,0.0,1.0,0.0,1.0
CH_L_283a,11-8,11,8,0.7075225310104831,42,-0.036215377983674156,0.12117391522175962,0.428588322698901,-0.06411034422564958,0.3400117049691924,15232,20944,17136,22848,0.0,0.0,1.0,0.0,0.0
CH_L_283a,11-9,11,9,0.8028151608522031,111,-0.0525218766235963,0.15725484816822738,0.42912478300509016,-0.06960427303837383,0.23815972886309683,17136,20944,19040,22848,0.0,0.0,1.0,0.0,0.0
CH_L_283a,12-10,12,10,0.8315288065808071,110,-0.0267505381213386,0.2801777826238795,0.3500468852310656,-0.004363521459921282,0.2929687638652525,19040,22848,20944,24752,1.0,1.0,0.0,1.0,0.0
CH_L_283a,12-11,12,11,0.863351641915783,120,-0.03148547699179133,0.2578852656405936,0.3511752050541571,-0.00173320526866692,0.27687381988137,20944,22848,22848,24752,0.0,1.0,0.0,1.0,0.0
CH_L_283a,12-12,12,12,0.8519290157914767,112,-0.04412120175780426,0.19007054993537895,0.38576424350870464,-0.03523762413795622,0.3095719191405357,22848,22848,24752,24752,0.0,0.0,0.0,0.0,0.0
CH_L_283a,12-13,12,13,0.7471959144801381,119,-0.036811925675667954,0.1634394501607514,0.3916189710599507,-0.037894363826049327,0.38294949083622115,24752,22848,26656,24752,0.0,0.0,0.0,0.0,1.0
CH_L_283a,12-14,12,14,0.6737201496719093,114,-0.04722050613653018,0.15758885583864973,0.4108257822132262,-0.05223159689241356,0.38648004723220997,26656,22848,28560,24752,0.0,0.0,1.0,0.0,1.0
CH_L_283a,12-8,12,8,0.9150036265319804,43,-0.0237026531023072,0.27494797590786124,0.36166458049504635,0.028331128856163804,0.21570970554905217,15232,22848,17136,24752,1.0,1.0,0.0,1.0,0.0
CH_L_283a,12-9,12,9,0.9196577926298617,119,-0.026328615527127553,0.2856018124293771,0.33795847613267227,0.02006673878734135,0.2506828981673637,17136,22848,19040,24752,1.0,1.0,0.0,1.0,0.0
CH_L_283a,13-10,13,10,0.7885515977478673,121,-0.03770447535383044,0.19469997930917843,0.3781064837926916,-0.02722321915234022,0.29722253567034396,19040,24752,20944,26656,0.0,0.0,0.0,0.0,0.0
CH_L_283a,13-11,13,11,0.8603935003368125,110,-0.030615390792202286,0.2467303572428525,0.352781718379251,0.00802518949034286,0.28654607820134753,20944,24752,22848,26656,1.0,1.0,0.0,1.0,0.0
CH_L_283a,13-12,13,12,0.8574603993806337,115,-0.0469030881398603,0.1484666656406409,0.3963317250186488,-0.043095341862153594,0.30513669897555584,22848,24752,24752,26656,0.0,0.0,0.0,0.0,0.0
CH_L_283a,13-13,13,13,0.7391278880717416,111,-0.0443106975253086,0.1560935403054292,0.4054805625374606,-0.04782503252316148,0.3486509885344238,24752,24752,26656,26656,0.0,0.0,0.0,0.0,0.0
CH_L_283a,13-14,13,14,0.6954160691706993,115,-0.0510712622139225,0.1306784225646693,0.4324593831434153,-0.05230568613357386,0.3353879425889154,26656,24752,28560,26656,0.0,0.0,1.0,0.0,0.0
CH_L_283a,13-8,13,8,0.8202327540728729,48,-0.03148254883416211,0.2576300001437323,0.3672560251759677,0.012981403387234525,0.3232180445247191,15232,24752,17136,26656,1.0,1.0,0.0,1.0,0.0
CH_L_283a,13-9,13,9,0.8394492874335595,111,-0.02434318941824261,0.2714935071123811,0.36667178905417397,0.02978956993816826,0.32480498751822684,17136,24752,19040,26656,1.0,1.0,0.0,1.0,0.0
CH_L_283a,14-10,14,10,0.6940148082755867,110,-0.034783764411327536,0.1551569689102747,0.4020037457161354,-0.05180128682904066,0.40136146676521706,19040,26656,20944,28560,0.0,0.0,0.0,0.0,1.0
CH_L_283a,14-11,14,11,0.7878505464970819,120,-0.03559923914779652,0.177495426402829,0.3734562668072614,0.002587276421295005,0.3226873744518859,20944,26656,22848,28560,0.0,0.0,0.0,1.0,0.0
CH_L_283a,14-12,14,12,0.8100168067345902,113,-0.036812403410944015,0.16000015754816035,0.3800455447179587,-0.00867189013359835,0.38764409117279547,22848,26656,24752,28560,0.0,0.0,0.0,0.0,1.0
CH_L_283a,14-13,14,13,0.7133933607990246,119,-0.02487259177190445,0.16324524261105847,0.38234732215760175,0.000724219029950609,0.39139148097641807,24752,26656,26656,28560,1.0,0.0,0.0,1.0,1.0
CH_L_283a,14-14,14,14,0.5022671957545118,98,-0.03346814428794984,0.127412703662398,0.4149761322174096,-0.029087323638115142,0.39966872452332103,26656,26656,28560,28560,0.0,0.0,1.0,0.0,1.0
CH_L_283a,14-9,14,9,0.5213870110853223,119,-0.05273305942569047,0.11910953155994201,0.4230612680390162,-0.07239728585088338,0.4678312578735144,17136,26656,19040,28560,0.0,0.0,1.0,0.0,1.0
CH_L_283a,15-11,15,11,0.4131884218408381,110,-0.05096635845935647,0.11118725396519481,0.4055579750663772,-0.05407072825714889,0.49213429454997376,20944,28560,22848,30464,0.0,0.0,0.0,0.0,1.0
CH_L_283a,15-12,15,12,0.8642070250886879,117,-0.04134332568795702,0.2035002535178076,0.3700244456312647,-0.0073012068873319,0.33785619298314284,22848,28560,24752,30464,0.0,0.0,0.0,0.0,0.0
CH_L_283a,15-13,15,13,0.5493206783679268,109,-0.05268794900253153,0.12442348610170037,0.4123279279136335,-0.06163499759826109,0.3483719216523123,24752,28560,26656,30464,0.0,0.0,1.0,0.0,0.0
CH_L_283a,15-14,15,14,0.37678038214404375,105,-0.0347186715552849,0.1279111485235694,0.3911529649561237,-0.038432442356191795,0.4360713495134925,26656,28560,28560,30464,0.0,0.0,0.0,0.0,1.0
CH_L_283a,15-9,15,9,0.39585825438184236,96,-0.08603084739189143,0.04353875863972156,0.46422306402259883,-0.12493520164102861,0.5192976651216441,17136,28560,19040,30464,0.0,0.0,1.0,0.0,1.0
CH_L_283a,9-10,9,10,0.892807429904007,71,-0.04078870739457825,0.18053115573744108,0.38691036809825785,-0.057588712855487036,0.24714353773448736,19040,17136,20944,19040,0.0,0.0,0.0,0.0,0.0
CH_L_283a,9-11,9,11,0.8052263182885286,61,-0.062471851920647206,0.09781451881424374,0.4463673571559633,-0.08884920903805912,0.2673592095809027,20944,17136,22848,19040,0.0,0.0,1.0,0.0,0.0
CH_L_283a,9-12,9,12,0.8474153778519817,60,-0.03815343143199072,0.19064525790421574,0.37276957335060706,-0.02143015541339145,0.31357323288169797,22848,17136,24752,19040,0.0,0.0,0.0,0.0,0.0
CH_L_283a,9-13,9,13,0.8832836784562632,53,-0.041096334983903866,0.21637208449541087,0.35862118000833604,-0.033489525810083916,0.3278060479639336,24752,17136,26656,19040,0.0,0.0,0.0,0.0,0.0
CH_L_283a,9-14,9,14,0.8327810658472513,50,-0.053553656326613436,0.19393685554469656,0.37595463047749683,-0.03602545596181911,0.32713748616754557,26656,17136,28560,19040,0.0,0.0,0.0,0.0,0.0
CH_L_283a,9-9,9,9,0.8605984796413174,70,-0.03686929095118767,0.2125555843453272,0.406098427309041,-0.04944230364305395,0.22690935073184942,17136,17136,19040,19040,0.0,0.0,0.0,0.0,0.0
CH_L_284a,10-10,10,10,0.3786656397182135,110,-0.10701157139234409,0.03209038633395415,0.546489224245355,-0.14663807891905714,0.16388093977161053,19040,19040,20944,20944,0.0,0.0,1.0,0.0,0.0
CH_L_284a,10-7,10,7,0.5305429282121463,57,-0.09548545212325849,0.03309404484171288,0.5263458682147709,-0.1368947969099855,0.22176068900534757,13328,19040,15232,20944,0.0,0.0,0.0,0.0,0.0
CH_L_284a,10-8,10,8,0.45624413772706834,113,-0.09089098496060234,0.03406668688569734,0.519795936125624,-0.13331509149682055,0.2231397094758099,15232,19040,17136,20944,0.0,0.0,0.0,0.0,0.0
CH_L_284a,10-9,10,9,0.4413889768781356,93,-0.09314958755731659,0.030875751640368265,0.527708508456324,-0.14182430037218852,0.23801228379164882,17136,19040,19040,20944,0.0,0.0,1.0,0.0,0.0
CH_L_284a,11-10,11,10,0.5520956067902891,115,-0.08516239506380752,0.03432471120168525,0.502099169676392,-0.12086444316366327,0.21902821523582588,19040,20944,20944,22848,1.0,0.0,0.0,1.0,0.0
CH_L_284a,11-11,11,11,0.4822153879881757,120,-0.09105072440802207,0.028691393234580014,0.5264926319885461,-0.13355830573710598,0.24158806671688776,20944,20944,22848,22848,0.0,0.0,0.0,0.0,0.0
CH_L_284a,11-8,11,8,0.32923936393103004,117,-0.08784013015676631,0.04093802966195933,0.5075402581452565,-0.13271651585859334,0.3296891553272658,15232,20944,17136,22848,0.0,1.0,0.0,0.0,1.0
CH_L_284a,11-9,11,9,0.6909746732034538,121,-0.0863237179839925,0.02560896503185738,0.501423943995448,-0.12438477897384442,0.20115269261300447,17136,20944,19040,22848,0.0,0.0,0.0,0.0,0.0
CH_L_284a,12-10,12,10,0.7205731895878541,118,-0.08328372344440778,0.02716351238766184,0.5039537084924477,-0.12429001222845538,0.23604166929866977,19040,22848,20944,24752,1.0,0.0,0.0,0.0,0.0
CH_L_284a,12-11,12,11,0.39509044161184653,111,-0.08728905986470493,0.0269496983340961,0.5281301279278081,-0.12988636955448823,0.2554725628626871,20944,22848,22848,24752,0.0,0.0,1.0,0.0,0.0
CH_L_284a,12-12,12,12,0.4142300462207522,119,-0.09515774604181185,0.027238900302578545,0.5334555526460352,-0.12778188255720066,0.221333329300822,22848,22848,24752,24752,0.0,0.0,1.0,0.0,0.0
CH_L_284a,12-9,12,9,0.5823085213054171,113,-0.08757364257563482,0.031185925455854174,0.510904391435198,-0.13558811743436217,0.252230430808876,17136,22848,19040,24752,0.0,0.0,0.0,0.0,0.0
CH_L_284a,13-10,13,10,0.6588917019499613,115,-0.06619362516430798,0.035218708344834364,0.4710014527721642,-0.10276245605800684,0.25092378992467296,19040,24752,20944,26656,1.0,0.0,0.0,1.0,0.0
CH_L_284a,13-11,13,11,0.7000905602285142,120,-0.078623883240195,0.02331721986798202,0.5018159045999401,-0.13009924146449006,0.22034447145232208,20944,24752,22848,26656,1.0,0.0,0.0,0.0,0.0
CH_L_284a,13-12,13,12,0.5098236430146292,114,-0.09575777169008975,0.02876958360524624,0.5230603323517329,-0.13268647329216215,0.1986786055750264,22848,24752,24752,26656,0.0,0.0,0.0,0.0,0.0
CH_L_284a,13-13,13,13,0.4273724936442606,120,-0.07898567233679944,0.029739587792785047,0.5156119825488154,-0.11465598681495326,0.2858493528276714,24752,24752,26656,26656,1.0,0.0,0.0,1.0,1.0
CH_L_284a,13-8,13,8,0.31157497705179654,112,-0.09398189940912216,0.024134725557907157,0.5040488386980725,-0.11891860707824824,0.36638262807890654,15232,24752,17136,26656,0.0,0.0,0.0,1.0,1.0
CH_L_284a,13-9,13,9,0.4761396288255044,120,-0.08544575418391855,0.03567228497601283,0.4993188670067196,-0.12161787045103141,0.3332128787231504,17136,24752,19040,26656,0.0,1.0,0.0,1.0,1.0
CH_L_284a,14-10,14,10,0.3269880637640722,121,-0.08585475660021019,0.042030765068731143,0.49062255660485204,-0.12535945602556828,0.4034370498306315,19040,26656,20944,28560,0.0,1.0,0.0,0.0,1.0
CH_L_284a,14-11,14,11,0.5660085245426407,112,-0.08137143974066981,0.03550649053169401,0.49964040656341674,-0.11910867488249412,0.2902893376444335,20944,26656,22848,28560,1.0,1.0,0.0,1.0,1.0
CH_L_284a,14-12,14,12,0.44963186455135074,118,-0.0914407131130812,0.03792119586479232,0.5234221701558451,-0.13864268914960928,0.2670066052574753,22848,26656,24752,28560,0.0,1.0,0.0,0.0,0.0
CH_L_284a,14-13,14,13,0.5050164428564203,115,-0.07902511353389657,0.038917282096696745,0.4885691866348187,-0.12273534040351262,0.29246888390642684,24752,26656,26656,28560,1.0,1.0,0.0,1.0,1.0
CH_L_284a,9-10,9,10,0.5669838054213232,101,-0.09906463793825473,0.030588565568851915,0.5368126597674063,-0.13813622453365354,0.19444547546163435,19040,17136,20944,19040,0.0,0.0,1.0,0.0,0.0
CH_L_284a,9-12,9,12,0.3285694087432182,93,-0.09160908203408208,0.04299504241988007,0.5195081020725636,-0.13703502316590774,0.279143054674174,22848,17136,24752,19040,0.0,1.0,0.0,0.0,0.0
CH_L_284a,9-7,9,7,0.6023689980422051,62,-0.10048787463501004,0.02308092745874392,0.5304606583993249,-0.13500442651474331,0.20354247647610907,13328,17136,15232,19040,0.0,0.0,1.0,0.0,0.0
CH_L_284a,9-8,9,8,0.3824405134615615,117,-0.09535086078907565,0.01942471888687535,0.529625057028783,-0.12668132754209657,0.25286624482032216,15232,17136,17136,19040,0.0,0.0,1.0,0.0,0.0
CH_L_284a,9-9,9,9,0.5341800810503194,93,-0.09790945748421226,0.026767487268923466,0.52500154033828,-0.13573115497805305,0.23493013469384275,17136,17136,19040,19040,0.0,0.0,0.0,0.0,0.0
CH_L_285a,10-10,10,10,0.752845314637903,94,-0.07968791938800132,0.053524549165325515,0.4749486221518849,-0.09406781073197872,0.2675658259164119,19040,19040,20944,20944,1.0,1.0,0.0,1.0,0.0
CH_L_285a,10-11,10,11,0.8951466818754078,104,-0.06602987319063114,0.03264105503523178,0.46971318993600275,-0.09153189460329506,0.19515255493922898,20944,19040,22848,20944,1.0,0.0,0.0,1.0,0.0
CH_L_285a,10-12,10,12,0.7528238809925667,105,-0.09405949826620587,0.034420618226973246,0.4972412910255405,-0.11310169809775486,0.28385736744624573,22848,19040,24752,20944,0.0,0.0,0.0,0.0,0.0
CH_L_285a,10-13,10,13,0.5182572799942761,104,-0.09715119853945102,0.031082458907712638,0.5199771251330335,-0.12448285579184636,0.3189862182876914,24752,19040,26656,20944,0.0,0.0,1.0,0.0,0.0
CH_L_285a,10-14,10,14,0.5037412009225208,105,-0.09998379047054144,0.034731574067558814,0.5177636169577439,-0.13579269186015347,0.31388830715542565,26656,19040,28560,20944,0.0,0.0,1.0,0.0,0.0
CH_L_285a,10-9,10,9,0.38699435726802695,97,-0.09912650806304689,0.04452172176372798,0.5026236731637987,-0.11705284133993406,0.3332246699372147,17136,19040,19040,20944,0.0,0.0,0.0,0.0,0.0
CH_L_285a,11-10,11,10,0.3633934527147006,78,-0.104436009382099,0.04054765182000894,0.5135809464058122,-0.14367844092393137,0.2964324408621483,19040,20944,20944,22848,0.0,0.0,0.0,0.0,0.0
CH_L_285a,11-11,11,11,0.5562191737711731,105,-0.0992635570043841,0.03701002043829316,0.5078066286577335,-0.125903363336671,0.24962150983748557,20944,20944,22848,22848,0.0,0.0,0.0,0.0,0.0
CH_L_285a,11-12,11,12,0.4592835757938952,104,-0.11110712863071101,0.042414999858626595,0.5169702692956899,-0.13777109359670578,0.30547328821426933,22848,20944,24752,22848,0.0,0.0,1.0,0.0,0.0
CH_L_285a,11-13,11,13,0.44078030093933435,105,-0.10445050211750877,0.03998225084970375,0.5164144039742059,-0.13619451005533145,0.3445972344417665,24752,20944,26656,22848,0.0,0.0,1.0,0.0,1.0
CH_L_285a,11-14,11,14,0.3226643791247347,104,-0.10511733411037348,0.045242290933889304,0.5175767295465176,-0.13274388168312973,0.3125255544135124,26656,20944,28560,22848,0.0,1.0,1.0,0.0,0.0
CH_L_285a,11-9,11,9,0.505469009717091,94,-0.10456817070791177,0.04623448966049871,0.5155632988165343,-0.135879861825399,0.3026471185847144,17136,20944,19040,22848,0.0,1.0,1.0,0.0,0.0
CH_L_285a,12-12,12,12,0.31139941070944893,93,-0.10566526498087211,0.03634568992880711,0.5296565268357633,-0.13782968786260355,0.29324170606668915,22848,22848,24752,24752,0.0,0.0,1.0,0.0,0.0
CH_L_285a,12-13,12,13,0.5908781270392119,105,-0.09699411117163306,0.041993719632058994,0.5159021154036006,-0.13095504872675698,0.3372425216528382,24752,22848,26656,24752,0.0,0.0,1.0,0.0,1.0
CH_L_285a,12-14,12,14,0.3830495322959325,74,-0.10633456170644671,0.0485087833493202,0.5209430225089421,-0.13025439619601514,0.33473037799686156,26656,22848,28560,24752,0.0,1.0,1.0,0.0,0.0
CH_L_285a,7-10,7,10,0.7918835429588742,102,-0.07285675354614757,0.022273346987835993,0.4890320237025014,-0.10334439091001181,0.348754031965917,19040,13328,20944,15232,1.0,0.0,0.0,0.0,1.0
CH_L_285a,7-11,7,11,0.7141878530518547,89,-0.07882326371802444,0.02174154804775719,0.49879807004128174,-0.09657903819543909,0.3510122541348063,20944,13328,22848,15232,1.0,0.0,0.0,1.0,1.0
CH_L_285a,7-12,7,12,0.5604635961846474,95,-0.08194526652888358,0.03478506792262028,0.48810719686055765,-0.09549440185081003,0.3420456560559739,22848,13328,24752,15232,0.0,0.0,0.0,1.0,1.0
CH_L_285a,7-13,7,13,0.6326452484874422,105,-0.08324751336291532,0.03726399090254106,0.49367128440342467,-0.1056967319990312,0.297714188415776,24752,13328,26656,15232,0.0,0.0,0.0,0.0,0.0
CH_L_285a,7-14,7,14,0.3961743174941047,104,-0.09522586844598377,0.05943225540380158,0.47576361156126923,-0.13164472707470987,0.2810622942872071,26656,13328,28560,15232,0.0,1.0,0.0,0.0,0.0
CH_L_285a,7-9,7,9,0.699089621032282,71,-0.0683622384283292,0.033254834583696595,0.4974726318079151,-0.10642001716486334,0.4080956333807997,17136,13328,19040,15232,1.0,0.0,0.0,0.0,1.0
CH_L_285a,8-10,8,10,0.7181034484051132,103,-0.08155926274800822,0.033889252471471336,0.4851414379641951,-0.10116663831459961,0.3405097609676898,19040,15232,20944,17136,0.0,0.0,0.0,1.0,1.0
CH_L_285a,8-11,8,11,0.7409505731059173,104,-0.07824733294772608,0.027725171271412313,0.4685832705433587,-0.10739352292125946,0.31665598458192845,20944,15232,22848,17136,1.0,0.0,0.0,0.0,0.0
CH_L_285a,8-12,8,12,0.7118847841686342,101,-0.07804355758048422,0.05517113520264266,0.4742606121156115,-0.09579702777663013,0.28268293203047173,22848,15232,24752,17136,1.0,1.0,0.0,1.0,0.0
CH_L_285a,8-13,8,13,0.6279175199106126,104,-0.06444207741563739,0.06098590225542639,0.46405547344386605,-0.07064268423696343,0.3300047223613135,24752,15232,26656,17136,1.0,1.0,0.0,1.0,0.0
CH_L_285a,8-14,8,14,0.3430336147528533,96,-0.0874381316814135,0.05814534075412925,0.47512076676641596,-0.10416823875956244,0.31103755000722083,26656,15232,28560,17136,0.0,1.0,0.0,0.0,0.0
CH_L_285a,8-9,8,9,0.41871030362040534,77,-0.07843080363658847,0.030335918761961424,0.5023899447382316,-0.12704556936323766,0.4511490814832191,17136,15232,19040,17136,1.0,0.0,0.0,0.0,1.0
CH_L_285a,9-10,9,10,0.8431379978442995,103,-0.08676357918645612,0.028960518976005517,0.480880613022189,-0.08795448602259567,0.25606098412283607,19040,17136,20944,19040,0.0,0.0,0.0,1.0,0.0
CH_L_285a,9-11,9,11,0.833075889312363,105,-0.08669136756705213,0.03238636539239401,0.467711680550321,-0.09646032676255621,0.2097961806481143,20944,17136,22848,19040,0.0,0.0,0.0,1.0,0.0
CH_L_285a,9-12,9,12,0.6984904065809006,104,-0.0918879518616898,0.035322739632049925,0.480451221217054,-0.10254778558706276,0.29266113455604903,22848,17136,24752,19040,0.0,0.0,0.0,0.0,0.0
CH_L_285a,9-13,9,13,0.5247018441271447,105,-0.09195072116817037,0.044882980713442246,0.497388985964495,-0.13561499926313048,0.3117906958749632,24752,17136,26656,19040,0.0,0.0,0.0,0.0,0.0
CH_L_285a,9-14,9,14,0.4520752215154761,104,-0.08167087757669604,0.051162762658728114,0.4787213713898014,-0.1123013480536544,0.30782120796573315,26656,17136,28560,19040,0.0,1.0,0.0,0.0,0.0
CH_L_285a,9-9,9,9,0.41905062495604956,88,-0.09553313145659828,0.042617073610901,0.5029253075171067,-0.1320774942371728,0.350032412661279,17136,17136,19040,19040,0.0,0.0,0.0,0.0,1.0
CH_L_287a,10-13,10,13,0.6861092288327274,75,-0.06608775296187468,0.09391301889418777,0.49736786428560303,-0.10310260254725617,0.2740973518784716,24752,19040,26656,20944,0.0,1.0,0.0,0.0,0.0
CH_L_287a,10-14,10,14,0.6364014191263706,118,-0.07353122035468485,0.05623585275087513,0.5113004504923705,-0.1189777437595099,0.2573399786496781,26656,19040,28560,20944,0.0,0.0,0.0,0.0,0.0
CH_L_287a,10-15,10,15,0.5756457871472357,119,-0.055675397799160045,0.07030614315364403,0.5002613113450947,-0.09823676719593033,0.3128372600567571,28560,19040,30464,20944,1.0,0.0,0.0,0.0,0.0
CH_L_287a,10-16,10,16,0.6166287700152676,120,-0.03846427108656493,0.08658862210290173,0.4864138524005502,-0.07343522777162355,0.3311884767677196,30464,19040,32368,20944,1.0,1.0,0.0,1.0,0.0
CH_L_287a,10-17,10,17,0.4946786203265843,118,-0.06824970485516743,0.0556945197263703,0.5044103609148961,-0.09235105546053089,0.35084662901403596,32368,19040,34272,20944,0.0,0.0,0.0,1.0,1.0
CH_L_287a,10-18,10,18,0.36738612629019207,119,-0.08214667444759934,0.055940497004873455,0.5264024126982308,-0.12608466398595758,0.3252433421527731,34272,19040,36176,20944,0.0,0.0,1.0,0.0,0.0
CH_L_287a,11-13,11,13,0.6222506115778624,58,-0.0827442646570225,0.0572086792485385,0.5115566390194747,-0.11502349962029844,0.2581067874195081,24752,20944,26656,22848,0.0,0.0,0.0,0.0,0.0
CH_L_287a,11-14,11,14,0.5963705464866029,121,-0.088805505580241,0.05356515569741608,0.5296205446298955,-0.13420176016933275,0.24523924517835752,26656,20944,28560,22848,0.0,0.0,1.0,0.0,0.0
CH_L_287a,11-15,11,15,0.6266539299271701,122,-0.07256512284784769,0.06819382741570944,0.5073776617702237,-0.12173194551811319,0.3247975363917836,28560,20944,30464,22848,0.0,0.0,0.0,0.0,0.0
CH_L_287a,11-16,11,16,0.5730587826292227,118,-0.055027539469220496,0.09263693368460074,0.48992260681979904,-0.08753226815989919,0.3451228072387961,30464,20944,32368,22848,1.0,1.0,0.0,1.0,0.0
CH_L_287a,11-17,11,17,0.5778594530901716,119,-0.04847073995820755,0.0718562833596167,0.4867855141097674,-0.0993154591371178,0.3283320126900019,32368,20944,34272,22848,1.0,0.0,0.0,0.0,0.0
CH_L_287a,11-18,11,18,0.561217249864031,117,-0.07508674528667034,0.05330543372521673,0.5195514332846475,-0.12104658000196458,0.27471111133780435,34272,20944,36176,22848,0.0,0.0,1.0,0.0,0.0
CH_L_287a,11-19,11,19,0.31388971772334334,86,-0.09471107406389206,0.03165888491640117,0.536192228621643,-0.1559894903917198,0.290224092192544,36176,20944,38080,22848,0.0,0.0,1.0,0.0,0.0
CH_L_287a,12-13,12,13,0.6005108329302044,45,-0.0890603797914211,0.046212515944311534,0.5251277517160373,-0.12216551124843246,0.29034658101466976,24752,22848,26656,24752,0.0,0.0,1.0,0.0,0.0
CH_L_287a,12-14,12,14,0.6441613007026666,110,-0.08048911559586473,0.05594290837476842,0.5120673930488221,-0.11998129478466883,0.2691044365634113,26656,22848,28560,24752,0.0,0.0,0.0,0.0,0.0
CH_L_287a,12-15,12,15,0.5863629751030217,96,-0.07913014483075571,0.05965647021497994,0.5098322414021507,-0.1074450611779702,0.3233164065579845,28560,22848,30464,24752,0.0,0.0,0.0,0.0,0.0
CH_L_287a,12-16,12,16,0.5768743774615016,108,-0.05918792567764512,0.07596947062140337,0.4870056981465949,-0.10191929026524306,0.3611507027551659,30464,22848,32368,24752,0.0,1.0,0.0,0.0,1.0
CH_L_287a,12-17,12,17,0.5838221600511461,117,-0.05531331394174715,0.10011655177183874,0.47812132590596645,-0.07653693289510764,0.31781255340088443,32368,22848,34272,24752,1.0,1.0,0.0,1.0,0.0
CH_L_287a,12-18,12,18,0.45661502222964256,124,-0.05758291972262053,0.07587516366958429,0.49319816356942237,-0.1008141825640985,0.35028212310462686,34272,22848,36176,24752,1.0,1.0,0.0,0.0,1.0
CH_L_287a,12-19,12,19,0.38166185061053187,107,-0.07009746888468125,0.05824888175379012,0.5140138504040777,-0.11574644440741552,0.31599269497850085,36176,22848,38080,24752,0.0,0.0,0.0,0.0,0.0
CH_L_287a,13-14,13,14,0.4390270572447206,81,-0.08763299172914395,0.05305148799071158,0.5201787650329596,-0.12447725982346772,0.3492067831529744,26656,24752,28560,26656,0.0,0.0,1.0,0.0,0.0
CH_L_287a,13-15,13,15,0.44938109615913785,56,-0.09310890660799247,0.039594926115191324,0.5324700382894662,-0.13815389545763754,0.3695927786078203,28560,24752,30464,26656,0.0,0.0,1.0,0.0,1.0
CH_L_287a,13-17,13,17,0.47854377526920455,46,-0.07057257290734527,0.07957892630084772,0.4850327505479355,-0.10586868639753054,0.4265103250305546,32368,24752,34272,26656,0.0,1.0,0.0,0.0,1.0
CH_L_287a,7-13,7,13,0.5068450867164125,92,-0.06286843691480946,0.05427065669373018,0.48669637631469936,-0.09068827394445451,0.3529970094650672,24752,13328,26656,15232,0.0,0.0,0.0,1.0,1.0
CH_L_287a,7-14,7,14,0.5987415027559831,108,-0.042866900678393285,0.09034691088656967,0.4879572223890069,-0.08047128183617837,0.3372730705619722,26656,13328,28560,15232,1.0,1.0,0.0,1.0,0.0
CH_L_287a,8-13,8,13,0.5583378498951085,103,-0.0653797239849014,0.04944361470045861,0.499374137181127,-0.11233233371297137,0.2731051164564287,24752,15232,26656,17136,0.0,0.0,0.0,0.0,0.0
CH_L_287a,8-14,8,14,0.6784681689776652,120,-0.0558095175531717,0.08155417279500358,0.4879236961175277,-0.08447501650320323,0.304112431596581,26656,15232,28560,17136,1.0,1.0,0.0,1.0,0.0
CH_L_287a,8-15,8,15,0.5175947166711851,118,-0.0578244918638832,0.05783817041119999,0.49493236818650904,-0.1060268349168141,0.34087784576469204,28560,15232,30464,17136,0.0,0.0,0.0,0.0,0.0
CH_L_287a,9-13,9,13,0.5634993308743447,88,-0.07984417306499164,0.05569227411308135,0.5164054939812112,-0.1252869703003972,0.2666628261242397,24752,17136,26656,19040,0.0,0.0,1.0,0.0,0.0
CH_L_287a,9-14,9,14,0.6059227672138916,118,-0.07425118492713757,0.06578135480022124,0.4978508132931472,-0.12016824976142788,0.24463477417886637,26656,17136,28560,19040,0.0,0.0,0.0,0.0,0.0
CH_L_287a,9-15,9,15,0.4982425854108045,123,-0.05833623046771922,0.06754381395093648,0.4920688861277278,-0.09128485036170803,0.3640482385670109,28560,17136,30464,19040,0.0,0.0,0.0,1.0,1.0
CH_L_287a,9-16,9,16,0.5071517550619148,119,-0.05541247496006777,0.04151155895344573,0.5001445745098572,-0.08194720471012513,0.40569763337171905,30464,17136,32368,19040,1.0,0.0,0.0,1.0,1.0
CH_L_287a,9-17,9,17,0.3309127415544069,119,-0.06807410701098589,0.05113756582605914,0.5143587750688673,-0.11092628035717093,0.41300222656803665,32368,17136,34272,19040,0.0,0.0,1.0,0.0,1.0
CH_L_288a,10-5,10,5,0.843149784146913,109,-0.0794696478749091,0.10380683466282206,0.4716563174484237,-0.09055271879869342,0.2929581950818041,9520,19040,11424,20944,1.0,1.0,0.0,1.0,0.0
CH_L_288a,10-6,10,6,0.8821622665129881,119,-0.08286217314712972,0.1105749548821642,0.46292314974717885,-0.08374555722856668,0.32344081992637486,11424,19040,13328,20944,1.0,1.0,0.0,1.0,0.0
CH_L_288a,10-7,10,7,0.8820405715688436,110,-0.0596001127162127,0.16578872223623833,0.4481045875694286,-0.07309659453333182,0.33147253824408146,13328,19040,15232,20944,1.0,1.0,0.0,1.0,0.0
CH_L_288a,10-8,10,8,0.8126282327303519,116,-0.07292241918786757,0.14495757852276187,0.4470777504179394,-0.07354054855741571,0.36084751615348654,15232,19040,17136,20944,1.0,1.0,0.0,1.0,1.0
CH_L_288a,10-9,10,9,0.42404091131908334,102,-0.09226729613291929,0.05100453094976448,0.48312203224779254,-0.12906734070824114,0.3189388465268846,17136,19040,19040,20944,0.0,0.0,0.0,0.0,0.0
CH_L_288a,11-5,11,5,0.4684319641161311,117,-0.08994538626219478,0.08868157207480615,0.48349797728330435,-0.12500053969117356,0.2575478753731701,9520,20944,11424,22848,0.0,0.0,0.0,0.0,0.0
CH_L_288a,11-6,11,6,0.7720612953655533,109,-0.08819857122287555,0.0967170241790362,0.4678651897288445,-0.1031315152340979,0.2549739914432541,11424,20944,13328,22848,0.0,1.0,0.0,0.0,0.0
CH_L_288a,11-7,11,7,0.7904849347687086,117,-0.07612492462166937,0.1684919657556454,0.4445683639152105,-0.08707711307210911,0.3536393740678594,13328,20944,15232,22848,1.0,1.0,0.0,1.0,1.0
CH_L_288a,11-8,11,8,0.47330690367706146,112,-0.09059522757031235,0.09429132472772642,0.46683729095937176,-0.12436899416410008,0.32978176881483,15232,20944,17136,22848,0.0,0.0,0.0,0.0,0.0
CH_L_288a,12-6,12,6,0.5006106706208572,58,-0.09011507272883412,0.04270655955031242,0.49386620573594486,-0.1349505601955757,0.26912152994658267,11424,22848,13328,24752,0.0,0.0,0.0,0.0,0.0
CH_L_288a,12-7,12,7,0.4061109652178297,54,-0.10348792359369183,0.058560302896979416,0.4792335961611788,-0.13810023884163306,0.3048752829088883,13328,22848,15232,24752,0.0,0.0,0.0,0.0,0.0
CH_L_288a,12-9,12,9,0.30270335881587646,43,-0.09589334948895238,0.02960582224829033,0.5154375184325342,-0.13519222226782074,0.3622789010368633,17136,22848,19040,24752,0.0,0.0,1.0,0.0,1.0
CH_L_288a,5-8,5,8,0.38281599942646805,42,-0.0895310288735189,0.03171767994172218,0.5165285958252938,-0.141040867440409,0.35421777769138485,15232,9520,17136,11424,0.0,0.0,1.0,0.0,1.0
CH_L_288a,5-9,5,9,0.49713665113304883,44,-0.08847652099166686,0.019212338870353105,0.517981764732175,-0.1303295730161189,0.3087028182675892,17136,9520,19040,11424,0.0,0.0,1.0,0.0,0.0
CH_L_288a,6-4,6,4,0.3766272531898059,65,-0.09516218142366395,0.026611769552428232,0.5220270664099131,-0.15305185138605804,0.2886073866102413,7616,11424,9520,13328,0.0,0.0,1.0,0.0,0.0
CH_L_288a,6-5,6,5,0.4078705770455447,92,-0.0979478911717744,0.026734984732531993,0.5260600117424008,-0.15095988237413482,0.2653130619780797,9520,11424,11424,13328,0.0,0.0,1.0,0.0,0.0
CH_L_288a,6-6,6,6,0.34683896476512105,111,-0.09677394199831103,0.032738369667750976,0.5111220900408036,-0.13939326039887842,0.2938440155629248,11424,11424,13328,13328,0.0,0.0,1.0,0.0,0.0
CH_L_288a,6-8,6,8,0.30524465933900413,113,-0.09532813418965508,0.028845761675335063,0.522638353012509,-0.14767040783416363,0.3227721751221794,15232,11424,17136,13328,0.0,0.0,1.0,0.0,0.0
CH_L_288a,6-9,6,9,0.3257481255437863,113,-0.10045807910977768,0.02907783731229692,0.531546290044667,-0.14637136003415288,0.30302345457028057,17136,11424,19040,13328,0.0,0.0,1.0,0.0,0.0
CH_L_288a,7-5,7,5,0.6247833973878348,111,-0.10476120376868957,0.0540467493289266,0.5030318366266671,-0.12195978870612718,0.21611317762252022,9520,13328,11424,15232,0.0,0.0,0.0,0.0,0.0
CH_L_288a,7-6,7,6,0.5152050076771268,113,-0.08571836921169021,0.06691212371653808,0.48760306729036396,-0.11786609424152736,0.3441770821188179,11424,13328,13328,15232,0.0,0.0,0.0,0.0,1.0
CH_L_288a,7-7,7,7,0.5441810897799145,116,-0.08967341946731207,0.08276569206005387,0.47814183776288083,-0.11691874120078602,0.33987549463265804,13328,13328,15232,15232,0.0,0.0,0.0,0.0,0.0
CH_L_288a,7-8,7,8,0.5649997893237317,110,-0.09030818872379184,0.07285420662061537,0.4742861310956403,-0.1030111748860159,0.36720820686579936,15232,13328,17136,15232,0.0,0.0,0.0,1.0,1.0
CH_L_288a,7-9,7,9,0.4771296403895146,105,-0.09077366851064209,0.05704804348623583,0.4984234155009762,-0.12119414301026844,0.30532474773968704,17136,13328,19040,15232,0.0,0.0,0.0,0.0,0.0
CH_L_288a,8-5,8,5,0.7282773310888799,112,-0.08946366112140401,0.07962222623752938,0.46974008442505794,-0.12318150465431768,0.2575589726131951,9520,15232,11424,17136,0.0,0.0,0.0,0.0,0.0
CH_L_288a,8-6,8,6,0.8594777313319418,115,-0.09900978403191998,0.06564526477157631,0.4907565210881453,-0.11571126454834359,0.2421297704233414,11424,15232,13328,17136,0.0,0.0,0.0,0.0,0.0
CH_L_288a,8-7,8,7,0.8120608145421394,110,-0.08049364524015648,0.09459959591454306,0.4704540056436362,-0.11209814863322738,0.34057159191160274,13328,15232,15232,17136,1.0,1.0,0.0,0.0,1.0
CH_L_288a,8-8,8,8,0.8400560304923002,117,-0.085839928133249,0.0756114616703312,0.47271363782007136,-0.10211531935972071,0.3348983662321707,15232,15232,17136,17136,0.0,0.0,0.0,1.0,0.0
CH_L_288a,8-9,8,9,0.803867333864769,111,-0.07253178835628062,0.10210924188470138,0.43375377025055734,-0.08331004702592315,0.4287401351036736,17136,15232,19040,17136,1.0,1.0,0.0,1.0,1.0
CH_L_288a,9-4,9,4,0.317299152960988,108,-0.10562061669563659,0.04407804695336211,0.5168072142669824,-0.1528961498605609,0.2388684577268977,7616,17136,9520,19040,0.0,0.0,1.0,0.0,0.0
CH_L_288a,9-5,9,5,0.8084299188266156,110,-0.09353838377556109,0.08820352927625738,0.47834051018014184,-0.12104237849020573,0.259483784151635,9520,17136,11424,19040,0.0,0.0,0.0,0.0,0.0
CH_L_288a,9-6,9,6,0.8519279284115514,104,-0.09157260344932817,0.05983210742226192,0.49876410675485394,-0.12306104984383527,0.20650998033519485,11424,17136,13328,19040,0.0,0.0,0.0,0.0,0.0
CH_L_288a,9-7,9,7,0.8835535362226103,119,-0.08912947171841475,0.08873100439594711,0.4694591978967396,-0.1076192741305828,0.3178053900227096,13328,17136,15232,19040,0.0,0.0,0.0,0.0,0.0
CH_L_288a,9-8,9,8,0.8900184683438878,111,-0.08221853729777163,0.07157491161447974,0.471384320298176,-0.11533724171267777,0.30387674492183153,15232,17136,17136,19040,1.0,0.0,0.0,0.0,0.0
CH_L_288a,9-9,9,9,0.8519701478984638,115,-0.07286875299439148,0.12764571507895683,0.4353257095811598,-0.07057566827656309,0.3857444708437568,17136,17136,19040,19040,1.0,1.0,0.0,1.0,1.0
CH_L_289a,10-12,10,12,0.5138967076872913,42,-0.08747046326730301,0.035583528474567555,0.4652892622955039,-0.12773148027881825,0.3345900387846605,23736,19780,25714,21758,0.0,0.0,1.0,0.0,0.0
CH_L_289a,10-13,10,13,0.47582405342326295,125,-0.08774798288945704,0.023604585621299558,0.47869138862483,-0.1343350949815672,0.33209035536328524,25714,19780,27692,21758,0.0,0.0,1.0,0.0,0.0
CH_L_289a,10-14,10,14,0.49595933673211906,126,-0.07330975508279279,0.02882827542560129,0.44937236431842004,-0.1213660240708831,0.38184286174093757,27692,19780,29670,21758,0.0,0.0,1.0,0.0,0.0
CH_L_289a,10-15,10,15,0.6717885332993899,112,-0.053848301502227344,0.028468570352679818,0.42793925109765985,-0.10650397081420089,0.3851978258921931,29670,19780,31648,21758,0.0,0.0,1.0,0.0,0.0
CH_L_289a,10-16,10,16,0.7375493367147093,117,-0.011249559722381291,0.03940189588668226,0.3343866729859126,-0.02017313517253193,0.4215735247362745,31648,19780,33626,21758,0.0,0.0,0.0,1.0,0.0
CH_L_289a,10-17,10,17,0.623623807669741,126,0.0075244462605060574,0.06496356687826156,0.3136906213896084,0.0256576672570712,0.43956489508440705,33626,19780,35604,21758,1.0,1.0,0.0,1.0,1.0
CH_L_289a,10-18,10,18,0.4140565209146301,95,0.006823595354162021,0.1154794187702878,0.341934729934482,-0.016650119744880742,0.527580183963934,35604,19780,37582,21758,1.0,1.0,0.0,1.0,1.0
CH_L_289a,11-12,11,12,0.44502676895328186,42,-0.05503438392805941,0.026632511375433886,0.43119593228268005,-0.09617135730737235,0.3448300830602594,23736,21758,25714,23736,0.0,0.0,1.0,0.0,0.0
CH_L_289a,11-13,11,13,0.34103181279749706,123,-0.08233065964152152,0.028553494070635742,0.47228146894471484,-0.13259632523325238,0.31359992135966686,25714,21758,27692,23736,0.0,0.0,1.0,0.0,0.0
CH_L_289a,11-14,11,14,0.7075561589620533,124,-0.06129943710988063,0.028446610463360424,0.4175377107518958,-0.10914114296805323,0.38828186892978805,27692,21758,29670,23736,0.0,0.0,0.0,0.0,0.0
CH_L_289a,11-15,11,15,0.7286893893214835,122,-0.022241269770034502,0.04251033706279231,0.36438952307685396,-0.03288698005731638,0.45000112852116425,29670,21758,31648,23736,0.0,0.0,0.0,0.0,1.0
CH_L_289a,11-16,11,16,0.7332806553889252,125,-0.0018570826421749995,0.030191353483447314,0.34104232600812723,-0.033195673324075164,0.4221643175523671,31648,21758,33626,23736,1.0,0.0,0.0,0.0,0.0
CH_L_289a,11-17,11,17,0.6088418808678584,117,-0.013297241930292978,0.06316511634366387,0.347330766238557,-0.038014627079006116,0.470111621509474,33626,21758,35604,23736,0.0,1.0,0.0,0.0,1.0
CH_L_289a,12-13,12,13,0.4946932056791566,94,-0.05669076248948783,0.04359672534143227,0.4189150099276185,-0.08894932001327234,0.3829963322442292,25714,23736,27692,25714,0.0,0.0,1.0,0.0,0.0
CH_L_289a,12-14,12,14,0.6812146128476331,90,-0.03882151644587892,0.03800980639011764,0.3792522266656719,-0.07796111055301579,0.413805012583595,27692,23736,29670,25714,0.0,0.0,0.0,0.0,0.0
CH_L_289a,12-15,12,15,0.6359135667027896,95,-0.022895969726064908,0.025875204242613515,0.36506298884909105,-0.023393518314655005,0.4268806825487201,29670,23736,31648,25714,0.0,0.0,0.0,1.0,0.0
CH_L_289a,12-16,12,16,0.7157417359029831,94,-0.002231403145975471,0.0492812618086109,0.34599479322288973,-0.02515638560843445,0.44131331788074174,31648,23736,33626,25714,1.0,1.0,0.0,0.0,1.0
CH_L_289a,12-17,12,17,0.4057140391890638,90,0.0019831409887891937,0.09831990710138151,0.3329786155622768,-0.04370020193571061,0.5137040516862671,33626,23736,35604,25714,1.0,1.0,0.0,0.0,1.0
CH_L_289a,6-13,6,13,0.6282963926743954,103,-0.048057557486110826,0.02985689055380664,0.4119982785062196,-0.0820311275622025,0.3878196392270994,25714,11868,27692,13846,0.0,0.0,0.0,0.0,0.0
CH_L_289a,6-14,6,14,0.6586173992370135,105,-0.05428046938449903,0.02941539461518179,0.4153215016883283,-0.08014848108410341,0.39961423047826644,27692,11868,29670,13846,0.0,0.0,0.0,0.0,0.0
CH_L_289a,6-15,6,15,0.6262721112497581,105,-0.028455163043753656,0.03532688823141496,0.3851396656682068,-0.06062275749866527,0.42524618097325073,29670,11868,31648,13846,0.0,0.0,0.0,0.0,0.0
CH_L_289a,6-16,6,16,0.7413794128818304,100,-0.013895632984102305,0.01864140973232895,0.3689026310140063,-0.03216266226352424,0.40785362592137403,31648,11868,33626,13846,0.0,0.0,0.0,0.0,0.0
CH_L_289a,6-17,6,17,0.6147319954256705,105,6.426587035383885e-05,0.05761263860569698,0.3527242794880508,-0.0008944957949658854,0.4372625079174572,33626,11868,35604,13846,1.0,1.0,0.0,1.0,1.0
CH_L_289a,6-18,6,18,0.42955101682932945,85,0.0023635413059091863,0.03789368889544911,0.3649376865979062,-0.03319973235413914,0.5641348904835354,35604,11868,37582,13846,1.0,0.0,0.0,0.0,1.0
CH_L_289a,7-12,7,12,0.5256439927069579,41,-0.038774133221264905,0.061663025136179585,0.3614260942868378,-0.0362526797209409,0.438283448842088,23736,13846,25714,15824,0.0,1.0,0.0,0.0,1.0
CH_L_289a,7-13,7,13,0.5290329150291281,126,-0.05395528256070141,0.02721350838484701,0.41428133263059136,-0.10446607130640291,0.4164348453870451,25714,13846,27692,15824,0.0,0.0,0.0,0.0,0.0
CH_L_289a,7-14,7,14,0.49255636963778143,126,-0.05722557122498102,0.01763795892113583,0.4262751058728878,-0.09559190387750531,0.4024487119922175,27692,13846,29670,15824,0.0,0.0,1.0,0.0,0.0
CH_L_289a,7-15,7,15,0.5558051951228729,126,-0.029114212331157862,0.016736998915905684,0.3775695523075245,-0.06541008674830509,0.4189255955985191,29670,13846,31648,15824,0.0,0.0,0.0,0.0,0.0
CH_L_289a,7-16,7,16,0.7634350150331969,120,-0.018606209469221074,0.023862477582863684,0.34680031716351023,-0.02780045838137572,0.3952914242096165,31648,13846,33626,15824,0.0,0.0,0.0,0.0,0.0
CH_L_289a,7-17,7,17,0.7570392876610446,127,-0.008164764071369117,0.0438774696071747,0.3349411943504596,-0.004979111497591949,0.41767891342375785,33626,13846,35604,15824,0.0,1.0,0.0,1.0,0.0
CH_L_289a,7-18,7,18,0.696622785592237,101,0.027538377130118617,0.030146820325162235,0.3326493855765565,0.05138225749563686,0.43406199437570486,35604,13846,37582,15824,1.0,0.0,0.0,1.0,1.0
CH_L_289a,8-13,8,13,0.48139547132936333,122,-0.04491150191993232,0.045533051468467874,0.39837743487503974,-0.09784448827890757,0.4289138314109152,25714,15824,27692,17802,0.0,1.0,0.0,0.0,0.0
CH_L_289a,8-15,8,15,0.5801716829355668,126,-0.031973921086341735,0.014343343393406288,0.37147370962518905,-0.052223642536696174,0.4154523144919958,29670,15824,31648,17802,0.0,0.0,0.0,0.0,0.0
CH_L_289a,8-16,8,16,0.5391760237108022,119,-0.027757038862109326,0.022511791135189665,0.355081059134721,-0.044490020334126364,0.4262024406947551,31648,15824,33626,17802,0.0,0.0,0.0,0.0,0.0
CH_L_289a,8-17,8,17,0.7290951203634866,126,-0.017036776317815094,0.024304103819953887,0.329661451737017,-0.010849041517653151,0.3967938910427729,33626,15824,35604,17802,0.0,0.0,0.0,1.0,0.0
CH_L_289a,8-18,8,18,0.7396711334838948,102,0.011677559294793157,0.03184478334698564,0.3347985918613618,0.02712049389418282,0.42052559356539054,35604,15824,37582,17802,1.0,0.0,0.0,1.0,0.0
CH_L_289a,9-12,9,12,0.575251945071166,42,-0.07335809835377857,0.020079332247469238,0.4498390926667547,-0.1270905204433387,0.385583909068456,23736,17802,25714,19780,0.0,0.0,1.0,0.0,0.0
CH_L_289a,9-13,9,13,0.5622099959117108,120,-0.07697763355625911,0.022758019924717494,0.4618064883033819,-0.11910451277642001,0.36669845940065426,25714,17802,27692,19780,0.0,0.0,1.0,0.0,0.0
CH_L_289a,9-14,9,14,0.360223486336281,117,-0.0760561893159494,0.03509979800770678,0.45468625646551,-0.12399969122086113,0.35788168954805577,27692,17802,29670,19780,0.0,0.0,1.0,0.0,0.0
CH_L_289a,9-15,9,15,0.6962022812294394,117,-0.04017463385645431,0.018305927049733044,0.3986368282527493,-0.09926808630234969,0.4118950209657984,29670,17802,31648,19780,0.0,0.0,0.0,0.0,0.0
CH_L_289a,9-16,9,16,0.640038022569786,124,-0.013493488861250577,0.04433162367034436,0.3449859614566457,-0.036459814313006295,0.4058127840165034,31648,17802,33626,19780,0.0,1.0,0.0,0.0,0.0
CH_L_289a,9-17,9,17,0.6801814335840596,126,0.01883086987940393,0.03309383401940287,0.31966955030458116,0.026643102564554842,0.4210625348024805,33626,17802,35604,19780,1.0,0.0,0.0,1.0,0.0
CH_L_289a,9-18,9,18,0.6567172759068904,102,0.026451711618928626,0.08428443591930843,0.32813133334487377,0.051099960928617356,0.436808220503009,35604,17802,37582,19780,1.0,1.0,0.0,1.0,1.0
CH_L_290a,10-19,10,19,0.3499643116443093,113,-0.013439645597700016,0.10193126022554534,0.3592945133048544,-0.029992420767029536,0.5128444386877179,36176,19040,38080,20944,0.0,0.0,0.0,0.0,0.0
CH_L_290a,10-20,10,20,0.41901063236318603,114,0.017650331205566944,0.11549026648063174,0.33166953096140955,0.032357626038484494,0.49826012347051557,38080,19040,39984,20944,0.0,0.0,0.0,0.0,0.0
CH_L_290a,10-21,10,21,0.31780340644415006,117,0.022613903123137498,0.11358573502020954,0.34584447866878104,0.038771379347884515,0.46728541634323606,39984,19040,41888,20944,0.0,0.0,0.0,0.0,0.0
CH_L_290a,11-17,11,17,0.4127102664906379,100,0.008079343341080384,0.03719022858945745,0.3797342204561356,-0.025645791391830527,0.555862854239297,32368,20944,34272,22848,0.0,0.0,0.0,0.0,1.0
CH_L_290a,11-18,11,18,0.43836865297588185,118,0.011438125565755693,0.07487194638381699,0.3549035244914751,-0.017889486143682302,0.5853849564774694,34272,20944,36176,22848,0.0,0.0,0.0,0.0,1.0
CH_L_290a,11-19,11,19,0.39893532188741004,115,0.02376112807117734,0.12299437301084697,0.387865796280979,0.019283697018612326,0.47192152476021215,36176,20944,38080,22848,0.0,0.0,1.0,0.0,0.0
CH_L_290a,11-20,11,20,0.46847802956142953,120,0.015784534867383907,0.12780216869447789,0.3960198491809986,-0.00450788320378941,0.4559591051578787,38080,20944,39984,22848,0.0,0.0,1.0,0.0,0.0
CH_L_290a,11-21,11,21,0.3284457702045923,114,0.025775340314824337,0.1406873196695526,0.38205048429459454,-0.004127598235882018,0.49602350205681783,39984,20944,41888,22848,0.0,0.0,0.0,0.0,0.0
CH_L_290a,12-18,12,18,0.5092845449104336,114,0.0467660012956605,0.13821695547304988,0.37823135780855077,0.024530968979375418,0.4690951299934453,34272,22848,36176,24752,0.0,0.0,0.0,0.0,0.0
CH_L_290a,12-19,12,19,0.547031859614326,123,0.04064231095101199,0.12677448256640125,0.38074058251573717,0.0020990162165413495,0.4520125785918767,36176,22848,38080,24752,0.0,0.0,0.0,0.0,0.0
CH_L_290a,12-20,12,20,0.5075692584654526,111,0.0232075884096369,0.096712218402433,0.40533225666279804,-0.003745127443412997,0.46238874657706747,38080,22848,39984,24752,0.0,0.0,1.0,0.0,0.0
CH_L_290a,7-17,7,17,0.5962904645322468,91,0.09245144885961959,0.14991094670691885,0.36382041619001226,0.06724629531263776,0.49578551205330257,32368,13328,34272,15232,1.0,0.0,0.0,1.0,0.0
CH_L_290a,7-18,7,18,0.5727767911067436,114,0.08613935839773888,0.15686445906401877,0.35449257168094905,0.05525808879670786,0.4912751313517899,34272,13328,36176,15232,1.0,1.0,0.0,1.0,0.0
CH_L_290a,7-20,7,20,0.5004919325611579,88,0.06614098539376824,0.2164539988795334,0.3334670440849533,0.06111317874050874,0.5304949870403882,38080,13328,39984,15232,1.0,1.0,0.0,1.0,0.0
CH_L_290a,7-21,7,21,0.37513731127696903,75,0.007516648072709504,0.053415725701032694,0.371440439905755,-0.024942423170447366,0.588740888056458,39984,13328,41888,15232,0.0,0.0,0.0,0.0,1.0
CH_L_290a,8-17,8,17,0.4880235948050634,91,0.04788082291966552,0.12718006723916495,0.3748649139910658,0.05546292849235621,0.5142148692511992,32368,15232,34272,17136,0.0,0.0,0.0,1.0,0.0
CH_L_290a,8-18,8,18,0.5791688722846271,120,0.0767834229886215,0.16294380473802064,0.3517329455879325,0.06521663490186426,0.5248472420066217,34272,15232,36176,17136,1.0,1.0,0.0,1.0,0.0
CH_L_290a,8-19,8,19,0.65582025123569,113,0.10642705144921358,0.26265801636346436,0.3333577383079369,0.1026243700162973,0.48167403671789427,36176,15232,38080,17136,1.0,1.0,0.0,1.0,0.0
CH_L_290a,8-20,8,20,0.49630194855774173,119,0.07807982757027869,0.15450135307942947,0.33234332733782745,0.06743660099495571,0.532861818960008,38080,15232,39984,17136,1.0,1.0,0.0,1.0,0.0
CH_L_290a,8-21,8,21,0.40296606357547926,102,0.00864930082053457,0.044731573690411225,0.3755786815739388,-0.02520122772455857,0.6341799575228397,39984,15232,41888,17136,0.0,0.0,0.0,0.0,1.0
CH_L_290a,8-23,8,23,0.3133132415899168,53,-0.055951351627347906,0.03312340450904083,0.46583055126026507,-0.08014822253825105,0.4268213181218127,43792,15232,45696,17136,0.0,0.0,1.0,0.0,0.0
CH_L_290a,9-17,9,17,0.4721931820213702,89,-0.025825747378950388,0.04254681481707928,0.43058941491571145,-0.06665687075311785,0.6178459228145655,32368,17136,34272,19040,0.0,0.0,1.0,0.0,1.0
CH_L_290a,9-18,9,18,0.417926653873563,100,-0.01465228808058606,0.041734132011601054,0.41059661850041224,-0.05137514324351583,0.6136113561387251,34272,17136,36176,19040,0.0,0.0,1.0,0.0,1.0
CH_L_290a,9-19,9,19,0.582645781740619,122,0.050385369649948525,0.1852216598742433,0.3445457438404362,0.03435472291836467,0.518900265091612,36176,17136,38080,19040,0.0,1.0,0.0,0.0,0.0
CH_L_290a,9-20,9,20,0.5457446634013315,118,0.06589129363782364,0.18860864373364722,0.3385762299593023,0.025561633299761324,0.49104887363483785,38080,17136,39984,19040,1.0,1.0,0.0,0.0,0.0
CH_L_290a,9-21,9,21,0.3406541054825762,107,0.013188322336262619,0.08327961848354166,0.3325962058470627,0.008577696710339188,0.5579303808593662,39984,17136,41888,19040,0.0,0.0,0.0,0.0,1.0
CH_L_290a,9-23,9,23,0.3237713959780575,55,-0.0657592868457465,0.03774381062059563,0.4400199793600327,-0.0685882493738356,0.29833803195259506,43792,17136,45696,19040,0.0,0.0,1.0,0.0,0.0
CH_L_291a,10-10,10,10,0.391944635110332,112,-0.04509625955009249,0.15829947249006351,0.4113704290264813,-0.02775189659907685,0.34747891880926046,19040,19040,20944,20944,0.0,0.0,1.0,0.0,0.0
CH_L_291a,10-11,10,11,0.8397642369285321,93,-0.00043268353332544295,0.24870616781877877,0.3747028224439853,0.051945206870483616,0.18978107946927622,20944,19040,22848,20944,1.0,0.0,0.0,0.0,0.0
CH_L_291a,10-5,10,5,0.7353179674267404,44,-0.018151873052645314,0.27706976033123626,0.35798264931208024,-0.011503840514853925,0.32870682074728264,9520,19040,11424,20944,0.0,0.0,0.0,0.0,0.0
CH_L_291a,10-6,10,6,0.9499899479411172,113,-0.012048136178495636,0.3170317442488889,0.36628733645475486,0.07824914206729214,0.2554015233218274,11424,19040,13328,20944,0.0,1.0,0.0,0.0,0.0
CH_L_291a,10-7,10,7,0.9148523340978358,119,0.008074718481251696,0.3238069019215154,0.3731489293709443,0.13436901237158103,0.3407678432211594,13328,19040,15232,20944,1.0,1.0,0.0,1.0,0.0
CH_L_291a,10-8,10,8,0.8557411222820397,108,0.004153393912866726,0.3042253586359602,0.37824049537086374,0.14101443591309207,0.3582207791454838,15232,19040,17136,20944,1.0,1.0,0.0,1.0,0.0
CH_L_291a,11-10,11,10,0.8410106935022591,110,0.0037051285761243824,0.2876930367714655,0.3560591556212771,0.04090194740082085,0.319314514656484,19040,20944,20944,22848,1.0,1.0,0.0,0.0,0.0
CH_L_291a,11-11,11,11,0.8325324143470967,109,0.0014046803735581492,0.2794100302508461,0.3665036074533195,0.04099957830850457,0.2780939776829503,20944,20944,22848,22848,1.0,0.0,0.0,0.0,0.0
CH_L_291a,11-5,11,5,0.6964628479050511,44,0.0033270139201342264,0.2716831582030428,0.3450631016843326,0.013519684029273947,0.38935025203986184,9520,20944,11424,22848,1.0,0.0,0.0,0.0,0.0
CH_L_291a,11-6,11,6,0.9578395680614823,110,-0.004815868844486467,0.3273227228009211,0.36944590936673705,0.07620207153342208,0.24880260054334002,11424,20944,13328,22848,0.0,1.0,0.0,0.0,0.0
CH_L_291a,11-7,11,7,0.8821726426166825,107,-0.013309113323330339,0.21871559008493127,0.4123340267719294,0.09384362046298565,0.2981328506266009,13328,20944,15232,22848,0.0,0.0,1.0,1.0,0.0
CH_L_291a,11-8,11,8,0.7412149237985726,113,-0.02458430773043827,0.18970887195197111,0.4160253386970382,0.04682884422120654,0.393467467834754,15232,20944,17136,22848,0.0,0.0,1.0,0.0,0.0
CH_L_291a,11-9,11,9,0.7087947844962257,115,-0.0206684222483965,0.2668814756669313,0.35090671960044645,0.030551242929140777,0.32540705605572284,17136,20944,19040,22848,0.0,0.0,0.0,0.0,0.0
CH_L_291a,12-10,12,10,0.8195532991510682,120,-0.0012783407747158893,0.25994519420298756,0.3647069321654043,0.052919027442767726,0.3144184704992708,19040,22848,20944,24752,1.0,0.0,0.0,0.0,0.0
CH_L_291a,12-11,12,11,0.7696727140669197,112,-0.012064059793950045,0.25432878087492716,0.37122178125519883,0.06617608886335762,0.35131567053155227,20944,22848,22848,24752,0.0,0.0,0.0,0.0,0.0
CH_L_291a,12-6,12,6,0.868942290815933,117,-0.026107805562422797,0.29421757242670166,0.3536340794247133,0.04170894671880335,0.28758637998153824,11424,22848,13328,24752,0.0,1.0,0.0,0.0,0.0
CH_L_291a,12-7,12,7,0.7824580623088134,110,-0.009816519971215382,0.2559818917820026,0.3820130727462729,0.08879274114290987,0.3702050111886358,13328,22848,15232,24752,0.0,0.0,0.0,1.0,0.0
CH_L_291a,12-8,12,8,0.6704494703114001,110,-0.028430250727892258,0.18728594308190397,0.4025945657827094,0.032236307326892706,0.4136776980981684,15232,22848,17136,24752,0.0,0.0,1.0,0.0,1.0
CH_L_291a,12-9,12,9,0.8464224081043744,111,-0.0013751591292382544,0.30881608789762915,0.3241850031657458,0.060741320144668536,0.2636575058764355,17136,22848,19040,24752,1.0,1.0,0.0,0.0,0.0
CH_L_291a,13-10,13,10,0.8498030201170144,110,-0.015790527648859347,0.24418635623798696,0.3687808780004297,0.05550518845947995,0.29697219794814755,19040,24752,20944,26656,0.0,0.0,0.0,0.0,0.0
CH_L_291a,13-11,13,11,0.6523107594031091,112,-0.042175679025466324,0.148411341399345,0.42475993099119363,-0.018750528364930196,0.3721262226398337,20944,24752,22848,26656,0.0,0.0,1.0,0.0,0.0
CH_L_291a,13-6,13,6,0.6011305699192026,111,-0.03750631842481099,0.18805967271421511,0.3749546181741704,-0.03133932428334587,0.41274958880811013,11424,24752,13328,26656,0.0,0.0,0.0,0.0,1.0
CH_L_291a,13-7,13,7,0.8512904902610458,118,-0.004272959177883098,0.29064622973254456,0.3720317269636295,0.1360092547145584,0.4222508254216892,13328,24752,15232,26656,0.0,1.0,0.0,1.0,1.0
CH_L_291a,13-8,13,8,0.6638614347269745,102,-0.002593384329402244,0.18754361763218474,0.38620187248424825,0.11312201777680218,0.47593714494951767,15232,24752,17136,26656,1.0,0.0,1.0,1.0,1.0
CH_L_291a,13-9,13,9,0.7284747559201624,110,0.0026302204965883936,0.278735294371309,0.3654632117598483,0.092698642121685,0.4126406178342668,17136,24752,19040,26656,1.0,0.0,0.0,1.0,0.0
CH_L_291a,14-10,14,10,0.6019083886191183,85,-0.03025326551087483,0.19358262120116065,0.3644854086544903,-0.0015611719403760334,0.3212056069057162,19040,26656,20944,28560,0.0,0.0,0.0,0.0,0.0
CH_L_291a,14-11,14,11,0.5513778297686194,102,-0.03558927168994806,0.19499260045833464,0.3776109601860591,-0.0015059310692172086,0.3983605313597571,20944,26656,22848,28560,0.0,0.0,0.0,0.0,0.0
CH_L_291a,14-5,14,5,0.34186642848137594,46,-0.030024013907530255,0.03697148639729507,0.41628402795975206,-0.07081357822831792,0.5952880003391208,9520,26656,11424,28560,0.0,0.0,1.0,0.0,1.0
CH_L_291a,14-6,14,6,0.3339493165465624,113,-0.027234124219533747,0.1346452796220003,0.3845510373997278,-0.05048555886321486,0.5025428401590317,11424,26656,13328,28560,0.0,0.0,0.0,0.0,1.0
CH_L_291a,14-7,14,7,0.793913716074104,110,-0.011495847170524083,0.25851639484906674,0.38457499332201195,0.09594410586163933,0.4247221709550904,13328,26656,15232,28560,0.0,0.0,0.0,1.0,1.0
CH_L_291a,14-8,14,8,0.5944537408402716,94,-0.011481113077789932,0.23270338874440863,0.37343689378340356,0.09488610808848807,0.4452101169658828,15232,26656,17136,28560,0.0,0.0,0.0,1.0,1.0
CH_L_291a,14-9,14,9,0.4279433453595886,116,-0.02612742055632111,0.20151452578773402,0.35327997231645153,0.048563689817326436,0.43525820156785716,17136,26656,19040,28560,0.0,0.0,0.0,0.0,1.0
CH_L_291a,15-6,15,6,0.3219612986265659,63,-0.039135250121847445,0.09549781236520702,0.376783908233343,-0.07131138203932151,0.5547753691553778,11424,28560,13328,30464,0.0,0.0,0.0,0.0,1.0
CH_L_291a,15-7,15,7,0.9398838082793183,70,-0.0074366740734115025,0.3439931598016647,0.349842505981938,0.10109523695398409,0.3444858005241363,13328,28560,15232,30464,0.0,1.0,0.0,1.0,0.0
CH_L_291a,15-8,15,8,0.8511298817647222,70,0.0048970213532536205,0.33674591607930365,0.357635821417552,0.12499287615783118,0.40055819422609673,15232,28560,17136,30464,1.0,1.0,0.0,1.0,0.0
CH_L_291a,15-9,15,9,0.3313136274847218,55,-0.041524433329966796,0.18338947550516202,0.3642469611918903,-0.015554644157432879,0.4326477792377609,17136,28560,19040,30464,0.0,0.0,0.0,0.0,1.0
CH_L_291a,9-10,9,10,0.6308544580760503,103,-0.018023072523543175,0.20683919536160747,0.39919537590488297,0.016671292726608933,0.40434972450339074,19040,17136,20944,19040,0.0,0.0,1.0,0.0,0.0
CH_L_291a,9-11,9,11,0.7431393099088882,69,-0.01976915853902111,0.21090876866517005,0.38727919879009387,0.015485853183499154,0.28784446521451273,20944,17136,22848,19040,0.0,0.0,1.0,0.0,0.0
CH_L_291a,9-6,9,6,0.6995777127576163,114,-0.02320961199194746,0.23941196843019555,0.3696947941477576,-0.009104141325971567,0.40593986310421387,11424,17136,13328,19040,0.0,0.0,0.0,0.0,0.0
CH_L_291a,9-7,9,7,0.9297856011628032,109,-0.023322719973181725,0.28732354881856664,0.3886918375347722,0.027762902006719575,0.23070204453614174,13328,17136,15232,19040,0.0,1.0,1.0,0.0,0.0
CH_L_291a,9-8,9,8,0.8809292565161522,109,-0.013381867254072949,0.2533273537486458,0.39202731023698784,0.04731442948157193,0.2671798087009751,15232,17136,17136,19040,0.0,0.0,1.0,0.0,0.0
CH_L_291a,9-9,9,9,0.6865442583150994,118,-0.0063936290050858905,0.24779748009991429,0.38405717639837667,0.05591281218693626,0.3941146295693519,17136,17136,19040,19040,0.0,0.0,0.0,0.0,0.0
CH_L_292a,10-16,10,16,0.5482048942748038,43,-0.11023221292212765,0.03318902871732057,0.5319958912795681,-0.151684816074748,0.2043960395911683,30528,19080,32436,20988,0.0,0.0,1.0,0.0,0.0
CH_L_292a,10-17,10,17,0.6262723017246979,47,-0.09106694733092571,0.02955233062205062,0.5116314611767067,-0.13725559422709033,0.3433622735442419,32436,19080,34344,20988,0.0,0.0,1.0,0.0,0.0
CH_L_292a,10-18,10,18,0.6007255789669393,42,-0.0913445737183549,0.040888178216615334,0.5069924176051492,-0.1180626127700364,0.34189334479253114,34344,19080,36252,20988,0.0,0.0,1.0,0.0,0.0
CH_L_292a,10-19,10,19,0.6216475014329986,46,-0.07040603174353711,0.02398933795742892,0.4755956064073931,-0.10707132884602415,0.3502146338294864,36252,19080,38160,20988,0.0,0.0,0.0,0.0,0.0
CH_L_292a,10-20,10,20,0.701394741579266,45,-0.05340615658894671,0.054805275005898095,0.44104338252063635,-0.056443056827167055,0.3310669205155474,38160,19080,40068,20988,1.0,1.0,0.0,0.0,0.0
CH_L_292a,10-21,10,21,0.6523388229456665,42,-0.058486564669506885,0.04665792596851278,0.43758363285073704,-0.05295496611749312,0.29117603125700625,40068,19080,41976,20988,0.0,0.0,0.0,1.0,0.0
CH_L_292a,3-16,3,16,0.4358752775936505,73,-0.10585610711692213,0.028689085033439043,0.5307974744675859,-0.14645606480877846,0.2158398538934455,30528,5724,32436,7632,0.0,0.0,1.0,0.0,0.0
CH_L_292a,3-17,3,17,0.5115433473630153,45,-0.10561786399737595,0.035646362758498785,0.5182270632588997,-0.1367983402743119,0.21366613933259926,32436,5724,34344,7632,0.0,0.0,1.0,0.0,0.0
CH_L_292a,3-21,3,21,0.6760538709540534,78,-0.0541751645866668,0.039060610978331724,0.4257567122351868,-0.05276204135801253,0.3435356760142685,40068,5724,41976,7632,1.0,0.0,0.0,1.0,0.0
CH_L_292a,3-22,3,22,0.6720795099976472,40,-0.0385708748876551,0.043334028646317746,0.3963799880811286,0.014865248869788267,0.4066883960422493,41976,5724,43884,7632,1.0,0.0,0.0,1.0,1.0
CH_L_292a,4-17,4,17,0.35190777652065364,85,-0.10615040770186124,0.031662827948159646,0.5181922710755187,-0.14046029927792378,0.25698828242401034,32436,7632,34344,9540,0.0,0.0,1.0,0.0,0.0
CH_L_292a,4-18,4,18,0.3603762726860461,72,-0.09583647910652338,0.03071577454064298,0.50778553383712,-0.14548396544928052,0.2670729525611296,34344,7632,36252,9540,0.0,0.0,1.0,0.0,0.0
CH_L_292a,4-19,4,19,0.4458676539520111,83,-0.07481156640285465,0.021590036380048246,0.4698222160916787,-0.0936670130145791,0.3645378023464893,36252,7632,38160,9540,0.0,0.0,0.0,0.0,0.0
CH_L_292a,4-20,4,20,0.6144759470558242,99,-0.05253908578670325,0.03991242829078492,0.4286105782454499,-0.06267666658027118,0.3632878607134295,38160,7632,40068,9540,1.0,0.0,0.0,0.0,0.0
CH_L_292a,4-21,4,21,0.652009948162844,80,-0.04706464871902923,0.05657635339851974,0.4274383255508251,-0.06532440187681186,0.37763274640015027,40068,7632,41976,9540,1.0,1.0,0.0,0.0,0.0
CH_L_292a,4-22,4,22,0.6307770291298045,53,-0.05053017349576878,0.031935623301442145,0.41529449317379835,-0.025338054782344983,0.4036893141886474,41976,7632,43884,9540,1.0,0.0,0.0,1.0,1.0
CH_L_292a,5-16,5,16,0.3355747696711443,51,-0.1143220509837576,0.03317251053927563,0.5427594037142388,-0.1492776592607715,0.19166881887317125,30528,9540,32436,11448,0.0,0.0,1.0,0.0,0.0
CH_L_292a,5-18,5,18,0.5530547270359621,71,-0.085400478336277,0.03911183388965557,0.4893768576703938,-0.12335200756462306,0.30191050493485533,34344,9540,36252,11448,0.0,0.0,0.0,0.0,0.0
CH_L_292a,5-19,5,19,0.5671441936086423,91,-0.055864879996432526,0.036812342930038405,0.45606371556031255,-0.07927586905252838,0.40146436045684414,36252,9540,38160,11448,0.0,0.0,0.0,0.0,1.0
CH_L_292a,5-20,5,20,0.544610927616103,93,-0.03610542837826526,0.04571379627953411,0.4191367489311769,-0.06712906524299052,0.433181331167416,38160,9540,40068,11448,1.0,0.0,0.0,0.0,1.0
CH_L_292a,5-21,5,21,0.484227999324023,104,-0.03770837269971457,0.07105142171831419,0.403563696343125,-0.04553240953469452,0.4000218853757561,40068,9540,41976,11448,1.0,1.0,0.0,1.0,0.0
CH_L_292a,5-22,5,22,0.492066181629243,55,-0.03746315806443506,0.07489815139875587,0.4180148359452348,-0.04060866279583173,0.4167797270123453,41976,9540,43884,11448,1.0,1.0,0.0,1.0,1.0
CH_L_292a,6-16,6,16,0.3253439712596554,80,-0.11193007399483983,0.03273275840773047,0.5390494771506409,-0.1450539082933636,0.22268817262027413,30528,11448,32436,13356,0.0,0.0,1.0,0.0,0.0
CH_L_292a,6-19,6,19,0.5410340075931586,80,-0.07063351186889127,0.024498281728878437,0.48236347253013206,-0.11971721633335539,0.3581774362955754,36252,11448,38160,13356,0.0,0.0,0.0,0.0,0.0
CH_L_292a,6-20,6,20,0.5567877308536527,90,-0.05549475288050631,0.04847233044879903,0.43582255776165013,-0.08586254655877884,0.41854260838545143,38160,11448,40068,13356,0.0,0.0,0.0,0.0,1.0
CH_L_292a,6-21,6,21,0.4557691928857076,105,-0.0341579653969083,0.054272470098363314,0.38803913579140586,-0.045183753233582265,0.39819348453615017,40068,11448,41976,13356,1.0,1.0,0.0,1.0,0.0
CH_L_292a,6-22,6,22,0.6464061921588784,58,-0.06384311677732833,0.05784489341593649,0.42176328101326044,-0.0564870625967239,0.3303374175828553,41976,11448,43884,13356,0.0,1.0,0.0,0.0,0.0
CH_L_292a,7-18,7,18,0.34819213827900874,69,-0.09340941931522347,0.019908022615807923,0.4953755291660749,-0.11329847995728501,0.4774639760602809,34344,13356,36252,15264,0.0,0.0,1.0,0.0,1.0
CH_L_292a,7-19,7,19,0.4229859712075294,82,-0.08843001533006987,0.02714262646994703,0.4819118000486513,-0.11278945584272819,0.46702494714823045,36252,13356,38160,15264,0.0,0.0,0.0,0.0,1.0
CH_L_292a,7-20,7,20,0.43710362101575045,94,-0.05749746624375156,0.03481943440565753,0.4358103666516734,-0.08223007580276283,0.42012164342196456,38160,13356,40068,15264,0.0,0.0,0.0,0.0,1.0
CH_L_292a,7-21,7,21,0.5795633010748708,71,-0.05476786134186059,0.050257884089399275,0.42272920006059894,-0.04806177287930694,0.37156837898609524,40068,13356,41976,15264,0.0,1.0,0.0,1.0,0.0
CH_L_292a,7-22,7,22,0.5414972451868568,54,-0.0633952041089733,0.037873761958790296,0.4215590920704265,-0.04770932418608527,0.36722107940736093,41976,13356,43884,15264,0.0,0.0,0.0,1.0,0.0
CH_L_292a,8-16,8,16,0.6008484561951444,88,-0.09702266102254418,0.03097301805235079,0.5169176404001474,-0.1373994270985899,0.24237678334376012,30528,15264,32436,17172,0.0,0.0,1.0,0.0,0.0
CH_L_292a,8-17,8,17,0.5631958457657408,97,-0.08122430457265024,0.033529171179261665,0.4821998720518536,-0.10620044991267386,0.3782157765068007,32436,15264,34344,17172,0.0,0.0,0.0,0.0,0.0
CH_L_292a,8-18,8,18,0.5421688389042887,71,-0.08302580454589883,0.02027519597987778,0.49287398215632067,-0.11149164239014853,0.41306613677972986,34344,15264,36252,17172,0.0,0.0,0.0,0.0,1.0
CH_L_292a,8-19,8,19,0.5668505614069255,99,-0.05925613211020329,0.04999409602898383,0.4424716534895711,-0.09881240647293878,0.4055496593524609,36252,15264,38160,17172,0.0,1.0,0.0,0.0,1.0
CH_L_292a,8-20,8,20,0.5295455322920514,104,-0.05369246006157773,0.07875177139854447,0.41007583119792057,-0.046374451730767347,0.3871875018855259,38160,15264,40068,17172,1.0,1.0,0.0,1.0,0.0
CH_L_292a,8-21,8,21,0.45630780124147313,65,-0.05514754094790651,0.05107880876705997,0.42825737484995635,-0.043495306339602,0.3720838222647208,40068,15264,41976,17172,0.0,1.0,0.0,1.0,0.0
CH_L_292a,8-22,8,22,0.4530509444401766,40,-0.0586404050959929,0.030142925166807156,0.4177576911690989,-0.05120845662731686,0.40400696247999646,41976,15264,43884,17172,0.0,0.0,0.0,1.0,1.0
CH_L_292a,9-16,9,16,0.5307270319079047,100,-0.10461088084434218,0.03141104694762626,0.5193153062590988,-0.14221437614753588,0.22473321213628797,30528,17172,32436,19080,0.0,0.0,1.0,0.0,0.0
CH_L_292a,9-17,9,17,0.6419081682016076,102,-0.08128164337572616,0.027304738319367704,0.4910984955246822,-0.11933967209534546,0.32948238595978957,32436,17172,34344,19080,0.0,0.0,0.0,0.0,0.0
CH_L_292a,9-18,9,18,0.5564521433693062,77,-0.0814449289687008,0.035485079989759465,0.49238974677317215,-0.1274887795788827,0.3898320386589771,34344,17172,36252,19080,0.0,0.0,0.0,0.0,0.0
CH_L_292a,9-19,9,19,0.6912458931243215,105,-0.060095720573557984,0.052263859383458566,0.4374773222325594,-0.06683998481026245,0.38282985921010265,36252,17172,38160,19080,0.0,1.0,0.0,0.0,0.0
CH_L_292a,9-20,9,20,0.6730565393060624,106,-0.05361973372351921,0.051333247670348095,0.4284938982920235,-0.07383399001982743,0.37827869685501314,38160,17172,40068,19080,1.0,1.0,0.0,0.0,0.0
CH_L_292a,9-21,9,21,0.6468113101795032,49,-0.055951641220239705,0.0477403844562259,0.45289803861176126,-0.07008896194928993,0.29420386627520756,40068,17172,41976,19080,0.0,0.0,0.0,0.0,0.0
CH_L_293a,10-17,10,17,0.9415690893475255,41,-0.08662377972157202,0.1341044872209343,0.40582115179862904,-0.023074453345187904,0.24349266458092578,32436,19080,34344,20988,0.0,0.0,1.0,0.0,0.0
CH_L_293a,10-18,10,18,0.9156378926303378,113,-0.0856524754898134,0.20689575459045056,0.38633931248049463,-0.0036936609667559974,0.26697258851702876,34344,19080,36252,20988,0.0,0.0,1.0,0.0,0.0
CH_L_293a,10-19,10,19,0.8551297444514224,97,-0.07748873123547531,0.2286563884308879,0.36981698921942663,-0.017364406444177444,0.3158473293269125,36252,19080,38160,20988,0.0,0.0,0.0,0.0,0.0
CH_L_293a,10-20,10,20,0.8909318694886563,112,-0.06344827303046882,0.24135927248752306,0.35973607491315657,-0.007348752739068384,0.29968685828774394,38160,19080,40068,20988,0.0,0.0,0.0,0.0,0.0
CH_L_293a,10-21,10,21,0.7979582845637251,110,-0.05761123918423972,0.2856250034852335,0.3330635810152517,0.009716455604076366,0.32609580794528253,40068,19080,41976,20988,0.0,1.0,0.0,0.0,1.0
CH_L_293a,10-22,10,22,0.775737282211381,112,-0.05600279576888652,0.24988396675398541,0.33252775390998585,0.03309684256321023,0.36204767957863443,41976,19080,43884,20988,0.0,0.0,0.0,0.0,1.0
CH_L_293a,10-23,10,23,0.4566912223895974,109,-0.04746999413627203,0.21847691273042802,0.3925648780804329,-0.010114367736741302,0.42002511639179746,43884,19080,45792,20988,1.0,0.0,1.0,0.0,1.0
CH_L_293a,11-18,11,18,0.888866270500815,113,-0.08562840301661173,0.18799691240691685,0.42535225305343677,-0.037994309719272396,0.2673981587354316,34344,20988,36252,22896,0.0,0.0,1.0,0.0,0.0
CH_L_293a,11-19,11,19,0.8927718762685982,112,-0.08406809001609661,0.15714841131945217,0.41142763633808965,-0.025941388495308446,0.27948769535818785,36252,20988,38160,22896,0.0,0.0,1.0,0.0,0.0
CH_L_293a,11-20,11,20,0.8856091982932506,112,-0.08222252492210944,0.24254290011319807,0.351720810446804,0.026778232468512794,0.28823527978289487,38160,20988,40068,22896,0.0,0.0,0.0,0.0,0.0
CH_L_293a,11-21,11,21,0.854566880098766,117,-0.05416484348899544,0.302874128207369,0.33210079887201505,0.042071246717895784,0.3073346130562937,40068,20988,41976,22896,0.0,1.0,0.0,1.0,0.0
CH_L_293a,11-22,11,22,0.7798544056678388,101,-0.04943479102719508,0.2846571106405156,0.341774332834058,0.05106047282275321,0.3506339167385465,41976,20988,43884,22896,1.0,1.0,0.0,1.0,1.0
CH_L_293a,11-23,11,23,0.4543406737009798,92,-0.055022171014321546,0.09031352851172128,0.464929093206596,-0.06871500968769703,0.40703275278884854,43884,20988,45792,22896,0.0,0.0,1.0,0.0,1.0
CH_L_293a,12-18,12,18,0.8823750763606409,117,-0.09057608205881373,0.18555216602015948,0.40918943484932657,-0.0303942701874221,0.2763339723439025,34344,22896,36252,24804,0.0,0.0,1.0,0.0,0.0
CH_L_293a,12-19,12,19,0.8565066930181191,108,-0.07969157313848184,0.14039028406739643,0.43812177824011916,-0.04761727651825517,0.2853608455958098,36252,22896,38160,24804,0.0,0.0,1.0,0.0,0.0
CH_L_293a,12-20,12,20,0.896125056187635,114,-0.07899086262786496,0.23930724787675348,0.3569267106373649,0.02789368815572049,0.2752510213467557,38160,22896,40068,24804,0.0,0.0,0.0,0.0,0.0
CH_L_293a,12-21,12,21,0.8545001071195475,113,-0.07737695895911541,0.27146139287308135,0.35065041455409424,0.04755068040281144,0.28025890102141787,40068,22896,41976,24804,0.0,0.0,0.0,1.0,0.0
CH_L_293a,12-22,12,22,0.6986786891109174,108,-0.03989132831214465,0.27723803287502435,0.34880107935393195,0.05073355287490639,0.35977395497764814,41976,22896,43884,24804,1.0,0.0,0.0,1.0,1.0
CH_L_293a,12-23,12,23,0.7485484261439549,113,-0.03844676709880255,0.31333883400315815,0.33434015191671085,0.07633873353244394,0.3579429046010794,43884,22896,45792,24804,1.0,1.0,0.0,1.0,1.0
CH_L_293a,6-18,6,18,0.7359330794777095,62,-0.08859960969694744,0.14538696574181145,0.4232181247524328,-0.039472749672411864,0.25195822556285086,34344,11448,36252,13356,0.0,0.0,1.0,0.0,0.0
CH_L_293a,6-20,6,20,0.8532512551920335,80,-0.03613600564022496,0.3220833330822486,0.3129190123080555,0.05281700148474446,0.3297944910334889,38160,11448,40068,13356,1.0,1.0,0.0,1.0,1.0
CH_L_293a,6-21,6,21,0.9287179083255358,82,-0.06502424139639287,0.2745268268231752,0.34134033266482977,0.041433769290342454,0.2879044313733796,40068,11448,41976,13356,0.0,0.0,0.0,1.0,0.0
CH_L_293a,6-22,6,22,0.9140063014029852,90,-0.05855239407749966,0.28965688446307075,0.32187755025012066,0.04916272949932902,0.2986928986198092,41976,11448,43884,13356,0.0,1.0,0.0,1.0,0.0
CH_L_293a,6-23,6,23,0.8463798307183112,86,-0.052515520109500315,0.2594718078438726,0.34340249906674397,0.021974302406850343,0.3254584653773663,43884,11448,45792,13356,0.0,0.0,0.0,0.0,0.0
CH_L_293a,7-18,7,18,0.6261571358964476,57,-0.08947699348905994,0.11665128903630914,0.43118095704513276,-0.07375274804608334,0.3098646889456858,34344,13356,36252,15264,0.0,0.0,1.0,0.0,0.0
CH_L_293a,7-19,7,19,0.7088991231681314,73,-0.04776554528216986,0.2022583833712537,0.375029395510688,0.01562323576303645,0.31324052478612235,36252,13356,38160,15264,1.0,0.0,0.0,0.0,0.0
CH_L_293a,7-20,7,20,0.7045803672263214,106,-0.04918434833166635,0.2873685311195297,0.33790213948338393,0.015969101540448897,0.3654926053088359,38160,13356,40068,15264,1.0,1.0,0.0,0.0,1.0
CH_L_293a,7-21,7,21,0.8891881571207059,118,-0.043669291938279356,0.24680616194647279,0.33551341867433976,0.036564775502427496,0.30651767159054083,40068,13356,41976,15264,1.0,0.0,0.0,1.0,0.0
CH_L_293a,7-22,7,22,0.8284623132129361,109,-0.05076437384980861,0.2759850021180864,0.3579945025571487,0.011511217683910693,0.29487066853717214,41976,13356,43884,15264,0.0,0.0,0.0,0.0,0.0
CH_L_293a,7-23,7,23,0.9179859124493969,115,-0.06775136959661349,0.23907512936638323,0.3290240851295499,0.02735527779280887,0.25693167849817494,43884,13356,45792,15264,0.0,0.0,0.0,0.0,0.0
CH_L_293a,8-17,8,17,0.6346717051176234,44,-0.0415584747730867,0.2767330269803413,0.3314247031278638,0.022450592669805234,0.3455223475217756,32436,15264,34344,17172,1.0,0.0,0.0,0.0,1.0
CH_L_293a,8-18,8,18,0.7824079918697611,113,-0.048154667488907225,0.2858739312016913,0.32326659209328773,0.02763091406354284,0.32479694094013545,34344,15264,36252,17172,1.0,1.0,0.0,0.0,0.0
CH_L_293a,8-19,8,19,0.839095419744775,113,-0.05635593620585344,0.2778206370739429,0.3405865805918508,0.027426335815909593,0.30471467708558847,36252,15264,38160,17172,0.0,0.0,0.0,0.0,0.0
CH_L_293a,8-20,8,20,0.7897807789496758,119,-0.05405541693498688,0.2627152271529843,0.3478734011801508,0.009140817689869263,0.30646602624732006,38160,15264,40068,17172,0.0,0.0,0.0,0.0,0.0
CH_L_293a,8-21,8,21,0.9027209991674,107,-0.06439639307639902,0.22243866436119594,0.36289864958763274,0.002799756885467736,0.2694386563934376,40068,15264,41976,17172,0.0,0.0,0.0,0.0,0.0
CH_L_293a,8-22,8,22,0.8997537986833043,118,-0.06481374905573138,0.2593561581404115,0.3537388378657297,0.013829721632043861,0.27289918748565123,41976,15264,43884,17172,0.0,0.0,0.0,0.0,0.0
CH_L_293a,8-23,8,23,0.892783020666132,113,-0.04956907468852934,0.27884394740794516,0.3333254231641757,0.03603903866119852,0.25961409585204753,43884,15264,45792,17172,0.0,0.0,0.0,0.0,0.0
CH_L_293a,9-17,9,17,0.8772510473367884,40,-0.06394881732520544,0.238951179288113,0.3587125172962749,0.03650891577872571,0.29734375274764685,32436,17172,34344,19080,0.0,0.0,0.0,1.0,0.0
CH_L_293a,9-18,9,18,0.8935718717566051,113,-0.06660507175415413,0.2895340143516297,0.32842600671719197,0.03294765098838719,0.2834915093604334,34344,17172,36252,19080,0.0,1.0,0.0,0.0,0.0
CH_L_293a,9-19,9,19,0.8751159620097179,114,-0.06612409795734674,0.22559820520877827,0.35428717686462624,0.0035093272883917853,0.2885493395611582,36252,17172,38160,19080,0.0,0.0,0.0,0.0,0.0
CH_L_293a,9-20,9,20,0.8753931983330253,110,-0.06980297984326536,0.22133489153575736,0.37538659244545186,-0.01473418325345948,0.313895520845402,38160,17172,40068,19080,0.0,0.0,1.0,0.0,0.0
CH_L_293a,9-21,9,21,0.8356244275366403,118,-0.07289502347047702,0.2893551265641138,0.35406293117004367,-0.02192075796937682,0.30103952512484117,40068,17172,41976,19080,0.0,1.0,0.0,0.0,0.0
CH_L_293a,9-22,9,22,0.892437777981934,112,-0.05953267067498974,0.2656605910511646,0.3433252347392671,0.01641365695936372,0.27981447450739666,41976,17172,43884,19080,0.0,0.0,0.0,0.0,0.0
CH_L_293a,9-23,9,23,0.8017232405075704,107,-0.03963615828392407,0.31126490176143623,0.321209611875964,0.042859958839543986,0.32915115460529165,43884,17172,45792,19080,1.0,1.0,0.0,1.0,1.0
CH_L_294a,10-12,10,12,0.520268459383732,94,-0.10294869320239083,0.05589735879577935,0.5614039632612973,-0.14798940970159166,0.21076731553339756,22896,19080,24804,20988,0.0,0.0,1.0,0.0,0.0
CH_L_294a,10-13,10,13,0.5563627764049067,106,-0.1039962608214887,0.043628047133882276,0.5667656589662425,-0.15184414075378797,0.16096120270728814,24804,19080,26712,20988,0.0,0.0,1.0,0.0,0.0
CH_L_294a,10-14,10,14,0.5121287649564596,104,-0.10891310242520014,0.05022689597783859,0.5678813652352881,-0.15012471473365618,0.17307483982317548,26712,19080,28620,20988,0.0,0.0,1.0,0.0,0.0
CH_L_294a,10-15,10,15,0.33534489230195114,100,-0.10784381532859491,0.04225511805299138,0.5752449463257233,-0.15682276329775183,0.20881588854900052,28620,19080,30528,20988,0.0,0.0,1.0,0.0,0.0
CH_L_294a,10-16,10,16,0.40184318330295554,103,-0.10605417870959373,0.05600550339286484,0.5663929238319945,-0.15788213870198736,0.21289215147606105,30528,19080,32436,20988,0.0,0.0,1.0,0.0,0.0
CH_L_294a,10-17,10,17,0.5321899057183316,110,-0.09075113242069385,0.07101920185897516,0.5328833482979021,-0.13795370985850106,0.2532422086411029,32436,19080,34344,20988,0.0,0.0,0.0,0.0,0.0
CH_L_294a,10-18,10,18,0.4863278905688446,77,-0.07659169805694012,0.05654050979056636,0.5297349781779894,-0.12302197031677754,0.35365051087847893,34344,19080,36252,20988,1.0,0.0,0.0,1.0,1.0
CH_L_294a,11-12,11,12,0.5770558437842728,94,-0.10963634706656981,0.05047764894863878,0.56393459820345,-0.1453831242217862,0.16048682219018337,22896,20988,24804,22896,0.0,0.0,1.0,0.0,0.0
CH_L_294a,11-13,11,13,0.5431241166253471,107,-0.10806938193279547,0.048781787415726835,0.5661064286597406,-0.14721967701968586,0.16304227704789562,24804,20988,26712,22896,0.0,0.0,1.0,0.0,0.0
CH_L_294a,11-14,11,14,0.4523001794969805,101,-0.10729537607962109,0.05002114631357499,0.5629379169068013,-0.15771159997626855,0.2010442773169773,26712,20988,28620,22896,0.0,0.0,1.0,0.0,0.0
CH_L_294a,11-15,11,15,0.4260532433227917,103,-0.09413450505634392,0.06935425274850408,0.5528476617352673,-0.14691983008977427,0.2532554991490796,28620,20988,30528,22896,0.0,0.0,0.0,0.0,0.0
CH_L_294a,11-16,11,16,0.4471157983100871,108,-0.0959304609854358,0.06487345284457567,0.5425173066685867,-0.14514456147808347,0.2676632836091934,30528,20988,32436,22896,0.0,0.0,0.0,0.0,1.0
CH_L_294a,11-17,11,17,0.573922710448818,107,-0.09391944344045743,0.08625726812819347,0.5266754086712138,-0.1339785177928859,0.21325581893655118,32436,20988,34344,22896,0.0,1.0,0.0,0.0,0.0
CH_L_294a,11-18,11,18,0.44265088989693124,77,-0.08258254263498159,0.08720281946329567,0.521535496592974,-0.1214280983486567,0.3396311200325424,34344,20988,36252,22896,1.0,1.0,0.0,1.0,1.0
CH_L_294a,12-12,12,12,0.47911330790215373,97,-0.09576573558612468,0.058393871022639605,0.5525305162395873,-0.14642116841178868,0.2420728011457361,22896,22896,24804,24804,0.0,0.0,0.0,0.0,0.0
CH_L_294a,12-13,12,13,0.5570065505912727,103,-0.1009149729420185,0.06625742582870883,0.5407000787782722,-0.14443115866444806,0.20630508494646804,24804,22896,26712,24804,0.0,0.0,0.0,0.0,0.0
CH_L_294a,12-14,12,14,0.546295730412419,104,-0.09442075052486339,0.08076386717150995,0.5351669026766812,-0.13417647637002306,0.24244061168185002,26712,22896,28620,24804,0.0,1.0,0.0,0.0,0.0
CH_L_294a,12-15,12,15,0.6119212137609252,106,-0.08261440219585446,0.07932867465907278,0.5301590036142743,-0.10706042563585451,0.27001778797118053,28620,22896,30528,24804,1.0,1.0,0.0,1.0,1.0
CH_L_294a,12-16,12,16,0.5725432558882632,109,-0.08492047016350268,0.06335127808301493,0.5277891411125267,-0.12752526926250582,0.24546056079964645,30528,22896,32436,24804,1.0,0.0,0.0,0.0,0.0
CH_L_294a,12-17,12,17,0.4207057054748327,104,-0.09269183189398311,0.05689594375554279,0.5364862635189845,-0.13107327432190335,0.2288733890596476,32436,22896,34344,24804,0.0,0.0,0.0,0.0,0.0
CH_L_294a,13-12,13,12,0.573807194294918,99,-0.07364904072150333,0.0847456783713938,0.5230714570719611,-0.11273457194998882,0.2963518907255202,22896,24804,24804,26712,1.0,1.0,0.0,1.0,1.0
CH_L_294a,13-13,13,13,0.6261463252818296,104,-0.07319558909421074,0.1027195765954724,0.5014509372656194,-0.10964370578723129,0.2548397886777953,24804,24804,26712,26712,1.0,1.0,0.0,1.0,0.0
CH_L_294a,13-14,13,14,0.5658593314994095,105,-0.0936821217438058,0.07809702013272676,0.5348347018567933,-0.1391861006364556,0.21176917814313378,26712,24804,28620,26712,0.0,1.0,0.0,0.0,0.0
CH_L_294a,13-17,13,17,0.4452717987567881,105,-0.09059655287738334,0.07701081123622668,0.5349744159147034,-0.11499475655217044,0.24327413810340867,32436,24804,34344,26712,0.0,1.0,0.0,1.0,0.0
CH_L_294a,13-18,13,18,0.37228063651357424,77,-0.08503306522937677,0.07254028584607257,0.5286792089175965,-0.11909533585774432,0.3158627548673788,34344,24804,36252,26712,1.0,1.0,0.0,1.0,1.0
CH_L_294a,14-16,14,16,0.43782845606560405,106,-0.09454845471045974,0.04958510949308812,0.5510694164195051,-0.14304515220204303,0.23973242552814938,30528,26712,32436,28620,0.0,0.0,0.0,0.0,0.0
CH_L_294a,14-17,14,17,0.5993549004709567,104,-0.06620962292344944,0.1163542251455629,0.5008916183236323,-0.1016024369168783,0.21358892609163174,32436,26712,34344,28620,1.0,1.0,0.0,1.0,0.0
CH_L_294a,14-18,14,18,0.5245329320064942,77,-0.0702912675705586,0.09876425144128173,0.5055420926791381,-0.09932972301217205,0.28989342811362784,34344,26712,36252,28620,1.0,1.0,0.0,1.0,1.0
CH_L_294a,8-12,8,12,0.4077839388716135,77,-0.0896454966657708,0.04293362455291448,0.5471257035782394,-0.13971413149170955,0.36690646710862546,22896,15264,24804,17172,0.0,0.0,0.0,0.0,1.0
CH_L_294a,8-13,8,13,0.47275629059508,104,-0.0875759649762145,0.04868191613622287,0.5504415658461725,-0.13254133544969268,0.34804698526078,24804,15264,26712,17172,0.0,0.0,0.0,0.0,1.0
CH_L_294a,8-14,8,14,0.5667025484793957,109,-0.09815769945976419,0.06704184402217298,0.5569058903187543,-0.14341333113660926,0.21799520393113525,26712,15264,28620,17172,0.0,0.0,0.0,0.0,0.0
CH_L_294a,8-15,8,15,0.6106760327514738,102,-0.09884837205197507,0.054881113136937235,0.5490603866390822,-0.13526630375754065,0.18125692774965715,28620,15264,30528,17172,0.0,0.0,0.0,0.0,0.0
CH_L_294a,8-16,8,16,0.5397502379742002,107,-0.07722413602894783,0.07210733726718081,0.5346730078882511,-0.12721927185572848,0.28138409997955355,30528,15264,32436,17172,1.0,0.0,0.0,0.0,1.0
CH_L_294a,8-17,8,17,0.4855939738102678,108,-0.09748792018932206,0.06403261839278797,0.5490494835724586,-0.13216812068553463,0.26346931790411515,32436,15264,34344,17172,0.0,0.0,0.0,0.0,0.0
CH_L_294a,8-18,8,18,0.5784474489513941,90,-0.09052668490569546,0.060234117903235955,0.5317728458060659,-0.122372096889528,0.24401196734084987,34344,15264,36252,17172,0.0,0.0,0.0,1.0,0.0
CH_L_294a,9-12,9,12,0.5799662958367501,95,-0.096087907313166,0.050193795595391374,0.5541300150164116,-0.13612097133975035,0.2474834351009969,22896,17172,24804,19080,0.0,0.0,0.0,0.0,0.0
CH_L_294a,9-13,9,13,0.42735095184298444,107,-0.10706875546042578,0.05150405158656078,0.5688887492905462,-0.15083463856704404,0.22061413951241352,24804,17172,26712,19080,0.0,0.0,1.0,0.0,0.0
CH_L_294a,9-14,9,14,0.36900190222297463,105,-0.10510794440043487,0.04581672454279854,0.5677204993664119,-0.1488279034256392,0.2644116927167827,26712,17172,28620,19080,0.0,0.0,1.0,0.0,0.0
CH_L_294a,9-15,9,15,0.5478565288608096,104,-0.10111911615420945,0.05465533969774298,0.5546198954996256,-0.14385903816150875,0.19732070790091868,28620,17172,30528,19080,0.0,0.0,0.0,0.0,0.0
CH_L_294a,9-16,9,16,0.5172074546268222,107,-0.09745073583359071,0.057053853148369305,0.5591253796856483,-0.14227744517479737,0.21106109721420976,30528,17172,32436,19080,0.0,0.0,1.0,0.0,0.0
CH_L_294a,9-17,9,17,0.465308460032738,112,-0.09654772333357915,0.05692172837184468,0.551079019881018,-0.14231566162350137,0.2623200075886727,32436,17172,34344,19080,0.0,0.0,0.0,0.0,0.0
CH_L_294a,9-18,9,18,0.5206086965435972,77,-0.08685989976424112,0.0679916895138619,0.5341360133818953,-0.10939153950098619,0.29869627760739825,34344,17172,36252,19080,1.0,0.0,0.0,1.0,1.0
CH_L_295a,12-15,12,15,0.6202936256480542,105,-0.07620182633004459,0.07552647913416752,0.5139607673818898,-0.10854134242008373,0.33818218294179414,28620,22896,30528,24804,0.0,0.0,0.0,0.0,0.0
CH_L_295a,12-16,12,16,0.6530536540641865,104,-0.06366863430350175,0.09345802380055007,0.48768822980371695,-0.08023394335649724,0.330717600124156,30528,22896,32436,24804,1.0,1.0,0.0,0.0,0.0
CH_L_295a,12-17,12,17,0.5257055974028166,104,-0.07261195647312285,0.08344522673549107,0.5019642013529537,-0.08440471851696006,0.35150550560306154,32436,22896,34344,24804,0.0,0.0,0.0,0.0,0.0
CH_L_295a,12-18,12,18,0.6963989029758068,104,-0.06466065196473066,0.10563351688863687,0.4847723185758632,-0.044974515740176205,0.3387835226058178,34344,22896,36252,24804,1.0,1.0,0.0,1.0,0.0
CH_L_295a,12-19,12,19,0.5985955670751253,105,-0.06949303180509273,0.0811435132073143,0.49180711213916084,-0.07417876279841192,0.4031462771635756,36252,22896,38160,24804,0.0,0.0,0.0,0.0,1.0
CH_L_295a,12-20,12,20,0.5384707783920075,104,-0.07143823812294893,0.08122963288494187,0.5082555995542332,-0.08242739718790372,0.3735130016148289,38160,22896,40068,24804,0.0,0.0,0.0,0.0,0.0
CH_L_295a,13-14,13,14,0.46981950338759787,50,-0.06890237053882474,0.0969021072309458,0.48641242680491437,-0.08381482081208311,0.40955508716443945,26712,24804,28620,26712,0.0,1.0,0.0,0.0,1.0
CH_L_295a,13-15,13,15,0.722066219947986,104,-0.0756712603082812,0.0764581370707852,0.5089646745757236,-0.08975188217927156,0.27386660736102647,28620,24804,30528,26712,0.0,0.0,0.0,0.0,0.0
CH_L_295a,13-16,13,16,0.49477780676907274,105,-0.06022258970072009,0.08846693759357925,0.49733441073776763,-0.0888523662054812,0.40610187571058254,30528,24804,32436,26712,1.0,1.0,0.0,0.0,1.0
CH_L_295a,13-17,13,17,0.6696365188992266,104,-0.06583037407112038,0.08391000047887529,0.4930562643892349,-0.06827518932929276,0.32996734738714617,32436,24804,34344,26712,1.0,0.0,0.0,1.0,0.0
CH_L_295a,13-18,13,18,0.6800591755177897,105,-0.05655268872881614,0.08795598081275996,0.48295249885214636,-0.059802062682587635,0.35579638593613794,34344,24804,36252,26712,1.0,0.0,0.0,1.0,0.0
CH_L_295a,13-19,13,19,0.525727834833352,104,-0.06130613303062181,0.062271061938009215,0.48404608698153506,-0.06785568514164857,0.4490209919570423,36252,24804,38160,26712,1.0,0.0,0.0,1.0,1.0
CH_L_295a,13-20,13,20,0.6125184035393126,105,-0.06790479541393671,0.08642861901290906,0.4924325351497424,-0.0665335412808342,0.36333350564246364,38160,24804,40068,26712,0.0,0.0,0.0,1.0,0.0
CH_L_295a,14-14,14,14,0.5628644506780316,60,-0.06401787679305566,0.0759713884632831,0.5004040043146548,-0.0823077498968508,0.37367677271191757,26712,26712,28620,28620,1.0,0.0,0.0,0.0,0.0
CH_L_295a,14-15,14,15,0.5227339948295757,105,-0.06903597564290578,0.07687380725661055,0.5121874555755475,-0.10427462363944486,0.35874542187806124,28620,26712,30528,28620,0.0,0.0,0.0,0.0,0.0
CH_L_295a,14-16,14,16,0.3736228683216697,104,-0.07013066177215718,0.058899856994691566,0.5111595901169256,-0.09546466705161528,0.42224866160167046,30528,26712,32436,28620,0.0,0.0,0.0,0.0,1.0
CH_L_295a,14-17,14,17,0.5230033137450664,93,-0.07186396467255335,0.08918668895109963,0.5026975228670928,-0.08655408226430363,0.37782281268109724,32436,26712,34344,28620,0.0,1.0,0.0,0.0,1.0
CH_L_295a,14-18,14,18,0.3298908699517266,94,-0.08074767035903502,0.054554359504441145,0.5336937514922976,-0.1179430138054345,0.4066467064365028,34344,26712,36252,28620,0.0,0.0,1.0,0.0,1.0
CH_L_295a,14-19,14,19,0.6242820727087084,105,-0.06616275772029107,0.0796276865268788,0.49369912291131496,-0.07487161403424908,0.3954000390526315,36252,26712,38160,28620,0.0,0.0,0.0,0.0,1.0
CH_L_295a,14-20,14,20,0.6395772875918855,103,-0.07674193338375504,0.07279899297427846,0.5145249236326774,-0.09664196336255358,0.3288638012934147,38160,26712,40068,28620,0.0,0.0,0.0,0.0,0.0
CH_L_295a,15-14,15,14,0.3581881817417704,55,-0.0681101662203534,0.06964175056302763,0.5089797652409742,-0.06918102042122176,0.44214841103008434,26712,28620,28620,30528,0.0,0.0,0.0,1.0,1.0
CH_L_295a,15-15,15,15,0.48975758811936115,94,-0.09238615320708439,0.05963826272139723,0.5404070699400678,-0.1054974865385139,0.21713357014176138,28620,28620,30528,30528,0.0,0.0,1.0,0.0,0.0
CH_L_295a,15-17,15,17,0.33380870061286183,66,-0.08942870153208918,0.045139546975375526,0.5432107420463358,-0.1305423754434808,0.3545914660801381,32436,28620,34344,30528,0.0,0.0,1.0,0.0,0.0
CH_L_295a,15-18,15,18,0.5727922547287863,97,-0.08450882686888887,0.07368981403724767,0.5169464706038671,-0.10430420478479935,0.3558453427761732,34344,28620,36252,30528,0.0,0.0,0.0,0.0,0.0
CH_L_295a,15-19,15,19,0.7037037638759075,104,-0.06790790346130268,0.1129190967760926,0.4824381663502531,-0.0712747097567792,0.34157763397753754,36252,28620,38160,30528,0.0,1.0,0.0,0.0,0.0
CH_L_295a,16-14,16,14,0.435315271650951,47,-0.08913600338508253,0.058319523990409246,0.5387834636547001,-0.1122880229897622,0.29667102272207746,26712,30528,28620,32436,0.0,0.0,1.0,0.0,0.0
CH_L_295a,16-17,16,17,0.3276534140070796,97,-0.08743559635815844,0.046899566964977324,0.541360679569055,-0.12050986291192042,0.2949161310377071,32436,30528,34344,32436,0.0,0.0,1.0,0.0,0.0
CH_L_295a,16-18,16,18,0.5209605597886935,83,-0.08508376118394435,0.06719962478685582,0.5289841101123771,-0.12611140258810255,0.3005287386181521,34344,30528,36252,32436,0.0,0.0,1.0,0.0,0.0
CH_L_295a,16-20,16,20,0.5448441352361301,97,-0.0659938869109873,0.09345133381106316,0.48891171082088747,-0.065963950242562,0.353992736803575,38160,30528,40068,32436,0.0,1.0,0.0,1.0,0.0
CH_L_295a,17-19,17,19,0.5250307872591086,72,-0.08298351980510034,0.05684529750330837,0.5432293000032115,-0.12305738515778114,0.2882411348123453,36252,32436,38160,34344,0.0,0.0,1.0,0.0,0.0
CH_L_295a,17-20,17,20,0.7128420899482886,86,-0.06271308019733031,0.09238287186327494,0.49854618040165805,-0.06865784144747389,0.281245930523,38160,32436,40068,34344,1.0,1.0,0.0,1.0,0.0
CH_L_295a,18-17,18,17,0.38554536525711547,99,-0.08939463489308036,0.05011795065149895,0.5375821431393745,-0.11829788383095781,0.35407261565721915,32436,34344,34344,36252,0.0,0.0,1.0,0.0,0.0
CH_L_295a,18-18,18,18,0.5831391548838499,105,-0.07881541721289607,0.07515123979391544,0.5179102898315752,-0.10020415091587465,0.30225988636343404,34344,34344,36252,36252,0.0,0.0,1.0,0.0,0.0
CH_L_295a,18-19,18,19,0.604275270519218,103,-0.0667324700460897,0.06846689402723119,0.506734432062838,-0.09126083103612545,0.33502325308551123,36252,34344,38160,36252,0.0,0.0,0.0,0.0,0.0
CH_L_295a,18-20,18,20,0.7232174407641463,90,-0.04997775078996611,0.10168667186141972,0.4814587070399478,-0.047177955749762496,0.277551768628516,38160,34344,40068,36252,1.0,1.0,0.0,1.0,0.0
CH_L_296a,10-10,10,10,0.3009318607496739,90,-0.08602559229628619,0.11608386383942218,0.5525707633106803,-0.13327228376200792,0.30931341354014624,19080,19080,20988,20988,1.0,1.0,0.0,1.0,1.0
CH_L_296a,10-11,10,11,0.3425550374988864,109,-0.09899599566765593,0.08867172156095837,0.5799089650181731,-0.14790350989463494,0.2802393176047678,20988,19080,22896,20988,0.0,0.0,0.0,1.0,1.0
CH_L_296a,10-12,10,12,0.376317843139929,105,-0.10482538420660863,0.08609746418909112,0.5883000572945556,-0.15254857688602388,0.22089683961604872,22896,19080,24804,20988,0.0,0.0,0.0,0.0,0.0
CH_L_296a,10-13,10,13,0.34673031106669644,113,-0.10244270432341318,0.06660735920121033,0.5972169385912484,-0.1584161717632002,0.2337826128377312,24804,19080,26712,20988,0.0,0.0,0.0,0.0,0.0
CH_L_296a,10-14,10,14,0.3188955358508286,112,-0.10934259559764428,0.05485633740641597,0.6133401787682972,-0.16616283482174823,0.21861652507778406,26712,19080,28620,20988,0.0,0.0,1.0,0.0,0.0
CH_L_296a,10-15,10,15,0.36792058842915876,107,-0.1137753222694943,0.04868819892086423,0.6138599028280712,-0.17421361237504074,0.18116043019358893,28620,19080,30528,20988,0.0,0.0,1.0,0.0,0.0
CH_L_296a,10-16,10,16,0.3489845218127757,82,-0.11670050998044006,0.04544677646661376,0.6127447859128436,-0.1690590891650433,0.19574571896646775,30528,19080,32436,20988,0.0,0.0,1.0,0.0,0.0
CH_L_296a,11-10,11,10,0.308292825491567,77,-0.10780452144033513,0.0625735394722984,0.5974562393315968,-0.16675008701496183,0.20553179707330618,19080,20988,20988,22896,0.0,0.0,0.0,0.0,0.0
CH_L_296a,11-11,11,11,0.3357975660253649,106,-0.09515325203736402,0.08385166591641513,0.5869447385159529,-0.1591032315088706,0.22766411711920032,20988,20988,22896,22896,0.0,0.0,0.0,0.0,0.0
CH_L_296a,11-12,11,12,0.30151389860224864,109,-0.11009363117302993,0.06185014807650156,0.5938526151135597,-0.15482149121926075,0.24111790124943752,22896,20988,24804,22896,0.0,0.0,0.0,0.0,0.0
CH_L_296a,11-13,11,13,0.36593463434670304,110,-0.10306668796706538,0.07155037038763754,0.5971716017085843,-0.15402948976909808,0.2606862960164234,24804,20988,26712,22896,0.0,0.0,0.0,0.0,1.0
CH_L_296a,11-14,11,14,0.3093691230420986,110,-0.1095663191298535,0.049910876852942175,0.6109208762876687,-0.16742228106611812,0.2612117722846058,26712,20988,28620,22896,0.0,0.0,1.0,0.0,1.0
CH_L_296a,11-15,11,15,0.3617875673984826,106,-0.11221097001680287,0.055670498812389196,0.6108343422177474,-0.16131323534734834,0.21730070235874444,28620,20988,30528,22896,0.0,0.0,1.0,0.0,0.0
CH_L_296a,12-10,12,10,0.3154397406655076,68,-0.11340645784476534,0.03786055207069591,0.6104620325392727,-0.17666664118092618,0.16877444632671412,19080,22896,20988,24804,0.0,0.0,1.0,0.0,0.0
CH_L_296a,12-11,12,11,0.4246054166052762,109,-0.09402257242872174,0.0969513199248468,0.5786234181669401,-0.14827863537462885,0.21303080529883392,20988,22896,22896,24804,1.0,1.0,0.0,1.0,0.0
CH_L_296a,12-12,12,12,0.40155444673877727,112,-0.08500298528230392,0.12154069523832611,0.5674188471154789,-0.14203949247762912,0.2596341155817212,22896,22896,24804,24804,1.0,1.0,0.0,1.0,1.0
CH_L_296a,12-13,12,13,0.41964606071085214,109,-0.0945494000477179,0.07253377695525602,0.5883394993827991,-0.1519192689319625,0.23954094253197267,24804,22896,26712,24804,1.0,0.0,0.0,0.0,0.0
CH_L_296a,12-14,12,14,0.3365535529039158,108,-0.10762417334615444,0.05616439124314003,0.6052280062988857,-0.15993046358628313,0.2620638063248535,26712,22896,28620,24804,0.0,0.0,0.0,0.0,1.0
CH_L_296a,12-15,12,15,0.3027757949018929,112,-0.11717798189196352,0.057482040954514625,0.6080610884559989,-0.16110327095015411,0.2562775510830276,28620,22896,30528,24804,0.0,0.0,0.0,0.0,0.0
CH_L_296a,13-10,13,10,0.32498820609315676,60,-0.11624830127766961,0.03554540503117982,0.6160508126970176,-0.1719854150477699,0.18469906057691465,19080,24804,20988,26712,0.0,0.0,1.0,0.0,0.0
CH_L_296a,13-11,13,11,0.3513944942074617,89,-0.1074643111812102,0.0493626380056848,0.603461352815802,-0.16525740496717187,0.19076484416510672,20988,24804,22896,26712,0.0,0.0,0.0,0.0,0.0
CH_L_296a,13-12,13,12,0.37337494143456,114,-0.09171343785881518,0.09028315395474967,0.5735103974247309,-0.14904755614899812,0.2414882361190546,22896,24804,24804,26712,1.0,1.0,0.0,1.0,0.0
CH_L_296a,13-13,13,13,0.3777434207708344,106,-0.08420770154133475,0.09222172013187295,0.5756500806362983,-0.1454937593813661,0.23997732372646297,24804,24804,26712,26712,1.0,1.0,0.0,1.0,0.0
CH_L_296a,13-14,13,14,0.4039337431177369,109,-0.10307798030707312,0.0638947820521,0.5916232301244309,-0.15218881431405004,0.250361478514906,26712,24804,28620,26712,0.0,0.0,0.0,0.0,0.0
CH_L_296a,13-15,13,15,0.38842283702930824,110,-0.10195133974420668,0.06857763354255554,0.5939639007025108,-0.15949857931750014,0.24391532578709527,28620,24804,30528,26712,0.0,0.0,0.0,0.0,0.0
CH_L_296a,14-11,14,11,0.3254919889223163,53,-0.11975769077923124,0.051080234804953946,0.6159382860887295,-0.16534592398250134,0.18504739970323028,20988,26712,22896,28620,0.0,0.0,1.0,0.0,0.0
CH_L_296a,14-13,14,13,0.3815774743065608,109,-0.07881504469368573,0.10017806870560132,0.576285385151198,-0.14313195196254797,0.3032341770085384,24804,26712,26712,28620,1.0,1.0,0.0,1.0,1.0
CH_L_296a,14-14,14,14,0.3320574771259532,110,-0.100249066306473,0.061434191889271295,0.593603070669124,-0.15426710790883977,0.2513486048783386,26712,26712,28620,28620,0.0,0.0,0.0,0.0,0.0
CH_L_296a,14-15,14,15,0.36127430221574974,111,-0.10270086009549326,0.0658242114073163,0.5910138559978066,-0.15851457832315366,0.21461714045180505,28620,26712,30528,28620,0.0,0.0,0.0,0.0,0.0
CH_L_296a,15-12,15,12,0.3374526466406187,91,-0.07999373266874718,0.09837810163992845,0.5777122963886084,-0.15588439120681877,0.2628043540025833,22896,28620,24804,30528,1.0,1.0,0.0,0.0,1.0
CH_L_296a,15-14,15,14,0.3669207177447182,110,-0.0877900141325571,0.09059163341694472,0.5800574500480231,-0.1507602357585425,0.249669230925841,26712,28620,28620,30528,1.0,1.0,0.0,1.0,0.0
CH_L_296a,9-10,9,10,0.3161333928421942,64,-0.08510134905459331,0.10410249476104931,0.5623541391951579,-0.14031719774193716,0.3339886675116593,19080,17172,20988,19080,1.0,1.0,0.0,1.0,1.0
CH_L_296a,9-11,9,11,0.31935626375377907,85,-0.10431341888607218,0.0972731987575462,0.5723933267561565,-0.1398148350173499,0.3062070711799957,20988,17172,22896,19080,0.0,1.0,0.0,1.0,1.0
CH_L_296a,9-12,9,12,0.3664085655207088,89,-0.11568040710853646,0.056156896327064804,0.5997298415235448,-0.1627635472304507,0.1987384796653057,22896,17172,24804,19080,0.0,0.0,0.0,0.0,0.0
CH_L_296a,9-13,9,13,0.40585969491702617,86,-0.10601878422559391,0.06944777141803644,0.5947505158939499,-0.16549910979576854,0.22471333880110958,24804,17172,26712,19080,0.0,0.0,0.0,0.0,0.0
CH_L_296a,9-14,9,14,0.3441231265629396,92,-0.10433649175358135,0.05965138237654664,0.6085684900929675,-0.1618026147887981,0.24007026937804504,26712,17172,28620,19080,0.0,0.0,0.0,0.0,0.0
CH_L_296a,9-15,9,15,0.3155972353797351,98,-0.1212326974159409,0.04051674609453745,0.6194081089103729,-0.17369810681043876,0.17154685503247716,28620,17172,30528,19080,0.0,0.0,1.0,0.0,0.0
CH_L_296a,9-16,9,16,0.39788615788102877,72,-0.10729889120161824,0.05185988221799798,0.6132547598655811,-0.1527012519788127,0.1918567736767781,30528,17172,32436,19080,0.0,0.0,1.0,0.0,0.0
CH_L_299a,10-10,10,10,0.3709402092298553,115,-0.06235188811364005,0.16260884783552582,0.38380390463495306,-0.04230104763018089,0.4392234441300644,19080,19080,20988,20988,0.0,0.0,0.0,0.0,1.0
CH_L_299a,10-11,10,11,0.7533244516184662,98,-0.04583177990340958,0.19838142644294904,0.37354402628362593,-0.013767899907559422,0.3367638448884453,20988,19080,22896,20988,0.0,0.0,0.0,0.0,0.0
CH_L_299a,10-12,10,12,0.9169564905360617,119,-0.03741219528534112,0.21561958555608993,0.34809967719877866,-0.0007490549308718018,0.3023752028723506,22896,19080,24804,20988,1.0,0.0,0.0,1.0,0.0
CH_L_299a,10-7,10,7,0.32415397734151274,118,-0.066236838664915,0.1378153575514857,0.3950148494109489,-0.0858425085056431,0.32918113830508944,13356,19080,15264,20988,0.0,0.0,0.0,0.0,0.0
CH_L_299a,10-8,10,8,0.7500484250714741,117,-0.07192038811616945,0.1935636687417422,0.39791370769148415,-0.04402536572539318,0.1715632505307018,15264,19080,17172,20988,0.0,0.0,0.0,0.0,0.0
CH_L_299a,11-10,11,10,0.7949180610007487,71,-0.03326494143576058,0.22124949687089235,0.3127783124138985,0.028953583913883155,0.3913447509428338,19080,20988,20988,22896,1.0,0.0,0.0,1.0,1.0
CH_L_299a,11-11,11,11,0.8463221758676225,78,-0.03135271194901348,0.23650329291954095,0.34934772226346616,0.027135517502013668,0.37715116929425124,20988,20988,22896,22896,1.0,1.0,0.0,1.0,0.0
CH_L_299a,11-12,11,12,0.927370574156333,76,-0.03729779504641037,0.2496907807242735,0.34496103173005926,0.02400231046091243,0.28224895093825364,22896,20988,24804,22896,1.0,1.0,0.0,1.0,0.0
CH_L_299a,5-10,5,10,0.8224026668963068,115,-0.04630514538620441,0.25161694322360273,0.3879678301135897,0.007404170771821755,0.3701127131556609,19080,9540,20988,11448,0.0,1.0,0.0,1.0,0.0
CH_L_299a,5-11,5,11,0.8270534288789368,117,-0.03509928779619098,0.252740721048496,0.3760771893227989,-0.007505138853106986,0.3781754910476224,20988,9540,22896,11448,1.0,1.0,0.0,0.0,0.0
CH_L_299a,5-12,5,12,0.6464510974297148,107,-0.03757433227676836,0.1905995715493043,0.3957363638912089,-0.03935837227648979,0.40592706983144355,22896,9540,24804,11448,1.0,0.0,0.0,0.0,1.0
CH_L_299a,5-8,5,8,0.6675093848435045,115,-0.07676089941016122,0.13287384413925662,0.4403008979951875,-0.07600400411985532,0.3292844839152708,15264,9540,17172,11448,0.0,0.0,1.0,0.0,0.0
CH_L_299a,5-9,5,9,0.7209955771204319,122,-0.05730563022923329,0.14026774265728534,0.43041469610997996,-0.04904069343721136,0.410403159965645,17172,9540,19080,11448,0.0,0.0,1.0,0.0,1.0
CH_L_299a,6-10,6,10,0.5571545655219619,120,-0.05374290953630597,0.18048390125523567,0.4188771333275707,-0.056525034244563295,0.41285975873451086,19080,11448,20988,13356,0.0,0.0,0.0,0.0,1.0
CH_L_299a,6-11,6,11,0.8229460424821726,115,-0.04668393491968104,0.26719808838916026,0.36758935135840126,0.001111627109864323,0.3681856185118277,20988,11448,22896,13356,0.0,1.0,0.0,1.0,0.0
CH_L_299a,6-12,6,12,0.8066706708709959,115,-0.03576180804298054,0.2687080567768882,0.35802654519587107,-0.022724914030420845,0.345760861600088,22896,11448,24804,13356,1.0,1.0,0.0,0.0,0.0
CH_L_299a,6-8,6,8,0.6817838750307799,119,-0.06180647896081528,0.1806297506577523,0.40051482598118904,-0.04375827053257479,0.32990223534777946,15264,11448,17172,13356,0.0,0.0,0.0,0.0,0.0
CH_L_299a,6-9,6,9,0.8184564456324758,111,-0.04854642897944896,0.2259006794775808,0.38326285977633295,-0.01705620223572924,0.27203492056168627,17172,11448,19080,13356,0.0,0.0,0.0,0.0,0.0
CH_L_299a,7-10,7,10,0.6186225948203747,117,-0.05749001593160288,0.19540137534630678,0.39626040248845,-0.03504918789218579,0.32958439816631785,19080,13356,20988,15264,0.0,0.0,0.0,0.0,0.0
CH_L_299a,7-11,7,11,0.5521986199829004,120,-0.0510106226831464,0.13356055710679485,0.40795689744225677,-0.05739419995085614,0.39368533052101967,20988,13356,22896,15264,0.0,0.0,0.0,0.0,1.0
CH_L_299a,7-12,7,12,0.48026995675826495,107,-0.05501945329927335,0.14468453557409194,0.41007326885309725,-0.05143809730108033,0.4311240952501992,22896,13356,24804,15264,0.0,0.0,0.0,0.0,1.0
CH_L_299a,7-8,7,8,0.5213945775499389,118,-0.08230257433569874,0.11229726317105054,0.4431198607006394,-0.09765849709771003,0.2477164131258451,15264,13356,17172,15264,0.0,0.0,1.0,0.0,0.0
CH_L_299a,7-9,7,9,0.7629648703934431,120,-0.07947507014939305,0.1782234368929013,0.4242755534326561,-0.049832718500830174,0.2175580840200044,17172,13356,19080,15264,0.0,0.0,1.0,0.0,0.0
CH_L_299a,8-10,8,10,0.4873314967106681,117,-0.052061401402605505,0.18761425546633506,0.360882168003945,-0.021396508384360097,0.39572647571153974,19080,15264,20988,17172,0.0,0.0,0.0,0.0,1.0
CH_L_299a,8-11,8,11,0.45955613905830217,112,-0.07527621646244644,0.12279682752763545,0.42546178669676377,-0.07932041080484702,0.31591704870108245,20988,15264,22896,17172,0.0,0.0,1.0,0.0,0.0
CH_L_299a,8-12,8,12,0.6425485290344384,119,-0.08532378930848122,0.08942712947434647,0.4450079071595858,-0.09199117403758972,0.30072063458736503,22896,15264,24804,17172,0.0,0.0,1.0,0.0,0.0
CH_L_299a,8-8,8,8,0.5421360876973653,116,-0.08541480724482259,0.14564462203786033,0.4264875572064523,-0.07947485896664577,0.22324614843955812,15264,15264,17172,17172,0.0,0.0,1.0,0.0,0.0
CH_L_299a,8-9,8,9,0.7715674243675925,114,-0.055726009995443825,0.23011151143790756,0.3658842231687641,0.001469751508591594,0.25218753780028785,17172,15264,19080,17172,0.0,1.0,0.0,1.0,0.0
CH_L_299a,9-10,9,10,0.5584815486708008,115,-0.045547477679115225,0.23595701722709284,0.36545418057217205,0.01905654752134105,0.3878509004616623,19080,17172,20988,19080,1.0,1.0,0.0,1.0,0.0
CH_L_299a,9-11,9,11,0.5718851171092367,120,-0.07394022808543596,0.10722969749686236,0.4261314729773073,-0.0602162879870168,0.3241953466486424,20988,17172,22896,19080,0.0,0.0,1.0,0.0,0.0
CH_L_299a,9-12,9,12,0.8763191786560314,112,-0.0565413754284451,0.1725008402775272,0.3776626739776031,-0.025359812971140976,0.30710728576299157,22896,17172,24804,19080,0.0,0.0,0.0,0.0,0.0
CH_L_299a,9-8,9,8,0.34241905702520137,120,-0.06557372068919307,0.16366591376721482,0.3778391871921799,-0.06380296212496663,0.3273554514766493,15264,17172,17172,19080,0.0,0.0,0.0,0.0,0.0
CH_L_300a,10-18,10,18,0.32659064895260387,89,-0.07981324738932645,0.0728771672736604,0.476371611541606,-0.10084830641998352,0.36792470342601585,34344,19080,36252,20988,0.0,0.0,0.0,1.0,0.0
CH_L_300a,11-17,11,17,0.34464044912100966,89,-0.09464675282525506,0.033767722608567544,0.5101146295546028,-0.13115318850833452,0.4132358441484664,32436,20988,34344,22896,0.0,0.0,1.0,0.0,1.0
CH_L_300a,11-18,11,18,0.39431329280831307,54,-0.09202288014453176,0.02504991145919031,0.4937024682094839,-0.1363291265767762,0.4583266685392258,34344,20988,36252,22896,0.0,0.0,1.0,0.0,1.0
CH_L_300a,6-15,6,15,0.3525153277431182,112,-0.09604792029768953,0.08107659854728365,0.510659871173161,-0.13438238550217851,0.2689507157701715,28620,11448,30528,13356,0.0,0.0,1.0,0.0,0.0
CH_L_300a,6-18,6,18,0.3881104152315567,67,-0.07259548656311814,0.08499356289316229,0.48966597816363644,-0.11346105585796122,0.43715271569571706,34344,11448,36252,13356,0.0,0.0,0.0,0.0,1.0
CH_L_300a,7-14,7,14,0.3554069739252173,112,-0.09480934790541029,0.07184866795393703,0.4931509280162914,-0.13132271813843943,0.26306709695795677,26712,13356,28620,15264,0.0,0.0,1.0,0.0,0.0
CH_L_300a,7-17,7,17,0.4198319634416121,115,-0.07055608200370468,0.13552337668248185,0.4718778387358207,-0.09111535399877643,0.40547517531892324,32436,13356,34344,15264,1.0,1.0,0.0,1.0,0.0
CH_L_300a,7-18,7,18,0.3001352218314886,86,-0.08526107078857384,0.09476969489087703,0.48712438121737905,-0.11874764587535154,0.4302535065337323,34344,13356,36252,15264,0.0,0.0,0.0,0.0,1.0
CH_L_300a,8-12,8,12,0.31649339936448806,75,-0.0914614573489654,0.0828984639650339,0.48517850987987887,-0.12947597065374364,0.32397508276009424,22896,15264,24804,17172,0.0,0.0,0.0,0.0,0.0
CH_L_300a,8-14,8,14,0.49446617874487303,120,-0.0799693383733112,0.12349902460375223,0.46153814072920635,-0.1106875308184296,0.3100455487886552,26712,15264,28620,17172,0.0,1.0,0.0,0.0,0.0
CH_L_300a,9-12,9,12,0.7192159498025812,70,-0.04501428144159521,0.17145779279993595,0.4337127288453899,-0.06866596173453902,0.3327331355661554,22896,17172,24804,19080,1.0,1.0,0.0,1.0,0.0
CH_L_300a,9-16,9,16,0.3990049530857353,113,-0.0701314751302207,0.10884482434351647,0.45771453111223565,-0.1099467461754107,0.39494124789873203,30528,17172,32436,19080,1.0,0.0,0.0,0.0,0.0
CH_L_300a,9-17,9,17,0.5160449961500041,118,-0.06916009611130103,0.1249009621544451,0.4570442112025916,-0.09524102134129246,0.33674296771368856,32436,17172,34344,19080,1.0,1.0,0.0,1.0,0.0
CH_L_301a,10-13,10,13,0.5895587586633111,124,-0.026466778520131268,0.06403212636759799,0.41108375808567515,-0.06778264416521076,0.36619998049274094,24804,19080,26712,20988,0.0,0.0,0.0,0.0,0.0
CH_L_301a,10-14,10,14,0.5105249942778624,118,-0.010094573471995116,0.040289060456766515,0.4134237630052998,-0.040366903570610735,0.45272662143382975,26712,19080,28620,20988,0.0,0.0,1.0,0.0,0.0
CH_L_301a,10-15,10,15,0.7309359014427936,115,0.01992555094574379,0.02252343803997463,0.39579340811407576,0.020092325025159025,0.4254579115371287,28620,19080,30528,20988,1.0,0.0,0.0,0.0,0.0
CH_L_301a,10-16,10,16,0.47287358099552323,126,-0.0053127000727566116,0.037117110409155066,0.4057528613465122,-0.020353101825270295,0.4089945069741857,30528,19080,32436,20988,0.0,0.0,0.0,0.0,0.0
CH_L_301a,10-17,10,17,0.6986635888277634,120,0.025095402314406746,0.014428176605418211,0.4030162538230796,0.05218726763630707,0.4948564293126916,32436,19080,34344,20988,1.0,0.0,0.0,1.0,1.0
CH_L_301a,10-18,10,18,0.7001772632502358,118,0.018441773091715744,0.03421773250940762,0.40088851546654264,0.03647733112262465,0.5324894042841675,34344,19080,36252,20988,1.0,0.0,0.0,1.0,1.0
CH_L_301a,11-13,11,13,0.6212806802403817,114,-0.003006771123747312,0.06074798653986875,0.41503862883731213,-0.03850021537975811,0.4376542791536563,24804,20988,26712,22896,0.0,0.0,1.0,0.0,0.0
CH_L_301a,11-14,11,14,0.6228543395671581,117,0.003713906059163187,0.044701012296644964,0.39356307967793797,-0.009049300884484345,0.4241015607027302,26712,20988,28620,22896,0.0,0.0,0.0,0.0,0.0
CH_L_301a,11-15,11,15,0.7293668570907634,109,0.014564411277919489,0.04086852568344568,0.39578172520262134,0.019762578542679057,0.438215108310693,28620,20988,30528,22896,1.0,0.0,0.0,0.0,0.0
CH_L_301a,11-16,11,16,0.7317643156502667,117,0.006072770019071166,0.07355888194445681,0.38855244785142046,0.01389698672514074,0.5037380809415318,30528,20988,32436,22896,0.0,1.0,0.0,0.0,1.0
CH_L_301a,11-17,11,17,0.7407314047040287,104,0.014795048203868448,0.1089319202245315,0.39438218060338337,0.054194497589702184,0.5246665959186815,32436,20988,34344,22896,1.0,1.0,0.0,1.0,1.0
CH_L_301a,11-18,11,18,0.6745324232054882,111,0.009879254594868424,0.08282685217315909,0.4002727825378677,0.024155663273585645,0.5018031646381979,34344,20988,36252,22896,0.0,1.0,0.0,1.0,1.0
CH_L_301a,12-13,12,13,0.6815983398843124,111,0.026526952101649917,0.10313124447585532,0.38983268849715746,0.002599419949274244,0.4738733623039756,24804,22896,26712,24804,1.0,1.0,0.0,0.0,0.0
CH_L_301a,12-14,12,14,0.6149217353213913,98,0.008280053520996531,0.09435970167843705,0.4017621429799187,-0.01370953056385183,0.4843797202025738,26712,22896,28620,24804,0.0,1.0,0.0,0.0,1.0
CH_L_301a,12-15,12,15,0.5449933595678144,89,-0.032355213621662084,0.07975684084753969,0.42979958818345887,-0.06283473120353486,0.5058879255312706,28620,22896,30528,24804,0.0,1.0,1.0,0.0,1.0
CH_L_301a,6-15,6,15,0.4684025929497408,40,-0.005962221411802777,0.045339691372325075,0.42260198231373647,-0.013381997929591608,0.42870162753486285,28620,11448,30528,13356,0.0,0.0,1.0,0.0,0.0
CH_L_301a,6-16,6,16,0.5830678110451897,42,-0.0034090513076395776,0.05237162589774341,0.38539516422751513,0.03367800196368211,0.4249611119548851,30528,11448,32436,13356,0.0,0.0,0.0,1.0,0.0
CH_L_301a,6-17,6,17,0.5061999127095357,40,0.009979114146135736,0.02884514231851919,0.3851770114262674,0.02372078904557997,0.44963309668344875,32436,11448,34344,13356,0.0,0.0,0.0,1.0,0.0
CH_L_301a,7-13,7,13,0.4694382318950004,125,0.007679554441984254,0.07128538381731236,0.3845220607648187,-0.015733921701499304,0.45883869996187265,24804,13356,26712,15264,0.0,1.0,0.0,0.0,0.0
CH_L_301a,7-15,7,15,0.38607612861156393,76,-0.026765535216949698,0.04001611909274122,0.4348708351868146,-0.037304097038342546,0.3923995483778955,28620,13356,30528,15264,0.0,0.0,1.0,0.0,0.0
CH_L_301a,7-16,7,16,0.5054345423883861,117,-0.01846021836181289,0.04627324479829269,0.40571208302178374,-0.007469705077522769,0.41454645498792453,30528,13356,32436,15264,0.0,0.0,0.0,0.0,0.0
CH_L_301a,7-17,7,17,0.5056143860531814,120,0.00048589290294526855,0.06290913442167288,0.3990582865107639,0.019811616105905382,0.4449427572120258,32436,13356,34344,15264,0.0,0.0,0.0,0.0,0.0
CH_L_301a,7-18,7,18,0.5945561222293365,120,0.004915489624988334,0.04153791255861387,0.39481341405152803,0.01020390150312659,0.44072702482350407,34344,13356,36252,15264,0.0,0.0,0.0,0.0,0.0
CH_L_301a,8-13,8,13,0.5784217388532462,115,-0.004532304574616175,0.07500730646968233,0.4056945452247346,-0.047268971945677606,0.4057742775260032,24804,15264,26712,17172,0.0,1.0,0.0,0.0,0.0
CH_L_301a,8-14,8,14,0.4986633565830033,115,-0.019327987257205304,0.05098404004831306,0.4126384077331556,-0.06665594277996723,0.4481924762769201,26712,15264,28620,17172,0.0,0.0,1.0,0.0,0.0
CH_L_301a,8-17,8,17,0.6964510655367675,108,0.006905853207182581,0.04582264568869849,0.4072538492328525,0.02799095715945566,0.4413766595834941,32436,15264,34344,17172,0.0,0.0,0.0,1.0,0.0
CH_L_301a,8-18,8,18,0.6156522991570856,105,0.004956365415840474,0.06688844357291229,0.4003402740783705,0.014737595390006665,0.43716589075229184,34344,15264,36252,17172,0.0,0.0,0.0,0.0,0.0
CH_L_301a,9-13,9,13,0.3799621556286697,126,-0.048700820324329125,0.0644705377447649,0.4254685327278754,-0.09453576828564529,0.3656134763372042,24804,17172,26712,19080,0.0,0.0,1.0,0.0,0.0
CH_L_301a,9-14,9,14,0.37382235963889127,104,-0.043005251818131446,0.04094627752229666,0.4396853154460195,-0.07651861811840777,0.4187796281102013,26712,17172,28620,19080,0.0,0.0,1.0,0.0,0.0
CH_L_301a,9-15,9,15,0.6793677074072115,112,0.018406482836691423,0.02812229639693819,0.39916103162162325,0.021580779323679716,0.4461753704134308,28620,17172,30528,19080,1.0,0.0,0.0,0.0,0.0
CH_L_301a,9-17,9,17,0.6796187899930228,120,0.002372850201915586,0.03535896330480649,0.39913718709618556,0.006433639231453228,0.46872443225945654,32436,17172,34344,19080,0.0,0.0,0.0,0.0,0.0
CH_L_301a,9-18,9,18,0.5794498898351359,116,0.020702464467257837,0.055795038018309526,0.3977958498637722,0.04291670308456884,0.47967007868085854,34344,17172,36252,19080,1.0,0.0,0.0,1.0,1.0
CH_L_302a,10-19,10,19,0.5425924489887982,78,-0.03665306427164715,0.059200174594835495,0.39201006273633926,-0.053971477086220535,0.38032709058911274,36252,19080,38160,20988,0.0,0.0,1.0,0.0,0.0
CH_L_302a,10-20,10,20,0.5033051477374049,114,0.019532457699981347,0.09917229319834837,0.3300809268591146,0.0013721091160027532,0.3940271087800935,38160,19080,40068,20988,1.0,0.0,0.0,0.0,0.0
CH_L_302a,10-21,10,21,0.5622565917593868,117,0.04248662147385215,0.11952168933243582,0.3099102594497909,0.04586634455900509,0.4307750300139311,40068,19080,41976,20988,1.0,1.0,0.0,1.0,0.0
CH_L_302a,10-22,10,22,0.4127943886752314,114,0.018330842030467018,0.1026711767608725,0.3203181020311727,0.038095498798789845,0.45563068471748336,41976,19080,43884,20988,1.0,1.0,0.0,1.0,1.0
CH_L_302a,10-23,10,23,0.41678746022654684,110,0.01957423227064479,0.10665732158444395,0.3213957119118463,0.045893020872252485,0.4413266179548711,43884,19080,45792,20988,1.0,1.0,0.0,1.0,0.0
CH_L_302a,10-24,10,24,0.6864351373652624,114,0.004832808798174469,0.07754867695271819,0.34702459603433156,0.008389376230947857,0.3368608019338352,45792,19080,47700,20988,0.0,0.0,0.0,0.0,0.0
CH_L_302a,10-25,10,25,0.873006146534337,89,-0.026678732393448815,0.05845855535790896,0.3747989452704774,-0.020123173208299996,0.2739619191560615,47700,19080,49608,20988,0.0,0.0,1.0,0.0,0.0
CH_L_302a,11-19,11,19,0.7959513691057909,90,0.00038560240522468906,0.11428113918010097,0.33622232216568887,0.008476336186398054,0.3521087034728508,36252,20988,38160,22896,0.0,1.0,0.0,0.0,0.0
CH_L_302a,11-20,11,20,0.4424200675999946,116,0.0032351009218027915,0.10096894697927078,0.34464976330186947,0.019622140001055062,0.44677498709353713,38160,20988,40068,22896,0.0,0.0,0.0,1.0,0.0
CH_L_302a,11-21,11,21,0.5182446938901705,111,0.013804743522715728,0.08848427102677645,0.33272520917336323,0.037264483058183834,0.43228596271159864,40068,20988,41976,22896,0.0,0.0,0.0,1.0,0.0
CH_L_302a,11-22,11,22,0.3322281032328212,115,-0.0010418246832169446,0.0856147428488852,0.3382555766034053,0.010380314807127314,0.45552925141510975,41976,20988,43884,22896,0.0,0.0,0.0,0.0,1.0
CH_L_302a,11-23,11,23,0.4147028463040536,115,0.01483898395732158,0.11433629923978954,0.3177555376802258,0.02763892487286117,0.44966602933253647,43884,20988,45792,22896,0.0,1.0,0.0,1.0,0.0
CH_L_302a,11-24,11,24,0.6621290864037834,114,0.011478244581857068,0.07630228064620377,0.3661951157478087,0.013494356462378084,0.4108512289456263,45792,20988,47700,22896,0.0,0.0,0.0,1.0,0.0
CH_L_302a,11-25,11,25,0.7965122879517333,73,-0.010949462887786192,0.07813494605819667,0.36524045091981516,-0.03515571179127059,0.3639238343740173,47700,20988,49608,22896,0.0,0.0,0.0,0.0,0.0
CH_L_302a,12-19,12,19,0.8385717159775712,103,0.004794008433411783,0.08102862795340372,0.3417446511321347,0.016462763014683256,0.35855737490526135,36252,22896,38160,24804,0.0,0.0,0.0,1.0,0.0
CH_L_302a,12-20,12,20,0.7269977354484012,118,0.011654660440787896,0.0830048908895702,0.34819453705688685,0.018629438272397613,0.39930298037714435,38160,22896,40068,24804,0.0,0.0,0.0,1.0,0.0
CH_L_302a,12-22,12,22,0.3194376110422121,115,-0.03717294010135297,0.03808842541393722,0.39416414895691493,-0.07990569512910112,0.419359308577277,41976,22896,43884,24804,0.0,0.0,1.0,0.0,0.0
CH_L_302a,12-23,12,23,0.4023311840511185,116,-0.011223972184658803,0.08597216716158705,0.3404723543360994,-0.0250491048619534,0.4554373897649277,43884,22896,45792,24804,0.0,0.0,0.0,0.0,1.0
CH_L_302a,12-24,12,24,0.6685965230538531,113,0.018185610859289984,0.0899289350777099,0.34377499275983225,0.013160212902969143,0.42015162639354836,45792,22896,47700,24804,0.0,0.0,0.0,1.0,0.0
CH_L_302a,12-25,12,25,0.6380279465770793,63,0.0038108510602024,0.08547293474894485,0.35432476209530706,-0.014041711556347243,0.4020343503631622,47700,22896,49608,24804,0.0,0.0,0.0,0.0,0.0
CH_L_302a,13-21,13,21,0.511252029073212,47,-0.02880400270436972,0.04897429637747087,0.3950616734642647,-0.04001089636352692,0.43671572370512646,40068,24804,41976,26712,0.0,0.0,1.0,0.0,0.0
CH_L_302a,13-22,13,22,0.30904331353561126,56,-0.08292729536965314,0.03597751086433272,0.44695994476312084,-0.11506092438462985,0.31804787523374217,41976,24804,43884,26712,0.0,0.0,1.0,0.0,0.0
CH_L_302a,13-23,13,23,0.4799073083949517,73,-0.002799070277027873,0.04032569365390354,0.36997159123853235,-0.021133176462267138,0.42691171922613147,43884,24804,45792,26712,0.0,0.0,1.0,0.0,0.0
CH_L_302a,13-24,13,24,0.8138423553079264,86,0.0035743449499219156,0.05687314039504143,0.3815321740789887,0.004125566567679522,0.37678711136890897,45792,24804,47700,26712,0.0,0.0,1.0,0.0,0.0
CH_L_302a,6-20,6,20,0.3250318854605502,60,-0.041057086325543925,0.03182294607443349,0.410030450988112,-0.08235825955774692,0.6076417182660397,38160,11448,40068,13356,0.0,0.0,1.0,0.0,1.0
CH_L_302a,7-19,7,19,0.4353814047617768,40,-0.001573752654203496,0.07367792401100492,0.36991912989942277,-0.022233609599292416,0.5665533114648656,36252,13356,38160,15264,0.0,0.0,0.0,0.0,1.0
CH_L_302a,7-20,7,20,0.47783497865086805,115,0.027070176656757105,0.07785074720272614,0.36965527653362357,-0.011859360477381679,0.566099995220199,38160,13356,40068,15264,1.0,0.0,0.0,0.0,1.0
CH_L_302a,7-21,7,21,0.6302910394502439,115,0.03071571318154339,0.09835972066041034,0.37141920300036074,-0.0015165451829163676,0.5256064112257286,40068,13356,41976,15264,1.0,0.0,1.0,0.0,1.0
CH_L_302a,7-22,7,22,0.6343444164784537,115,0.006787364467758993,0.1265579536091827,0.3490415401044091,-0.02410133369114846,0.48568494510353677,41976,13356,43884,15264,0.0,1.0,0.0,0.0,1.0
CH_L_302a,7-23,7,23,0.6122991475637098,113,-0.014715432210174257,0.09410316894098665,0.37538267624500793,-0.042716373452613726,0.4967501711370474,43884,13356,45792,15264,0.0,0.0,1.0,0.0,1.0
CH_L_302a,7-24,7,24,0.7927681225346409,116,0.017459378405639187,0.11195664656336174,0.3282047988714477,0.004791579139436617,0.41906852156991803,45792,13356,47700,15264,0.0,1.0,0.0,0.0,0.0
CH_L_302a,7-25,7,25,0.8432670662378254,112,-0.0029120626808527353,0.07646344634129643,0.3358427779184968,0.0007234162015376081,0.31199147710407366,47700,13356,49608,15264,0.0,0.0,0.0,0.0,0.0
CH_L_302a,8-19,8,19,0.8080330283461484,55,0.03771830049058245,0.12067982319790785,0.34734632953490013,0.02053042913202293,0.45350745135435505,36252,15264,38160,17172,1.0,1.0,0.0,1.0,1.0
CH_L_302a,8-20,8,20,0.7836111364837681,114,0.020020694937568084,0.08935321706539465,0.3644037999660025,-0.01739059941239782,0.42655787625239466,38160,15264,40068,17172,1.0,0.0,0.0,0.0,0.0
CH_L_302a,8-21,8,21,0.7934635823196718,116,0.03322752213420514,0.10508487226487102,0.33985654432357026,0.000959969982589383,0.403300602419852,40068,15264,41976,17172,1.0,1.0,0.0,0.0,0.0
CH_L_302a,8-22,8,22,0.77038355701063,117,0.01118669258605852,0.09976232381597662,0.3632960839525047,-0.004160242706840669,0.4145744608911929,41976,15264,43884,17172,0.0,0.0,0.0,0.0,0.0
CH_L_302a,8-23,8,23,0.6254331812387499,114,0.012188625380427646,0.0985812633014155,0.35722733410691065,-0.0007275291757253309,0.4610761871385597,43884,15264,45792,17172,0.0,0.0,0.0,0.0,1.0
CH_L_302a,8-24,8,24,0.7598752282007999,114,0.005846175343741106,0.0787005204209793,0.358850468532775,-0.014969520227345328,0.4348823052561965,45792,15264,47700,17172,0.0,0.0,0.0,0.0,0.0
CH_L_302a,8-25,8,25,0.8704118626922352,112,-0.017387683288919688,0.054330431119355635,0.3606869760528896,-0.04753907980334201,0.2919760755788361,47700,15264,49608,17172,0.0,0.0,0.0,0.0,0.0
CH_L_302a,9-19,9,19,0.5736183750516322,64,0.03390998726224701,0.11772372199771365,0.3506537345794807,-0.023898244855228613,0.5187189388299005,36252,17172,38160,19080,1.0,1.0,0.0,0.0,1.0
CH_L_302a,9-20,9,20,0.8313482609523809,116,0.029209749174270654,0.11232041525199386,0.3426270093200566,0.011331313750841282,0.40702671209421354,38160,17172,40068,19080,1.0,1.0,0.0,1.0,0.0
CH_L_302a,9-21,9,21,0.8593060226100636,116,0.01935482022582411,0.10137040088205546,0.3749504225170542,-0.015955828202027313,0.39160897150543544,40068,17172,41976,19080,1.0,1.0,1.0,0.0,0.0
CH_L_302a,9-22,9,22,0.45521581569441044,116,-0.030857097312517668,0.06406285883891588,0.3940668490414179,-0.06966439755586147,0.4024257404644061,41976,17172,43884,19080,0.0,0.0,1.0,0.0,0.0
CH_L_302a,9-23,9,23,0.7755057051800317,114,0.005587077660347608,0.100984704814228,0.36048726414567156,-0.00719521228017268,0.4230855339188913,43884,17172,45792,19080,0.0,0.0,0.0,0.0,0.0
CH_L_302a,9-24,9,24,0.8199765978854342,117,0.0056665583268260865,0.08372886793364787,0.3610793233056865,-0.02704828656826151,0.35705643136854753,45792,17172,47700,19080,0.0,0.0,0.0,0.0,0.0
CH_L_302a,9-25,9,25,0.881266222701335,99,-0.011464688189541772,0.05361340040641838,0.3577710973426371,-0.012235519933951493,0.2854486543402491,47700,17172,49608,19080,0.0,0.0,0.0,0.0,0.0
CH_L_303a,10-10,10,10,0.3761982451606947,113,-0.017620496554248834,0.052315245262187504,0.36761178781717296,-0.051408443898399436,0.45164193053070767,19080,19080,20988,20988,0.0,0.0,0.0,0.0,0.0
CH_L_303a,10-12,10,12,0.5955542204948465,82,-0.02321149034946744,0.07208913170058401,0.387302839626232,-0.09743676314732184,0.4291149741264645,22896,19080,24804,20988,0.0,0.0,1.0,0.0,0.0
CH_L_303a,10-6,10,6,0.5181770932750402,77,-0.01648478256251086,0.08073397255467926,0.3057116313810338,-0.047865659893252435,0.44955896482120816,11448,19080,13356,20988,0.0,0.0,0.0,0.0,0.0
CH_L_303a,10-7,10,7,0.43768795907087504,118,-0.015567484654131976,0.07731716245130832,0.31421967174849225,-0.0487603322767078,0.42535650526776025,13356,19080,15264,20988,0.0,0.0,0.0,0.0,0.0
CH_L_303a,10-8,10,8,0.6783364606844812,112,-0.004780131009704204,0.060967379593314684,0.350873364191072,-0.02051956400535362,0.46444209013395865,15264,19080,17172,20988,0.0,0.0,0.0,1.0,0.0
CH_L_303a,10-9,10,9,0.4218951632614247,119,-0.012830908514947502,0.05229835293216479,0.3836658379684671,-0.03178558656552066,0.46783370512195904,17172,19080,19080,20988,0.0,0.0,1.0,0.0,1.0
CH_L_303a,11-10,11,10,0.31061406660725893,118,-0.02228256325866789,0.06359417276028714,0.383416381509088,-0.05500471394220718,0.44596658488001784,19080,20988,20988,22896,0.0,0.0,1.0,0.0,0.0
CH_L_303a,11-12,11,12,0.5329320387579365,72,-0.028063510198653416,0.0724938884554906,0.38984886470005226,-0.09598590932203296,0.40861642351664096,22896,20988,24804,22896,0.0,0.0,1.0,0.0,0.0
CH_L_303a,11-6,11,6,0.30466043814721927,89,-0.03462827991745209,0.061480994740990925,0.31599761594612763,-0.06470390556447092,0.45018317539747077,11448,20988,13356,22896,0.0,0.0,0.0,0.0,0.0
CH_L_303a,11-7,11,7,0.4704356134981462,110,-0.01080223718438204,0.0859363295946398,0.3095581740117339,-0.04666441920901674,0.4390308786507335,13356,20988,15264,22896,0.0,1.0,0.0,0.0,0.0
CH_L_303a,11-8,11,8,0.6646576379572231,119,0.020208417349272402,0.09303831252851467,0.31648676277064514,-0.004306137600271772,0.45879346171852786,15264,20988,17172,22896,1.0,1.0,0.0,1.0,0.0
CH_L_303a,11-9,11,9,0.527388974805119,113,0.011736769099778381,0.08866724729601273,0.3412371323751012,-0.004767546281545234,0.4732844967032873,17172,20988,19080,22896,1.0,1.0,0.0,1.0,1.0
CH_L_303a,12-12,12,12,0.3726958090516157,72,-0.028017750861915856,0.05604954022265345,0.3805585372548578,-0.06874211989668598,0.4122683411095341,22896,22896,24804,24804,0.0,0.0,1.0,0.0,0.0
CH_L_303a,13-12,13,12,0.33869124633817677,64,-0.01905749475585249,0.10537575409830512,0.3186921699967733,0.006995498868466007,0.46212195491908703,22896,24804,24804,26712,0.0,1.0,0.0,1.0,0.0
CH_L_303a,13-6,13,6,0.41866626672724566,72,-0.003742413302125485,0.04545370452065106,0.3432550327501571,-0.04315816328280707,0.6024321671979845,11448,24804,13356,26712,1.0,0.0,0.0,0.0,1.0
CH_L_303a,13-7,13,7,0.34292483825324704,91,-0.011266980473109894,0.08456844274573087,0.32331851028507014,-0.04043899864651767,0.5081788451551124,13356,24804,15264,26712,0.0,0.0,0.0,0.0,1.0
CH_L_303a,13-9,13,9,0.307888482403051,99,-0.033246832549374994,0.045389807606824685,0.3377831249452195,0.002558416818228332,0.4306206477483572,17172,24804,19080,26712,0.0,0.0,0.0,1.0,0.0
CH_L_303a,7-10,7,10,0.49221159034557493,99,0.0009698622148258003,0.08474855962054442,0.2938472637834866,-0.004862440426621672,0.4763464761656963,19080,13356,20988,15264,1.0,0.0,0.0,1.0,1.0
CH_L_303a,7-11,7,11,0.4465909608781469,93,0.002013181359306336,0.09921931858832106,0.3104616284560304,-0.007925777906903613,0.47685114834842207,20988,13356,22896,15264,1.0,1.0,0.0,1.0,1.0
CH_L_303a,7-12,7,12,0.5302836407946112,74,0.007915033099643249,0.09678363157164785,0.3132422133978046,-0.012639471103983339,0.4595600030342309,22896,13356,24804,15264,1.0,1.0,0.0,1.0,0.0
CH_L_303a,7-6,7,6,0.44883547496667775,67,-0.059700143910256014,0.05335531257775447,0.40817712867529454,-0.07817097583995042,0.4753537868802852,11448,13356,13356,15264,0.0,0.0,1.0,0.0,1.0
CH_L_303a,7-7,7,7,0.3310878329305377,110,-0.054741044639104196,0.04209599706724989,0.3689198374555755,-0.07141898346447731,0.4536754227394277,13356,13356,15264,15264,0.0,0.0,1.0,0.0,0.0
CH_L_303a,7-9,7,9,0.3370566505166977,104,-0.04233161597354185,0.06096147781249133,0.36940738310003823,-0.07749902057725938,0.4691626716039743,17172,13356,19080,15264,0.0,0.0,1.0,0.0,1.0
CH_L_303a,8-10,8,10,0.519291329692731,112,0.009471589625501497,0.11537693819638432,0.328591397469857,-0.015139667088439524,0.4664574801494064,19080,15264,20988,17172,1.0,1.0,0.0,1.0,0.0
CH_L_303a,8-11,8,11,0.4729842659244012,119,0.008738944837726541,0.12754725231205766,0.320517751673107,-0.026583878110985497,0.4531118780817907,20988,15264,22896,17172,1.0,1.0,0.0,0.0,0.0
CH_L_303a,8-12,8,12,0.5378807179111994,87,0.0050316116588967055,0.12054986275071915,0.30948663897769096,-0.024076279500926365,0.44502827070661194,22896,15264,24804,17172,1.0,1.0,0.0,0.0,0.0
CH_L_303a,8-6,8,6,0.48180143989263763,67,-0.03604010605212019,0.06214991335022025,0.3615822113174468,-0.051257005407798685,0.4532211296843424,11448,15264,13356,17172,0.0,0.0,0.0,0.0,0.0
CH_L_303a,8-7,8,7,0.3862160548534949,119,-0.0370576768289293,0.061665894602374136,0.3490212629842186,-0.054414142760309044,0.423321346876909,13356,15264,15264,17172,0.0,0.0,0.0,0.0,0.0
CH_L_303a,8-9,8,9,0.4075560858067594,118,-0.004935597077528572,0.08293719214368916,0.3445504988330356,-0.023635931699409,0.44002114623091493,17172,15264,19080,17172,0.0,0.0,0.0,0.0,0.0
CH_L_303a,9-10,9,10,0.3254398269182491,119,-0.01743558708780633,0.06567040464514563,0.3466883597898316,-0.043488100046173477,0.46720882281949944,19080,17172,20988,19080,0.0,0.0,0.0,0.0,1.0
CH_L_303a,9-12,9,12,0.4269055786793571,86,-0.015359414509853262,0.07144681091620557,0.3410338616278245,-0.07088963607905208,0.4484763158692771,22896,17172,24804,19080,0.0,0.0,0.0,0.0,0.0
CH_L_303a,9-6,9,6,0.44656663626157067,78,-0.023860866002405667,0.06444206172722136,0.3263120279359403,-0.033469669631556655,0.4292157993932042,11448,17172,13356,19080,0.0,0.0,0.0,0.0,0.0
CH_L_303a,9-7,9,7,0.33972457621793434,112,-0.05066509151579586,0.06281184482239709,0.3594434171152817,-0.06790795802634121,0.4169035901904482,13356,17172,15264,19080,0.0,0.0,0.0,0.0,0.0
CH_L_303a,9-8,9,8,0.39286910467084785,119,-0.02850430671369735,0.06508767213058855,0.36904963804486135,-0.061027766949656705,0.4250832080522863,15264,17172,17172,19080,0.0,0.0,1.0,0.0,0.0
CH_L_303a,9-9,9,9,0.5171868866218942,111,-0.008405395871395133,0.07243766036581573,0.3454438586900591,-0.028647935981746853,0.4387535890762087,17172,17172,19080,19080,0.0,0.0,0.0,0.0,0.0
CH_L_305a,10-10,10,10,0.4017739841037695,79,-0.09616770033035094,0.026136073370154247,0.5049052841250912,-0.12603512819437074,0.40260629929897684,19080,19080,20988,20988,0.0,0.0,1.0,0.0,0.0
CH_L_305a,10-11,10,11,0.40764249325250135,79,-0.07745698326686132,0.032155525770908584,0.4765804463500429,-0.10397149940520622,0.48453468322515847,20988,19080,22896,20988,0.0,0.0,0.0,0.0,1.0
CH_L_305a,10-12,10,12,0.6467087598764035,115,-0.02271947503065119,0.16247890901987017,0.39339934627402595,-0.018947048206102785,0.417131882657462,22896,19080,24804,20988,0.0,1.0,0.0,0.0,1.0
CH_L_305a,10-13,10,13,0.7194772035392109,128,-0.004784081464418858,0.1765615217881616,0.37939651842548644,0.011632549086141256,0.3733969525627016,24804,19080,26712,20988,1.0,1.0,0.0,1.0,0.0
CH_L_305a,10-14,10,14,0.7103009125064145,124,-0.006830894280265161,0.1587914097065291,0.40163935780409804,-0.029330633231668745,0.3744605233759355,26712,19080,28620,20988,1.0,1.0,0.0,0.0,0.0
CH_L_305a,10-15,10,15,0.8021725808462086,83,-0.0024188537086754676,0.17980601207180752,0.4099612896003226,-0.017690664730121763,0.3837366616883495,28620,19080,30528,20988,1.0,1.0,0.0,1.0,0.0
CH_L_305a,10-9,10,9,0.35356415190313517,58,-0.10640395827908601,0.03262063812636623,0.5388812748962887,-0.14994085862139742,0.13281948640466615,17172,19080,19080,20988,0.0,0.0,1.0,0.0,0.0
CH_L_305a,11-10,11,10,0.3924097468140907,107,-0.08386558561587155,0.030813727604519434,0.501146337279376,-0.12469448735080078,0.43664185311276044,19080,20988,20988,22896,0.0,0.0,1.0,0.0,1.0
CH_L_305a,11-11,11,11,0.47992234712900855,122,-0.04080458685947618,0.11750881265375106,0.4221340894863035,-0.06705227972607473,0.47162917801838505,20988,20988,22896,22896,0.0,0.0,0.0,0.0,1.0
CH_L_305a,11-12,11,12,0.7996222338655206,125,0.0020093944705642398,0.21391279616175446,0.3698585690735738,0.03826108028019266,0.35898331028238833,22896,20988,24804,22896,1.0,1.0,0.0,1.0,0.0
CH_L_305a,11-13,11,13,0.8066882893387598,125,-0.01513502009933914,0.12978403166972446,0.40913933129253216,-0.016897586246064612,0.354671986918694,24804,20988,26712,22896,0.0,0.0,0.0,1.0,0.0
CH_L_305a,11-14,11,14,0.7577133587338735,125,-0.03074391473064853,0.10496333972748945,0.42899325509660474,-0.052643863880820554,0.3533775528825636,26712,20988,28620,22896,0.0,0.0,0.0,0.0,0.0
CH_L_305a,11-15,11,15,0.6839644273086231,78,-0.03642953136975969,0.10561538156808221,0.4381602201135259,-0.068391037870862,0.41543266359499864,28620,20988,30528,22896,0.0,0.0,0.0,0.0,0.0
CH_L_305a,11-9,11,9,0.3122137372618649,58,-0.10848212737721762,0.034135033849661656,0.5392732990473441,-0.15233470865530166,0.1454297994693965,17172,20988,19080,22896,0.0,0.0,1.0,0.0,0.0
CH_L_305a,12-10,12,10,0.37890827542395533,92,-0.091528810021436,0.02801718387596925,0.5107886058812756,-0.13059474847023023,0.40261532488969154,19080,22896,20988,24804,0.0,0.0,1.0,0.0,0.0
CH_L_305a,12-11,12,11,0.4888462800064686,125,-0.059401831585980426,0.095993889449504,0.44334571281924784,-0.09032831001561048,0.4559172571419134,20988,22896,22896,24804,0.0,0.0,0.0,0.0,1.0
CH_L_305a,12-12,12,12,0.7190108970733066,126,-0.0027361409022039207,0.14453926386354696,0.39817606191013105,-0.00656359232127935,0.4273086276241443,22896,22896,24804,24804,1.0,0.0,0.0,1.0,1.0
CH_L_305a,12-13,12,13,0.778131539702248,128,-0.013029061645085936,0.13958057996913104,0.42166547346976485,-0.02529495018079002,0.3888725496138126,24804,22896,26712,24804,0.0,0.0,0.0,0.0,0.0
CH_L_305a,12-14,12,14,0.7175610222311555,128,-0.021215906718174214,0.11653505756546739,0.4274680216459495,-0.04230415790087096,0.39567845302157023,26712,22896,28620,24804,0.0,0.0,0.0,0.0,0.0
CH_L_305a,12-15,12,15,0.7985496246937914,72,-0.009039671001753999,0.1404710533141243,0.407395293084471,-0.0254511116087663,0.38361376647203316,28620,22896,30528,24804,1.0,0.0,0.0,0.0,0.0
CH_L_305a,12-9,12,9,0.42732928613482085,63,-0.10440722113814054,0.03220025269267087,0.5380827806018732,-0.14960972281382645,0.13884371072022209,17172,22896,19080,24804,0.0,0.0,1.0,0.0,0.0
CH_L_305a,13-11,13,11,0.5068680695253057,114,-0.05314923182251744,0.11698362808930196,0.4200567130533632,-0.07317445218714018,0.4224403692726552,20988,24804,22896,26712,0.0,0.0,0.0,0.0,1.0
CH_L_305a,13-12,13,12,0.7105096553665694,126,-0.02318163092181108,0.14986140733310532,0.42541362459801474,-0.009571803227665291,0.3745486450666454,22896,24804,24804,26712,0.0,0.0,0.0,1.0,0.0
CH_L_305a,13-13,13,13,0.820472841885075,126,-0.02569839961970836,0.12798454435028428,0.42245039471727874,-0.03308363733069991,0.32927643772132,24804,24804,26712,26712,0.0,0.0,0.0,0.0,0.0
CH_L_305a,13-14,13,14,0.700923880289103,122,-0.022912655284114996,0.1375268246595977,0.4301657867067688,-0.0382073107658396,0.40738186318406366,26712,24804,28620,26712,0.0,0.0,0.0,0.0,0.0
CH_L_305a,13-15,13,15,0.7364582518610744,72,-0.003605431665096073,0.1485974396646772,0.40910684574485234,-0.01818045035249367,0.3973862749506958,28620,24804,30528,26712,1.0,0.0,0.0,1.0,0.0
CH_L_305a,13-9,13,9,0.4368352861185615,72,-0.10485511007068744,0.03179545954018845,0.538539597476142,-0.15007446121607115,0.13992662147936122,17172,24804,19080,26712,0.0,0.0,1.0,0.0,0.0
CH_L_305a,14-10,14,10,0.34605540091165354,83,-0.10015823484839517,0.02974675464038039,0.5128394249305738,-0.1392228987893181,0.36832714211824297,19080,26712,20988,28620,0.0,0.0,1.0,0.0,0.0
CH_L_305a,14-11,14,11,0.3651341888962721,105,-0.07932693354336114,0.05314768329020314,0.4675514043285853,-0.10301129900455838,0.4252613645415805,20988,26712,22896,28620,0.0,0.0,0.0,0.0,1.0
CH_L_305a,14-12,14,12,0.611476755557032,104,-0.037532201492089426,0.12468915778413069,0.4267019343570749,-0.06406385653368485,0.39801739443973055,22896,26712,24804,28620,0.0,0.0,0.0,0.0,0.0
CH_L_305a,14-13,14,13,0.8136217781424384,106,-0.03829066279916223,0.17368521107982235,0.43028486390475207,-0.05371528952191321,0.27133174612156424,24804,26712,26712,28620,0.0,1.0,0.0,0.0,0.0
CH_L_305a,14-14,14,14,0.6731355573072634,116,-0.028267747571408857,0.17471117795987023,0.42480442835610943,-0.038928567768387275,0.40091563713089695,26712,26712,28620,28620,0.0,1.0,0.0,0.0,0.0
CH_L_305a,14-15,14,15,0.7182016847788316,60,-0.008286907202512206,0.1616828753240885,0.41183759939768794,-0.035439379512618024,0.3835414924719511,28620,26712,30528,28620,1.0,1.0,0.0,0.0,0.0
CH_L_305a,14-9,14,9,0.3071833390557959,55,-0.10792728561485221,0.032693263190658364,0.5398073061950835,-0.14837585214080332,0.1329003706271935,17172,26712,19080,28620,0.0,0.0,1.0,0.0,0.0
CH_L_305a,8-10,8,10,0.39882383772572144,89,-0.0905050055198698,0.03094229666550798,0.49230229836517175,-0.11455570038361619,0.4066350381947488,19080,15264,20988,17172,0.0,0.0,1.0,0.0,0.0
CH_L_305a,8-11,8,11,0.484422697722181,87,-0.0351133195320512,0.09088277548675525,0.39923716220330474,-0.052438064904711604,0.49562494147229924,20988,15264,22896,17172,0.0,0.0,0.0,0.0,1.0
CH_L_305a,8-12,8,12,0.7684584570158637,81,0.005920339531881393,0.16368217105925115,0.3920674490729719,0.01229669335952596,0.4167956900360003,22896,15264,24804,17172,1.0,1.0,0.0,1.0,1.0
CH_L_305a,8-13,8,13,0.7799096901266733,80,-0.015542473855207998,0.1346577426528705,0.4169123986080893,-0.010774630401086302,0.3878277613524097,24804,15264,26712,17172,0.0,0.0,0.0,1.0,0.0
CH_L_305a,8-14,8,14,0.8168520923030311,73,-0.0107407834991479,0.1274489345097783,0.4080793148785814,-0.0024587918625972724,0.3611006504846063,26712,15264,28620,17172,1.0,0.0,0.0,1.0,0.0
CH_L_305a,8-15,8,15,0.7645918376507372,53,-0.016490243246733916,0.1542504053664032,0.40438648181771514,-0.03486465580213062,0.3475548797435644,28620,15264,30528,17172,0.0,1.0,0.0,0.0,0.0
CH_L_305a,9-10,9,10,0.3644159600114155,116,-0.09178416082243414,0.030395821631832343,0.5006099013945965,-0.1276829950050991,0.4104912902311777,19080,17172,20988,19080,0.0,0.0,1.0,0.0,0.0
CH_L_305a,9-11,9,11,0.350220679896025,126,-0.04681654372709038,0.07428747029024889,0.4050762412550113,-0.0589929243753513,0.48299458523385175,20988,17172,22896,19080,0.0,0.0,0.0,0.0,1.0
CH_L_305a,9-12,9,12,0.4914909406593062,126,-0.026807221839092708,0.15724541620206414,0.40652163839974087,-0.05715404034739578,0.4205474033523296,22896,17172,24804,19080,0.0,1.0,0.0,0.0,1.0
CH_L_305a,9-13,9,13,0.8043057368824267,126,-0.012223908002014262,0.15951059906589735,0.4053317213172595,-0.022366068729618042,0.37068000569380016,24804,17172,26712,19080,0.0,1.0,0.0,0.0,0.0
CH_L_305a,9-14,9,14,0.8374327172047148,126,0.004133664177398692,0.13615895206229403,0.4014433604184504,-0.008787484401788918,0.3732302452196551,26712,17172,28620,19080,1.0,0.0,0.0,1.0,0.0
CH_L_305a,9-15,9,15,0.8274511761696299,85,-0.009226240005271008,0.10422319229003617,0.41047459461394437,-0.007461702711257314,0.35655546266580473,28620,17172,30528,19080,1.0,0.0,0.0,1.0,0.0
CH_L_305a,9-9,9,9,0.3421730221781212,51,-0.10587789452393671,0.03325803318331258,0.5394326288092511,-0.14765829831787122,0.14145129924742722,17172,17172,19080,19080,0.0,0.0,1.0,0.0,0.0
CH_L_306a,4-22,4,22,0.3808272594851621,80,-0.08119162873706803,0.06452612170284393,0.4902728602978832,-0.12508661110256752,0.33602818478532287,41976,7632,43884,9540,0.0,0.0,0.0,0.0,0.0
CH_L_306a,4-23,4,23,0.3033733515964267,79,-0.07319964934219705,0.07259460158051968,0.4910982189740626,-0.10820979088673269,0.31864620142209155,43884,7632,45792,9540,0.0,0.0,0.0,0.0,0.0
CH_L_306a,4-24,4,24,0.4076482704399048,79,-0.06592183646766504,0.08150050493128158,0.48586933510984576,-0.09755938175300623,0.43077446283042686,45792,7632,47700,9540,0.0,1.0,0.0,1.0,0.0
CH_L_306a,5-22,5,22,0.3152089329173662,110,-0.06486775499590633,0.06394813640079296,0.46600529788073586,-0.11457717818677356,0.3978818891425516,41976,9540,43884,11448,0.0,0.0,0.0,0.0,0.0
CH_L_306a,5-24,5,24,0.3315340950135896,107,-0.06402905426857441,0.07466376193500783,0.48210714909014496,-0.11205769496830205,0.43813537092654536,45792,9540,47700,11448,1.0,0.0,0.0,0.0,1.0
CH_L_306a,5-25,5,25,0.49837134157953894,119,-0.05423002166388161,0.11539138657890702,0.4688606860007249,-0.07411314185863162,0.411656024125413,47700,9540,49608,11448,1.0,1.0,0.0,1.0,0.0
CH_L_306a,7-22,7,22,0.3216876993858495,110,-0.0424666028112263,0.08481785260781366,0.46113662626322527,-0.1026529996026853,0.46490684204376365,41976,13356,43884,15264,1.0,1.0,0.0,1.0,1.0
CH_L_306a,7-25,7,25,0.3542067325068464,110,-0.09493310995563109,0.051362134132793905,0.4972339010820468,-0.1370892131892255,0.3442032373875378,47700,13356,49608,15264,0.0,0.0,0.0,0.0,0.0
CH_L_306a,7-26,7,26,0.38474509742195,90,-0.09447511111618508,0.03864515555139892,0.5219860170979345,-0.14563359059269337,0.3241853677346734,49608,13356,51516,15264,0.0,0.0,1.0,0.0,0.0
CH_L_306a,8-22,8,22,0.329677952986958,113,-0.05087970918665832,0.0797619395177777,0.46744013210722796,-0.10715296486155594,0.4649424183876008,41976,15264,43884,17172,1.0,1.0,0.0,1.0,1.0
CH_L_306a,8-23,8,23,0.31104349389729496,117,-0.0670221572661747,0.0682343173093896,0.4810157118276258,-0.12452128813356131,0.4402410172110301,43884,15264,45792,17172,0.0,0.0,0.0,0.0,1.0
CH_L_306a,8-24,8,24,0.3603673646243039,120,-0.09641319403232392,0.0513586129896603,0.5133640795119727,-0.13701389161908165,0.2565298702075898,45792,15264,47700,17172,0.0,0.0,1.0,0.0,0.0
CH_L_306a,9-24,9,24,0.34446633427911183,94,-0.09855991939109014,0.0413658236802359,0.5324477388639904,-0.15117065451701664,0.2595740186753736,45792,17172,47700,19080,0.0,0.0,1.0,0.0,0.0
CH_L_306a,9-25,9,25,0.3238627932156973,80,-0.11097847781670142,0.033152157240863823,0.5369185083502345,-0.14008967731861036,0.2272419889788886,47700,17172,49608,19080,0.0,0.0,1.0,0.0,0.0
CH_L_306b,10-20,10,20,0.4894241297484112,97,-0.04830195966370978,0.044824666646482506,0.5240595127575035,-0.09833146771154877,0.30467766411070923,38160,19080,40068,20988,1.0,0.0,0.0,1.0,0.0
CH_L_306b,10-21,10,21,0.6186458406207683,115,-0.04584861161485538,0.038912505457481227,0.5170948493857747,-0.1127203579873216,0.27687572662782245,40068,19080,41976,20988,1.0,0.0,0.0,0.0,0.0
CH_L_306b,10-22,10,22,0.4715328843011091,116,-0.08110275555997105,0.051979545202875316,0.5313649957966875,-0.11924649066604276,0.29324818691643145,41976,19080,43884,20988,0.0,0.0,0.0,0.0,0.0
CH_L_306b,10-23,10,23,0.4966048687126683,116,-0.07803749666474653,0.05429860333993857,0.5137261055220769,-0.11769553278271462,0.30003566492231404,43884,19080,45792,20988,0.0,0.0,0.0,0.0,0.0
CH_L_306b,10-24,10,24,0.5634854415776733,117,-0.026567827209971674,0.09701401991838925,0.4884710367858303,-0.06904144188677792,0.2825251887367213,45792,19080,47700,20988,1.0,1.0,0.0,1.0,0.0
CH_L_306b,10-25,10,25,0.5514190214541674,119,-0.01534424317493653,0.11236379235409483,0.4663459101603827,-0.04852945151536117,0.3094863654348883,47700,19080,49608,20988,1.0,1.0,0.0,1.0,1.0
CH_L_306b,10-26,10,26,0.5467209169442536,62,-0.028089459248230704,0.11035337885725759,0.4827170702188003,-0.04301467913563945,0.29029174326419277,49608,19080,51516,20988,1.0,1.0,0.0,1.0,0.0
CH_L_306b,11-20,11,20,0.4364335177955359,110,-0.06541916934691049,0.05246220657698013,0.5216659093082421,-0.12189365797522521,0.3003474553271243,38160,20988,40068,22896,0.0,0.0,0.0,0.0,0.0
CH_L_306b,11-21,11,21,0.49515732241515886,117,-0.06490891535736863,0.0503790522097141,0.5216985730469951,-0.10412384895274929,0.2878884279502897,40068,20988,41976,22896,0.0,0.0,0.0,1.0,0.0
CH_L_306b,11-22,11,22,0.4286826455584766,118,-0.08789604440566752,0.05463543928835246,0.5366303564103017,-0.12699575976560284,0.25950503108819356,41976,20988,43884,22896,0.0,0.0,1.0,0.0,0.0
CH_L_306b,11-23,11,23,0.45762813117774254,116,-0.08663010974059837,0.05979072405813317,0.524411387678449,-0.1254246319864036,0.27886975863055696,43884,20988,45792,22896,0.0,0.0,0.0,0.0,0.0
CH_L_306b,11-24,11,24,0.4476687888454796,119,-0.0662900542006342,0.062143672818250346,0.5130485571117743,-0.10749900300580845,0.29697522281481786,45792,20988,47700,22896,0.0,0.0,0.0,0.0,0.0
CH_L_306b,11-25,11,25,0.4685279121788683,117,-0.07103107425438314,0.05021202650181264,0.5285810668019252,-0.11365931502228317,0.27028793673298795,47700,20988,49608,22896,0.0,0.0,0.0,0.0,0.0
CH_L_306b,11-26,11,26,0.4967259685477374,50,-0.09013119860602802,0.04521094494223095,0.5474973191269059,-0.1441536316399782,0.22939190334375237,49608,20988,51516,22896,0.0,0.0,1.0,0.0,0.0
CH_L_306b,12-21,12,21,0.49856199433334397,66,-0.09051502972808159,0.04660870770793848,0.516778624771841,-0.12131980023414594,0.2653958553293719,40068,22896,41976,24804,0.0,0.0,0.0,0.0,0.0
CH_L_306b,12-22,12,22,0.3949234687416377,117,-0.07188438802747878,0.06712778949305608,0.5179701583890932,-0.11469524167297392,0.2942207636905032,41976,22896,43884,24804,0.0,1.0,0.0,0.0,0.0
CH_L_306b,12-23,12,23,0.4032097154289788,116,-0.06881033193884159,0.06251191716959258,0.5152755136589052,-0.10834400633388261,0.30301427986289026,43884,22896,45792,24804,0.0,0.0,0.0,0.0,0.0
CH_L_306b,12-24,12,24,0.42582763664204076,116,-0.07215980640039366,0.055846186293940565,0.5233200584726153,-0.11993372593078785,0.2880770986728363,45792,22896,47700,24804,0.0,0.0,0.0,0.0,0.0
CH_L_306b,12-25,12,25,0.388706761132678,116,-0.10391996740864676,0.04737511057935215,0.550368716386474,-0.1476308025419755,0.22814977485262705,47700,22896,49608,24804,0.0,0.0,1.0,0.0,0.0
CH_L_306b,12-26,12,26,0.41660496494589,41,-0.10882437415431186,0.039663632240717644,0.5759394649554165,-0.16776831133141057,0.17993173317765168,49608,22896,51516,24804,0.0,0.0,1.0,0.0,0.0
CH_L_306b,13-23,13,23,0.4132840058888646,102,-0.053686525193801446,0.09023923534523244,0.49481813076488435,-0.07960314954700214,0.31265632349662903,43884,24804,45792,26712,1.0,1.0,0.0,1.0,1.0
CH_L_306b,13-24,13,24,0.4749620496830919,119,-0.07055450744643839,0.05076711407627906,0.5141732344745253,-0.10064874767777275,0.3207282359063229,45792,24804,47700,26712,0.0,0.0,0.0,1.0,1.0
CH_L_306b,13-25,13,25,0.4135967589344525,116,-0.10508112688121074,0.04729766662503423,0.5553553666152901,-0.14518650694126026,0.2231982225619874,47700,24804,49608,26712,0.0,0.0,1.0,0.0,0.0
CH_L_306b,14-24,14,24,0.4325639877361529,48,-0.09757115274052325,0.05356260360658874,0.5330704996556114,-0.12129510250950504,0.3251836403006566,45792,26712,47700,28620,0.0,0.0,0.0,0.0,1.0
CH_L_306b,14-25,14,25,0.44146509823586055,61,-0.07605600370979733,0.045655966162598094,0.5187625237394516,-0.11069489200426466,0.30170582916110605,47700,26712,49608,28620,0.0,0.0,0.0,0.0,0.0
CH_L_306b,7-20,7,20,0.4319299146303538,45,-0.07923632308543276,0.07054257729022757,0.5379019417151502,-0.13775015353409953,0.2749330400086005,38160,13356,40068,15264,0.0,1.0,1.0,0.0,0.0
CH_L_306b,7-21,7,21,0.46064107216989525,71,-0.09137276953906247,0.07699579620084655,0.5451363111292992,-0.1308582861825734,0.26936910615271015,40068,13356,41976,15264,0.0,1.0,1.0,0.0,0.0
CH_L_306b,7-22,7,22,0.36637437013115615,62,-0.10226923418481576,0.04913226263264994,0.5548408367057825,-0.15230271438772422,0.23060934137539693,41976,13356,43884,15264,0.0,0.0,1.0,0.0,0.0
CH_L_306b,8-20,8,20,0.4194425051745393,75,-0.05474912465027638,0.052657206739705614,0.5192338769864565,-0.11350640801596733,0.3223408384885692,38160,15264,40068,17172,1.0,0.0,0.0,0.0,1.0
CH_L_306b,8-21,8,21,0.4318407123180755,119,-0.06377743977536648,0.06312774718729432,0.5146418369843226,-0.11224094451331249,0.3419882517238824,40068,15264,41976,17172,0.0,0.0,0.0,0.0,1.0
CH_L_306b,8-26,8,26,0.3900251860540696,83,-0.10289290705848164,0.05032326383698484,0.5604546111799528,-0.1456207282335525,0.20858091921859903,49608,15264,51516,17172,0.0,0.0,1.0,0.0,0.0
CH_L_306b,9-20,9,20,0.4876169306092306,89,-0.053300825612255284,0.05298525989110732,0.5195972861178312,-0.11938631517944355,0.32142686522754865,38160,17172,40068,19080,1.0,0.0,0.0,0.0,1.0
CH_L_306b,9-21,9,21,0.5867053095189976,117,-0.05571693747910025,0.04486842868867308,0.5293851480412949,-0.10264423160165674,0.2877484183991983,40068,17172,41976,19080,0.0,0.0,0.0,1.0,0.0
CH_L_306b,9-22,9,22,0.39028946896531475,117,-0.08315215215799605,0.046637490497477924,0.5365427109059073,-0.12719528272138647,0.318782345935518,41976,17172,43884,19080,0.0,0.0,1.0,0.0,1.0
CH_L_306b,9-24,9,24,0.37244586798962326,118,-0.06827209828419067,0.09530132039670915,0.5135277066562425,-0.11106029501588577,0.2930779756232114,45792,17172,47700,19080,0.0,1.0,0.0,0.0,0.0
CH_L_306b,9-25,9,25,0.5287069314490811,117,-0.004055512035520962,0.14916090376998561,0.4515258332783169,-0.019684049995822652,0.30750388645062043,47700,17172,49608,19080,1.0,1.0,0.0,1.0,1.0
CH_L_306b,9-26,9,26,0.541060530443356,72,-0.020677951989569107,0.07623826319318895,0.4783248374976465,-0.04720859829718261,0.33911528289984627,49608,17172,51516,19080,1.0,1.0,0.0,1.0,1.0
CH_L_307a,10-17,10,17,0.6758931365129897,104,-0.000529878412040598,0.1883073684424334,0.30747869501659797,0.03859891096039969,0.4666471813555735,32436,19080,34344,20988,1.0,1.0,0.0,0.0,0.0
CH_L_307a,10-18,10,18,0.6648392135436698,121,-0.013244197273408712,0.17123397686511338,0.33336185697670545,0.025863393705117754,0.494116868634169,34344,19080,36252,20988,0.0,1.0,0.0,0.0,1.0
CH_L_307a,10-19,10,19,0.7826516672076721,115,-0.008140902759025796,0.17698894844919902,0.3257843289930213,0.059091370928902494,0.39038644324102884,36252,19080,38160,20988,1.0,1.0,0.0,1.0,0.0
CH_L_307a,10-20,10,20,0.7124615210743928,109,-0.031015301790384787,0.17867871931300663,0.3437916771921339,0.003488402481310614,0.444733762836878,38160,19080,40068,20988,0.0,1.0,0.0,0.0,0.0
CH_L_307a,10-21,10,21,0.5114459500570405,103,-0.05368549286248078,0.09980702129447612,0.40938300553141854,-0.07301527118858857,0.46100950195109874,40068,19080,41976,20988,0.0,0.0,1.0,0.0,0.0
CH_L_307a,10-22,10,22,0.5159944594154733,95,-0.06541865851346108,0.10030143721392175,0.42118423818439654,-0.0852778281226217,0.4615454920809283,41976,19080,43884,20988,0.0,0.0,1.0,0.0,0.0
CH_L_307a,4-18,4,18,0.32358760609223336,66,-0.08673436814519007,0.02303890501965591,0.47055799877322513,-0.1263831178330298,0.49787524120551574,34344,7632,36252,9540,0.0,0.0,1.0,0.0,1.0
CH_L_307a,4-19,4,19,0.3676861065134494,74,-0.07970312989882049,0.04163234486499372,0.4625015480740515,-0.11292449585217298,0.4679655345549439,36252,7632,38160,9540,0.0,0.0,1.0,0.0,0.0
CH_L_307a,4-20,4,20,0.37089949843939485,76,-0.07867437621107896,0.03879627350062851,0.4594640789202033,-0.12017899580403951,0.4968312946979762,38160,7632,40068,9540,0.0,0.0,1.0,0.0,1.0
CH_L_307a,4-21,4,21,0.4123458638348835,60,-0.0805772451919707,0.033961684149429176,0.45558562990679985,-0.10698248194925959,0.5149437586134571,40068,7632,41976,9540,0.0,0.0,1.0,0.0,1.0
CH_L_307a,5-20,5,20,0.4549307075664422,130,-0.05899243201134492,0.07673034181886478,0.3940649932733379,-0.05366108791594539,0.5034291615972621,38160,9540,40068,11448,0.0,0.0,1.0,0.0,1.0
CH_L_307a,5-21,5,21,0.5315520689817202,127,-0.05753915949530556,0.10099169529978916,0.398092579004217,-0.050006532981494524,0.5129792730640627,40068,9540,41976,11448,0.0,0.0,1.0,0.0,1.0
CH_L_307a,5-22,5,22,0.5116332116094545,124,-0.05009262878026357,0.048949674019184555,0.4228615240830488,-0.08184084394378029,0.5079831051897925,41976,9540,43884,11448,0.0,0.0,1.0,0.0,1.0
CH_L_307a,6-19,6,19,0.4978065146776251,127,-0.0399090756540181,0.1640451443272254,0.36072542424288817,-0.03248369194341545,0.518622119318141,36252,11448,38160,13356,0.0,0.0,0.0,0.0,1.0
CH_L_307a,6-20,6,20,0.8039095818788619,128,-0.016076132973632078,0.11827028340141975,0.3592614121600629,0.04071245965523935,0.3741385717822135,38160,11448,40068,13356,0.0,0.0,0.0,0.0,0.0
CH_L_307a,6-21,6,21,0.8066634478713403,126,-0.012597236478674417,0.13302418635134425,0.3522056754907982,0.06571222002389424,0.3775840335933886,40068,11448,41976,13356,0.0,0.0,0.0,1.0,0.0
CH_L_307a,6-22,6,22,0.6719044535173314,126,-0.028875397743319185,0.17418990035915072,0.35086079463944736,0.01576709522120805,0.4547417671340097,41976,11448,43884,13356,0.0,1.0,0.0,0.0,0.0
CH_L_307a,7-19,7,19,0.5609487223186493,127,-0.03622858044197519,0.15254797329905248,0.3490818484153272,-0.0060064043479359985,0.45223891141013167,36252,13356,38160,15264,0.0,0.0,0.0,0.0,0.0
CH_L_307a,7-20,7,20,0.7871687373693741,125,-0.004540781214527524,0.0858802767465691,0.34163019848570425,0.059123078122445896,0.40175103338906076,38160,13356,40068,15264,1.0,0.0,0.0,1.0,0.0
CH_L_307a,7-21,7,21,0.8520520127746143,125,0.004406920753662757,0.04896970599568332,0.3455337241616302,0.06844883493786273,0.377919573733735,40068,13356,41976,15264,1.0,0.0,0.0,1.0,0.0
CH_L_307a,7-22,7,22,0.7468162336338376,126,-0.009455728814896073,0.12482339324795623,0.3466253395453444,0.04684384278181241,0.4006646260075549,41976,13356,43884,15264,1.0,0.0,0.0,1.0,0.0
CH_L_307a,8-17,8,17,0.605149666960069,115,-0.022791737886645187,0.20272997806660686,0.30535314136125696,-0.0006197709004552038,0.4598704075056788,32436,15264,34344,17172,0.0,1.0,0.0,0.0,0.0
CH_L_307a,8-18,8,18,0.3232017397859301,126,-0.04470325226365118,0.09052122849977869,0.38418039471207455,-0.09296251835253173,0.4876166402174991,34344,15264,36252,17172,0.0,0.0,0.0,0.0,0.0
CH_L_307a,8-19,8,19,0.49108376304506524,126,-0.03488857190886341,0.14288100148334004,0.3440855310745866,-0.025780209116209027,0.5009643105995746,36252,15264,38160,17172,0.0,0.0,0.0,0.0,1.0
CH_L_307a,8-20,8,20,0.8030008056374569,128,0.0012508062570689407,0.1081091601465074,0.33485302796027683,0.07494511937799563,0.3952800599504055,38160,15264,40068,17172,1.0,0.0,0.0,1.0,0.0
CH_L_307a,8-21,8,21,0.8639477487780055,125,-0.0016261526925580195,0.04813466751269046,0.33873839382382687,0.07930675743720655,0.35901846822844924,40068,15264,41976,17172,1.0,0.0,0.0,1.0,0.0
CH_L_307a,8-22,8,22,0.8861334340630332,124,-0.014540777784236462,0.08998230798867748,0.35067774887602887,0.05559364025966778,0.3164688672767707,41976,15264,43884,17172,0.0,0.0,0.0,1.0,0.0
CH_L_307a,9-17,9,17,0.5399119733944691,109,-0.015109670528761306,0.19127255307428867,0.313944883809428,-0.0074990338999424,0.4536806309849411,32436,17172,34344,19080,0.0,1.0,0.0,0.0,0.0
CH_L_307a,9-18,9,18,0.6951081159711276,127,-0.011925627178462862,0.1828510858511177,0.32479151305391063,0.011302088332832923,0.46974691003031344,34344,17172,36252,19080,1.0,1.0,0.0,0.0,0.0
CH_L_307a,9-19,9,19,0.5908335242994919,126,-0.029737446044326852,0.1689921149434525,0.3410555090680584,-0.015010874260980358,0.47886442889813424,36252,17172,38160,19080,0.0,1.0,0.0,0.0,0.0
CH_L_307a,9-20,9,20,0.5778228130785106,127,-0.0368902282467153,0.11895699428448339,0.3901463891415222,-0.03475250715412596,0.4675097624595953,38160,17172,40068,19080,0.0,0.0,0.0,0.0,0.0
CH_L_307a,9-21,9,21,0.8346297112790975,127,-0.005064059704944953,0.11514592896821857,0.3352217346743677,0.06891254857504657,0.36918186718759166,40068,17172,41976,19080,1.0,0.0,0.0,1.0,0.0
CH_L_307a,9-22,9,22,0.8000373402834958,126,-0.030697065752201096,0.14396763958854825,0.3653483971646743,0.011968549241815665,0.3886918943854404,41976,17172,43884,19080,0.0,0.0,0.0,0.0,0.0
CH_L_308a,10-10,10,10,0.6113514311597057,107,-0.04535852127870055,0.10433114795691882,0.4173613790929183,-0.06551239084293818,0.2882202190761539,19080,19080,20988,20988,0.0,0.0,0.0,0.0,0.0
CH_L_308a,10-11,10,11,0.8229246699281522,115,-0.019775297030960717,0.15550116580097914,0.40318278259355095,-0.022984345961228853,0.2946455402089662,20988,19080,22896,20988,0.0,0.0,0.0,0.0,0.0
CH_L_308a,10-12,10,12,0.7456979976978952,113,-0.0032553844728311432,0.21450640163681006,0.3858957554654321,-0.0041066321058669765,0.36779402519019505,22896,19080,24804,20988,1.0,1.0,0.0,1.0,0.0
CH_L_308a,10-14,10,14,0.3783284742115007,116,-0.018615537418143972,0.16041823321262533,0.4032157431584942,-0.009131438176247696,0.4649719300162704,26712,19080,28620,20988,0.0,0.0,0.0,1.0,1.0
CH_L_308a,10-15,10,15,0.5708470178064454,109,-0.030697483895571684,0.13815830968368273,0.42507990284048935,-0.04948972811111162,0.43277260264014694,28620,19080,30528,20988,0.0,0.0,0.0,0.0,1.0
CH_L_308a,10-16,10,16,0.49551672418081005,55,-0.030579405866695556,0.12485354237465521,0.4172699837050352,-0.03843895098286804,0.42339586960972,30528,19080,32436,20988,0.0,0.0,0.0,0.0,1.0
CH_L_308a,11-10,11,10,0.7605410354686137,107,-0.028822337902107736,0.18002651278991882,0.4094934198629067,-0.017601682843300392,0.2927988405777972,19080,20988,20988,22896,0.0,0.0,0.0,0.0,0.0
CH_L_308a,11-11,11,11,0.7814201768404188,108,-0.02722778757716114,0.16608794511264205,0.4103254229934746,-0.021009056266937588,0.3134946345507373,20988,20988,22896,22896,0.0,0.0,0.0,0.0,0.0
CH_L_308a,11-12,11,12,0.5660116390608999,105,-0.035064617233716316,0.15223481100087352,0.42210588727487935,-0.04755878992228298,0.40512519138603753,22896,20988,24804,22896,0.0,0.0,0.0,0.0,0.0
CH_L_308a,11-13,11,13,0.40514840733078006,106,-0.0042730781674843515,0.1634959467528338,0.38651888382774047,0.0017491009557227932,0.4585274899299573,24804,20988,26712,22896,1.0,0.0,0.0,1.0,1.0
CH_L_308a,11-15,11,15,0.31552762760270675,107,-0.03263950291337411,0.17308498800915129,0.417761737376223,-0.0314457527454172,0.47848457478469686,28620,20988,30528,22896,0.0,0.0,0.0,0.0,1.0
CH_L_308a,11-16,11,16,0.4382816859081629,55,-0.040743750334976396,0.17288424059435722,0.4200089427832807,-0.03280656148549005,0.42732025870779455,30528,20988,32436,22896,0.0,0.0,0.0,0.0,1.0
CH_L_308a,12-10,12,10,0.7794759877264089,107,-0.03474289697882789,0.18669739432341606,0.42767948928963484,-0.00950575022860277,0.2838028156595005,19080,22896,20988,24804,0.0,0.0,1.0,1.0,0.0
CH_L_308a,12-11,12,11,0.5455322305084874,106,-0.037322895118930464,0.14156267238148104,0.4297856967176982,-0.03306544162117682,0.4127433445525171,20988,22896,22896,24804,0.0,0.0,1.0,0.0,0.0
CH_L_308a,12-16,12,16,0.6497891968121221,60,-0.03891416272691417,0.19917078421516693,0.4287620831585638,-0.024867668474197295,0.3525302630361876,30528,22896,32436,24804,0.0,1.0,1.0,0.0,0.0
CH_L_308a,13-10,13,10,0.5963089031938227,82,-0.021650162173966776,0.12691821913192006,0.3999529643683946,-0.03612218012593027,0.2859997888296657,19080,24804,20988,26712,0.0,0.0,0.0,0.0,0.0
CH_L_308a,13-11,13,11,0.5485019687319493,105,-0.04680245016869486,0.08963674207623004,0.42545985982307366,-0.06058684083572973,0.31748503924275645,20988,24804,22896,26712,0.0,0.0,0.0,0.0,0.0
CH_L_308a,13-12,13,12,0.39486815281160037,105,-0.08165158402201095,0.04214642313473714,0.4810662778050359,-0.11454408213382493,0.2407445378990117,22896,24804,24804,26712,0.0,0.0,1.0,0.0,0.0
CH_L_308a,14-11,14,11,0.3413643764448579,66,-0.08055359144661592,0.05404382572462189,0.46890054251281077,-0.10256585626927649,0.3351165941002807,20988,26712,22896,28620,0.0,0.0,1.0,0.0,0.0
CH_L_308a,14-12,14,12,0.38959331577356227,85,-0.050015732569219075,0.07659809599962611,0.4520704516290555,-0.054163284702214536,0.35600204765873256,22896,26712,24804,28620,0.0,0.0,1.0,0.0,0.0
CH_L_308a,14-13,14,13,0.35127811936560716,87,-0.05312660136695925,0.08217904618463225,0.46001964530849604,-0.06960942684060355,0.3730755902865997,24804,26712,26712,28620,0.0,0.0,1.0,0.0,0.0
CH_L_308a,8-10,8,10,0.31952523622628687,103,-0.04761024116030302,0.06975780549020859,0.401376963127027,-0.09542776285605911,0.41743241660060565,19080,15264,20988,17172,0.0,0.0,0.0,0.0,0.0
CH_L_308a,8-11,8,11,0.6654478818447181,109,-0.023563556243492798,0.22134615966653254,0.3798284818156369,-0.03930832815072348,0.33042276429034523,20988,15264,22896,17172,0.0,1.0,0.0,0.0,0.0
CH_L_308a,8-12,8,12,0.722448102145469,102,-0.0344507583161418,0.17309915871396714,0.42213616368651663,-0.05565882849221701,0.27603145677794777,22896,15264,24804,17172,0.0,0.0,0.0,0.0,0.0
CH_L_308a,8-13,8,13,0.7770820351853776,104,-0.012015921038556868,0.19602207906351227,0.4032119577850051,-0.002319490563183806,0.3420361426296928,24804,15264,26712,17172,1.0,1.0,0.0,1.0,0.0
CH_L_308a,8-14,8,14,0.7116351608829682,110,-0.008308239578460802,0.22686683634754767,0.39333741808081024,-0.00017740658469948657,0.39043791454874677,26712,15264,28620,17172,1.0,1.0,0.0,1.0,0.0
CH_L_308a,8-15,8,15,0.6256465027344379,105,-0.009230023973379051,0.1846345441084284,0.40138552462507304,-0.0021524950652875834,0.4248567946164828,28620,15264,30528,17172,1.0,0.0,0.0,1.0,1.0
CH_L_308a,8-16,8,16,0.6546186047511245,55,-0.018967746268643226,0.19297106780480375,0.41563625889553535,-0.03747118993438612,0.4062393297346742,30528,15264,32436,17172,0.0,0.0,0.0,0.0,0.0
CH_L_308a,9-10,9,10,0.5886315247334853,108,-0.021532518466217194,0.16528491677038862,0.39764746778847015,-0.025904488742945327,0.2859447829675541,19080,17172,20988,19080,0.0,0.0,0.0,0.0,0.0
CH_L_308a,9-11,9,11,0.7882794119306764,114,-0.014977507710764434,0.27007203882465675,0.3945015843775547,-0.018818437239687374,0.20814790820354914,20988,17172,22896,19080,1.0,1.0,0.0,0.0,0.0
CH_L_308a,9-12,9,12,0.6843260860036523,100,-0.006122623893942874,0.2612827110955524,0.3921491804141683,-0.016192507591400687,0.3272046295708635,22896,17172,24804,19080,1.0,1.0,0.0,0.0,0.0
CH_L_308a,9-13,9,13,0.7293358795611028,106,0.006214082733590995,0.20879291980677595,0.39429776119963045,0.019254435024490577,0.3877598248216966,24804,17172,26712,19080,1.0,1.0,0.0,1.0,0.0
CH_L_308a,9-14,9,14,0.5072609077041123,109,-0.0030926832405019414,0.22634514465044395,0.37905498748003114,0.014175061336908289,0.45738329317975485,26712,17172,28620,19080,1.0,1.0,0.0,1.0,1.0
CH_L_308a,9-15,9,15,0.5730934505777714,105,-0.05489553476079915,0.1211964810023405,0.4427700259429238,-0.06381334970826984,0.3959856112210916,28620,17172,30528,19080,0.0,0.0,1.0,0.0,0.0
CH_L_308a,9-16,9,16,0.5836067502965848,55,-0.027163283120999013,0.14700824502331256,0.4274071729650209,-0.012229222450440714,0.4289919418329002,30528,17172,32436,19080,0.0,0.0,1.0,0.0,1.0
CH_L_309a,10-11,10,11,0.8479449597991209,76,-0.01921281769872891,0.1448708285241551,0.2995776017702347,-0.015078040348242493,0.3829494396457533,20988,19080,22896,20988,0.0,1.0,0.0,0.0,0.0
CH_L_309a,10-12,10,12,0.6741816178307096,100,-0.020076067698201763,0.12168627771180562,0.3224042124028897,-0.04714924865641602,0.41481191451328264,22896,19080,24804,20988,0.0,0.0,0.0,0.0,0.0
CH_L_309a,10-13,10,13,0.8205664342944047,90,-0.02164110385153257,0.1071599178442206,0.3514275293698764,-0.04642378340803452,0.40604694656572143,24804,19080,26712,20988,0.0,0.0,1.0,0.0,0.0
CH_L_309a,10-14,10,14,0.8640136408508794,104,-0.0167182341223738,0.14081040140779688,0.3218675600406848,-0.029498825274806628,0.41423682012164265,26712,19080,28620,20988,0.0,1.0,0.0,0.0,0.0
CH_L_309a,10-15,10,15,0.8239170808483093,90,0.005814900850060466,0.14482472976527191,0.3077828015247952,-0.00523723572205005,0.4539325699980055,28620,19080,30528,20988,1.0,1.0,0.0,1.0,0.0
CH_L_309a,10-16,10,16,0.800079725109104,101,0.016337812566336676,0.15241195952754452,0.3181574551088115,0.01699614065876185,0.44709245511155743,30528,19080,32436,20988,1.0,1.0,0.0,1.0,0.0
CH_L_309a,10-17,10,17,0.7135275875603558,95,-0.0008435904142007638,0.13216934078147305,0.32170215147400255,-0.021155378568030715,0.4675389552201934,32436,19080,34344,20988,0.0,0.0,0.0,0.0,0.0
CH_L_309a,10-18,10,18,0.7706031754372157,63,0.006112101042997896,0.14017257232752797,0.29896586231861766,-0.007940205578466766,0.4897729746297804,34344,19080,36252,20988,1.0,1.0,0.0,1.0,1.0
CH_L_309a,11-11,11,11,0.8317375394132966,72,-0.03580719325337042,0.11295742480115667,0.32790855974481564,-0.0463842944191916,0.3449644948323279,20988,20988,22896,22896,0.0,0.0,0.0,0.0,0.0
CH_L_309a,11-12,11,12,0.821111720732598,99,-0.03105724693213017,0.10729588787743102,0.3286684477037145,-0.034869902934138115,0.3934042887527451,22896,20988,24804,22896,0.0,0.0,0.0,0.0,0.0
CH_L_309a,11-13,11,13,0.8097752980320486,97,-0.021700302169759614,0.14506489711195394,0.31663617685645523,-0.030498703355659525,0.4088648056704662,24804,20988,26712,22896,0.0,1.0,0.0,0.0,0.0
CH_L_309a,11-14,11,14,0.8319329825559303,99,-0.014231127859035004,0.12237431154426648,0.32911733486571887,-0.042261994949798105,0.4243757948432915,26712,20988,28620,22896,0.0,0.0,0.0,0.0,0.0
CH_L_309a,11-15,11,15,0.8024820309303973,92,-0.01818034726670981,0.1506538279926524,0.3221372584830155,-0.03454208445626311,0.4593690641202439,28620,20988,30528,22896,0.0,1.0,0.0,0.0,0.0
CH_L_309a,11-16,11,16,0.637599593517501,103,-0.017675420111947397,0.14209764687722795,0.31788419689464836,-0.04047064412487646,0.4483522906316545,30528,20988,32436,22896,0.0,1.0,0.0,0.0,0.0
CH_L_309a,11-17,11,17,0.5934899618313415,90,-0.028113832746826852,0.11553708478737261,0.3538714264389029,-0.0482262584587111,0.4263752134651883,32436,20988,34344,22896,0.0,0.0,1.0,0.0,0.0
CH_L_309a,11-18,11,18,0.7161464696504307,63,-0.025147297331547785,0.09322768478688152,0.34318061093641433,-0.052638231023392996,0.5150726151456121,34344,20988,36252,22896,0.0,0.0,0.0,0.0,1.0
CH_L_309a,12-11,12,11,0.4453448058648548,73,-0.036825626422932856,0.06856854056949697,0.3727814902014959,-0.08932060989618727,0.5043011065091334,20988,22896,22896,24804,0.0,0.0,1.0,0.0,1.0
CH_L_309a,12-12,12,12,0.7307995620160942,93,-0.009796191909761427,0.1304201572915025,0.3296461170692634,-0.039898065708623136,0.4553551436551378,22896,22896,24804,24804,0.0,0.0,0.0,0.0,0.0
CH_L_309a,12-13,12,13,0.7470047982128042,99,0.008259872851996444,0.134171552112896,0.32575981668976944,-0.020891678822591502,0.46489066169646504,24804,22896,26712,24804,1.0,0.0,0.0,0.0,0.0
CH_L_309a,12-14,12,14,0.7933325318902337,91,-0.017803854458838034,0.1436605630431559,0.3067167723971184,-0.0384732675081315,0.44565293119798144,26712,22896,28620,24804,0.0,1.0,0.0,0.0,0.0
CH_L_309a,12-15,12,15,0.7992268943313685,101,-0.029064278152531077,0.11882521516851853,0.3158292861009554,-0.029553044814297262,0.43842467799503654,28620,22896,30528,24804,0.0,0.0,0.0,0.0,0.0
CH_L_309a,12-16,12,16,0.619865585283258,92,-0.029459291903841594,0.12522636274141202,0.3336635028790729,-0.05054830167121516,0.43599673333351874,30528,22896,32436,24804,0.0,0.0,0.0,0.0,0.0
CH_L_309a,12-17,12,17,0.5027718622320737,97,-0.04267124323289485,0.11599024013072931,0.34595576061266364,-0.060675165364114166,0.41939385999779394,32436,22896,34344,24804,0.0,0.0,1.0,0.0,0.0
CH_L_309a,12-18,12,18,0.38180451831516654,67,-0.06440811082051327,0.03684121577496821,0.3992860913499461,-0.08074701966042137,0.5298456116688658,34344,22896,36252,24804,0.0,0.0,1.0,0.0,1.0
CH_L_309a,13-13,13,13,0.4003915693841549,101,-0.04726169644563029,0.07704985092870129,0.36590093005446717,-0.08285241387024946,0.5220623678639281,24804,24804,26712,26712,0.0,0.0,1.0,0.0,1.0
CH_L_309a,13-14,13,14,0.6879694576279133,95,-0.034175593104055685,0.1106940483653872,0.3365094277722457,-0.044496496136112874,0.46749362009555,26712,24804,28620,26712,0.0,0.0,0.0,0.0,0.0
CH_L_309a,13-15,13,15,0.41269909769920105,98,-0.04546189476408535,0.07320828757805177,0.35125889167670227,-0.07388904856777062,0.4849028567237603,28620,24804,30528,26712,0.0,0.0,1.0,0.0,1.0
CH_L_309a,13-16,13,16,0.4831182044044848,91,-0.042782220757662665,0.07472579645592256,0.3663087086731334,-0.07648710476121351,0.5190789898735161,30528,24804,32436,26712,0.0,0.0,1.0,0.0,1.0
CH_L_309a,13-17,13,17,0.32194057581396585,104,-0.05588282267096468,0.0176581873595369,0.4217493380261161,-0.10753342084313236,0.56238750393493,32436,24804,34344,26712,0.0,0.0,1.0,0.0,1.0
CH_L_309a,14-15,14,15,0.34735097886731514,99,-0.06034008834273387,0.03414135724350363,0.40450789141951177,-0.09454055597525467,0.5599015473110073,28620,26712,30528,28620,0.0,0.0,1.0,0.0,1.0
CH_L_309a,14-16,14,16,0.3061893094310615,96,-0.06148292342494315,0.022018014353815684,0.4424343764955172,-0.11714002970798316,0.5566290846344241,30528,26712,32436,28620,0.0,0.0,1.0,0.0,1.0
CH_L_309a,14-17,14,17,0.3775553125109843,69,-0.0537558486385917,0.030224510533868452,0.3983900665196354,-0.10625657801808962,0.5779448993885595,32436,26712,34344,28620,0.0,0.0,1.0,0.0,1.0
CH_L_309a,8-11,8,11,0.6794122091414985,58,-0.006434952017753069,0.13703265738868273,0.3054445102555826,-0.05171186280295832,0.452668863336314,20988,15264,22896,17172,0.0,0.0,0.0,0.0,0.0
CH_L_309a,8-12,8,12,0.702264842591058,67,0.006090334831415932,0.1383769022855226,0.3156467404081093,-0.01756476828246531,0.4663427373486869,22896,15264,24804,17172,1.0,0.0,0.0,0.0,0.0
CH_L_309a,8-13,8,13,0.7692159913578809,77,0.0038657113898974893,0.12887496183716848,0.30121222220401717,-0.003656590819464531,0.4031300693851471,24804,15264,26712,17172,1.0,0.0,0.0,1.0,0.0
CH_L_309a,8-14,8,14,0.7567815427936224,70,0.0034351855579017963,0.11620433005968281,0.3191590728801537,0.004140503571480002,0.4251232214424094,26712,15264,28620,17172,1.0,0.0,0.0,1.0,0.0
CH_L_309a,8-15,8,15,0.6988020945732614,79,0.0059849021933379015,0.09486343425739818,0.3296460296022218,0.004549661393136184,0.42097747271142477,28620,15264,30528,17172,1.0,0.0,0.0,1.0,0.0
CH_L_309a,8-16,8,16,0.6388875158176006,75,-0.00659762781330569,0.11013901421988846,0.32988650374084005,-0.015391773856801034,0.4374572609011338,30528,15264,32436,17172,0.0,0.0,0.0,0.0,0.0
CH_L_309a,8-17,8,17,0.6875934443528487,83,0.0012362397337282263,0.07229454459361899,0.3244098634939771,0.017163570318230785,0.43221526226817764,32436,15264,34344,17172,0.0,0.0,0.0,1.0,0.0
CH_L_309a,8-18,8,18,0.7251140881060882,45,0.011116075046834059,0.050714932782438014,0.3347226323851695,0.006140366362084015,0.43322560711026215,34344,15264,36252,17172,1.0,0.0,0.0,1.0,0.0
CH_L_309a,9-11,9,11,0.6985236727551327,72,-0.009699733060611034,0.13539878704837258,0.30138807503728493,-0.019291266635452105,0.41482243762605386,20988,17172,22896,19080,0.0,0.0,0.0,0.0,0.0
CH_L_309a,9-12,9,12,0.7160518390677606,102,-0.0018900897378400087,0.14233879352030054,0.32188077647841246,-0.009806451390858166,0.435386114904995,22896,17172,24804,19080,0.0,1.0,0.0,0.0,0.0
CH_L_309a,9-13,9,13,0.7906358240238056,91,-0.007901634764889826,0.11254371901796523,0.327620642242882,-0.002003482268316074,0.398566268177113,24804,17172,26712,19080,0.0,0.0,0.0,1.0,0.0
CH_L_309a,9-14,9,14,0.7441892048908152,99,-0.00533876747247004,0.09895371108106855,0.32743965150777077,-0.012461488914314475,0.41421737091397115,26712,17172,28620,19080,0.0,0.0,0.0,0.0,0.0
CH_L_309a,9-15,9,15,0.7159292913088293,99,0.0049100923830164575,0.12125033749996973,0.3301658622032663,-0.009075334392244703,0.41441925343342206,28620,17172,30528,19080,1.0,0.0,0.0,1.0,0.0
CH_L_309a,9-16,9,16,0.7358543635352861,93,-0.0016702568639978472,0.15688191081174876,0.3054520284382037,-0.025932058167025304,0.4684903533911865,30528,17172,32436,19080,0.0,1.0,0.0,0.0,0.0
CH_L_309a,9-17,9,17,0.8016974928875948,96,0.015283852718020645,0.1515857114268944,0.31160317513989017,-0.007559078491930535,0.47376053429867243,32436,17172,34344,19080,1.0,1.0,0.0,1.0,1.0
CH_L_309a,9-18,9,18,0.8185775934972093,60,0.012409176736780058,0.13578913428096223,0.3141916932560426,0.024299538173716953,0.4534536397553072,34344,17172,36252,19080,1.0,0.0,0.0,1.0,0.0
CH_L_310a,10-16,10,16,0.39425729085853345,116,-0.013914093267290694,0.05677445161166849,0.3396158855154535,-0.06880717856529778,0.5671332553190072,30528,19080,32436,20988,0.0,0.0,0.0,0.0,0.0
CH_L_310a,11-12,11,12,0.4267761459079711,74,-0.017164305674285785,0.040123679970240356,0.3664781784712456,-0.06125576999023353,0.5914311764866709,22896,20988,24804,22896,0.0,0.0,0.0,1.0,0.0
CH_L_310a,11-13,11,13,0.33303247358478905,101,-0.02992681661590088,0.02729528360892435,0.38180588091773887,-0.06475057383470477,0.5621060634837518,24804,20988,26712,22896,0.0,0.0,1.0,0.0,0.0
CH_L_310a,11-14,11,14,0.30389819280153635,105,-0.0018867657870577505,0.06564411933818887,0.3687977911265068,-0.02947956428211541,0.5615035703989977,26712,20988,28620,22896,1.0,1.0,0.0,1.0,0.0
CH_L_310a,11-18,11,18,0.41815237455819815,82,0.028849082547150833,0.18163659894523068,0.28774286035586477,-0.0040335099009211174,0.4729138209033623,34344,20988,36252,22896,1.0,1.0,0.0,1.0,0.0
CH_L_310a,5-13,5,13,0.4690922725036403,53,-0.054346265796425354,0.023333361077541262,0.4318937354049041,-0.1084879329766049,0.5667925060802945,24804,9540,26712,11448,0.0,0.0,1.0,0.0,0.0
CH_L_310a,5-16,5,16,0.31535807425026163,40,-0.03569384574377928,0.050454443957237714,0.3622129598450892,-0.08598376643046436,0.5659099292355189,30528,9540,32436,11448,0.0,0.0,0.0,0.0,0.0
CH_L_310a,6-12,6,12,0.4693413390571834,51,-0.03954197196332385,0.04542862974396335,0.3799091498868397,-0.07438486792531603,0.5854642670083724,22896,11448,24804,13356,0.0,0.0,1.0,0.0,0.0
CH_L_310a,6-13,6,13,0.3899335307420235,96,-0.0356601999931918,0.036939785031857277,0.37293345133913786,-0.09571757082979705,0.5340654855717683,24804,11448,26712,13356,0.0,0.0,1.0,0.0,0.0
CH_L_310a,6-14,6,14,0.3640339290495103,94,-0.022785660313986135,0.036338346986504344,0.384647901828717,-0.07713910799423444,0.5763844949172099,26712,11448,28620,13356,0.0,0.0,1.0,0.0,0.0
CH_L_310a,6-15,6,15,0.4093454402007179,90,-0.018488548988496355,0.048059519767578884,0.3658708151041644,-0.08077099287477078,0.6030370833989906,28620,11448,30528,13356,0.0,0.0,0.0,0.0,0.0
CH_L_310a,6-16,6,16,0.36581694385874786,117,-0.026021579460575994,0.04535427909403877,0.3516016378902243,-0.07030738429147308,0.6188322598072109,30528,11448,32436,13356,0.0,0.0,0.0,0.0,1.0
CH_L_310a,6-17,6,17,0.37474760144520103,117,0.013134899705342143,0.05817239506872474,0.3468301597381476,-0.026343081126916013,0.5666710252591498,32436,11448,34344,13356,1.0,0.0,0.0,1.0,0.0
CH_L_310a,6-18,6,18,0.4803764530005673,102,-0.01706700580731939,0.042923239077257425,0.3789419829774041,-0.061731113182347364,0.5970156501203369,34344,11448,36252,13356,0.0,0.0,1.0,0.0,0.0
CH_L_310a,7-13,7,13,0.46037759759875035,104,-0.03373954218843232,0.0479472988640696,0.38429878041076954,-0.08897543210655005,0.5962100524083129,24804,13356,26712,15264,0.0,0.0,1.0,0.0,0.0
CH_L_310a,7-14,7,14,0.4685296358499192,108,-0.03044169444274389,0.04076398424258042,0.3593215197741181,-0.076867976117711,0.6064173698881061,26712,13356,28620,15264,0.0,0.0,0.0,0.0,1.0
CH_L_310a,7-15,7,15,0.38909306329911714,117,-0.02638422351634525,0.04815617720299635,0.3631260276034892,-0.06734624979356651,0.6110224799487464,28620,13356,30528,15264,0.0,0.0,0.0,0.0,1.0
CH_L_310a,7-17,7,17,0.44568668209367457,116,0.016716210498749905,0.10402539323354856,0.32371997029147437,-0.02411778327122627,0.5723365777308339,32436,13356,34344,15264,1.0,1.0,0.0,1.0,0.0
CH_L_310a,8-16,8,16,0.3225858699825992,121,-0.009168830600266359,0.06229983484845443,0.34212029601937394,-0.08798923684547245,0.6212165065914798,30528,15264,32436,17172,0.0,1.0,0.0,0.0,1.0
CH_L_310a,8-17,8,17,0.43470957577758845,113,-0.008929268646645101,0.07252311480601348,0.35370573722024373,-0.07975345428669833,0.6113670854916841,32436,15264,34344,17172,0.0,1.0,0.0,0.0,1.0
CH_L_310a,8-18,8,18,0.40191811361995894,98,0.015084195203504697,0.06124721120761761,0.32189454162058023,-0.05645791480360225,0.6032631589713174,34344,15264,36252,17172,1.0,0.0,0.0,1.0,0.0
CH_L_310a,9-12,9,12,0.355083409427617,65,0.023348329822274114,0.22786025555892717,0.2495109832812471,-0.009593473581307342,0.5094354397898135,22896,17172,24804,19080,1.0,1.0,0.0,1.0,0.0
CH_L_310a,9-16,9,16,0.33063900230838406,112,-0.021921442131956508,0.05830598722575039,0.3346595955149588,-0.0793580475666356,0.6205476644638734,30528,17172,32436,19080,0.0,0.0,0.0,0.0,1.0
CH_L_310a,9-17,9,17,0.3485921573101179,114,-0.027565002016531826,0.05185417065177036,0.3643265248182035,-0.0958573539429982,0.6055557399066009,32436,17172,34344,19080,0.0,0.0,0.0,0.0,1.0
CH_L_310a,9-18,9,18,0.3565493398756003,85,-0.004141002312938358,0.06283806367997886,0.33076889242917934,-0.062480400880244216,0.5948932938946502,34344,17172,36252,19080,1.0,1.0,0.0,0.0,0.0
CH_L_311a,10-14,10,14,0.37769950973109506,49,-0.06533063896600808,0.07131202617049158,0.4260481526554017,-0.08754027240036039,0.3091575625943531,26628,19020,28530,20922,0.0,0.0,1.0,0.0,0.0
CH_L_311a,10-15,10,15,0.3673226511986226,106,-0.06420423629255777,0.09324380356471582,0.43328058549328663,-0.08762047400903049,0.26936543303240673,28530,19020,30432,20922,0.0,0.0,1.0,0.0,0.0
CH_L_311a,10-18,10,18,0.4185989882272768,106,-0.09726901477175022,0.0398646576610509,0.48816440590101545,-0.13661283097590007,0.24781654032540396,34236,19020,36138,20922,0.0,0.0,1.0,0.0,0.0
CH_L_311a,10-19,10,19,0.4313654484282693,77,-0.0888176879153025,0.04507438483579128,0.4695599037029564,-0.12114733213339687,0.24858865604546165,36138,19020,38040,20922,0.0,0.0,1.0,0.0,0.0
CH_L_311a,10-20,10,20,0.4193110653836685,82,-0.0961664728799626,0.03843908956406839,0.501658431567608,-0.12759270249777221,0.22672946607732422,38040,19020,39942,20922,0.0,0.0,1.0,0.0,0.0
CH_L_311a,11-14,11,14,0.7891203085688493,50,-0.014192075312451978,0.1608016829693185,0.3093638559660566,0.02239875450510841,0.3280215996509267,26628,20922,28530,22824,1.0,0.0,0.0,1.0,0.0
CH_L_311a,11-15,11,15,0.7308440658632778,113,-0.02252821037606201,0.15612213512145012,0.3027391337384349,0.006742971828994954,0.32697325184688364,28530,20922,30432,22824,1.0,0.0,0.0,0.0,0.0
CH_L_311a,11-16,11,16,0.6997796943849377,105,-0.028003178282640828,0.14835996507846647,0.32409377337444367,-0.0164504298730968,0.3520327382410857,30432,20922,32334,22824,1.0,0.0,1.0,0.0,0.0
CH_L_311a,11-17,11,17,0.31796768319540386,108,-0.033304901304757044,0.08298625457172343,0.3541941421539035,-0.03621554926785008,0.41952636764613943,32334,20922,34236,22824,0.0,0.0,1.0,0.0,1.0
CH_L_311a,11-18,11,18,0.41326275623373254,110,-0.06247862039416053,0.09066601241310522,0.3452566123756916,-0.04403964884381426,0.42217969155607715,34236,20922,36138,22824,0.0,0.0,1.0,0.0,1.0
CH_L_311a,11-19,11,19,0.6021563907386129,107,-0.04775845202930891,0.07779476423015094,0.35443242432160676,-0.04816770878732839,0.39341652419910117,36138,20922,38040,22824,0.0,0.0,1.0,0.0,0.0
CH_L_311a,11-20,11,20,0.6054889985939894,94,-0.05430949432539567,0.10746789642153017,0.367058919779088,-0.04272458347152855,0.3590195909579528,38040,20922,39942,22824,0.0,0.0,1.0,0.0,0.0
CH_L_311a,12-14,12,14,0.7550625237009831,55,-0.03629273233082279,0.15102883892143207,0.2997541800282397,0.008502437615365902,0.3782397417829019,26628,22824,28530,24726,0.0,0.0,0.0,1.0,0.0
CH_L_311a,12-15,12,15,0.847704664832106,110,-0.052353506594503864,0.12299074876564516,0.3232829463517114,-0.024609872462195485,0.3316281857140709,28530,22824,30432,24726,0.0,0.0,0.0,0.0,0.0
CH_L_311a,12-16,12,16,0.7776579327784919,110,-0.03970842812916633,0.11824444929206139,0.3203641390352385,-0.028080182402624956,0.34400570069286135,30432,22824,32334,24726,0.0,0.0,0.0,0.0,0.0
CH_L_311a,12-17,12,17,0.6087672020664388,105,-0.03339499396607081,0.16941486712365186,0.30531662978316726,-0.004619399996177096,0.35449683489204187,32334,22824,34236,24726,0.0,0.0,0.0,0.0,0.0
CH_L_311a,12-18,12,18,0.30061116655457476,113,-0.04017913539564384,0.14395248841916053,0.2932049367843261,0.006024802677958329,0.43064933233982666,34236,22824,36138,24726,0.0,0.0,0.0,0.0,1.0
CH_L_311a,12-19,12,19,0.4880273588986963,111,-0.04759043739173087,0.09454444819244044,0.31686434502808286,-0.02369439519377012,0.41843572685782443,36138,22824,38040,24726,0.0,0.0,0.0,0.0,1.0
CH_L_311a,12-20,12,20,0.40572339844498717,108,-0.05267226989688393,0.09781007254149336,0.3229813942288634,-0.04415791025291015,0.41860354325964194,38040,22824,39942,24726,0.0,0.0,0.0,0.0,1.0
CH_L_311a,13-14,13,14,0.5989265127067329,56,-0.026569606698259442,0.17750733468331895,0.28673188896431573,0.009214170652167984,0.3971071532284825,26628,24726,28530,26628,1.0,1.0,0.0,1.0,0.0
CH_L_311a,13-15,13,15,0.7505433132318978,109,-0.034372478535125414,0.12903591222178729,0.30583165065811363,-0.00742807210146201,0.3837352763189874,28530,24726,30432,26628,0.0,0.0,0.0,0.0,0.0
CH_L_311a,13-16,13,16,0.8276656846168741,111,-0.04065654110214984,0.13865894499637832,0.32019154274499906,-0.0011851260428320653,0.3279122575751907,30432,24726,32334,26628,0.0,0.0,0.0,0.0,0.0
CH_L_311a,13-17,13,17,0.7494426077344402,108,-0.030245754105344674,0.18795095140832938,0.2839220935124845,0.01601505631831591,0.3255814642267455,32334,24726,34236,26628,0.0,1.0,0.0,1.0,0.0
CH_L_311a,13-18,13,18,0.4374185958879913,107,-0.032661134510895744,0.17073116704874503,0.26595801474180997,-0.004973293740628898,0.4271356763264429,34236,24726,36138,26628,0.0,0.0,0.0,0.0,1.0
CH_L_311a,13-19,13,19,0.40413291940051493,113,-0.04654806606292966,0.1042165631004732,0.30457471795609325,-0.019342414967034236,0.408973031649981,36138,24726,38040,26628,0.0,0.0,0.0,0.0,0.0
CH_L_311a,13-20,13,20,0.7333557101358972,106,-0.006646077135594498,0.13060644709370178,0.31399216178658146,0.004147970195394771,0.31314253352346544,38040,24726,39942,26628,1.0,0.0,0.0,0.0,0.0
CH_L_311a,14-14,14,14,0.7419108376831155,60,-0.031918467405251845,0.18528675944896913,0.3027803606163868,0.019762140599745064,0.3580924921089971,26628,26628,28530,28530,0.0,1.0,0.0,1.0,0.0
CH_L_311a,14-15,14,15,0.5899342876164424,82,-0.025800937592280766,0.18023279435656386,0.3087967582503949,-0.00951675957962306,0.3814720237061451,28530,26628,30432,28530,1.0,1.0,0.0,0.0,0.0
CH_L_311a,14-16,14,16,0.7678875530945249,110,-0.03659032594565946,0.15186378632120043,0.2907829185175422,0.0037738280751884175,0.3426187048019328,30432,26628,32334,28530,0.0,0.0,0.0,0.0,0.0
CH_L_311a,14-17,14,17,0.8144220565045894,109,-0.030422408954669012,0.14753467469668108,0.2857441286526821,0.025068721882023928,0.315635629504388,32334,26628,34236,28530,0.0,0.0,0.0,1.0,0.0
CH_L_311a,14-18,14,18,0.7456429578818203,110,-0.041809680281831414,0.14445451719118488,0.29831969707973005,-0.0029846103392931213,0.35907086320841325,34236,26628,36138,28530,0.0,0.0,0.0,0.0,0.0
CH_L_311a,14-19,14,19,0.33590726836683077,107,-0.03157612189217078,0.15746680561793103,0.27505996526001836,-0.0216704613352334,0.4378465000080216,36138,26628,38040,28530,0.0,0.0,0.0,0.0,1.0
CH_L_311a,14-20,14,20,0.6430522633736827,113,-0.0017357834476143805,0.11815860783066394,0.30685572965926616,0.028881610444730452,0.34051958845441765,38040,26628,39942,28530,1.0,0.0,0.0,1.0,0.0
CH_L_311a,15-14,15,14,0.5107743798456295,55,-0.0336143389598922,0.251086247037843,0.26354959910914616,-0.011220001007148116,0.4609403977373569,26628,28530,28530,30432,0.0,1.0,0.0,0.0,1.0
CH_L_311a,15-15,15,15,0.5618011783636099,102,-0.02225266397066,0.24404138530526068,0.2708298850869215,0.008185539874457798,0.4147758454696166,28530,28530,30432,30432,1.0,1.0,0.0,1.0,0.0
CH_L_311a,15-16,15,16,0.6199531981149093,99,-0.02634397467441296,0.22308446243046023,0.2698598771761899,0.011135783699178722,0.3973675496052216,30432,28530,32334,30432,1.0,1.0,0.0,1.0,0.0
CH_L_311a,15-17,15,17,0.66812948096071,114,-0.01372477260867944,0.1766955272429305,0.29183974662673046,0.030805747949227993,0.36077698800230246,32334,28530,34236,30432,1.0,0.0,0.0,1.0,0.0
CH_L_311a,15-18,15,18,0.6053354507260098,107,-0.03642217656108702,0.17698143444227787,0.27985808277807067,-0.00328376430861726,0.3967542912608155,34236,28530,36138,30432,0.0,0.0,0.0,0.0,0.0
CH_L_311a,15-19,15,19,0.35210746247909375,109,-0.03700848036499874,0.20145683536665399,0.25781097472922254,-0.022088320484841117,0.4271482702000689,36138,28530,38040,30432,0.0,1.0,0.0,0.0,1.0
CH_L_311a,15-20,15,20,0.32184070959487754,109,-0.020874028977530188,0.1759272138998846,0.2792756525785564,-0.016271756400043375,0.4306765157968096,38040,28530,39942,30432,1.0,0.0,0.0,0.0,1.0
CH_L_311a,16-15,16,15,0.4394011899152544,65,-0.04430451498353887,0.17366726276033057,0.3323358842151738,-0.06393050739411613,0.44701511919368253,28530,30432,30432,32334,0.0,0.0,1.0,0.0,1.0
CH_L_311a,16-16,16,16,0.532747767699289,87,-0.04861679550970753,0.22825452101850124,0.26489625663853056,-0.02840543173152362,0.3849233140549212,30432,30432,32334,32334,0.0,1.0,0.0,0.0,0.0
CH_L_311a,16-17,16,17,0.47811881034089104,96,-0.03810750349484895,0.2415396309102492,0.26509425401605474,-0.021120085629771804,0.3454800081386555,32334,30432,34236,32334,0.0,1.0,0.0,0.0,0.0
CH_L_311a,16-18,16,18,0.5303766647151502,103,-0.03457156030691025,0.24302379549888967,0.2634297193953314,0.007856943655500666,0.35251839349482766,34236,30432,36138,32334,0.0,1.0,0.0,1.0,0.0
CH_L_312a,10-10,10,10,0.36278941764406225,122,0.06699412340203784,0.18915445007683307,0.3094406985227471,0.06278814940795649,0.5062065870710456,19020,19020,20922,20922,1.0,0.0,0.0,1.0,1.0
CH_L_312a,10-11,10,11,0.4343088260292038,114,0.05366598677974743,0.1667755670471986,0.31845412514735655,0.0388615793733273,0.49168068322107433,20922,19020,22824,20922,1.0,0.0,0.0,1.0,0.0
CH_L_312a,10-12,10,12,0.5707993618119114,119,0.05613748648793145,0.18325808102102686,0.31230685553586507,0.04871944577522454,0.4579562762968059,22824,19020,24726,20922,1.0,0.0,0.0,1.0,0.0
CH_L_312a,10-13,10,13,0.5496675854436556,118,0.04693641435529697,0.19284526814456346,0.31275599502668916,0.02393324463534035,0.46065238559757005,24726,19020,26628,20922,0.0,0.0,0.0,0.0,0.0
CH_L_312a,11-10,11,10,0.3289798412566232,112,0.04148907804202984,0.1568615351664572,0.3104518387748477,0.014652240391998422,0.4811725108978292,19020,20922,20922,22824,0.0,0.0,0.0,0.0,0.0
CH_L_312a,11-11,11,11,0.5412875379695398,117,0.05812716515587845,0.20181183958721707,0.3363961792969616,0.04308288378899703,0.4782798030788716,20922,20922,22824,22824,1.0,1.0,1.0,1.0,0.0
CH_L_312a,11-12,11,12,0.4874601639585094,118,0.04899234654432771,0.18628654820185822,0.3163107251144301,0.026011954928200236,0.46875968175772253,22824,20922,24726,22824,0.0,0.0,0.0,0.0,0.0
CH_L_312a,11-13,11,13,0.47165053202721063,116,0.03639492910452047,0.20435533418816523,0.3175458018974795,-0.009284664466662028,0.4516819098480234,24726,20922,26628,22824,0.0,1.0,0.0,0.0,0.0
CH_L_312a,11-14,11,14,0.3734382467114343,99,0.023699666024462385,0.07829322478813967,0.33855182164030506,-0.03140190729750033,0.6017577111224365,26628,20922,28530,22824,0.0,0.0,1.0,0.0,1.0
CH_L_312a,11-9,11,9,0.3046043065459262,120,0.03672665540080651,0.14019679444114566,0.3365598646907971,0.04633477204547769,0.4913154346694709,17118,20922,19020,22824,0.0,0.0,1.0,1.0,0.0
CH_L_312a,12-10,12,10,0.5729300211095496,107,0.03154372535933352,0.1784141210669167,0.3307048792397858,0.021649301332083613,0.4191507994291435,19020,22824,20922,24726,0.0,0.0,0.0,0.0,0.0
CH_L_312a,12-11,12,11,0.524718321246767,117,0.0488797526425636,0.2021812584627622,0.2913417746891588,0.03436620936000867,0.48762337550328616,20922,22824,22824,24726,0.0,1.0,0.0,0.0,0.0
CH_L_312a,12-12,12,12,0.6275701401516096,113,0.04699400679650248,0.163484245906464,0.31087039881662554,0.016978745667323353,0.4546893417909571,22824,22824,24726,24726,0.0,0.0,0.0,0.0,0.0
CH_L_312a,12-13,12,13,0.5792324897091509,119,0.05246511877459638,0.15825172138679236,0.3259549617053263,0.021105972484137633,0.47338590650522466,24726,22824,26628,24726,1.0,0.0,0.0,0.0,0.0
CH_L_312a,12-14,12,14,0.43779856774479076,105,0.025534921321979757,0.09435334899380596,0.32611475659903993,-0.030811157401694652,0.5530652480584625,26628,22824,28530,24726,0.0,0.0,0.0,0.0,1.0
CH_L_312a,12-9,12,9,0.4326618812628761,115,0.05147423246097501,0.21180866016224667,0.2748742063520568,0.01646201953303731,0.4748120744060549,17118,22824,19020,24726,1.0,1.0,0.0,0.0,0.0
CH_L_312a,13-10,13,10,0.7157067056141453,121,0.04729237890515475,0.22335627448275153,0.2987275932963793,0.04438406619395662,0.41452910182841235,19020,24726,20922,26628,0.0,1.0,0.0,1.0,0.0
CH_L_312a,13-12,13,12,0.6286718493024744,105,0.04171582684319595,0.16332436351301366,0.32850565689436206,0.0014782087647840433,0.4873838539107112,22824,24726,24726,26628,0.0,0.0,0.0,0.0,0.0
CH_L_312a,13-13,13,13,0.48611543995151835,83,0.03803816161307393,0.09644092654388735,0.33888387367868295,-0.012134415213880098,0.5571629861453536,24726,24726,26628,26628,0.0,0.0,1.0,0.0,1.0
CH_L_312a,13-14,13,14,0.44993530269994364,76,-0.011888635397725642,0.04653939587110977,0.3849760728527011,-0.06253326305514059,0.5977589209604346,26628,24726,28530,26628,0.0,0.0,1.0,0.0,1.0
CH_L_312a,13-9,13,9,0.7650533378106863,114,0.058762664230971026,0.22471569957493678,0.3267312886325621,0.04835245614157239,0.43374253380422323,17118,24726,19020,26628,1.0,1.0,0.0,1.0,0.0
CH_L_312a,7-13,7,13,0.3895953053738283,40,-0.01953915430849308,0.08378367750876371,0.3661822344974008,-0.054129406891438234,0.5236966990036794,24726,13314,26628,15216,0.0,0.0,1.0,0.0,1.0
CH_L_312a,7-14,7,14,0.3534077623310378,40,-0.045880532846884266,0.0349432116692379,0.413357711289565,-0.09923308867765553,0.4858055843056769,26628,13314,28530,15216,0.0,0.0,1.0,0.0,0.0
CH_L_312a,8-10,8,10,0.367568086354018,120,0.005370557911520206,0.17590264476451783,0.3201379798990532,-0.015033755394017356,0.42406440379523347,19020,15216,20922,17118,0.0,0.0,0.0,0.0,0.0
CH_L_312a,8-11,8,11,0.4339983447219518,110,0.04087022642659964,0.16409849119471134,0.301734818679957,0.011887201654071464,0.4782747788039468,20922,15216,22824,17118,0.0,0.0,0.0,0.0,0.0
CH_L_312a,8-14,8,14,0.37952466294788173,117,-0.024348906011886558,0.0706535359458357,0.3604486831740535,-0.06718614744022167,0.5367391587444738,26628,15216,28530,17118,0.0,0.0,1.0,0.0,1.0
CH_L_312a,9-10,9,10,0.3010941680316472,115,0.04671133977663113,0.13024877479391292,0.33506857020620545,0.01998506228845456,0.4997064496204666,19020,17118,20922,19020,0.0,0.0,0.0,0.0,1.0
CH_L_312a,9-11,9,11,0.40980478774894685,121,0.034746245536263994,0.12684544050482743,0.3342570727340172,0.008617478692220125,0.4611611594933813,20922,17118,22824,19020,0.0,0.0,0.0,0.0,0.0
CH_L_312a,9-12,9,12,0.5277496914790338,115,0.05474162164461799,0.1955266874986813,0.31156379103062865,0.04639727909352114,0.4582911193550155,22824,17118,24726,19020,1.0,1.0,0.0,1.0,0.0
CH_L_312a,9-13,9,13,0.48196537906808473,122,0.026745011871978055,0.24906007322566176,0.30708350191355127,0.018379762640442294,0.4663293690287996,24726,17118,26628,19020,0.0,1.0,0.0,0.0,0.0
CH_L_313a,10-7,10,7,0.3121888645630043,96,-0.00845168055636456,0.21369557941846862,0.34724691744943653,-0.040634430790530175,0.45245592806596374,13314,19020,15216,20922,1.0,0.0,0.0,0.0,0.0
CH_L_313a,10-9,10,9,0.6922953034664335,101,-0.032226264625242716,0.20610638376560578,0.34619148577445585,-0.008036509470431795,0.45716171718990267,17118,19020,19020,20922,0.0,0.0,0.0,0.0,0.0
CH_L_313a,5-8,5,8,0.6057477939965872,109,-0.027598487178728613,0.2696312812047788,0.2847209030260605,0.0006973197944245508,0.39585574637044835,15216,9510,17118,11412,0.0,1.0,0.0,1.0,0.0
CH_L_313a,6-7,6,7,0.3852050006352965,113,-0.024259362992771146,0.144180662776827,0.3644842092458499,-0.042032486354263446,0.4955912207005801,13314,11412,15216,13314,0.0,0.0,1.0,0.0,1.0
CH_L_313a,6-8,6,8,0.7482047995582739,120,-0.023411194444434416,0.2681176397824085,0.3012845376184145,0.032398011085201475,0.4089067842162668,15216,11412,17118,13314,0.0,1.0,0.0,1.0,0.0
CH_L_313a,7-7,7,7,0.4810186258126053,116,-0.01229042896808084,0.1894244580347377,0.33588686646609534,-0.016047464565456315,0.46303092673345286,13314,13314,15216,15216,1.0,0.0,0.0,0.0,0.0
CH_L_313a,7-8,7,8,0.6585267062399434,111,-0.00984708125129914,0.19107729095121487,0.31725296993105623,0.0232697133046665,0.49001622053490185,15216,13314,17118,15216,1.0,0.0,0.0,1.0,0.0
CH_L_313a,7-9,7,9,0.3574753952999681,104,-0.027912894849353505,0.1558375808360169,0.3496376447667802,-0.03964223509495841,0.4903653120903281,17118,13314,19020,15216,0.0,0.0,1.0,0.0,1.0
CH_L_313a,8-10,8,10,0.3122969127695906,71,-0.04371933894652755,0.12898565658657982,0.38050148825647173,-0.05791357228505288,0.5254141969528908,19020,15216,20922,17118,0.0,0.0,1.0,0.0,1.0
CH_L_313a,8-7,8,7,0.49320372797989925,114,-0.02473303174174257,0.2272843005325016,0.33742757960632513,-0.004765554716770055,0.4960003306115267,13314,15216,15216,17118,0.0,0.0,0.0,0.0,1.0
CH_L_313a,8-8,8,8,0.6919115888276556,120,0.00794178235115135,0.24368072843968663,0.33011201455449807,0.041222012585746766,0.4883266334181867,15216,15216,17118,17118,1.0,1.0,0.0,1.0,0.0
CH_L_313a,9-6,9,6,0.39632317119614613,120,-0.023465129827325508,0.18343532641441335,0.3515435191814135,-0.022965353396857093,0.4402314195173554,11412,17118,13314,19020,0.0,0.0,1.0,0.0,0.0
CH_L_313a,9-7,9,7,0.4009417722758868,112,-0.012829315064432429,0.23518980816374363,0.3439658302445845,-0.011189125134948201,0.4698403342269367,13314,17118,15216,19020,0.0,1.0,0.0,0.0,0.0
CH_L_314a,10-23,10,23,0.7546863310791878,66,-0.010569988431502959,0.12922013078662356,0.3385327280820019,-0.03808040487587988,0.41316446746634,43746,19020,45648,20922,1.0,1.0,0.0,1.0,0.0
CH_L_314a,10-24,10,24,0.7593810914879682,114,0.0053989992372306325,0.11928669495826932,0.31435070876305554,-0.011693238565910468,0.4138268807645397,45648,19020,47550,20922,1.0,1.0,0.0,1.0,0.0
CH_L_314a,10-25,10,25,0.3314194704056667,119,-0.04647235273326752,0.04926301003357911,0.4060009025811234,-0.06978684788041244,0.4534570092291015,47550,19020,49452,20922,0.0,0.0,0.0,0.0,0.0
CH_L_314a,10-28,10,28,0.4610466676902227,111,-0.0240636389592907,0.10460161329508763,0.35672163842753885,-0.062835131796729,0.4565096212194413,53256,19020,55158,20922,0.0,0.0,0.0,0.0,0.0
CH_L_314a,10-29,10,29,0.6681001448894027,87,-0.014531763120345617,0.12522684327670647,0.31874234848801786,-0.041643109136517975,0.4705719280412995,55158,19020,57060,20922,1.0,1.0,0.0,1.0,1.0
CH_L_314a,11-23,11,23,0.6927911985390394,70,-0.045372562785207224,0.10374213122678737,0.3638639291835614,-0.059975372806663596,0.39760386458339336,43746,20922,45648,22824,0.0,0.0,0.0,0.0,0.0
CH_L_314a,11-24,11,24,0.6173319726661136,94,-0.02273583261045003,0.07929952931974517,0.3450774564189332,-0.05875019632610809,0.40123977730817245,45648,20922,47550,22824,0.0,0.0,0.0,0.0,0.0
CH_L_314a,11-29,11,29,0.38505458812095095,82,-0.026612929263521042,0.1034895290982703,0.33013376056167837,-0.05153647711338768,0.521417355259526,55158,20922,57060,22824,0.0,0.0,0.0,0.0,1.0
CH_L_314a,6-24,6,24,0.407176851660593,69,-0.08716729542033462,0.028372349990804964,0.49616859075658337,-0.11974526551512943,0.4490273820701268,45648,11412,47550,13314,0.0,0.0,1.0,0.0,0.0
CH_L_314a,6-25,6,25,0.5497088034085148,54,-0.09461514301438348,0.02163621644405003,0.4972136473174645,-0.13996740898034954,0.4233535286564655,47550,11412,49452,13314,0.0,0.0,1.0,0.0,0.0
CH_L_314a,6-26,6,26,0.43096163622940303,69,-0.08221549790494632,0.029173153521597984,0.48308506360726144,-0.13078221250917169,0.4225810435169644,49452,11412,51354,13314,0.0,0.0,1.0,0.0,0.0
CH_L_314a,6-28,6,28,0.44220507113959623,55,-0.0709352167975819,0.02793399198231317,0.4660960138544557,-0.11598519686308639,0.5420339666626024,53256,11412,55158,13314,0.0,0.0,1.0,0.0,1.0
CH_L_314a,6-29,6,29,0.4400823556680588,42,-0.06838085399314874,0.040400004430252615,0.45648569094426505,-0.083755267774512,0.5178478649063147,55158,11412,57060,13314,0.0,0.0,1.0,0.0,1.0
CH_L_314a,7-23,7,23,0.7876360872176249,52,-0.052399786809629374,0.11190863323368547,0.44486738297861594,-0.080244029023517,0.4332864533435567,43746,13314,45648,15216,0.0,0.0,1.0,0.0,0.0
CH_L_314a,7-24,7,24,0.5838603242276089,103,-0.05626393333627142,0.0823012063914477,0.4234791507212359,-0.09719598049803255,0.5164699840985484,45648,13314,47550,15216,0.0,0.0,0.0,0.0,1.0
CH_L_314a,7-25,7,25,0.5777901735648047,91,-0.05789075247228872,0.04858268931980825,0.43434861548330006,-0.0997650847125781,0.4900976446166905,47550,13314,49452,15216,0.0,0.0,0.0,0.0,1.0
CH_L_314a,7-26,7,26,0.5367422773639359,111,-0.04489734442568494,0.06410824668058746,0.420680964725029,-0.08873050688567968,0.36927414683300724,49452,13314,51354,15216,0.0,0.0,0.0,0.0,0.0
CH_L_314a,7-27,7,27,0.31721056308523315,101,-0.07561796945507578,0.045489682590721975,0.4527725032215133,-0.10896483400717351,0.4082329736922955,51354,13314,53256,15216,0.0,0.0,1.0,0.0,0.0
CH_L_314a,7-28,7,28,0.4160891303029104,108,-0.044682420679130815,0.07055670133941153,0.3895596755121021,-0.06297965924655663,0.5124206783410878,53256,13314,55158,15216,0.0,0.0,0.0,0.0,1.0
CH_L_314a,7-29,7,29,0.5823382845141525,90,-0.034212520018448864,0.12608034361023368,0.35355303883835854,-0.0707910947551347,0.4673817621132293,55158,13314,57060,15216,0.0,1.0,0.0,0.0,0.0
CH_L_314a,8-23,8,23,0.43938711475374864,63,-0.0660874413605707,0.05479030592319365,0.4565427493917913,-0.11334450842816603,0.33419121128502244,43746,15216,45648,17118,0.0,0.0,1.0,0.0,0.0
CH_L_314a,8-24,8,24,0.665755974968917,112,-0.01910568082540962,0.09875460277656496,0.38859772506583884,-0.05016230579828585,0.4541428061303697,45648,15216,47550,17118,0.0,0.0,0.0,0.0,0.0
CH_L_314a,8-25,8,25,0.7120596648989902,122,-0.03821846491797786,0.0683585476798913,0.39726092523535145,-0.07382446207490455,0.41318724722502337,47550,15216,49452,17118,0.0,0.0,0.0,0.0,0.0
CH_L_314a,8-26,8,26,0.7210763280475907,121,-0.03542154910984706,0.08109623272833952,0.3888229779408052,-0.06864378951256965,0.4093139860527749,49452,15216,51354,17118,0.0,0.0,0.0,0.0,0.0
CH_L_314a,8-27,8,27,0.5818640435342358,113,-0.045283822833714675,0.08542262338504662,0.38103662181027276,-0.07351429774862521,0.46147638575537203,51354,15216,53256,17118,0.0,0.0,0.0,0.0,0.0
CH_L_314a,8-28,8,28,0.6534507748477087,112,-0.00014031441376809476,0.11484880964859986,0.32975707612835475,-0.02222059906317198,0.4336649569881738,53256,15216,55158,17118,1.0,1.0,0.0,1.0,0.0
CH_L_314a,8-29,8,29,0.6998223574594955,88,-0.01405891283443768,0.12019295984844057,0.32066530339023747,-0.03257651009859313,0.42074083814802915,55158,15216,57060,17118,1.0,1.0,0.0,1.0,0.0
CH_L_314a,9-23,9,23,0.6388947641103014,72,0.010961656200127257,0.11806017702211517,0.34360740333975004,-0.01960314469509126,0.47122134400072974,43746,17118,45648,19020,1.0,1.0,0.0,1.0,1.0
CH_L_314a,9-24,9,24,0.7344982004549361,117,0.009016793369934632,0.11602829771349414,0.33244148931501666,-0.021659556525803186,0.42969336281152454,45648,17118,47550,19020,1.0,1.0,0.0,1.0,0.0
CH_L_314a,9-25,9,25,0.396494549937174,110,-0.030568456236104557,0.05756403076227208,0.3971356515387997,-0.07653529598432336,0.4604905482455307,47550,17118,49452,19020,0.0,0.0,0.0,0.0,0.0
CH_L_314a,9-28,9,28,0.33666258395733617,120,-0.040172964827887674,0.05667790968681449,0.3929443894517882,-0.05910611142286579,0.4584576597803663,53256,17118,55158,19020,0.0,0.0,0.0,0.0,0.0
CH_L_314a,9-29,9,29,0.6382260745349809,96,-0.011122645770056961,0.09629828408312623,0.35325990728740675,-0.047459565178112666,0.43874597447542224,55158,17118,57060,19020,1.0,0.0,0.0,1.0,0.0
CH_L_315a,10-10,10,10,0.6825916266987392,85,0.033645097713257736,0.07430972868920885,0.30346766323718866,0.0477281821265241,0.5138377831896702,19020,19020,20922,20922,0.0,1.0,0.0,1.0,0.0
CH_L_315a,10-11,10,11,0.6611700809437455,85,0.04589607623869899,0.06074429085358185,0.3268015844629297,0.05158969458871305,0.4659340436736376,20922,19020,22824,20922,1.0,0.0,0.0,1.0,0.0
CH_L_315a,10-12,10,12,0.6899338461680266,84,0.061000686408853776,0.0627461706839091,0.3146458045751561,0.053946241833122834,0.4462524955621924,22824,19020,24726,20922,1.0,0.0,0.0,1.0,0.0
CH_L_315a,10-13,10,13,0.6388715317791771,83,0.04902466487120617,0.04637983232783616,0.31909530474148445,0.033740155367075975,0.44458271710651437,24726,19020,26628,20922,1.0,0.0,0.0,0.0,0.0
CH_L_315a,10-14,10,14,0.584283607200899,73,0.02975612454639504,0.054189878561575214,0.3331263464094029,0.042459520421139416,0.46080069045914446,26628,19020,28530,20922,0.0,0.0,0.0,1.0,0.0
CH_L_315a,10-8,10,8,0.360986200055054,86,-0.008397428203142057,0.028219596643606397,0.4017811587188932,-0.0028094625488391035,0.6214069611204266,15216,19020,17118,20922,0.0,0.0,1.0,0.0,1.0
CH_L_315a,10-9,10,9,0.4657656231968563,85,-0.0004488513551456013,0.06909904209373506,0.35190352433731864,0.01673919511550691,0.5676515278114764,17118,19020,19020,20922,0.0,1.0,0.0,0.0,0.0
CH_L_315a,11-10,11,10,0.6720386336849361,85,0.05020671989629264,0.07758205764522316,0.31460718179047387,0.046298924534702794,0.511539787526573,19020,20922,20922,22824,1.0,1.0,0.0,1.0,0.0
CH_L_315a,11-11,11,11,0.5927352113439172,86,0.044349840953234666,0.07726457630649416,0.29918814318057463,0.04146735078956712,0.4944333813101758,20922,20922,22824,22824,0.0,1.0,0.0,0.0,0.0
CH_L_315a,11-12,11,12,0.6230009051144775,85,0.05668351446670315,0.0652832368269699,0.3175166037417857,0.07040172606836088,0.473247563822755,22824,20922,24726,22824,1.0,0.0,0.0,1.0,0.0
CH_L_315a,11-13,11,13,0.628789059159965,85,0.055670475278120454,0.05602930810604253,0.3350770809089983,0.052645826140428106,0.4769599174523855,24726,20922,26628,22824,1.0,0.0,0.0,1.0,0.0
CH_L_315a,11-14,11,14,0.5143893818018973,63,0.019439972678381368,0.061895709301881346,0.35584875891045153,0.023498674878256416,0.4574579543737646,26628,20922,28530,22824,0.0,0.0,0.0,0.0,0.0
CH_L_315a,11-8,11,8,0.34020635805666183,62,-0.02555936614630738,0.033904340240343625,0.4024899645717211,-0.017630334254667687,0.5956091224621586,15216,20922,17118,22824,0.0,0.0,1.0,0.0,1.0
CH_L_315a,11-9,11,9,0.45064170090379696,71,0.0022976807039601847,0.07958678031003553,0.32565574272155773,0.02282479527998937,0.5710658788128338,17118,20922,19020,22824,0.0,1.0,0.0,0.0,1.0
CH_L_315a,12-10,12,10,0.617340836462229,85,0.04878031190525936,0.06759214328560996,0.3116975534031282,0.027141263387900343,0.5209817127464771,19020,22824,20922,24726,1.0,1.0,0.0,0.0,0.0
CH_L_315a,12-11,12,11,0.49272567500362274,85,0.04654288488915555,0.07338843018702686,0.3225552800220724,0.022755463369685848,0.49826162334779495,20922,22824,22824,24726,1.0,1.0,0.0,0.0,0.0
CH_L_315a,12-12,12,12,0.3253208836185981,84,0.01656093108336038,0.07624416577308718,0.3578587042511379,0.0014450954309504914,0.48444673778493225,22824,22824,24726,24726,0.0,1.0,0.0,0.0,0.0
CH_L_315a,12-13,12,13,0.5344616522182523,85,0.02820876552216147,0.04760182121626082,0.35020348133215434,0.005414808495966865,0.4728370956318714,24726,22824,26628,24726,0.0,0.0,0.0,0.0,0.0
CH_L_315a,12-14,12,14,0.397574366658024,50,0.007247313169185265,0.04630928460571142,0.3838733929949227,0.005099876699386988,0.4326728599081909,26628,22824,28530,24726,0.0,0.0,1.0,0.0,0.0
CH_L_315a,12-8,12,8,0.3705404167804064,58,-0.009716879600366478,0.027578165610226708,0.3855692105783779,-0.03829116017862,0.603494209007518,15216,22824,17118,24726,0.0,0.0,1.0,0.0,1.0
CH_L_315a,12-9,12,9,0.3382548294429826,70,-0.02049671814865646,0.0593721890878499,0.3826908763626974,-0.034894862896711856,0.599524221287213,17118,22824,19020,24726,0.0,0.0,1.0,0.0,1.0
CH_L_315a,13-10,13,10,0.31745488165610347,81,0.02102556642742875,0.05130540029609114,0.3501293515751663,0.030235445007764775,0.4888140230285265,19020,24726,20922,26628,0.0,0.0,0.0,0.0,0.0
CH_L_315a,13-12,13,12,0.32881935766662357,46,-0.005084520297871246,0.004561165869212799,0.3997496262690294,-0.010512283017601851,0.46964152193858333,22824,24726,24726,26628,0.0,0.0,1.0,0.0,0.0
CH_L_315a,13-13,13,13,0.41987534059643766,71,0.007142381394565426,0.035925052481874574,0.39013461213491896,-0.021221175066808772,0.4675403712892741,24726,24726,26628,26628,0.0,0.0,1.0,0.0,0.0
CH_L_315a,13-8,13,8,0.4529727803724756,72,0.04785887829528507,0.09401801881850223,0.3123795633527233,0.026795604643592628,0.5709707486326718,15216,24726,17118,26628,1.0,1.0,0.0,0.0,1.0
CH_L_315a,13-9,13,9,0.36603879445109594,83,0.027329733777289436,0.09059617064341757,0.32646550297810295,0.02972188927231895,0.5833164844609031,17118,24726,19020,26628,0.0,1.0,0.0,0.0,1.0
CH_L_315a,14-12,14,12,0.48336360307363274,69,0.03208938035185934,0.044208597945026865,0.35572411265796516,0.020185710731185146,0.464114976326845,22824,26628,24726,28530,0.0,0.0,0.0,0.0,0.0
CH_L_315a,14-13,14,13,0.5232849829316909,41,-0.010580483314597386,0.044151945145141085,0.398094874118839,-0.0397341807536031,0.429731853133711,24726,26628,26628,28530,0.0,0.0,1.0,0.0,0.0
CH_L_315a,14-8,14,8,0.31758856360926374,64,0.04236704531970753,0.10976397558450367,0.29913297478674306,0.04685500671860267,0.5588522676603095,15216,26628,17118,28530,0.0,1.0,0.0,1.0,0.0
CH_L_315a,7-8,7,8,0.3799900312058092,60,-0.027724846651728276,0.02383718288789376,0.430126479868894,-0.05848601932219892,0.5888368391851041,15216,13314,17118,15216,0.0,0.0,1.0,0.0,1.0
CH_L_315a,8-10,8,10,0.5706084462239244,85,0.01092743330765833,0.05096478286595036,0.37103000013826276,0.006833145138522424,0.5523892885282332,19020,15216,20922,17118,0.0,0.0,0.0,0.0,0.0
CH_L_315a,8-11,8,11,0.697182619969981,84,0.029258221379597157,0.051340388733235466,0.3384377545997519,0.023663057182186528,0.45421748344715873,20922,15216,22824,17118,0.0,0.0,0.0,0.0,0.0
CH_L_315a,8-12,8,12,0.6571289940718167,85,0.008333233743281073,0.04037957174852441,0.36292648429617236,-0.017101481007333864,0.3967948263101355,22824,15216,24726,17118,0.0,0.0,0.0,0.0,0.0
CH_L_315a,8-13,8,13,0.7081889958361709,85,0.02483553656203345,0.019447159196670373,0.35834753307907113,0.02829833939271484,0.41426832602536706,24726,15216,26628,17118,0.0,0.0,0.0,0.0,0.0
CH_L_315a,8-14,8,14,0.6966550509779558,86,0.04251948679725145,0.038074088839395975,0.35419879455106706,0.02765327603123602,0.43130894113477053,26628,15216,28530,17118,0.0,0.0,0.0,0.0,0.0
CH_L_315a,8-8,8,8,0.36737121115535415,86,-0.03978588660995387,0.026258836400349525,0.44540264492495274,-0.06814509273676732,0.6012951612604023,15216,15216,17118,17118,0.0,0.0,1.0,0.0,1.0
CH_L_315a,9-10,9,10,0.4228846749049122,86,0.020353675858479445,0.06543309951617647,0.35182171854971317,0.016923387550746127,0.5729311892797253,19020,17118,20922,19020,0.0,0.0,0.0,0.0,1.0
CH_L_315a,9-11,9,11,0.6529252927773973,87,0.04549713318386075,0.06143973275986087,0.3228499065281274,0.0509261102661658,0.43894278337403436,20922,17118,22824,19020,1.0,0.0,0.0,1.0,0.0
CH_L_315a,9-12,9,12,0.696924525634647,85,0.03916309942452044,0.0608935358952533,0.32469930231147276,0.0418417360700386,0.4451262356742908,22824,17118,24726,19020,0.0,0.0,0.0,1.0,0.0
CH_L_315a,9-13,9,13,0.7331054971917411,86,0.05059326574206175,0.06564655085168941,0.31703799154189805,0.04403829019749907,0.42094853673833316,24726,17118,26628,19020,1.0,0.0,0.0,1.0,0.0
CH_L_315a,9-14,9,14,0.6830525834141988,86,0.0359463171582762,0.04814390736816074,0.3543401760695088,0.020567151690085977,0.4215713562562623,26628,17118,28530,19020,0.0,0.0,0.0,0.0,0.0
CH_L_315a,9-8,9,8,0.37173035211212807,85,-0.038344810440152956,0.03651219951070576,0.4352017569211589,-0.05365421659588231,0.5924472711134224,15216,17118,17118,19020,0.0,0.0,1.0,0.0,1.0
CH_L_317a,10-10,10,10,0.44677816650990987,116,-0.04802631238575901,0.07371325066363192,0.39363729365129496,-0.047576866847540214,0.4040625250140907,19020,19020,20922,20922,0.0,0.0,0.0,0.0,0.0
CH_L_317a,10-4,10,4,0.30270995676479534,41,-0.0392245533033149,0.04517945951455561,0.38664308270330616,-0.10359363871902307,0.5011812024659658,7608,19020,9510,20922,0.0,0.0,0.0,0.0,1.0
CH_L_317a,10-5,10,5,0.4133314096243419,116,-0.0708064693183726,0.05688246103847691,0.44978468072000655,-0.10311170610333781,0.36665134760012086,9510,19020,11412,20922,0.0,0.0,1.0,0.0,0.0
CH_L_317a,10-6,10,6,0.5056603068771481,115,-0.03398992664333858,0.06685282126253819,0.39149627576370377,-0.05821098844582867,0.4254431373061484,11412,19020,13314,20922,0.0,0.0,0.0,0.0,1.0
CH_L_317a,10-7,10,7,0.4912787614358377,117,-0.021876684989505076,0.08748963058427296,0.39125206529153367,-0.037827785894179976,0.42039641868634114,13314,19020,15216,20922,1.0,1.0,0.0,0.0,1.0
CH_L_317a,10-8,10,8,0.49581886712208834,113,-0.038529715921374275,0.07558363254502706,0.3788059585060963,-0.027139670244719014,0.3686382802792134,15216,19020,17118,20922,0.0,0.0,0.0,1.0,0.0
CH_L_317a,10-9,10,9,0.6532124855059519,117,-0.03494053995524053,0.0891009889061615,0.38419010945621673,-0.01973787086408702,0.3736541167291562,17118,19020,19020,20922,0.0,1.0,0.0,1.0,0.0
CH_L_317a,11-4,11,4,0.6001265138774987,47,-0.0012452978785588574,0.092933184293922,0.3597489573433701,-0.061171040232552765,0.42455197504458175,7608,20922,9510,22824,1.0,1.0,0.0,0.0,1.0
CH_L_317a,11-5,11,5,0.5406895664170432,116,-0.011037337184899588,0.08639580818285253,0.37586977001443916,-0.03788351616766048,0.4301647041679991,9510,20922,11412,22824,1.0,1.0,0.0,0.0,1.0
CH_L_317a,11-6,11,6,0.47052295293263524,116,-0.03884418018033618,0.08131122883556954,0.4016461155594642,-0.05664309207814578,0.373233261957847,11412,20922,13314,22824,0.0,0.0,0.0,0.0,0.0
CH_L_317a,11-7,11,7,0.3463481365192585,116,-0.057492243315347615,0.06538915036102119,0.41318105951865686,-0.06491882974861408,0.3310655266140588,13314,20922,15216,22824,0.0,0.0,0.0,0.0,0.0
CH_L_317a,11-8,11,8,0.6799814895557618,116,-0.03947116387247609,0.07404647141652773,0.38502671129831567,-0.011311194390444897,0.308689753633609,15216,20922,17118,22824,0.0,0.0,0.0,1.0,0.0
CH_L_317a,11-9,11,9,0.49039261610449286,114,-0.046656834974906566,0.06627588799540467,0.3976494702742537,-0.039464543638143175,0.3891659112363484,17118,20922,19020,22824,0.0,0.0,0.0,0.0,0.0
CH_L_317a,12-10,12,10,0.7227919052352838,104,0.020063329320351948,0.13353101197770134,0.3506160164275058,0.07235787577830602,0.4091299302232568,19020,22824,20922,24726,1.0,1.0,0.0,1.0,0.0
CH_L_317a,12-4,12,4,0.644652928434517,59,-0.028417177249711965,0.07389224214470025,0.3825571583668126,-0.039013649981931936,0.34659849019631483,7608,22824,9510,24726,0.0,0.0,0.0,0.0,0.0
CH_L_317a,12-5,12,5,0.6448913537826513,117,0.0010976955268536242,0.07086178750030947,0.35448637963728413,-0.02439735165760299,0.40394434675552937,9510,22824,11412,24726,1.0,0.0,0.0,1.0,0.0
CH_L_317a,12-6,12,6,0.6386618176235506,114,-0.009431295849647147,0.07570984278684051,0.35868889586161706,-0.019247072678243625,0.40644054105627514,11412,22824,13314,24726,1.0,0.0,0.0,1.0,0.0
CH_L_317a,12-7,12,7,0.5348593020370588,117,-0.033249165091306196,0.07524713615258392,0.3905957204589742,-0.04678462003418451,0.32510687300503727,13314,22824,15216,24726,0.0,0.0,0.0,0.0,0.0
CH_L_317a,12-8,12,8,0.45177814524769877,115,-0.018465633242584982,0.08162501241203998,0.3603802238324555,-0.02084762994527783,0.3666520945145185,15216,22824,17118,24726,1.0,0.0,0.0,1.0,0.0
CH_L_317a,12-9,12,9,0.5889116968330658,117,0.02834288584391476,0.14246365275311984,0.33080674224225026,0.07752097116007656,0.4314745161680877,17118,22824,19020,24726,1.0,1.0,0.0,1.0,1.0
CH_L_317a,13-10,13,10,0.373244624747116,93,-0.04279991190779612,0.07805590075954377,0.4120292259937353,-0.051108012435606344,0.30131967856377206,19020,24726,20922,26628,0.0,0.0,0.0,0.0,0.0
CH_L_317a,13-4,13,4,0.6200364314315489,64,-0.02824360623391425,0.0932874122673013,0.3721285114628932,-0.0507680131951723,0.35313002178314734,7608,24726,9510,26628,0.0,1.0,0.0,0.0,0.0
CH_L_317a,13-5,13,5,0.5940574418048097,116,-0.04750769697740908,0.07312440067643271,0.40743824686111896,-0.06486536287736999,0.3281912157510213,9510,24726,11412,26628,0.0,0.0,0.0,0.0,0.0
CH_L_317a,13-6,13,6,0.6256184153210486,114,-0.018303051224299743,0.07979609806853288,0.3724509513257588,-0.04116257252746449,0.355656771080374,11412,24726,13314,26628,1.0,0.0,0.0,0.0,0.0
CH_L_317a,13-7,13,7,0.6340071359794884,116,-0.024590609494082302,0.08640019976892495,0.3722641838232488,-0.025359825047961516,0.38526807403158636,13314,24726,15216,26628,0.0,1.0,0.0,1.0,0.0
CH_L_317a,13-8,13,8,0.31867243973185233,117,-0.05573134669633612,0.055869849432501326,0.42552935515525503,-0.07543730878836302,0.3035753204207117,15216,24726,17118,26628,0.0,0.0,1.0,0.0,0.0
CH_L_317a,13-9,13,9,0.4483400548950686,112,-0.021995348542135383,0.07854053335522485,0.3805135273031808,0.0004040167516414364,0.4178438644764121,17118,24726,19020,26628,0.0,0.0,0.0,1.0,1.0
CH_L_317a,14-5,14,5,0.37285788770090145,67,-0.07190840892906072,0.054152104015108254,0.41517068117826594,-0.09679409276056675,0.38870576182541117,9510,26628,11412,28530,0.0,0.0,1.0,0.0,0.0
CH_L_317a,14-6,14,6,0.4842497022005873,76,-0.03404762700075198,0.06800925980494321,0.3853154784916066,-0.05933565866155451,0.4412166369569347,11412,26628,13314,28530,0.0,0.0,0.0,0.0,1.0
CH_L_317a,14-7,14,7,0.516138641678871,82,-0.04295766505624104,0.07534543944706837,0.39259099492496036,-0.06458094666561857,0.38210099076239085,13314,26628,15216,28530,0.0,0.0,0.0,0.0,0.0
CH_L_317a,14-8,14,8,0.3079704918422157,86,-0.07403632400015035,0.05245929329781293,0.4371705038448287,-0.09665826676263356,0.35852228876439307,15216,26628,17118,28530,0.0,0.0,1.0,0.0,0.0
CH_L_317a,14-9,14,9,0.3120916114387866,86,-0.05683657132529709,0.032436450265951884,0.43750756119090484,-0.09290576234177748,0.4804069802320296,17118,26628,19020,28530,0.0,0.0,1.0,0.0,1.0
CH_L_317a,8-10,8,10,0.4106823434239362,97,-0.05054365160929279,0.06676148163898285,0.3814681930518662,-0.07664782358377337,0.3121234088947025,19020,15216,20922,17118,0.0,0.0,0.0,0.0,0.0
CH_L_317a,8-5,8,5,0.3206403149390554,108,-0.0680589956494275,0.03916901269434652,0.44523705642729977,-0.1112356374274343,0.4548918099566556,9510,15216,11412,17118,0.0,0.0,1.0,0.0,1.0
CH_L_317a,8-6,8,6,0.37667292316933126,91,-0.07824733355549975,0.0414041866788171,0.44303026328099704,-0.10902680694530271,0.4145914799693454,11412,15216,13314,17118,0.0,0.0,1.0,0.0,1.0
CH_L_317a,8-7,8,7,0.38877100090912775,116,-0.07456873267342792,0.05234431753495487,0.4453715964214039,-0.10682055620576661,0.28274952904197737,13314,15216,15216,17118,0.0,0.0,1.0,0.0,0.0
CH_L_317a,8-8,8,8,0.32473732968774827,112,-0.08387294701613925,0.06411317132723224,0.43557626014867984,-0.11549140745407509,0.2735616786746871,15216,15216,17118,17118,0.0,0.0,1.0,0.0,0.0
CH_L_317a,8-9,8,9,0.4022646502302299,108,-0.07317937046830816,0.0831483946167456,0.40161082100647894,-0.08587883854212748,0.30997109805927536,17118,15216,19020,17118,0.0,0.0,0.0,0.0,0.0
CH_L_317a,9-10,9,10,0.5135453782210606,116,-0.015076784667296788,0.09424117076163357,0.36826610388805214,-0.03136158111458269,0.3645351488373118,19020,17118,20922,19020,1.0,1.0,0.0,0.0,0.0
CH_L_317a,9-5,9,5,0.41518218952032465,104,-0.07630769882993191,0.036248582577803876,0.4496617144072127,-0.10807538877679976,0.4141452097125941,9510,17118,11412,19020,0.0,0.0,1.0,0.0,0.0
CH_L_317a,9-6,9,6,0.39804053094398056,116,-0.06528771981143637,0.06113592367675959,0.43063044549132273,-0.08658549308155063,0.4102719481774407,11412,17118,13314,19020,0.0,0.0,1.0,0.0,0.0
CH_L_317a,9-7,9,7,0.6267562706798459,117,-0.03930157200333364,0.07520764214645809,0.3996943279783955,-0.05809534572177547,0.3533696922674066,13314,17118,15216,19020,0.0,0.0,0.0,0.0,0.0
CH_L_317a,9-8,9,8,0.5319654893127561,116,-0.045068742095491374,0.08781759995755697,0.3815063229586327,-0.05610002537018171,0.32831134682226093,15216,17118,17118,19020,0.0,1.0,0.0,0.0,0.0
CH_L_317a,9-9,9,9,0.6027377889070623,115,0.0036508893353531086,0.11407832496185517,0.3371651365228431,0.01642344094126002,0.39713281645587595,17118,17118,19020,19020,1.0,1.0,0.0,1.0,0.0
CH_L_318a,10-23,10,23,0.7552412374989241,56,0.026845592812133053,0.14485966294050265,0.30544091155898156,0.0784118831896026,0.45951988674191135,43746,19020,45648,20922,1.0,0.0,0.0,1.0,0.0
CH_L_318a,10-24,10,24,0.8019340985986723,115,0.02283863686915194,0.1504615311664038,0.3279438596510059,0.07309582268684979,0.42542753280674034,45648,19020,47550,20922,1.0,0.0,0.0,1.0,0.0
CH_L_318a,10-25,10,25,0.7596547815869314,112,0.009552506449094557,0.15141160533279654,0.32952546936518223,0.033160246386753495,0.4386203832700479,47550,19020,49452,20922,0.0,0.0,0.0,0.0,0.0
CH_L_318a,10-26,10,26,0.7154713418926183,113,0.013365605969811218,0.1711322214605722,0.33671231996105366,0.02671222213363673,0.4845352991676841,49452,19020,51354,20922,0.0,1.0,0.0,0.0,1.0
CH_L_318a,10-27,10,27,0.7317903376711907,115,0.008649515655607424,0.15559733793014746,0.3312998867344882,0.021741701777794747,0.44514331399378326,51354,19020,53256,20922,0.0,0.0,0.0,0.0,0.0
CH_L_318a,10-28,10,28,0.4847990565803884,115,-0.02459227252828031,0.11016834260387505,0.3793680610502166,-0.04619580852088627,0.42241138811347145,53256,19020,55158,20922,0.0,0.0,1.0,0.0,0.0
CH_L_318a,10-29,10,29,0.5344203424588325,109,0.006586381170708585,0.14957770115337793,0.31444754175960193,-0.00013606524585173545,0.5200514664281953,55158,19020,57060,20922,0.0,0.0,0.0,0.0,1.0
CH_L_318a,11-23,11,23,0.72957310856888,70,0.022923404839129708,0.12295226659062458,0.35367633474532284,0.055396687896219696,0.4391098112948762,43746,20922,45648,22824,1.0,0.0,0.0,1.0,0.0
CH_L_318a,11-24,11,24,0.7462435359800065,115,0.0225474691220643,0.1130647629583336,0.3314369764844715,0.06284583932067081,0.4257624314768296,45648,20922,47550,22824,1.0,0.0,0.0,1.0,0.0
CH_L_318a,11-25,11,25,0.7299273344734064,114,0.019762364878408146,0.13187177699868133,0.33343178935674544,0.05530944999775798,0.44865016289072107,47550,20922,49452,22824,1.0,0.0,0.0,1.0,0.0
CH_L_318a,11-26,11,26,0.7326693120734118,117,0.014094890041248883,0.13161485220224448,0.34270467864628734,0.02845837067599184,0.4376897263450362,49452,20922,51354,22824,0.0,0.0,0.0,0.0,0.0
CH_L_318a,11-27,11,27,0.6654796022456559,114,-0.015462731527137404,0.11632428488623986,0.35638532524169375,-0.018503474605767713,0.4217038945606431,51354,20922,53256,22824,0.0,0.0,1.0,0.0,0.0
CH_L_318a,11-28,11,28,0.5170232603023663,114,-0.030803526275226187,0.11760738627420186,0.36321630065273497,-0.06250096664045632,0.44369579022392613,53256,20922,55158,22824,0.0,0.0,1.0,0.0,0.0
CH_L_318a,11-29,11,29,0.625458013596919,97,0.00051508404014448,0.17271552544085175,0.32122490491019773,-0.009549250560568828,0.5110984249011926,55158,20922,57060,22824,0.0,1.0,0.0,0.0,1.0
CH_L_318a,12-23,12,23,0.6282814500108124,83,0.023864925856566726,0.11817253743906665,0.3593198052608705,0.043677185671502285,0.44089355783511763,43746,22824,45648,24726,1.0,0.0,1.0,1.0,0.0
CH_L_318a,12-24,12,24,0.7101120112907707,114,0.019198816600747938,0.10265343993648135,0.3452389894080688,0.05870717601979227,0.4263056235557644,45648,22824,47550,24726,1.0,0.0,0.0,1.0,0.0
CH_L_318a,12-25,12,25,0.7576053494029218,113,0.014185453397725966,0.11164905941873259,0.3418186530069491,0.061021544091931244,0.4103243439977116,47550,22824,49452,24726,0.0,0.0,0.0,1.0,0.0
CH_L_318a,12-26,12,26,0.6118820099071761,114,-0.0037849392685126997,0.11708289152661351,0.3616440505472704,-0.003494193716148767,0.4317604340194704,49452,22824,51354,24726,0.0,0.0,1.0,0.0,0.0
CH_L_318a,12-27,12,27,0.713516379930629,115,-0.014099405733360925,0.13143152484254023,0.35816401391349206,-0.02881743891377975,0.38971786530335484,51354,22824,53256,24726,0.0,0.0,1.0,0.0,0.0
CH_L_318a,12-28,12,28,0.6220107372694713,113,-0.0010992836347423188,0.13365949182681164,0.33398090726496926,-0.02245707530530163,0.4483991131072915,53256,22824,55158,24726,0.0,0.0,0.0,0.0,0.0
CH_L_318a,12-29,12,29,0.5771372822720181,84,0.0018490320146945358,0.17160350630967466,0.31257399045796447,-0.013588020582322093,0.505101150557784,55158,22824,57060,24726,0.0,1.0,0.0,0.0,1.0
CH_L_318a,13-23,13,23,0.4506280255146051,48,-0.02994217263163305,0.09064442799774729,0.3904010244300506,-0.02915757154819742,0.40758996864535074,43746,24726,45648,26628,0.0,0.0,1.0,0.0,0.0
CH_L_318a,13-24,13,24,0.49583226678729075,71,0.014097752979197036,0.10692110788932022,0.3523245681574247,0.04259687207468342,0.44447593744937214,45648,24726,47550,26628,0.0,0.0,0.0,1.0,0.0
CH_L_318a,13-25,13,25,0.7098834134948543,86,0.024556061953272843,0.10732531685831191,0.3528428184834795,0.0762565953390681,0.4344446641771019,47550,24726,49452,26628,1.0,0.0,0.0,1.0,0.0
CH_L_318a,13-26,13,26,0.43703157348661503,95,-0.03551234716371652,0.09374138313419049,0.40264502505205,-0.04996484191238313,0.43388004230954763,49452,24726,51354,26628,0.0,0.0,1.0,0.0,0.0
CH_L_318a,13-27,13,27,0.6879735383261455,113,-0.01732791715119865,0.15374543797309478,0.34296020794973126,-0.028592004407376984,0.4503432977210166,51354,24726,53256,26628,0.0,0.0,0.0,0.0,0.0
CH_L_318a,13-28,13,28,0.6372899533133297,116,0.007938477430415057,0.17300436270378844,0.32087466232880424,0.011028406999192065,0.5154831327198549,53256,24726,55158,26628,0.0,1.0,0.0,0.0,1.0
CH_L_318a,13-29,13,29,0.653934248197623,70,0.027391954563057767,0.19233305883497842,0.28025720481900823,0.03125409079779816,0.5018310756245719,55158,24726,57060,26628,1.0,1.0,0.0,0.0,1.0
CH_L_318a,7-24,7,24,0.49529744753268884,113,-0.01633291882476414,0.09927566458765244,0.3555541326901078,-0.02902193861859748,0.47068504920203835,45648,13314,47550,15216,0.0,0.0,1.0,0.0,0.0
CH_L_318a,7-25,7,25,0.5641207002454895,103,-0.017334654370204393,0.10970926677028116,0.3764553033807629,-0.027070429135945418,0.4518505566280576,47550,13314,49452,15216,0.0,0.0,1.0,0.0,0.0
CH_L_318a,7-26,7,26,0.5863192465342635,108,-0.016078265716813107,0.1334634013359589,0.35409349170873494,-0.023190862237882266,0.4590176777481871,49452,13314,51354,15216,0.0,0.0,1.0,0.0,0.0
CH_L_318a,7-27,7,27,0.674418450574555,102,-0.0005627483098602466,0.12989868706494204,0.32184503981421275,0.00674234440383141,0.4784620712712471,51354,13314,53256,15216,0.0,0.0,0.0,0.0,0.0
CH_L_318a,7-28,7,28,0.6382690923709297,88,-0.004866185023128929,0.1238344792272708,0.3303569812749166,0.0041845325735322,0.507092365470405,53256,13314,55158,15216,0.0,0.0,0.0,0.0,1.0
CH_L_318a,7-29,7,29,0.41659913061894427,59,-0.014272519214885917,0.06642866546206823,0.37075930016603076,-0.012569568223313727,0.6046140322868596,55158,13314,57060,15216,0.0,0.0,1.0,0.0,1.0
CH_L_318a,8-24,8,24,0.7596410157967451,115,0.013201294694951713,0.14234498106752624,0.3256629675046671,0.01661207237808668,0.42547495005906566,45648,15216,47550,17118,0.0,0.0,0.0,0.0,0.0
CH_L_318a,8-25,8,25,0.6732709729263988,116,0.023617748790187756,0.16809149816710645,0.3052211979875078,0.03129828738892181,0.49180969678832526,47550,15216,49452,17118,1.0,1.0,0.0,0.0,1.0
CH_L_318a,8-26,8,26,0.6121184428426997,112,0.003277573888669784,0.1399950311047378,0.33761134587185415,-0.0024703855315626744,0.46892264356956614,49452,15216,51354,17118,0.0,0.0,0.0,0.0,0.0
CH_L_318a,8-27,8,27,0.6315559849172294,114,0.014490929309196139,0.16283775551196192,0.3261642455605889,0.006906909126992549,0.4944358319039503,51354,15216,53256,17118,0.0,1.0,0.0,0.0,1.0
CH_L_318a,8-28,8,28,0.6158784768710871,115,0.004702087604388666,0.18625051590988834,0.30644908579422847,0.007018293045473825,0.470834271640528,53256,15216,55158,17118,0.0,1.0,0.0,0.0,0.0
CH_L_318a,8-29,8,29,0.5094090887163124,106,-0.018470517564880096,0.10836631755471252,0.3500117950055011,-0.02162934969476164,0.5585570186127995,55158,15216,57060,17118,0.0,0.0,0.0,0.0,1.0
CH_L_318a,9-23,9,23,0.782409651841603,45,0.040115463126950274,0.1633566815371973,0.3135313116467524,0.07792097877857276,0.4402693027913973,43746,17118,45648,19020,1.0,1.0,0.0,1.0,0.0
CH_L_318a,9-24,9,24,0.7980446305108824,112,0.02437598575922889,0.16321421222620544,0.32350257061155646,0.055775254161988204,0.4225898619442119,45648,17118,47550,19020,1.0,1.0,0.0,1.0,0.0
CH_L_318a,9-25,9,25,0.7361012052911016,115,0.016131780478801424,0.16090648439931923,0.3266742205924878,0.037835872415116115,0.452398320115962,47550,17118,49452,19020,0.0,0.0,0.0,0.0,0.0
CH_L_318a,9-26,9,26,0.6483841911020869,116,-0.0044698797111633985,0.16897968219291876,0.33012136906864314,0.0008914221289870087,0.48261559486012023,49452,17118,51354,19020,0.0,1.0,0.0,0.0,0.0
CH_L_318a,9-27,9,27,0.6619230175077919,115,0.01821165775406461,0.1375409312988691,0.3211900022964725,0.016092941167794125,0.461583928483007,51354,17118,53256,19020,0.0,0.0,0.0,0.0,0.0
CH_L_318a,9-28,9,28,0.7005373423444231,113,0.003125623010742642,0.15727879653436425,0.3312770874017003,0.011790652380765192,0.4319100902163943,53256,17118,55158,19020,0.0,0.0,0.0,0.0,0.0
CH_L_318a,9-29,9,29,0.5690560754377233,113,0.0031319287075086944,0.17087971072052618,0.30889733014669757,0.0025418489390779575,0.5180447864510374,55158,17118,57060,19020,0.0,1.0,0.0,0.0,1.0
CH_L_319a,10-19,10,19,0.46084154847780606,105,-0.055970416392742056,0.08468274772817562,0.40374128969318634,-0.07099307678758689,0.30862440638665184,36138,19020,38040,20922,0.0,0.0,1.0,0.0,0.0
CH_L_319a,10-20,10,20,0.6813171990739296,113,-0.03897922062737184,0.14447617655682257,0.35351316109564535,-0.030752171529584076,0.33114057991441476,38040,19020,39942,20922,0.0,0.0,0.0,0.0,1.0
CH_L_319a,10-21,10,21,0.596868732694716,109,-0.04166684150443593,0.20239702258953632,0.37080416123754056,-0.034065204034427164,0.2561089262770006,39942,19020,41844,20922,0.0,0.0,1.0,0.0,0.0
CH_L_319a,10-22,10,22,0.5355880839393805,91,-0.06044612916785825,0.132748351538032,0.4075163883994331,-0.087942992711448,0.28455578971704903,41844,19020,43746,20922,0.0,0.0,1.0,0.0,0.0
CH_L_319a,11-20,11,20,0.3929059799469363,88,-0.0781630323015555,0.04377949210071056,0.43828427969194306,-0.10319117764605495,0.3781795358926976,38040,20922,39942,22824,0.0,0.0,1.0,0.0,1.0
CH_L_319a,5-19,5,19,0.8521935231377084,69,0.005223774454403974,0.28727609442215485,0.32732585524917235,0.03238439736215413,0.3511584802784383,36138,9510,38040,11412,1.0,1.0,0.0,1.0,1.0
CH_L_319a,5-20,5,20,0.8823004296199352,80,-0.006775112870026736,0.2748157642259979,0.3172110558280913,0.016237843354054045,0.3017231639938931,38040,9510,39942,11412,1.0,1.0,0.0,1.0,0.0
CH_L_319a,5-21,5,21,0.8874323954126362,89,-0.012098445286852262,0.19492879203521898,0.3174643491746109,0.015931317245345595,0.3110677728166742,39942,9510,41844,11412,0.0,0.0,0.0,1.0,0.0
CH_L_319a,5-22,5,22,0.8676379384840319,98,0.0018092219390504517,0.20427629001915665,0.32548508702960705,0.06345166996616641,0.37746479665974636,41844,9510,43746,11412,1.0,0.0,0.0,1.0,1.0
CH_L_319a,5-23,5,23,0.46539917186512125,108,-0.009378838800948754,0.1624851526085244,0.36654173137234486,0.012432389402276674,0.4768453621102218,43746,9510,45648,11412,1.0,0.0,1.0,1.0,1.0
CH_L_319a,6-18,6,18,0.8535339534955282,58,-0.015967613397763886,0.2343423258345005,0.34128062446739116,0.0011747183830616394,0.3080246462389826,34236,11412,36138,13314,0.0,0.0,0.0,0.0,0.0
CH_L_319a,6-19,6,19,0.8970480390527592,112,-0.009617824356902286,0.31582241829948005,0.2957409684189412,0.0066410132088172485,0.3106605604516601,36138,11412,38040,13314,1.0,1.0,0.0,0.0,0.0
CH_L_319a,6-20,6,20,0.9088626170759969,114,-0.02416244580995011,0.25115024842753764,0.3133665158126203,0.012409570144567013,0.23343240310660002,38040,11412,39942,13314,0.0,0.0,0.0,0.0,0.0
CH_L_319a,6-21,6,21,0.8177645740091657,111,-0.027992043410072016,0.17463312251938298,0.3300611898693935,-0.0218194718299406,0.27887338768204023,39942,11412,41844,13314,0.0,0.0,0.0,0.0,0.0
CH_L_319a,6-22,6,22,0.7552804893748147,109,-0.009404959051283817,0.23134395864493693,0.33283215972879127,0.0021565713484491527,0.3572967309518448,41844,11412,43746,13314,1.0,0.0,0.0,0.0,1.0
CH_L_319a,6-23,6,23,0.6516229191278742,113,-0.013810526959370358,0.2427026816365199,0.3527306162340022,0.023367186013116263,0.38559108601452324,43746,11412,45648,13314,0.0,0.0,0.0,1.0,1.0
CH_L_319a,7-18,7,18,0.9043152944371803,47,0.004357731977843172,0.2975005337583603,0.3019021814938354,0.05204564802343876,0.23803824934539897,34236,13314,36138,15216,1.0,1.0,0.0,1.0,0.0
CH_L_319a,7-19,7,19,0.8438547068486212,113,-0.011462132910738214,0.284880127391888,0.31502581970678334,0.012351946093375449,0.30494976750437575,36138,13314,38040,15216,1.0,1.0,0.0,0.0,0.0
CH_L_319a,7-20,7,20,0.8208033787005609,112,-0.023951969021242574,0.20865352895397335,0.328280603710808,-0.04038087644629513,0.3259211651746073,38040,13314,39942,15216,0.0,0.0,0.0,0.0,0.0
CH_L_319a,7-21,7,21,0.6884693614044244,112,-0.02167833883805406,0.2526764866769246,0.32947597887205793,0.0005155811453040288,0.37062740848142794,39942,13314,41844,15216,0.0,0.0,0.0,0.0,1.0
CH_L_319a,7-22,7,22,0.8338839430511199,114,-0.016816275064324454,0.21711187963173287,0.3323425130510229,0.0022143553855744984,0.2958365479617735,41844,13314,43746,15216,0.0,0.0,0.0,0.0,0.0
CH_L_319a,7-23,7,23,0.81414631294077,111,-0.026960180545838614,0.24762975269012114,0.32592769097122365,0.01957487358014673,0.28924421247010756,43746,13314,45648,15216,0.0,0.0,0.0,1.0,0.0
CH_L_319a,7-24,7,24,0.4840313270003014,108,-0.06111510345575125,0.06801141689434341,0.38655342670176956,-0.06691148184648482,0.2752017929878185,45648,13314,47550,15216,0.0,0.0,1.0,0.0,0.0
CH_L_319a,8-19,8,19,0.708154852217252,112,-0.018126838702427314,0.2895490383032185,0.3343491395386569,0.00038554240678926536,0.3094889407803995,36138,15216,38040,17118,0.0,1.0,0.0,0.0,0.0
CH_L_319a,8-20,8,20,0.7845177317396986,112,-0.02133217563584795,0.2724222571838402,0.31474871021925094,-0.0021703343070020105,0.3074360658852102,38040,15216,39942,17118,0.0,1.0,0.0,0.0,0.0
CH_L_319a,8-21,8,21,0.4382222792985988,113,-0.00835228633594997,0.23254996220404076,0.32663179445694845,-0.01796124672780698,0.43453245859645023,39942,15216,41844,17118,1.0,0.0,0.0,0.0,1.0
CH_L_319a,8-22,8,22,0.8562477590831901,113,-0.029641550052920813,0.27451792850302564,0.31694373619718486,-0.0015959055372057147,0.2285337830753154,41844,15216,43746,17118,0.0,1.0,0.0,0.0,0.0
CH_L_319a,8-23,8,23,0.8504005547520094,112,-0.02004260252320436,0.24825451381980718,0.32857199546444166,0.024121463138213634,0.2696840913277651,43746,15216,45648,17118,0.0,0.0,0.0,1.0,0.0
CH_L_319a,8-24,8,24,0.5306598180493757,106,-0.05825725412675571,0.059800160951601254,0.42202679961324396,-0.10536822357123318,0.26009143329929546,45648,15216,47550,17118,0.0,0.0,1.0,0.0,0.0
CH_L_319a,9-19,9,19,0.6469102986683292,114,-0.03679529494437681,0.12743271183976962,0.35030373034343143,-0.04101061892011002,0.24333928315619652,36138,17118,38040,19020,0.0,0.0,0.0,0.0,0.0
CH_L_319a,9-20,9,20,0.7848497384108484,110,-0.01935140487060645,0.25625133587814736,0.3194191827096617,0.009530130125042674,0.2849213852621492,38040,17118,39942,19020,0.0,1.0,0.0,0.0,0.0
CH_L_319a,9-21,9,21,0.6068215063154355,112,-0.015210660982402717,0.23146558440823944,0.32850903337406584,-0.005660930087359355,0.3231551249110227,39942,17118,41844,19020,0.0,0.0,0.0,0.0,0.0
CH_L_319a,9-22,9,22,0.7373533718361794,111,-0.031967008632408055,0.1788620844460726,0.3342953098596024,-0.016302381015420437,0.24495915589883208,41844,17118,43746,19020,0.0,0.0,0.0,0.0,0.0
CH_L_319a,9-23,9,23,0.7189836728910992,110,-0.040300425784162215,0.21493224637676317,0.3624524424802407,-0.039513511414945454,0.2856389458796917,43746,17118,45648,19020,0.0,0.0,1.0,0.0,0.0
CH_L_319a,9-24,9,24,0.3892756334747153,113,-0.06555334174027487,0.10373951685805065,0.41057461769712134,-0.08666193943166173,0.2817897986469965,45648,17118,47550,19020,0.0,0.0,1.0,0.0,0.0
CH_L_320a,10-16,10,16,0.322414933833378,116,-0.03223664414044862,0.13055791982707787,0.33381985567757366,-0.02969886542654418,0.4335788071472728,30432,19020,32334,20922,0.0,0.0,0.0,0.0,0.0
CH_L_320a,10-18,10,18,0.322021694891671,58,-0.017789029535217712,0.09039888158423338,0.3712181924146821,-0.047933639189035857,0.3797214012595807,34236,19020,36138,20922,0.0,0.0,0.0,0.0,0.0
CH_L_320a,10-19,10,19,0.7374319838163838,109,0.021196648577107572,0.1827007396977343,0.31671842794246824,0.03987345806018902,0.3994607074386885,36138,19020,38040,20922,1.0,1.0,0.0,1.0,0.0
CH_L_320a,10-20,10,20,0.5048446960473385,71,-0.02759438789877561,0.10128440788926796,0.35558399247215466,-0.06232099181737769,0.5059839448751714,38040,19020,39942,20922,0.0,0.0,0.0,0.0,0.0
CH_L_320a,11-14,11,14,0.49286206862551774,71,0.03646236488039238,0.19117680325436054,0.27583015612920553,0.0308719219842922,0.47843519719221966,26628,20922,28530,22824,1.0,1.0,0.0,1.0,0.0
CH_L_320a,11-15,11,15,0.434519036964046,107,-0.019054509094928854,0.15626486572168174,0.3044717502250787,-0.014075722909036713,0.49337011799881686,28530,20922,30432,22824,0.0,0.0,0.0,0.0,0.0
CH_L_320a,11-16,11,16,0.30902240260558234,95,-0.06184956287714864,0.06165549888658572,0.38113163501115893,-0.09974725350531473,0.5437987232869345,30432,20922,32334,22824,0.0,0.0,0.0,0.0,1.0
CH_L_320a,11-17,11,17,0.5955462490859459,109,-0.016434216615695767,0.18953244592009968,0.3173568378574738,-0.013448942386689809,0.3762524966617256,32334,20922,34236,22824,0.0,1.0,0.0,0.0,0.0
CH_L_320a,11-18,11,18,0.7369864261554883,110,0.02099875119359478,0.22043197683327378,0.27631806416793286,0.029860854813415952,0.38564065890179683,34236,20922,36138,22824,1.0,1.0,0.0,1.0,0.0
CH_L_320a,11-19,11,19,0.6607597768636398,119,0.006949571911640071,0.12150950270278198,0.3351428669121877,0.010401952892253844,0.38973700432044694,36138,20922,38040,22824,0.0,0.0,0.0,1.0,0.0
CH_L_320a,11-20,11,20,0.8747771055142026,90,0.04747451606502499,0.17565494882635818,0.27616710037849895,0.07422505419299778,0.39233496289108394,38040,20922,39942,22824,1.0,1.0,0.0,1.0,0.0
CH_L_320a,12-14,12,14,0.4208456832543863,65,-0.03508681837468338,0.05630947204646688,0.37103133134813754,-0.06429323178177146,0.5745167850312876,26628,22824,28530,24726,0.0,0.0,0.0,0.0,1.0
CH_L_320a,12-15,12,15,0.4993407398222878,87,-0.05704935101309124,0.04958273970698205,0.39554518593545807,-0.08538296025276014,0.5055564572121992,28530,22824,30432,24726,0.0,0.0,1.0,0.0,0.0
CH_L_320a,12-16,12,16,0.6292159318195228,88,-0.032980541658573254,0.15027026687113534,0.35733941282421927,-0.047984804109134145,0.47372441356296663,30432,22824,32334,24726,0.0,0.0,0.0,0.0,0.0
CH_L_320a,12-17,12,17,0.7133177203674291,112,0.010425600990988023,0.199513028194584,0.307162720201262,0.017094101271505183,0.4106661728953996,32334,22824,34236,24726,1.0,1.0,0.0,1.0,0.0
CH_L_320a,12-18,12,18,0.8426499972529456,110,0.04287805828361594,0.23212538294457755,0.2699439225744489,0.07979151633438286,0.3677776410337964,34236,22824,36138,24726,1.0,1.0,0.0,1.0,0.0
CH_L_320a,12-19,12,19,0.45060278401066267,110,-0.015768668377632876,0.12891881732860308,0.3410364834338872,-0.037959871142833536,0.4105497889688376,36138,22824,38040,24726,0.0,0.0,0.0,0.0,0.0
CH_L_320a,12-20,12,20,0.8434236038096024,80,0.04034350077194919,0.21315540301715083,0.2729753045111516,0.07784546289978295,0.3952779806680499,38040,22824,39942,24726,1.0,1.0,0.0,1.0,0.0
CH_L_320a,13-14,13,14,0.45777233647331256,46,-0.023339367864213607,0.02002564184531598,0.3878420358442456,-0.06683677170925974,0.5734045562149603,26628,24726,28530,26628,0.0,0.0,1.0,0.0,1.0
CH_L_320a,13-15,13,15,0.4069605807902445,81,-0.05088079574692904,0.06760501095190496,0.3578824004884645,-0.07800794022801304,0.5710949852394442,28530,24726,30432,26628,0.0,0.0,0.0,0.0,1.0
CH_L_320a,13-16,13,16,0.591137757264048,85,-0.022038202299277034,0.13878729810012078,0.3343023857828321,-0.04683653530872383,0.5129460753528926,30432,24726,32334,26628,0.0,0.0,0.0,0.0,1.0
CH_L_320a,13-17,13,17,0.5639575134597171,84,-0.032398565191707154,0.16208804900002996,0.33847360860829995,-0.015444701907395395,0.4648866913487973,32334,24726,34236,26628,0.0,0.0,0.0,0.0,0.0
CH_L_320a,13-18,13,18,0.7912226469668481,108,0.03916334007481215,0.2521209232160982,0.2846497535513141,0.07555768485165142,0.40402294497165314,34236,24726,36138,26628,1.0,1.0,0.0,1.0,0.0
CH_L_320a,13-19,13,19,0.43587177824358475,108,0.00019620461735049376,0.14547639732395307,0.30877048943389646,-0.007054292876149576,0.41749735518765135,36138,24726,38040,26628,0.0,0.0,0.0,0.0,0.0
CH_L_320a,13-20,13,20,0.5128061058107368,46,0.01977438274576602,0.13022796782420698,0.29692247011435946,-0.00608736880123155,0.4936338824337577,38040,24726,39942,26628,1.0,0.0,0.0,0.0,0.0
CH_L_320a,7-14,7,14,0.5549123358178635,41,-0.00474566667357447,0.09269846504609815,0.3364052801711243,-0.02769456728924421,0.5483046759000945,26628,13314,28530,15216,0.0,0.0,0.0,0.0,1.0
CH_L_320a,7-15,7,15,0.5961939969486999,59,-0.014758666135776137,0.07040251021068712,0.34212365058915184,-0.044579662155375774,0.5691926810915989,28530,13314,30432,15216,0.0,0.0,0.0,0.0,1.0
CH_L_320a,7-16,7,16,0.481519120381556,57,-0.03620150249360518,0.029014750349199453,0.4093221594005963,-0.06658336606864361,0.5829255872579168,30432,13314,32334,15216,0.0,0.0,1.0,0.0,1.0
CH_L_320a,7-17,7,17,0.38543771385707953,55,-0.08279147964579671,0.029917973261354265,0.4496109257496768,-0.1060194780030132,0.5096243359931564,32334,13314,34236,15216,0.0,0.0,1.0,0.0,0.0
CH_L_320a,7-19,7,19,0.4864069585348913,44,-0.08517947234946746,0.024388785144941784,0.46835157474381134,-0.12358334642897041,0.43680423840337,36138,13314,38040,15216,0.0,0.0,1.0,0.0,0.0
CH_L_320a,8-14,8,14,0.3987443014549348,74,0.008203979294888633,0.14598160003747776,0.29642713587133035,-0.012873199787553566,0.5102345332041246,26628,15216,28530,17118,1.0,0.0,0.0,0.0,0.0
CH_L_320a,8-15,8,15,0.6624579301066631,111,0.007770896094925884,0.20926982731516677,0.31643431490482704,0.0046506189947765645,0.468442027481074,28530,15216,30432,17118,0.0,1.0,0.0,1.0,0.0
CH_L_320a,8-16,8,16,0.5408420758253364,94,-0.034475308693228186,0.12067163215588744,0.35588068675631956,-0.04699877320803583,0.5007237399896526,30432,15216,32334,17118,0.0,0.0,0.0,0.0,0.0
CH_L_320a,8-17,8,17,0.4060463032642878,85,-0.06281901817618955,0.044275724821368725,0.41485766401858765,-0.08341431240942285,0.5023643890691994,32334,15216,34236,17118,0.0,0.0,1.0,0.0,0.0
CH_L_320a,8-18,8,18,0.3912943893539212,66,-0.07245719668057826,0.028779242660713408,0.44774613588345996,-0.11639729377717149,0.5363719851289835,34236,15216,36138,17118,0.0,0.0,1.0,0.0,1.0
CH_L_320a,8-19,8,19,0.46091896704902807,85,-0.07280335099333661,0.031083146148533285,0.45239466632305797,-0.10206371397917831,0.48244960985887353,36138,15216,38040,17118,0.0,0.0,1.0,0.0,0.0
CH_L_320a,8-20,8,20,0.34693853092598737,77,-0.08840074713469961,0.033830176805666426,0.44945198222246124,-0.11358432595084564,0.3719293119495785,38040,15216,39942,17118,0.0,0.0,1.0,0.0,0.0
CH_L_320a,9-16,9,16,0.3967229908596352,104,-0.03114752733640275,0.13022097170133,0.33549839146663935,-0.050128410462282995,0.454478127170435,30432,17118,32334,19020,0.0,0.0,0.0,0.0,0.0
CH_L_320a,9-17,9,17,0.48586006360229017,117,-0.021152867008410767,0.15097481497960022,0.36315861572649977,-0.031132337554232073,0.43839055984213915,32334,17118,34236,19020,0.0,0.0,0.0,0.0,0.0
CH_L_320a,9-20,9,20,0.33152817290252384,77,-0.06195918525047422,0.042722291269737686,0.4229958460203507,-0.10917995170591173,0.5192104846553303,38040,17118,39942,19020,0.0,0.0,1.0,0.0,1.0
CH_L_321a,10-12,10,12,0.750791932832677,117,0.013488495901310283,0.2533302432089095,0.31999197421799264,0.07948470916804655,0.348814020409868,22824,19020,24726,20922,1.0,0.0,0.0,1.0,0.0
CH_L_321a,10-13,10,13,0.676238480906402,119,0.009219420031264134,0.269881201263031,0.3166362394425053,0.0512865097009041,0.39655579279651293,24726,19020,26628,20922,0.0,0.0,0.0,0.0,0.0
CH_L_321a,10-14,10,14,0.7342829718551951,121,0.005328530890225654,0.3163060132306713,0.3107981609575376,0.044749209466673635,0.3964002446004073,26628,19020,28530,20922,0.0,1.0,0.0,0.0,0.0
CH_L_321a,10-15,10,15,0.7237533928274515,119,0.0016791087166241564,0.23766737958753467,0.34826059553381417,0.028098283183599693,0.37965662763510216,28530,19020,30432,20922,0.0,0.0,0.0,0.0,0.0
CH_L_321a,10-16,10,16,0.680842209047548,118,0.010083516882680811,0.28959338906321275,0.32267762368398517,0.058093633803180465,0.41305496626121035,30432,19020,32334,20922,1.0,1.0,0.0,0.0,1.0
CH_L_321a,10-17,10,17,0.7507121849947934,120,0.018531618264878136,0.32633681736749237,0.3010215563928939,0.08299197511602739,0.3688164927637531,32334,19020,34236,20922,1.0,1.0,0.0,1.0,0.0
CH_L_321a,11-11,11,11,0.8774840567649437,45,0.026021892627073065,0.29606656788316243,0.3399205933200971,0.06565628162787837,0.2819208719281264,20922,20922,22824,22824,1.0,1.0,0.0,1.0,0.0
CH_L_321a,11-12,11,12,0.7302261587398622,118,-0.001053833229891747,0.2122695270234986,0.3543312096995216,-0.0026831399875213526,0.3860191431980917,22824,20922,24726,22824,0.0,0.0,0.0,0.0,0.0
CH_L_321a,11-13,11,13,0.6957435539339754,119,0.010040534335613385,0.2592575250721025,0.33666694418908083,0.042821802809129006,0.38864419798037264,24726,20922,26628,22824,0.0,0.0,0.0,0.0,0.0
CH_L_321a,11-14,11,14,0.7097273501999014,117,0.008031272208545786,0.2812477411337676,0.33675892593844975,0.046112115456680106,0.3616625363710052,26628,20922,28530,22824,0.0,1.0,0.0,0.0,0.0
CH_L_321a,11-15,11,15,0.7286274197124006,119,-0.007244538398033495,0.2602867281616421,0.34758359229942287,0.025277201468074238,0.3589721802213304,28530,20922,30432,22824,0.0,0.0,0.0,0.0,0.0
CH_L_321a,11-16,11,16,0.6594824641147117,119,0.01515479749840664,0.2873570778803299,0.323356596807421,0.0676550188661873,0.4220530375839052,30432,20922,32334,22824,1.0,1.0,0.0,1.0,1.0
CH_L_321a,11-17,11,17,0.6306718198735805,108,0.021645207248093462,0.2841167497351795,0.314581437137815,0.0636226815628619,0.42914799085813055,32334,20922,34236,22824,1.0,1.0,0.0,1.0,1.0
CH_L_321a,12-11,12,11,0.8493632080026042,51,0.011851544606192277,0.23891247513004374,0.37863145352401606,0.05180100621146071,0.36231248297977126,20922,22824,22824,24726,1.0,0.0,1.0,0.0,0.0
CH_L_321a,12-12,12,12,0.6918296588924864,120,0.02542255325125666,0.2804114803414255,0.3399100608314214,0.06136542394283181,0.43441154974433555,22824,22824,24726,24726,1.0,0.0,0.0,0.0,1.0
CH_L_321a,12-13,12,13,0.5487523958259852,120,-0.007566521285570346,0.21510641151725649,0.37220880022644626,0.007527262139809757,0.44464087178478695,24726,22824,26628,24726,0.0,0.0,1.0,0.0,1.0
CH_L_321a,12-14,12,14,0.5533232852515204,121,0.004055716865616029,0.23617068881356093,0.355606470204971,0.037871424253354345,0.4023626658163843,26628,22824,28530,24726,0.0,0.0,0.0,0.0,0.0
CH_L_321a,12-15,12,15,0.680849641216433,116,0.006860193550526407,0.2527170573439233,0.33548317679255474,0.03471358038355811,0.38220611311593844,28530,22824,30432,24726,0.0,0.0,0.0,0.0,0.0
CH_L_321a,12-16,12,16,0.7356409183808819,122,-0.0010067413654175129,0.2581137409414938,0.3305288523889471,0.05209113680111692,0.37207254517769234,30432,22824,32334,24726,0.0,0.0,0.0,0.0,0.0
CH_L_321a,12-17,12,17,0.6365712387468038,101,0.024603364719822655,0.3343273827005349,0.30289263320672083,0.08084487102627136,0.4338707718386383,32334,22824,34236,24726,1.0,1.0,0.0,1.0,1.0
CH_L_321a,13-13,13,13,0.7477325442015584,42,-0.025961254429813667,0.19748661889618635,0.41448811793921747,-0.035979878384501,0.35413452292821684,24726,24726,26628,26628,0.0,0.0,1.0,0.0,0.0
CH_L_321a,13-14,13,14,0.5756814024820203,52,-0.04118045563722947,0.12353401672935721,0.44506338586092364,-0.043755150528172616,0.3460478787861216,26628,24726,28530,26628,0.0,0.0,1.0,0.0,0.0
CH_L_321a,13-15,13,15,0.5866410659721563,58,-0.041257900228906644,0.11913726949926925,0.4499840613661304,-0.030875246697247866,0.34879754413723074,28530,24726,30432,26628,0.0,0.0,1.0,0.0,0.0
CH_L_321a,13-16,13,16,0.5776659572061145,62,-0.03802764802820152,0.16378279146052233,0.42776411568010314,-0.03932814823335745,0.3291742592803194,30432,24726,32334,26628,0.0,0.0,1.0,0.0,0.0
CH_L_321a,13-17,13,17,0.6983410386930112,59,-0.044392933613398355,0.1796527318858453,0.41055115595099895,-0.021457743713977854,0.3234483557850155,32334,24726,34236,26628,0.0,0.0,1.0,0.0,0.0
CH_L_321a,6-12,6,12,0.33381990275949464,42,-0.07990488162029694,0.03608454103950148,0.49349234752626825,-0.13882202970600982,0.43348774800055084,22824,11412,24726,13314,0.0,0.0,1.0,0.0,1.0
CH_L_321a,7-12,7,12,0.38751749872067065,120,-0.0669543574950147,0.055657002807761376,0.47032416577921465,-0.08691306532051542,0.4600104353371315,22824,13314,24726,15216,0.0,0.0,1.0,0.0,1.0
CH_L_321a,7-13,7,13,0.5598791233198145,118,-0.04264545874075879,0.14211359694652254,0.4205928823531671,-0.04970402159188008,0.34544181502720933,24726,13314,26628,15216,0.0,0.0,1.0,0.0,0.0
CH_L_321a,7-14,7,14,0.7442657238559469,118,-0.016446014770444477,0.18789602497258148,0.3606305839124173,0.0166154860065071,0.3293617592357682,26628,13314,28530,15216,0.0,0.0,0.0,0.0,0.0
CH_L_321a,7-15,7,15,0.8810482160420764,121,-0.0012885687820154128,0.18404846372554376,0.33729778676310423,0.055162457041772736,0.32960714955625636,28530,13314,30432,15216,0.0,0.0,0.0,0.0,0.0
CH_L_321a,7-16,7,16,0.8019070195783975,117,0.009390355025974025,0.1296299482665551,0.34880153509487655,0.07023023983515825,0.35893565429918517,30432,13314,32334,15216,0.0,0.0,0.0,1.0,0.0
CH_L_321a,8-12,8,12,0.7437223759026556,119,-0.015194102730273372,0.18065560274803993,0.3549913728074135,0.020816758414355034,0.33672657676932,22824,15216,24726,17118,0.0,0.0,0.0,0.0,0.0
CH_L_321a,8-13,8,13,0.8604863011195595,119,0.004781755893252394,0.23072837689497655,0.33610178209587044,0.045950744867332804,0.32422956961846916,24726,15216,26628,17118,0.0,0.0,0.0,0.0,0.0
CH_L_321a,8-14,8,14,0.6100265474667372,114,-0.021432046345046325,0.15300865410561273,0.37933176967100957,-0.01725173982655106,0.304219793556224,26628,15216,28530,17118,0.0,0.0,1.0,0.0,0.0
CH_L_321a,8-15,8,15,0.7723598330976102,121,0.0026185983126844887,0.24865215791029258,0.3199471575701799,0.06888482427757539,0.3794140175558657,28530,15216,30432,17118,0.0,0.0,0.0,1.0,0.0
CH_L_321a,8-16,8,16,0.7697421953973237,118,0.008457064216453099,0.24717465698758195,0.299638261111532,0.07566457039333511,0.3787574061672517,30432,15216,32334,17118,0.0,0.0,0.0,1.0,0.0
CH_L_321a,8-17,8,17,0.6264385271834442,117,0.0006554932943978948,0.21227619104094933,0.3185854408921864,0.050731447136405795,0.41827681517433485,32334,15216,34236,17118,0.0,0.0,0.0,0.0,1.0
CH_L_321a,9-12,9,12,0.8834925238671625,117,0.010542711935734961,0.22938987824445536,0.31180850349742684,0.08121396549241762,0.3082785591271914,22824,17118,24726,19020,1.0,0.0,0.0,1.0,0.0
CH_L_321a,9-13,9,13,0.7715468254400056,119,0.006735644394907889,0.29735129006454725,0.31609055614918263,0.05741539898365619,0.38333999249662465,24726,17118,26628,19020,0.0,1.0,0.0,0.0,0.0
CH_L_321a,9-14,9,14,0.7141261965640685,121,0.0038786021630794975,0.2831287339408827,0.32575302901980213,0.05187721508384543,0.367599532664926,26628,17118,28530,19020,0.0,1.0,0.0,0.0,0.0
CH_L_321a,9-15,9,15,0.6528218273364971,117,0.0030336296110592196,0.28668570403509736,0.3235953143315575,0.05205668565512608,0.4251264934830515,28530,17118,30432,19020,0.0,1.0,0.0,0.0,1.0
CH_L_321a,9-16,9,16,0.6459639361485848,120,-0.0017100132061413373,0.22792255121257715,0.34658370506862485,0.023208369513823348,0.4057833752167383,30432,17118,32334,19020,0.0,0.0,0.0,0.0,1.0
CH_L_321a,9-17,9,17,0.7247744382262025,121,0.011729206892908326,0.2688128074143759,0.303697034719098,0.0790664560619397,0.3922386397811717,32334,17118,34236,19020,1.0,0.0,0.0,1.0,0.0
CH_L_322a,10-10,10,10,0.31845284500039417,96,-0.036260714851201144,0.15489550896206392,0.37625539931992935,-0.07113806764841563,0.4275410252531699,19020,19020,20922,20922,0.0,0.0,1.0,0.0,1.0
CH_L_322a,10-11,10,11,0.6395074151884531,104,-0.030209260460684752,0.31671799434564496,0.32976980692072044,0.0027469581977790478,0.3708582160066894,20922,19020,22824,20922,1.0,0.0,0.0,0.0,0.0
CH_L_322a,10-12,10,12,0.8181266540092641,104,-0.02952729716897667,0.4008452207127902,0.3156680964232463,0.025538345337753027,0.31454732040551625,22824,19020,24726,20922,1.0,0.0,0.0,0.0,0.0
CH_L_322a,10-13,10,13,0.9300826112654403,105,-0.056242466695600055,0.4224863388629042,0.3032929142640641,0.04122278786854478,0.25861386626545646,24726,19020,26628,20922,0.0,0.0,0.0,1.0,0.0
CH_L_322a,10-14,10,14,0.8871922992568037,104,-0.06132629450960452,0.3782736503494296,0.29355986893076935,0.017233160930297472,0.3032904639374752,26628,19020,28530,20922,0.0,0.0,0.0,0.0,0.0
CH_L_322a,11-11,11,11,0.7585497727787367,103,-0.03607643261784687,0.3834361384999011,0.3348846994168066,0.011332190559471685,0.378857818400764,20922,20922,22824,22824,0.0,0.0,1.0,0.0,1.0
CH_L_322a,11-12,11,12,0.9248443226385378,99,-0.02655929566333687,0.4193529369897435,0.3402184059077347,0.045384568675887596,0.31545205960034634,22824,20922,24726,22824,1.0,0.0,1.0,1.0,0.0
CH_L_322a,11-13,11,13,0.9161888470345027,101,-0.047792818886568604,0.4579969572416192,0.27337271300539195,0.05661644961340954,0.297707329279963,24726,20922,26628,22824,0.0,1.0,0.0,1.0,0.0
CH_L_322a,11-14,11,14,0.9000632673399273,103,-0.047615862577911554,0.4277555317611203,0.27218113061990645,0.04649822512380047,0.3210983138086754,26628,20922,28530,22824,0.0,0.0,0.0,1.0,0.0
CH_L_322a,12-10,12,10,0.7477088809691077,94,-0.029672022247430103,0.37736916458708675,0.3408188061329355,0.00033978028340544145,0.3542640708074341,19020,22824,20922,24726,1.0,0.0,1.0,0.0,0.0
CH_L_322a,12-11,12,11,0.9288632921406776,103,-0.04355833344232594,0.3408999114699602,0.3740483405012603,0.02065060701160292,0.28672516213489263,20922,22824,22824,24726,0.0,0.0,1.0,0.0,0.0
CH_L_322a,12-12,12,12,0.9401659932685686,100,-0.03886475232711739,0.3963110611221196,0.3362208911817858,0.0685873063728137,0.3010901323873595,22824,22824,24726,24726,0.0,0.0,1.0,1.0,0.0
CH_L_322a,12-14,12,14,0.9412200135028492,40,-0.05153534270385383,0.4611872630654424,0.28226443269314716,0.03886896425864777,0.23391600113095357,26628,22824,28530,24726,0.0,1.0,0.0,1.0,0.0
CH_L_322a,13-10,13,10,0.5594231279652578,105,-0.023892450785914857,0.35987409308911794,0.3277961185523219,-0.006699911570992542,0.42065832353663,19020,24726,20922,26628,1.0,0.0,0.0,0.0,1.0
CH_L_322a,13-11,13,11,0.918787235817524,104,-0.03487310768597743,0.4949909505691977,0.28398512709982915,0.042256557183187174,0.2865411259253317,20922,24726,22824,26628,0.0,1.0,0.0,1.0,0.0
CH_L_322a,13-12,13,12,0.8288282461536776,105,-0.04195587686181536,0.4331667368993959,0.301391990969659,0.029641126207200493,0.3658751223314595,22824,24726,24726,26628,0.0,0.0,0.0,0.0,0.0
CH_L_322a,13-13,13,13,0.9355354769049715,101,-0.03870682900568182,0.48230311896293976,0.2875508498016179,0.05018157069330053,0.2814148168377094,24726,24726,26628,26628,0.0,1.0,0.0,1.0,0.0
CH_L_322a,13-14,13,14,0.9520315154777549,103,-0.05277269672181454,0.5111969428456289,0.2538740430748748,0.04041712713339617,0.2237349327731152,26628,24726,28530,26628,0.0,1.0,0.0,1.0,0.0
CH_L_322a,13-9,13,9,0.6442542763521039,44,-0.05505896797222589,0.2768048519722056,0.3739801742927807,-0.05311725258240261,0.37537403228996385,17118,24726,19020,26628,0.0,0.0,1.0,0.0,0.0
CH_L_322a,14-10,14,10,0.879378026919086,104,-0.03943345397640562,0.4302052012633695,0.2846161223477607,0.02633982419724988,0.2822839806102996,19020,26628,20922,28530,0.0,0.0,0.0,0.0,0.0
CH_L_322a,14-11,14,11,0.945340470527582,103,-0.048191862973147995,0.4314829056801897,0.2549944383482449,0.03026510652979917,0.2707043060104045,20922,26628,22824,28530,0.0,0.0,0.0,0.0,0.0
CH_L_322a,14-12,14,12,0.9270579611805345,105,-0.0500623291720301,0.4775687876266056,0.23794994226567484,0.029848488985395685,0.276541696326974,22824,26628,24726,28530,0.0,1.0,0.0,0.0,0.0
CH_L_322a,14-13,14,13,0.9367532484318362,101,-0.04804520577594251,0.4171153575579972,0.25427318957411865,0.012903845268116517,0.26874170435039046,24726,26628,26628,28530,0.0,0.0,0.0,0.0,0.0
CH_L_322a,14-14,14,14,0.9172710877392591,104,-0.06867186667136546,0.4430628291693708,0.24988016399779706,0.023355631494911103,0.27577058804510735,26628,26628,28530,28530,0.0,1.0,0.0,0.0,0.0
CH_L_322a,14-15,14,15,0.8579844130913792,40,-0.06336661432051952,0.4490457688804191,0.27811097814331454,0.003356064725930503,0.2774152194223377,28530,26628,30432,28530,0.0,1.0,0.0,0.0,0.0
CH_L_322a,14-9,14,9,0.6973839382219116,55,-0.03403484660440267,0.4213065531103205,0.29204137927316665,0.014224628577765788,0.387268986395683,17118,26628,19020,28530,0.0,0.0,0.0,0.0,1.0
CH_L_322a,15-10,15,10,0.708864478133265,48,-0.04437863131397032,0.38332305776371106,0.3173863135212599,0.005576925036395427,0.4013534877549185,19020,28530,20922,30432,0.0,0.0,0.0,0.0,1.0
CH_L_322a,15-11,15,11,0.9492795296220079,67,-0.04064043094577163,0.42628788014137664,0.2387920491915509,0.0313782630659944,0.25276881020882686,20922,28530,22824,30432,0.0,0.0,0.0,0.0,0.0
CH_L_322a,15-12,15,12,0.9449723031071252,67,-0.05158433346437678,0.49671262795056736,0.2161537965952144,0.03941734167719279,0.17141239424786237,22824,28530,24726,30432,0.0,1.0,0.0,1.0,0.0
CH_L_322a,15-13,15,13,0.9450655141612649,65,-0.050823819524302226,0.4707557918905025,0.23294365559726107,0.03822541497214365,0.21927165328522769,24726,28530,26628,30432,0.0,1.0,0.0,1.0,0.0
CH_L_322a,15-14,15,14,0.8916034457264388,65,-0.054632199832055695,0.48919756461664127,0.2684169403750938,0.016378547949396676,0.2850638402183385,26628,28530,28530,30432,0.0,1.0,0.0,0.0,0.0
CH_L_322a,15-9,15,9,0.5140616904507675,49,-0.049037866987269134,0.31330557955191424,0.35434753322683576,-0.04865122456972244,0.40502352680214615,17118,28530,19020,30432,0.0,0.0,1.0,0.0,1.0
CH_L_322a,8-11,8,11,0.6724495266776629,48,-0.026978867871407467,0.2370485836400208,0.3373041853190483,-0.016606446577408236,0.42685590766223863,20922,15216,22824,17118,1.0,0.0,1.0,0.0,1.0
CH_L_322a,8-12,8,12,0.7415820627888241,47,-0.00014222135902400667,0.3236043759680553,0.34218299729573065,0.008198827223849244,0.3975026453519405,22824,15216,24726,17118,1.0,0.0,1.0,0.0,1.0
CH_L_322a,8-13,8,13,0.6714733320383536,48,0.002400031361911412,0.382959497749286,0.3314790564836841,0.029277665379059837,0.44897376454384136,24726,15216,26628,17118,1.0,0.0,0.0,0.0,1.0
CH_L_322a,8-14,8,14,0.380179181528945,47,-0.03340153194082285,0.3471401114993211,0.303736600456426,-0.017867835578932876,0.47890871848634115,26628,15216,28530,17118,1.0,0.0,0.0,0.0,1.0
CH_L_322a,9-10,9,10,0.6348435674942975,104,-0.03943997897616271,0.1966964142880432,0.33329038666845595,-0.030660721063332567,0.3511286600283988,19020,17118,20922,19020,0.0,0.0,0.0,0.0,0.0
CH_L_322a,9-11,9,11,0.8191541584796687,104,-0.023700783375716735,0.33435691296257275,0.33278674460801067,0.033070528743618204,0.3765558174726138,20922,17118,22824,19020,1.0,0.0,0.0,0.0,1.0
CH_L_322a,9-12,9,12,0.8177016512378829,104,-0.016610513106291788,0.35176938551347614,0.3238302357610401,0.02549408483794828,0.34730513355746745,22824,17118,24726,19020,1.0,0.0,0.0,0.0,0.0
CH_L_322a,9-13,9,13,0.7965415481390716,103,-0.03612921549717033,0.3707350899179994,0.3558199597723741,0.005142209409042243,0.3401383039109351,24726,17118,26628,19020,0.0,0.0,1.0,0.0,0.0
CH_L_322a,9-14,9,14,0.8461474826564028,105,-0.05443856664932916,0.4211749322231941,0.28970125705530725,0.016810390415728002,0.30437208075051886,26628,17118,28530,19020,0.0,0.0,0.0,0.0,0.0
CH_L_323a,10-10,10,10,0.6388734126669925,109,0.047770156024330476,0.0955144863146541,0.29701412789328313,0.07794312846358337,0.47611798352858165,19020,19020,20922,20922,1.0,0.0,0.0,1.0,0.0
CH_L_323a,10-11,10,11,0.44704337257359644,65,0.039064105496639294,0.11667586674563064,0.31792685670813303,0.02837940488459407,0.5839125495167167,20922,19020,22824,20922,1.0,1.0,0.0,0.0,1.0
CH_L_323a,10-12,10,12,0.36320676725682777,102,0.0169889346470456,0.1567108105271225,0.32993797147464776,-0.005501088937658219,0.5638289070093367,22824,19020,24726,20922,0.0,1.0,0.0,0.0,1.0
CH_L_323a,10-13,10,13,0.4406583666188859,110,0.02350469833599762,0.10772525413409242,0.3385647152485477,0.000725962617754332,0.5650348275326926,24726,19020,26628,20922,0.0,1.0,0.0,0.0,1.0
CH_L_323a,10-14,10,14,0.46065292787984,82,0.017985381042612426,0.0606185353617319,0.3676040028466614,0.00480153089436939,0.583903267494713,26628,19020,28530,20922,0.0,0.0,1.0,0.0,1.0
CH_L_323a,10-8,10,8,0.5037789275497809,87,0.019173758960997295,0.086690363902555,0.3292088968859632,0.045993706117676066,0.4273622254602431,15216,19020,17118,20922,0.0,0.0,0.0,0.0,0.0
CH_L_323a,10-9,10,9,0.6312167927757757,113,0.043862507420354566,0.07170661765206389,0.3070599877891299,0.08454710801466402,0.4281700544329495,17118,19020,19020,20922,1.0,0.0,0.0,1.0,0.0
CH_L_323a,11-10,11,10,0.542477043622531,65,0.022978685797136845,0.055690091098417056,0.3427872226734167,0.039716401508942165,0.531827746254364,19020,20922,20922,22824,0.0,0.0,0.0,0.0,1.0
CH_L_323a,11-11,11,11,0.36389681048689754,65,-0.003754919717919611,0.06224121707650544,0.3561764514193397,-0.03912894254020892,0.5856120234151163,20922,20922,22824,22824,0.0,0.0,1.0,0.0,1.0
CH_L_323a,11-12,11,12,0.3411106259981655,59,0.01585183225165662,0.05120307873581814,0.384417728529561,-0.03118311126114947,0.5877546718444941,22824,20922,24726,22824,0.0,0.0,1.0,0.0,1.0
CH_L_323a,11-13,11,13,0.39579831719605457,49,-0.0031366014718745817,0.024333480681673885,0.3738241018254157,0.01925166824587972,0.5877236174959598,24726,20922,26628,22824,0.0,0.0,1.0,0.0,1.0
CH_L_323a,11-8,11,8,0.49022309372757106,65,0.02200995090106305,0.10018105441042868,0.3026991447269175,0.043755881216502736,0.4897618677774813,15216,20922,17118,22824,0.0,1.0,0.0,0.0,0.0
CH_L_323a,11-9,11,9,0.5183914521126808,77,0.014148113600007978,0.074772777450278,0.3255830645917219,0.012067347981687505,0.4597112021316042,17118,20922,19020,22824,0.0,0.0,0.0,0.0,0.0
CH_L_323a,4-12,4,12,0.7891139456638733,46,0.0172461127655237,0.111203078602161,0.3040814689032984,0.019674250581180795,0.4123969933269757,22824,7608,24726,9510,0.0,1.0,0.0,0.0,0.0
CH_L_323a,4-13,4,13,0.8031742210624903,52,0.001113011438968787,0.08654102578668882,0.36131289619406676,0.0031647705866354437,0.5051773566552875,24726,7608,26628,9510,0.0,0.0,1.0,0.0,0.0
CH_L_323a,5-10,5,10,0.8924252323794717,111,0.016165198357846335,0.025124266716707915,0.3475669203379298,0.019620014665955383,0.34812833523305464,19020,9510,20922,11412,0.0,0.0,0.0,0.0,0.0
CH_L_323a,5-11,5,11,0.649024870587487,91,0.0011066259023210735,0.05375638506725219,0.3568682528962328,-0.008479916310998505,0.49284420929096817,20922,9510,22824,11412,0.0,0.0,1.0,0.0,0.0
CH_L_323a,5-12,5,12,0.5303256932460689,96,-0.0005196983345380923,0.0742233837142381,0.3709951330615528,-0.006494577679030775,0.5068659810424705,22824,9510,24726,11412,0.0,0.0,1.0,0.0,0.0
CH_L_323a,5-13,5,13,0.4256712473134114,110,-0.019790335912503128,0.048083239341244664,0.40319209332634626,-0.049292198066226214,0.5328245997371237,24726,9510,26628,11412,0.0,0.0,1.0,0.0,1.0
CH_L_323a,5-9,5,9,0.8870160853999487,62,0.017604696436287835,0.0372051212160438,0.356151020554278,0.03714488621449949,0.362745775252414,17118,9510,19020,11412,0.0,0.0,1.0,0.0,0.0
CH_L_323a,6-10,6,10,0.7110297692847299,77,0.009024487439005796,0.043961763046625836,0.35579514807271206,0.0020261280185675324,0.3959039095662481,19020,11412,20922,13314,0.0,0.0,1.0,0.0,0.0
CH_L_323a,6-11,6,11,0.7069855730031366,67,0.02799953381091415,0.11447661005060732,0.3266827295276939,0.04296029763650782,0.486537996701835,20922,11412,22824,13314,0.0,1.0,0.0,0.0,0.0
CH_L_323a,6-12,6,12,0.7409092987583736,111,0.03446792604490572,0.08022646867064682,0.3365837869158596,0.040262459628115276,0.44735494204445714,22824,11412,24726,13314,0.0,0.0,0.0,0.0,0.0
CH_L_323a,6-13,6,13,0.7676900059402619,114,0.03305219863396622,0.062348000277930755,0.3444262427067882,0.05926614893646157,0.4463652578062145,24726,11412,26628,13314,0.0,0.0,0.0,1.0,0.0
CH_L_323a,6-14,6,14,0.7233943112775338,49,0.012708545468351831,0.06749254333834434,0.3609590615957263,0.029155677219008427,0.4363995136231705,26628,11412,28530,13314,0.0,0.0,1.0,0.0,0.0
CH_L_323a,6-8,6,8,0.8000282614462728,83,0.017432803919587948,0.05349381062326006,0.3530529001208642,0.02527051588493156,0.4682484047498873,15216,11412,17118,13314,0.0,0.0,0.0,0.0,0.0
CH_L_323a,6-9,6,9,0.8663215437759572,99,0.02450633332575135,0.029207656296013573,0.3558944706663891,0.05316444962818276,0.3943938472016804,17118,11412,19020,13314,0.0,0.0,1.0,0.0,0.0
CH_L_323a,7-10,7,10,0.8219688454872798,90,0.024799036572150508,0.06956157748820517,0.32749023045830256,0.0647736135496871,0.4333570068671487,19020,13314,20922,15216,0.0,0.0,0.0,1.0,0.0
CH_L_323a,7-11,7,11,0.5675914099925623,86,0.0418742013875003,0.09202640858728814,0.3255851792402366,0.03919417031267568,0.521321753406983,20922,13314,22824,15216,1.0,0.0,0.0,0.0,1.0
CH_L_323a,7-12,7,12,0.7249897468644388,111,0.055857470369087586,0.07748793623258436,0.32728697535194884,0.07315523887477766,0.46048600601490003,22824,13314,24726,15216,1.0,0.0,0.0,1.0,0.0
CH_L_323a,7-13,7,13,0.5592765408580632,108,0.03782612949027105,0.08569026300534816,0.3174581847352182,0.060516061545860325,0.4601999427526293,24726,13314,26628,15216,0.0,0.0,0.0,1.0,0.0
CH_L_323a,7-14,7,14,0.4685633815064423,58,0.019152009019539507,0.09485871324689216,0.3378717494019431,0.020890671357697545,0.4532585360631589,26628,13314,28530,15216,0.0,0.0,0.0,0.0,0.0
CH_L_323a,7-8,7,8,0.7768332722210144,80,0.020556207538413657,0.04424682302555633,0.3549677577816951,0.029503976957493953,0.4365579849824911,15216,13314,17118,15216,0.0,0.0,0.0,0.0,0.0
CH_L_323a,7-9,7,9,0.8205668144972164,111,0.02957477446492949,0.058587365651386586,0.3291344461063206,0.0820554436134741,0.42614794028521163,17118,13314,19020,15216,0.0,0.0,0.0,1.0,0.0
CH_L_323a,8-10,8,10,0.447930686714169,52,0.018812466674191106,0.08261245602259092,0.3223412199993492,-0.001853477555199786,0.5749061508026735,19020,15216,20922,17118,0.0,0.0,0.0,0.0,1.0
CH_L_323a,8-11,8,11,0.5122168695586248,93,0.059815246905067225,0.18849101354422182,0.2870538004150456,0.04480007200380837,0.5166421935574776,20922,15216,22824,17118,1.0,1.0,0.0,0.0,0.0
CH_L_323a,8-12,8,12,0.391817429642496,83,0.046234613995231266,0.140760036179846,0.3105111920379587,0.03117324973233211,0.497443365183962,22824,15216,24726,17118,1.0,1.0,0.0,0.0,0.0
CH_L_323a,8-13,8,13,0.46785141152313187,76,0.04045948748365833,0.059135063730548096,0.3350739550621138,0.005576169676802534,0.4950448859826581,24726,15216,26628,17118,1.0,0.0,0.0,0.0,0.0
CH_L_323a,8-14,8,14,0.5752896525164108,40,0.032626842533010805,0.07035388106444,0.3399023300334306,0.034698867286618126,0.48156499314707657,26628,15216,28530,17118,0.0,0.0,0.0,0.0,0.0
CH_L_323a,8-8,8,8,0.7243513059920887,99,0.046459188594329154,0.05849911376050063,0.32217269102424306,0.05797458808907362,0.45731315846373016,15216,15216,17118,17118,1.0,0.0,0.0,1.0,0.0
CH_L_323a,8-9,8,9,0.6227666449939879,50,0.01900783377899196,0.05982234060791156,0.3370130166323449,0.0036816709149675012,0.4767385940965272,17118,15216,19020,17118,0.0,0.0,0.0,0.0,0.0
CH_L_323a,9-10,9,10,0.44548008216142937,92,0.03349458848400254,0.0961101678657531,0.2899422609039308,0.022648989090680804,0.5338805422779908,19020,17118,20922,19020,0.0,1.0,0.0,0.0,1.0
CH_L_323a,9-11,9,11,0.5495259180640918,109,0.05580467767667698,0.16052384118382437,0.2767307749858254,0.06478895021334777,0.4521556011772101,20922,17118,22824,19020,1.0,1.0,0.0,1.0,0.0
CH_L_323a,9-12,9,12,0.6635466200331691,113,0.07118899920507964,0.2194258686836777,0.265184958714813,0.0755403486406443,0.41007919427532585,22824,17118,24726,19020,1.0,1.0,0.0,1.0,0.0
CH_L_323a,9-13,9,13,0.7538625661443717,90,0.08241348470252532,0.24963157770341568,0.2765558520491877,0.10028622400823796,0.43737851007124495,24726,17118,26628,19020,1.0,1.0,0.0,1.0,0.0
CH_L_323a,9-8,9,8,0.7384536903664918,96,0.038715316815284,0.0412682202567158,0.32045290491962347,0.06992116882745693,0.4252828765233294,15216,17118,17118,19020,0.0,0.0,0.0,1.0,0.0
CH_L_323a,9-9,9,9,0.5800533587227552,87,0.01983901600739606,0.093010554493892,0.3280650193951787,0.033667893375014406,0.4923693868950538,17118,17118,19020,19020,0.0,0.0,0.0,0.0,0.0
CH_L_326a,10-13,10,13,0.3559654091652871,104,-0.037741839204512725,0.0542600996391375,0.4176853096712382,-0.08858111411888889,0.415114786113751,24726,19020,26628,20922,0.0,0.0,1.0,0.0,0.0
CH_L_326a,10-14,10,14,0.5264091124225295,104,-0.014709372597348596,0.09712447373939333,0.3734815129049355,-0.050381109585882995,0.4376366948379355,26628,19020,28530,20922,0.0,0.0,1.0,0.0,0.0
CH_L_326a,10-15,10,15,0.680340386551231,105,0.006485605964911685,0.13066193994159925,0.3215109476913212,0.0012492475935917868,0.39841380933673315,28530,19020,30432,20922,0.0,1.0,0.0,0.0,0.0
CH_L_326a,10-16,10,16,0.6296719450604993,99,0.010647894465635886,0.14413224428665153,0.31926420812023515,0.009042177684725608,0.4269627971383991,30432,19020,32334,20922,0.0,1.0,0.0,0.0,0.0
CH_L_326a,10-17,10,17,0.5686646528300564,101,0.0059732467894573074,0.12876532933005086,0.30441728756023845,0.009258782823340975,0.4441888882582405,32334,19020,34236,20922,0.0,0.0,0.0,1.0,0.0
CH_L_326a,10-18,10,18,0.5429467912141139,104,0.01858862450884629,0.1314924823758579,0.3122198605930095,0.014548855149962984,0.4287999511949486,34236,19020,36138,20922,0.0,1.0,0.0,1.0,0.0
CH_L_326a,10-19,10,19,0.6163379952437933,95,0.011995806021916517,0.1277497714911294,0.2920610705930469,0.026265201188213787,0.4661106084368789,36138,19020,38040,20922,0.0,0.0,0.0,1.0,1.0
CH_L_326a,11-13,11,13,0.3456859982788724,104,-0.039504748893195815,0.06290017443221477,0.4288899085456474,-0.08277176482529525,0.465375753884121,24726,20922,26628,22824,0.0,0.0,1.0,0.0,0.0
CH_L_326a,11-14,11,14,0.3451074184864733,105,-0.022769890710047133,0.08396142658504087,0.3931686763110009,-0.06580516178300652,0.44503986726204603,26628,20922,28530,22824,0.0,0.0,1.0,0.0,0.0
CH_L_326a,11-16,11,16,0.6506026186206062,97,0.01336489232385772,0.14122740425949504,0.32724896677403253,0.024863425359264914,0.43221131099479143,30432,20922,32334,22824,0.0,1.0,0.0,1.0,0.0
CH_L_326a,11-17,11,17,0.48090600041870646,98,0.010078090807319938,0.15610478006841488,0.3221742449004327,-0.013801698185688459,0.47023706355478934,32334,20922,34236,22824,0.0,1.0,0.0,0.0,1.0
CH_L_326a,11-18,11,18,0.544882248262014,99,0.024743721725310582,0.1498818340707992,0.2824080027712588,0.028789987303635745,0.4582839156711283,34236,20922,36138,22824,1.0,1.0,0.0,1.0,0.0
CH_L_326a,11-19,11,19,0.5531471005364921,91,0.009344934142149956,0.11233029817871458,0.3240911806277693,0.0045727436647960305,0.45292178770436076,36138,20922,38040,22824,0.0,0.0,0.0,0.0,0.0
CH_L_326a,12-13,12,13,0.6116813138904006,104,0.00665504762168687,0.07270058179673454,0.37185134703871614,-0.021025907146496395,0.46349446742494077,24726,22824,26628,24726,0.0,0.0,1.0,0.0,0.0
CH_L_326a,12-14,12,14,0.5176311850099594,104,-0.005809520060628616,0.06644809608311555,0.3697711992254962,-0.01683808561981925,0.44628309782707015,26628,22824,28530,24726,0.0,0.0,1.0,0.0,0.0
CH_L_326a,12-15,12,15,0.5244329937642603,101,0.004626892100192907,0.08101637755145175,0.3408132530746988,-0.012829524982569684,0.44095162291036666,28530,22824,30432,24726,0.0,0.0,0.0,0.0,0.0
CH_L_326a,12-16,12,16,0.5407187119317768,99,0.021799948363849474,0.17064373074080577,0.30798895040435337,0.004668363767317518,0.46851592531385133,30432,22824,32334,24726,1.0,1.0,0.0,0.0,1.0
CH_L_326a,12-17,12,17,0.5899297682581699,104,0.01753323719043009,0.16207000638544192,0.3189915722419991,-0.004458134210997658,0.45283701862158615,32334,22824,34236,24726,0.0,1.0,0.0,0.0,0.0
CH_L_326a,12-18,12,18,0.6234297729493485,105,0.029153482785642042,0.1268635861087544,0.3137325400367359,0.031170554161305226,0.4444344429440364,34236,22824,36138,24726,1.0,0.0,0.0,1.0,0.0
CH_L_326a,12-19,12,19,0.5937477396344097,95,-0.005774744752905339,0.11710571525071709,0.35937447923888144,-0.012701437327690442,0.42713175082685345,36138,22824,38040,24726,0.0,0.0,1.0,0.0,0.0
CH_L_326a,13-13,13,13,0.6560206057927362,100,0.011488089596501877,0.08950561485288702,0.3453318478531034,-0.0015499712855755942,0.4676642636594411,24726,24726,26628,26628,0.0,0.0,0.0,0.0,1.0
CH_L_326a,13-14,13,14,0.5893544683556753,104,0.00681798394218515,0.09232031417685767,0.3633139600664524,-0.025197427340332975,0.4624794635311857,26628,24726,28530,26628,0.0,0.0,1.0,0.0,0.0
CH_L_326a,13-15,13,15,0.4743898508774349,95,-0.0005892046061415208,0.12665792273668516,0.34231674193549955,-0.02026305956464027,0.4730252811449224,28530,24726,30432,26628,0.0,0.0,0.0,0.0,1.0
CH_L_326a,13-16,13,16,0.520710384146235,100,-0.0027326440995440143,0.09790949720280545,0.3455249889680407,-0.02397954816316251,0.45176139859700754,30432,24726,32334,26628,0.0,0.0,0.0,0.0,0.0
CH_L_326a,13-17,13,17,0.5457975429597558,105,0.00831199021352987,0.11054232993193983,0.33858155776923216,-0.007590815320377576,0.4400952873845153,32334,24726,34236,26628,0.0,0.0,0.0,0.0,0.0
CH_L_326a,13-18,13,18,0.5836172517008725,104,-0.005179625298081477,0.09055462075858502,0.36153536809935827,-0.04788515388820701,0.40450367525818043,34236,24726,36138,26628,0.0,0.0,1.0,0.0,0.0
CH_L_326a,13-19,13,19,0.574563775699933,94,-0.015652116304295745,0.0956712905353087,0.3717571828637941,-0.023492468718403138,0.4232731983624701,36138,24726,38040,26628,0.0,0.0,1.0,0.0,0.0
CH_L_326a,14-13,14,13,0.707563615456935,95,0.012614786693634576,0.09363607779467134,0.3265430771961896,0.012358095524697561,0.4934640209611373,24726,26628,26628,28530,0.0,0.0,0.0,1.0,1.0
CH_L_326a,14-14,14,14,0.6543211875948126,105,0.021111046978091623,0.08284166836477995,0.3315788395716786,-0.0024053505550232345,0.5052185208742684,26628,26628,28530,28530,1.0,0.0,0.0,0.0,1.0
CH_L_326a,14-15,14,15,0.6505866317323891,97,0.0037074450426252794,0.07746439833992766,0.3505333440729058,-0.02253400801084613,0.4665460887442927,28530,26628,30432,28530,0.0,0.0,0.0,0.0,1.0
CH_L_326a,14-16,14,16,0.6230151331927671,102,0.009743773265249778,0.09768799496193913,0.34785566369027876,-0.040325436036665566,0.4582808206772493,30432,26628,32334,28530,0.0,0.0,0.0,0.0,0.0
CH_L_326a,14-17,14,17,0.6788886498281616,103,0.025621358466518314,0.12968845611513377,0.3137172325554895,-0.0005458256028560508,0.46191946675844114,32334,26628,34236,28530,1.0,0.0,0.0,0.0,0.0
CH_L_326a,14-18,14,18,0.3831771384998384,103,-0.007320087517310768,0.0752337241977611,0.3512428481013089,-0.04875042942735636,0.43189330966992207,34236,26628,36138,28530,0.0,0.0,0.0,0.0,0.0
CH_L_326a,14-19,14,19,0.42650796450736594,93,-0.007563121071939974,0.08512879859300988,0.33848593226880475,-0.041586290610641785,0.43814753682840235,36138,26628,38040,28530,0.0,0.0,0.0,0.0,0.0
CH_L_326a,15-14,15,14,0.8016395889848819,80,0.03388742693329885,0.1487780724485728,0.29079497018297396,0.05431864663867457,0.44508655009148707,26628,28530,28530,30432,1.0,1.0,0.0,1.0,0.0
CH_L_326a,15-15,15,15,0.7194737030102292,98,0.029851599223654234,0.12945677608584344,0.29894827587345346,0.03436642962696221,0.4636732262729791,28530,28530,30432,30432,1.0,0.0,0.0,1.0,0.0
CH_L_326a,15-16,15,16,0.7831308708738637,102,0.02816884847114314,0.09319544505744845,0.3129825570787527,0.016507861615832176,0.4382976907272052,30432,28530,32334,30432,1.0,0.0,0.0,1.0,0.0
CH_L_326a,15-17,15,17,0.7287887214786628,61,0.024654978880932644,0.16330377014006345,0.3123763595097383,-0.0021919298302453937,0.48905113332824734,32334,28530,34236,30432,1.0,1.0,0.0,0.0,1.0
CH_L_326a,15-18,15,18,0.599416933534576,91,0.002463860836464945,0.10038674949071193,0.33218585213132396,-0.026582105344840318,0.463873831524656,34236,28530,36138,30432,0.0,0.0,0.0,0.0,0.0
CH_L_326a,15-19,15,19,0.7357438827587499,94,0.019295121678135196,0.1096111050353805,0.3423775012446647,0.004358085609715666,0.39226002136463123,36138,28530,38040,30432,1.0,0.0,0.0,0.0,0.0
CH_L_326a,16-16,16,16,0.38997135009800166,41,-0.006740341800278512,0.06090023349546559,0.40312679009384295,-0.024052030938012118,0.5875245851836604,30432,30432,32334,32334,0.0,0.0,1.0,0.0,1.0
CH_L_326a,16-18,16,18,0.6685736750876805,56,0.022587815462090145,0.1351159342914643,0.3260621653956116,0.0209111623099229,0.5177280196960085,34236,30432,36138,32334,1.0,1.0,0.0,1.0,1.0
CH_L_326a,16-19,16,19,0.677911812781884,69,-0.004244791226045913,0.07600619038503983,0.35409647378378145,-0.0059316007886050445,0.4257023954547517,36138,30432,38040,32334,0.0,0.0,0.0,0.0,0.0
CH_L_327a,10-3,10,3,0.5064793183255666,116,0.0028056619401293447,0.05806412056688686,0.3466959997568612,-0.030843809055313417,0.5833136036139198,5706,19020,7608,20922,0.0,0.0,0.0,0.0,1.0
CH_L_327a,10-4,10,4,0.820542128130056,118,0.03174082271641531,0.16896667195637863,0.3057023127538291,0.04628420162296901,0.41084838386126515,7608,19020,9510,20922,1.0,0.0,0.0,1.0,0.0
CH_L_327a,10-5,10,5,0.8624457639013716,119,0.03978937034155228,0.19863361066644258,0.3099273927622857,0.060863277852810115,0.37492641766754337,9510,19020,11412,20922,1.0,1.0,0.0,1.0,0.0
CH_L_327a,10-6,10,6,0.9021973979330843,116,0.027502645190744555,0.1540299256699095,0.32623674264809127,0.07006438599052955,0.3623173010353572,11412,19020,13314,20922,1.0,0.0,0.0,1.0,0.0
CH_L_327a,10-7,10,7,0.8752309879024779,116,0.03176109823840862,0.20438410172101035,0.3299848865885926,0.05874414579235725,0.37159023239882966,13314,19020,15216,20922,1.0,1.0,0.0,1.0,0.0
CH_L_327a,10-8,10,8,0.41778164205622154,118,-0.00936136387825391,0.09331375073484292,0.3609499448292597,-0.043085440707511025,0.47180524372819255,15216,19020,17118,20922,0.0,0.0,0.0,0.0,0.0
CH_L_327a,11-3,11,3,0.4336222523190763,93,-0.03310274352107617,0.03068519420967735,0.4128535117569005,-0.07494418928214425,0.5611408129365575,5706,20922,7608,22824,0.0,0.0,1.0,0.0,1.0
CH_L_327a,11-4,11,4,0.6326644951544146,113,-0.0027568131024573177,0.09989416708687515,0.32432587422270814,-0.033051991633278384,0.5070935027566464,7608,20922,9510,22824,0.0,0.0,0.0,0.0,1.0
CH_L_327a,11-5,11,5,0.8836874689884028,114,0.021429709020152538,0.15353433145667475,0.3177311958862352,0.06284104663765945,0.38175433992944624,9510,20922,11412,22824,0.0,0.0,0.0,1.0,0.0
CH_L_327a,11-6,11,6,0.7796182051994287,117,0.028040834164964112,0.14111051605195465,0.31688454086785606,0.034459413206214935,0.4380599332843781,11412,20922,13314,22824,1.0,0.0,0.0,1.0,0.0
CH_L_327a,11-7,11,7,0.7064269528791305,97,0.017221540849841337,0.13581720304240108,0.3334912924201277,0.007005190470236268,0.4749794864364912,13314,20922,15216,22824,0.0,0.0,0.0,0.0,0.0
CH_L_327a,11-8,11,8,0.4045749322392242,108,-0.028084783392547948,0.06389465116554162,0.38324591713932843,-0.06048869932828218,0.5167695595649102,15216,20922,17118,22824,0.0,0.0,1.0,0.0,1.0
CH_L_327a,12-3,12,3,0.37397039540990695,44,-0.04360059649549235,0.026445268825779546,0.42490277652305575,-0.11587478018138962,0.506231279285289,5706,22824,7608,24726,0.0,0.0,1.0,0.0,1.0
CH_L_327a,12-4,12,4,0.5786965477124388,52,-0.027916260489595272,0.04223042512990761,0.38209071950710055,-0.048076254515411164,0.5199698324421618,7608,22824,9510,24726,0.0,0.0,1.0,0.0,1.0
CH_L_327a,12-5,12,5,0.7825839065007264,49,0.0034575913423433345,0.15610046001464406,0.32456587643392554,0.018916974795244654,0.3785855965518476,9510,22824,11412,24726,0.0,0.0,0.0,0.0,0.0
CH_L_327a,5-6,5,6,0.5230281663813809,44,-0.027010717217921684,0.07247877803507576,0.4133167735449684,-0.11630951835969718,0.4616363344063252,11412,9510,13314,11412,0.0,0.0,1.0,0.0,0.0
CH_L_327a,5-7,5,7,0.6085056654038268,52,-0.0038821143908932825,0.12766442628719818,0.3509173700279895,-0.039854639512780496,0.39370276937604964,13314,9510,15216,11412,0.0,0.0,0.0,0.0,0.0
CH_L_327a,5-8,5,8,0.39711084850878614,41,-0.024427179918778203,0.03958463847341065,0.3934946572478022,-0.09862268953178645,0.570314948075945,15216,9510,17118,11412,0.0,0.0,1.0,0.0,1.0
CH_L_327a,6-2,6,2,0.5198933958160223,47,-0.08055901579137055,0.027568518465540905,0.49350943466201114,-0.11638999415419406,0.41292271525076074,3804,11412,5706,13314,0.0,0.0,1.0,0.0,0.0
CH_L_327a,6-3,6,3,0.6280133145186768,66,-0.05055122165920999,0.037226173352456704,0.43475812674146486,-0.08674792511467151,0.4821772976408497,5706,11412,7608,13314,0.0,0.0,1.0,0.0,0.0
CH_L_327a,6-4,6,4,0.5403219943418687,108,-0.013038072854101877,0.06776586181377964,0.3785912982689512,-0.064018462766131,0.5134519097059106,7608,11412,9510,13314,0.0,0.0,0.0,0.0,1.0
CH_L_327a,6-5,6,5,0.7370527143924589,117,0.008913535133924915,0.10734619684642892,0.34031056591208053,-0.03887833932741855,0.3978984197349375,9510,11412,11412,13314,0.0,0.0,0.0,0.0,0.0
CH_L_327a,6-6,6,6,0.7226400623312224,109,-0.0024432220818821036,0.10903030325736027,0.36541826277190753,-0.023810211716682496,0.41724072131874845,11412,11412,13314,13314,0.0,0.0,0.0,0.0,0.0
CH_L_327a,6-7,6,7,0.9014964133599045,115,0.01944291099609637,0.23161313544599743,0.3342060776287135,0.02748488142646809,0.2816504454715119,13314,11412,15216,13314,0.0,1.0,0.0,0.0,0.0
CH_L_327a,6-8,6,8,0.8139331397952053,96,0.01695475954783401,0.248091853661466,0.3185237421702883,-0.002757836441314591,0.3329174687648134,15216,11412,17118,13314,0.0,1.0,0.0,0.0,0.0
CH_L_327a,7-2,7,2,0.5309107113843938,48,-0.06386264515993167,0.029693866425662765,0.4705549579756361,-0.1217152036882883,0.4428557801537101,3804,13314,5706,15216,0.0,0.0,1.0,0.0,0.0
CH_L_327a,7-3,7,3,0.5736918322915551,58,-0.03971696053143556,0.027460132630776356,0.42330063443444,-0.08453229859783236,0.5506297503956583,5706,13314,7608,15216,0.0,0.0,1.0,0.0,1.0
CH_L_327a,7-4,7,4,0.4195992110987547,112,0.008373676608709269,0.09284126144295275,0.3341407169721156,-0.030957114176906896,0.47657484470285166,7608,13314,9510,15216,0.0,0.0,0.0,0.0,0.0
CH_L_327a,7-5,7,5,0.7586821575932035,118,0.025784416280172535,0.1940469308829369,0.32284957671639214,0.011809968764306141,0.36862138972936814,9510,13314,11412,15216,1.0,1.0,0.0,0.0,0.0
CH_L_327a,7-6,7,6,0.889889533066301,116,-0.005124587052062998,0.1547673220718834,0.36975366554840217,0.0072189073244760095,0.33969884937520034,11412,13314,13314,15216,0.0,0.0,0.0,0.0,0.0
CH_L_327a,7-7,7,7,0.8658875986545784,117,0.00937103714479923,0.21455224214672766,0.3502665117992819,0.02514083913050494,0.37197556210536664,13314,13314,15216,15216,0.0,1.0,0.0,0.0,0.0
CH_L_327a,7-8,7,8,0.694549543063305,108,0.007706704114304829,0.2356382002814222,0.33791617168711624,-0.0037680349259538257,0.3875103553057513,15216,13314,17118,15216,0.0,1.0,0.0,0.0,0.0
CH_L_327a,8-3,8,3,0.49789201857114884,63,-0.00500426113347234,0.05827952029498911,0.3666194446620277,-0.06752120094822808,0.5346726161597858,5706,15216,7608,17118,0.0,0.0,0.0,0.0,1.0
CH_L_327a,8-4,8,4,0.5007494283209616,118,0.015585477518287198,0.122608059393681,0.34716319378973703,-0.006092001166690899,0.45236550780972695,7608,15216,9510,17118,0.0,0.0,0.0,0.0,0.0
CH_L_327a,8-5,8,5,0.471996090661491,116,0.002543989200318553,0.1265454545962397,0.3610563863311444,-0.014954973081084386,0.42379463771578507,9510,15216,11412,17118,0.0,0.0,0.0,0.0,0.0
CH_L_327a,8-6,8,6,0.7352948139992732,118,-0.009808726513618034,0.10871380157946375,0.3804631612039381,-0.016874075273277753,0.3596981459006719,11412,15216,13314,17118,0.0,0.0,1.0,0.0,0.0
CH_L_327a,8-7,8,7,0.8775083871681449,114,0.02770645705597307,0.24389223976979524,0.33349973460340737,0.042741214998388864,0.3360929525077462,13314,15216,15216,17118,1.0,1.0,0.0,1.0,0.0
CH_L_327a,8-8,8,8,0.6646610440767413,108,-0.0018736286666215056,0.21509204512571148,0.31806392058287464,-0.02910887596119503,0.37532812193165666,15216,15216,17118,17118,0.0,1.0,0.0,0.0,0.0
CH_L_327a,9-3,9,3,0.5988879527122017,109,-0.0040463524834889455,0.08132074642364964,0.347483813591721,-0.045539536242598454,0.5055516950198926,5706,17118,7608,19020,0.0,0.0,0.0,0.0,1.0
CH_L_327a,9-4,9,4,0.7229455226319985,116,0.034018099177508504,0.18019173831342233,0.3281382264592163,0.027073312388634883,0.44520966930047284,7608,17118,9510,19020,1.0,0.0,0.0,0.0,0.0
CH_L_327a,9-5,9,5,0.7013335119638954,114,0.03689163491498719,0.19114589584761016,0.3360683217075058,0.031352018555375415,0.41865757533844833,9510,17118,11412,19020,1.0,0.0,0.0,1.0,0.0
CH_L_327a,9-6,9,6,0.838753107932765,115,0.023940047506991018,0.15597175826377288,0.3446528206624315,0.03205726898532158,0.37221444197671577,11412,17118,13314,19020,0.0,0.0,0.0,1.0,0.0
CH_L_327a,9-7,9,7,0.8366814370120287,117,0.03758659257635187,0.24177541420543425,0.3241943662530293,0.05772774868360072,0.39656094680247617,13314,17118,15216,19020,1.0,1.0,0.0,1.0,0.0
CH_L_327a,9-8,9,8,0.8547710657363438,117,0.026834084347541087,0.2137225015431084,0.3134577166932017,0.04779465601267616,0.36149810945449573,15216,17118,17118,19020,1.0,1.0,0.0,1.0,0.0
CH_L_328a,10-10,10,10,0.7532502937882758,91,0.026931241861783254,0.05743776589721238,0.3715967367209575,0.03853202054233219,0.3731401082786123,19020,19020,20922,20922,1.0,0.0,0.0,0.0,0.0
CH_L_328a,10-11,10,11,0.7605453433916042,93,0.013612478124568783,0.05879983132086481,0.35644419733451294,0.035611743278341615,0.3749273573528208,20922,19020,22824,20922,0.0,0.0,0.0,0.0,0.0
CH_L_328a,10-12,10,12,0.6869600419119015,96,0.011167850992674935,0.04951655528456028,0.3689807580300278,0.008708488318365095,0.4187533832073093,22824,19020,24726,20922,0.0,0.0,0.0,0.0,0.0
CH_L_328a,10-13,10,13,0.6857165454293581,114,0.012892185911888262,0.0808255854354137,0.36328173856506246,0.021769003468988073,0.369214021336639,24726,19020,26628,20922,0.0,0.0,0.0,0.0,0.0
CH_L_328a,10-14,10,14,0.786591642790097,116,0.005699354720500392,0.14708316919263295,0.29681365392765485,0.06292224211379933,0.3541947403723165,26628,19020,28530,20922,0.0,1.0,0.0,1.0,0.0
CH_L_328a,10-15,10,15,0.493715049382238,96,-0.001418686443335306,0.12818202484367405,0.3438517515624325,0.046183068842434755,0.39198747186810085,28530,19020,30432,20922,0.0,1.0,0.0,1.0,0.0
CH_L_328a,10-9,10,9,0.7905656568482815,46,0.05323241787107125,0.07847180047372804,0.3365232253426013,0.09692615100647434,0.38203733157639347,17118,19020,19020,20922,1.0,0.0,0.0,1.0,0.0
CH_L_328a,11-10,11,10,0.6375548666527617,66,0.00835547838451112,0.04414630381855764,0.3669395342999619,-0.00482911886126139,0.38808205948951513,19020,20922,20922,22824,0.0,0.0,0.0,0.0,0.0
CH_L_328a,11-11,11,11,0.7383568363144447,102,0.00955374239081697,0.046986893071332206,0.3830276408229224,0.03323464195915547,0.3644201161443282,20922,20922,22824,22824,0.0,0.0,1.0,0.0,0.0
CH_L_328a,11-12,11,12,0.7817077129445476,117,0.026802470694022917,0.05144947921947115,0.3700534608563649,0.022967363092078964,0.3822829724736956,22824,20922,24726,22824,1.0,0.0,0.0,0.0,0.0
CH_L_328a,11-13,11,13,0.6472757223908462,116,0.014430017259678053,0.08631397231877479,0.34394097856517253,0.034688354256045204,0.3977959440579968,24726,20922,26628,22824,0.0,0.0,0.0,0.0,0.0
CH_L_328a,11-14,11,14,0.7535978926369465,117,0.007909201652336698,0.13367879598331983,0.3092881596609988,0.07437770342575158,0.3790348072859778,26628,20922,28530,22824,0.0,1.0,0.0,1.0,0.0
CH_L_328a,11-15,11,15,0.5534795676774612,49,0.007989985474828107,0.08972781149840146,0.35319466368804814,0.04136594866152485,0.3887007983172026,28530,20922,30432,22824,0.0,0.0,0.0,0.0,0.0
CH_L_328a,11-9,11,9,0.6354943498387802,52,0.057559714149541606,0.029018702080823553,0.33309207727161966,0.04840981423428219,0.4890406369020009,17118,20922,19020,22824,1.0,0.0,0.0,1.0,1.0
CH_L_328a,12-10,12,10,0.5544438643206991,118,0.02912723500761744,0.0478073252421974,0.3606293595968212,0.027181535248410046,0.41087426110432995,19020,22824,20922,24726,1.0,0.0,0.0,0.0,0.0
CH_L_328a,12-11,12,11,0.6000051978415128,112,0.01021962425535883,0.04818644799661933,0.3772975699078162,-0.008879480328812483,0.42491327658101014,20922,22824,22824,24726,0.0,0.0,1.0,0.0,0.0
CH_L_328a,12-12,12,12,0.4703844807276936,109,-0.010983638578609853,0.049790601278089805,0.3638807833615,-0.025541585517775845,0.3938952815122259,22824,22824,24726,24726,0.0,0.0,0.0,0.0,0.0
CH_L_328a,12-13,12,13,0.6140595313406468,118,0.014988980415532543,0.09749688153327896,0.33804032724230587,0.04293670505292461,0.40656700739019375,24726,22824,26628,24726,0.0,1.0,0.0,0.0,0.0
CH_L_328a,12-14,12,14,0.7060534322075711,116,0.014130907067726763,0.1615312682141238,0.3074405474469019,0.07370924208885489,0.4032910153063379,26628,22824,28530,24726,0.0,1.0,0.0,1.0,0.0
CH_L_328a,12-9,12,9,0.5755520748200597,83,0.041703850649078535,0.06355160863356389,0.32977985660932957,0.05968813583676766,0.4419943602973843,17118,22824,19020,24726,1.0,0.0,0.0,1.0,1.0
CH_L_328a,13-10,13,10,0.7028188520777624,116,0.031513025560784065,0.06407570473824649,0.33237800573382387,0.06518768707418288,0.3855031843713441,19020,24726,20922,26628,1.0,0.0,0.0,1.0,0.0
CH_L_328a,13-11,13,11,0.729578365158447,116,0.013955306581803262,0.032982733683788484,0.3739474969002121,0.03140146766656369,0.4053479367610747,20922,24726,22824,26628,0.0,0.0,1.0,0.0,0.0
CH_L_328a,13-12,13,12,0.66234324660619,106,0.013457239844402221,0.050507698560071417,0.3718650659482359,0.014805623917892967,0.4315108456239137,22824,24726,24726,26628,0.0,0.0,1.0,0.0,1.0
CH_L_328a,13-13,13,13,0.5328007193448553,97,-0.005474221619489846,0.07831995373043256,0.380471628587895,-0.01896132643043911,0.41896017516303813,24726,24726,26628,26628,0.0,0.0,1.0,0.0,0.0
CH_L_328a,13-14,13,14,0.8103598761955599,114,0.015309552633070447,0.1793889428772964,0.32319123075236755,0.06550629229110086,0.3793784272063586,26628,24726,28530,26628,0.0,1.0,0.0,1.0,0.0
CH_L_328a,13-15,13,15,0.389099070948749,46,-0.02029165267392886,0.0904609083058879,0.4030520483592779,-0.021792648823043076,0.42055418928248384,28530,24726,30432,26628,0.0,0.0,1.0,0.0,0.0
CH_L_328a,13-9,13,9,0.5652826320628305,94,0.027109693002361837,0.042763082763910165,0.3321608174437457,0.020692151310506952,0.4139010713684407,17118,24726,19020,26628,1.0,0.0,0.0,0.0,0.0
CH_L_328a,14-10,14,10,0.6288321478193953,64,0.016511322046428665,0.026217051445274055,0.32859822369105296,0.045542595406524236,0.3963205766059777,19020,26628,20922,28530,0.0,0.0,0.0,0.0,0.0
CH_L_328a,14-11,14,11,0.6899493605920031,78,0.030503526075411812,0.06331156732817204,0.34861303562599205,0.030162006634144995,0.4433095733559469,20922,26628,22824,28530,1.0,0.0,0.0,0.0,1.0
CH_L_328a,14-12,14,12,0.6313029789996152,81,-0.010273264617713216,0.040800077095811314,0.3764724687468341,-0.047925762085802244,0.43721778601418265,22824,26628,24726,28530,0.0,0.0,1.0,0.0,1.0
CH_L_328a,14-13,14,13,0.5655113948181559,72,-0.03848342893298208,0.04302224576547808,0.3960597783253495,-0.04216788167166487,0.4156335018077712,24726,26628,26628,28530,0.0,0.0,1.0,0.0,0.0
CH_L_328a,14-14,14,14,0.5302041252105479,107,-0.019660676799801772,0.06301984129783013,0.34957856977438484,-0.036740370296800405,0.4527132397288515,26628,26628,28530,28530,0.0,0.0,0.0,0.0,1.0
CH_L_328a,14-9,14,9,0.6199484591975142,45,0.011590358284686342,0.039421309500731985,0.33517025610480483,-0.0071708584933138884,0.41198625305893516,17118,26628,19020,28530,0.0,0.0,0.0,0.0,0.0
CH_L_328a,8-10,8,10,0.7166980690939362,111,0.022091648139133342,0.0421419755777558,0.36799017139474205,0.04885665073575826,0.42906520006007476,19020,15216,20922,17118,1.0,0.0,0.0,1.0,0.0
CH_L_328a,8-11,8,11,0.7764744925529461,77,0.022536182990112067,0.052194903072369986,0.36880901089859575,0.03698175578658201,0.4300262393531721,20922,15216,22824,17118,1.0,0.0,0.0,0.0,0.0
CH_L_328a,8-12,8,12,0.6548169884304134,113,-0.003437093525392385,0.07312674484183294,0.3939185569806006,-0.014797874758576517,0.4665434683291527,22824,15216,24726,17118,0.0,0.0,1.0,0.0,1.0
CH_L_328a,8-13,8,13,0.6710376784574872,105,0.0172843016381963,0.09538521034631155,0.34810976135116595,0.04889830552533473,0.43390072426984533,24726,15216,26628,17118,0.0,1.0,0.0,1.0,1.0
CH_L_328a,8-14,8,14,0.7033580728870451,90,0.023427055291072613,0.14649775024335215,0.3352460772400786,0.0719803478871456,0.426540271624653,26628,15216,28530,17118,1.0,1.0,0.0,1.0,0.0
CH_L_328a,8-15,8,15,0.49362363065169046,77,-0.0038969697438667214,0.15284184108077806,0.34581022798960165,0.005775407706757046,0.4615690989835645,28530,15216,30432,17118,0.0,1.0,0.0,0.0,1.0
CH_L_328a,9-10,9,10,0.6592936980782558,92,0.0004215896898456428,0.035067921380513116,0.37162022521350674,0.002093873056334741,0.45207790748063303,19020,17118,20922,19020,0.0,0.0,1.0,0.0,1.0
CH_L_328a,9-11,9,11,0.6399406320693682,53,-0.009244760567008523,0.015270203914218588,0.3809820812743981,-0.01906029547985595,0.46669891107611217,20922,17118,22824,19020,0.0,0.0,1.0,0.0,1.0
CH_L_328a,9-12,9,12,0.6222216907973178,110,0.002049490289920246,0.06672386932756513,0.3767036721528231,-0.012225108158008133,0.44315675216308054,22824,17118,24726,19020,0.0,0.0,1.0,0.0,1.0
CH_L_328a,9-13,9,13,0.7891923753771833,107,-0.006041366985384385,0.14109469096956165,0.33768373418634934,0.030690404041586683,0.3188734790671228,24726,17118,26628,19020,0.0,1.0,0.0,0.0,0.0
CH_L_328a,9-14,9,14,0.7194491523071685,117,0.0023911642663933027,0.14599976023247951,0.3313333306532603,0.03578519840852038,0.37720976309926946,26628,17118,28530,19020,0.0,1.0,0.0,0.0,0.0
CH_L_328a,9-15,9,15,0.6532333608455317,115,0.010530543514564951,0.1704255770825352,0.3236811715964712,0.04309428318809288,0.3587349959234081,28530,17118,30432,19020,0.0,1.0,0.0,0.0,0.0
CH_L_329a,10-10,10,10,0.6056777574807415,90,-0.028860193757471498,0.11725638756284115,0.3392907761085872,-0.03607827997188836,0.3537109843929875,19040,19040,20944,20944,0.0,0.0,0.0,0.0,0.0
CH_L_329a,10-11,10,11,0.622605372728004,85,-0.036903229697380566,0.08830337091131975,0.3913690837455611,-0.03608152440904139,0.2513798095490325,20944,19040,22848,20944,0.0,0.0,1.0,0.0,0.0
CH_L_329a,10-12,10,12,0.7866733303471212,100,-0.011109862153392816,0.1407259403727659,0.3435144530697648,-0.022317220542241407,0.3623824792388545,22848,19040,24752,20944,0.0,0.0,1.0,0.0,0.0
CH_L_329a,10-13,10,13,0.4943618334239195,105,-0.0014076115949219672,0.15841945676662597,0.3120866428403356,-0.0046441767289080345,0.47977154070387756,24752,19040,26656,20944,1.0,1.0,0.0,1.0,0.0
CH_L_329a,10-9,10,9,0.6923487066022512,48,-0.023095850117004463,0.08048374205684848,0.3418897345381507,-0.03332603849779616,0.27199593629052377,17136,19040,19040,20944,0.0,0.0,0.0,0.0,0.0
CH_L_329a,11-10,11,10,0.6547246747175732,106,-0.008776181858942775,0.11043844763854696,0.35066726899683,-0.012386024582339577,0.3966747132259827,19040,20944,20944,22848,0.0,0.0,1.0,0.0,0.0
CH_L_329a,11-11,11,11,0.7094133314850916,61,-0.050208106705575475,0.08179287515566006,0.3881089397861782,-0.04480883385010302,0.29424636478224975,20944,20944,22848,22848,0.0,0.0,1.0,0.0,0.0
CH_L_329a,11-12,11,12,0.7616109651583727,106,0.0037081506646047995,0.17542509731049577,0.31693303866341094,0.011383870314276458,0.4406001927085298,22848,20944,24752,22848,1.0,1.0,0.0,1.0,0.0
CH_L_329a,11-13,11,13,0.33820672221749754,94,-0.0061737688359177045,0.14558826785331014,0.29891001679225515,-0.017785395571524244,0.4917361546201875,24752,20944,26656,22848,0.0,1.0,0.0,0.0,1.0
CH_L_329a,11-9,11,9,0.8572997925304167,104,0.007237839523033759,0.18751654104904963,0.28869393727172815,0.03036276109150132,0.27279789166590096,17136,20944,19040,22848,1.0,1.0,0.0,1.0,0.0
CH_L_329a,5-10,5,10,0.643893671226258,51,0.02110068446179277,0.137674163877543,0.30023429788656714,-0.009596228648900319,0.47223557854017795,19040,9520,20944,11424,1.0,0.0,0.0,0.0,0.0
CH_L_329a,5-12,5,12,0.6427390016739247,52,0.015390480937483537,0.12274410715726695,0.3139477940854229,-0.003944424853602591,0.48291146682856145,22848,9520,24752,11424,1.0,0.0,0.0,1.0,1.0
CH_L_329a,5-13,5,13,0.47499661322553677,70,0.004326152883492719,0.08283494931415784,0.3401192860198173,-0.01841308099975224,0.5116099186536638,24752,9520,26656,11424,1.0,0.0,0.0,0.0,1.0
CH_L_329a,6-10,6,10,0.7766715539708803,117,-0.003272625638224134,0.10838923597517613,0.3217502707043317,-0.012350325411876271,0.39452622859912806,19040,11424,20944,13328,0.0,0.0,0.0,0.0,0.0
CH_L_329a,6-11,6,11,0.5160615555817943,104,-0.003769734057734075,0.09160163555852957,0.33074771394874386,0.0005634921834430605,0.4858853227154091,20944,11424,22848,13328,0.0,0.0,0.0,1.0,1.0
CH_L_329a,6-12,6,12,0.5346201301850961,90,-0.013662044046430039,0.04256859448852311,0.3434139648649121,-0.021443635823528647,0.46189910494299163,22848,11424,24752,13328,0.0,0.0,0.0,0.0,0.0
CH_L_329a,6-9,6,9,0.5264704727776064,85,-0.01405480291842868,0.10952279134549539,0.32106743769584756,-0.03945622432544263,0.5111945428769694,17136,11424,19040,13328,0.0,0.0,0.0,0.0,1.0
CH_L_329a,7-10,7,10,0.5077905840162282,111,-0.006037068919660426,0.08333380098236005,0.3284064119514623,-0.008876193044964979,0.5015779060732762,19040,13328,20944,15232,0.0,0.0,0.0,1.0,1.0
CH_L_329a,7-11,7,11,0.7566864585450065,107,-0.006197050413520899,0.09182610937867652,0.3306733580141824,-0.01647197772647691,0.40331326251787697,20944,13328,22848,15232,0.0,0.0,0.0,0.0,0.0
CH_L_329a,7-8,7,8,0.3852198623729744,89,-0.017005392030374298,0.09206657332649015,0.3092844831319607,-0.026867590095618493,0.5253860584112471,15232,13328,17136,15232,0.0,0.0,0.0,0.0,1.0
CH_L_329a,7-9,7,9,0.6236998871408235,109,-0.01048568707430393,0.14376950009860479,0.318192796646377,-0.02635888543070556,0.41480633694678604,17136,13328,19040,15232,0.0,1.0,0.0,0.0,0.0
CH_L_329a,8-10,8,10,0.6736663206185708,105,-0.010569914419028449,0.10396661489359861,0.3438218795119843,-0.014809434878135548,0.3984279045947242,19040,15232,20944,17136,0.0,0.0,1.0,0.0,0.0
CH_L_329a,8-11,8,11,0.7793662275366321,97,-0.011150252874359251,0.09471072506913317,0.3486387540813716,-0.028254962641615086,0.3824307602922938,20944,15232,22848,17136,0.0,0.0,1.0,0.0,0.0
CH_L_329a,8-12,8,12,0.4118000063780428,116,-0.007199974415460935,0.09755585336653869,0.3453705740554703,-0.010731655983439196,0.45978483037414114,22848,15232,24752,17136,0.0,0.0,1.0,0.0,0.0
CH_L_329a,8-13,8,13,0.3282082091399274,110,-0.006300662512066133,0.08033836635966697,0.3449599711809203,-0.025748591284502343,0.49405727716773723,24752,15232,26656,17136,0.0,0.0,1.0,0.0,1.0
CH_L_329a,8-8,8,8,0.36206455852441755,114,-0.02307250298985186,0.1079307509446772,0.3003652541743958,-0.03626186604693281,0.47471188681022314,15232,15232,17136,17136,0.0,0.0,0.0,0.0,0.0
CH_L_329a,8-9,8,9,0.6984638898571977,109,0.004648806329688217,0.15571393582151222,0.29100706605383864,-0.010196817669834995,0.3648184763005131,17136,15232,19040,17136,1.0,1.0,0.0,0.0,0.0
CH_L_329a,9-10,9,10,0.6526774863376976,68,-0.03535912615132297,0.08068278377578311,0.3492225995719152,-0.04893318654534545,0.38867728584707756,19040,17136,20944,19040,0.0,0.0,1.0,0.0,0.0
CH_L_329a,9-11,9,11,0.8957620271360603,67,-0.02132275017131699,0.14538103453954704,0.33197484370948693,-0.02698384302909864,0.2762436571451471,20944,17136,22848,19040,0.0,1.0,0.0,0.0,0.0
CH_L_329a,9-12,9,12,0.750673494590694,112,-0.0014348125967337897,0.1392537676113844,0.338670774608543,-0.003916671438272291,0.3754567844536064,22848,17136,24752,19040,1.0,0.0,0.0,1.0,0.0
CH_L_329a,9-13,9,13,0.5529459334813244,109,0.007150269189480501,0.14629447945957888,0.3157992243375756,0.014916314185970688,0.48968958546165053,24752,17136,26656,19040,1.0,1.0,0.0,1.0,1.0
CH_L_329a,9-8,9,8,0.5973115631512887,53,-0.010469088166729697,0.1513383998911035,0.28520166450449874,-0.008019525613627315,0.3378573766937169,15232,17136,17136,19040,0.0,1.0,0.0,1.0,0.0
CH_L_329a,9-9,9,9,0.6129808875708198,40,-0.023193391226096653,0.11718621802188878,0.3427025933632388,-0.03415806725338598,0.2733986579460773,17136,17136,19040,19040,0.0,0.0,0.0,0.0,0.0
CH_L_333a,10-3,10,3,0.31652177316424307,109,-0.03787582347661413,0.17158663984832645,0.3431379208541662,-0.09099065892217832,0.4603857900916818,5712,19040,7616,20944,0.0,0.0,0.0,0.0,0.0
CH_L_333a,10-6,10,6,0.3501251483250559,109,-0.019864625670591163,0.17961690768018937,0.29691150258518456,-0.03640854479236756,0.4879438799319629,11424,19040,13328,20944,0.0,1.0,0.0,0.0,0.0
CH_L_333a,10-7,10,7,0.36839484585353455,113,-0.022285564331407264,0.1807116029807724,0.2698634051845643,-0.022650861051548943,0.47934896540011745,13328,19040,15232,20944,0.0,1.0,0.0,1.0,0.0
CH_L_333a,11-3,11,3,0.30212130450480146,112,-0.054477350792988766,0.11421077142331394,0.37278379946478485,-0.10289002150347024,0.42599929060341346,5712,20944,7616,22848,0.0,0.0,0.0,0.0,0.0
CH_L_333a,11-7,11,7,0.37663775623608275,115,-0.010828102544523077,0.17777580399455775,0.2846175669928948,-0.0008162455033587487,0.4743656710188531,13328,20944,15232,22848,1.0,1.0,0.0,1.0,0.0
CH_L_333a,12-7,12,7,0.36554876055159924,102,-0.014267783150111115,0.08990316410748618,0.3272175271205488,-0.02142265260675752,0.4875856570624165,13328,22848,15232,24752,1.0,0.0,0.0,1.0,0.0
CH_L_333a,13-4,13,4,0.3304905837202048,118,-0.03465587600672426,0.06471087632345775,0.3175104608596644,-0.04345934148137383,0.43342768624070327,7616,24752,9520,26656,0.0,0.0,0.0,0.0,0.0
CH_L_333a,13-8,13,8,0.41355376186974746,108,0.0029143032942559083,0.03870855115148944,0.34397297666300414,-0.01749341759009695,0.587647325248806,15232,24752,17136,26656,1.0,0.0,0.0,1.0,1.0
CH_L_333a,14-3,14,3,0.3501712926049113,104,-0.06777816946840219,0.033490220001840626,0.39032765002908637,-0.09936534976418,0.4378882962196966,5712,26656,7616,28560,0.0,0.0,1.0,0.0,0.0
CH_L_333a,14-5,14,5,0.37668624520134447,110,-0.043733371853702976,0.06158811701178193,0.3539322969128229,-0.10039089747034866,0.4945226878260503,9520,26656,11424,28560,0.0,0.0,0.0,0.0,1.0
CH_L_333a,14-6,14,6,0.3847160640254367,113,-0.05702354215877705,0.04656216345413626,0.4077374257367498,-0.10728419243983713,0.44651786969093116,11424,26656,13328,28560,0.0,0.0,1.0,0.0,0.0
CH_L_333a,14-7,14,7,0.3881981403607128,110,-0.04769613325066285,0.04906156321000291,0.3763723413542246,-0.07646021090888284,0.5086035958599728,13328,26656,15232,28560,0.0,0.0,1.0,0.0,1.0
CH_L_333a,14-8,14,8,0.5681798096972094,71,-0.05437332406682921,0.029512297219690026,0.4059046238964914,-0.07339366018758198,0.5481856420569118,15232,26656,17136,28560,0.0,0.0,1.0,0.0,1.0
CH_L_333a,8-6,8,6,0.3359882551812444,72,-0.03573703649044428,0.1286774626859974,0.30492911331953576,-0.05925968696303457,0.46775171824279355,11424,15232,13328,17136,0.0,0.0,0.0,0.0,0.0
CH_L_333a,9-6,9,6,0.5090340590425423,117,-0.021579920398636758,0.17574627810677498,0.32010846102080537,-0.0679357885116257,0.4407380579245912,11424,17136,13328,19040,0.0,0.0,0.0,0.0,0.0
CH_L_333a,9-7,9,7,0.455948136251347,111,-0.015875063451716926,0.18288027097068366,0.2807043833091349,-0.03842924758142187,0.46883808824779916,13328,17136,15232,19040,1.0,1.0,0.0,0.0,0.0
CH_L_334a,10-11,10,11,0.7035639934802852,52,-0.01614224578600503,0.13566886352189564,0.34050604359039566,-0.014898714775674577,0.20014675589837178,20944,19040,22848,20944,0.0,1.0,0.0,0.0,0.0
CH_L_334a,10-12,10,12,0.7664528567187201,110,-0.029196685824128626,0.0569758082392621,0.33839200240987644,-0.003986550715477187,0.23723866024818327,22848,19040,24752,20944,0.0,0.0,0.0,0.0,0.0
CH_L_334a,10-13,10,13,0.7048465024186944,112,-0.0028317874540298516,0.044999251416551464,0.3074571698263151,0.026075512619743273,0.2609915019092181,24752,19040,26656,20944,0.0,0.0,0.0,1.0,0.0
CH_L_334a,10-14,10,14,0.745401651454351,125,-0.0059687176334935,0.13037457557735774,0.3144880426684224,0.032237071174409195,0.22399424480816613,26656,19040,28560,20944,0.0,1.0,0.0,1.0,0.0
CH_L_334a,10-15,10,15,0.7001716423600038,107,-0.023416534888522786,0.16577038620842255,0.33599839127398584,0.004723860495053851,0.2604419596209554,28560,19040,30464,20944,0.0,1.0,0.0,0.0,0.0
CH_L_334a,11-11,11,11,0.7575027301789039,57,-0.011575672633924634,0.10531025614691726,0.33380174538875895,0.04719030535491038,0.20073989257159547,20944,20944,22848,22848,0.0,0.0,0.0,1.0,0.0
CH_L_334a,11-12,11,12,0.7772672725172455,120,-0.009997152209051004,0.09916010286498052,0.31388390226091795,0.05085526962875763,0.2104142209846816,22848,20944,24752,22848,0.0,0.0,0.0,1.0,0.0
CH_L_334a,11-13,11,13,0.7239221442784035,114,-0.017414434643563178,0.1051870159745844,0.3302504704831221,0.016892556060413642,0.24631229061568452,24752,20944,26656,22848,0.0,0.0,0.0,0.0,0.0
CH_L_334a,11-14,11,14,0.5609542829624871,79,-0.03598057453381707,0.09475125547971609,0.36497014937722283,-0.01981522091146283,0.3008876414366884,26656,20944,28560,22848,0.0,0.0,1.0,0.0,1.0
CH_L_334a,5-12,5,12,0.7408418657452678,60,0.020410544570103155,0.19522326403575568,0.3101765573134063,-0.0061572357292421906,0.24536958518700944,22848,9520,24752,11424,1.0,1.0,0.0,0.0,0.0
CH_L_334a,5-13,5,13,0.7228347528720016,60,0.008860701496376513,0.1260354942522516,0.31837764707823196,-0.009555332211882511,0.23325124565631397,24752,9520,26656,11424,1.0,0.0,0.0,0.0,0.0
CH_L_334a,5-14,5,14,0.6219444219819974,63,-0.01556988164470186,0.1266444771647689,0.3477463376302183,-0.023249891474778267,0.2626404255832287,26656,9520,28560,11424,0.0,1.0,0.0,0.0,0.0
CH_L_334a,5-16,5,16,0.7640074114329163,50,-0.030461279648125793,0.0874497308885702,0.3555172513581531,-0.03281701824017568,0.21271013074099265,30464,9520,32368,11424,0.0,0.0,1.0,0.0,0.0
CH_L_334a,6-11,6,11,0.6661186815073662,41,0.013481208612340463,0.0989571342780885,0.28632850798822823,0.020350487632976016,0.23485311728698524,20944,11424,22848,13328,1.0,0.0,0.0,1.0,0.0
CH_L_334a,6-12,6,12,0.7230738220839787,123,0.0025222043229425097,0.18978327005188178,0.30346736100092725,-0.011426768745328195,0.21462209143984703,22848,11424,24752,13328,1.0,1.0,0.0,0.0,0.0
CH_L_334a,6-13,6,13,0.7324145504880037,121,0.007046575260457998,0.14145238253601936,0.29758492431973177,-0.01928281761073465,0.25782881792196094,24752,11424,26656,13328,1.0,1.0,0.0,0.0,0.0
CH_L_334a,6-14,6,14,0.6378813488210536,114,-0.005107916026516094,0.08628726416170922,0.34679714615675955,-0.014868097449977887,0.2893096126912706,26656,11424,28560,13328,0.0,0.0,0.0,0.0,1.0
CH_L_334a,6-15,6,15,0.762895463504869,112,-0.016868072194661406,0.0940305224485056,0.3628476169810205,-0.02355957672417307,0.203308084398885,28560,11424,30464,13328,0.0,0.0,1.0,0.0,0.0
CH_L_334a,6-16,6,16,0.7412090427705762,120,-0.0013474586124089278,0.09085339696976936,0.3268806278874749,0.004455583180244073,0.2578389079763112,30464,11424,32368,13328,1.0,0.0,0.0,0.0,0.0
CH_L_334a,6-17,6,17,0.39379765497342717,104,-0.052302257122155756,0.07024743689752642,0.436064206557748,-0.08522079550453104,0.2891012702851731,32368,11424,34272,13328,0.0,0.0,1.0,0.0,1.0
CH_L_334a,7-11,7,11,0.5760250470350292,48,-0.003440814488192702,0.08521450190810398,0.31261343882573617,-0.021254308256363943,0.2847775978660781,20944,13328,22848,15232,0.0,0.0,0.0,0.0,1.0
CH_L_334a,7-12,7,12,0.7117889002429064,102,-0.004064950553599711,0.12096205233081603,0.31912441575204564,-0.030253636466507333,0.24584401618582627,22848,13328,24752,15232,0.0,0.0,0.0,0.0,0.0
CH_L_334a,7-13,7,13,0.7622810256443083,112,-0.0050329738696283195,0.05941499177937308,0.3291086326762395,-0.04660131464419546,0.23114407073823431,24752,13328,26656,15232,0.0,0.0,0.0,0.0,0.0
CH_L_334a,7-14,7,14,0.6786396861003873,117,0.005864795635496994,0.1181978887575963,0.32557666790774736,0.008471329179084636,0.25255490500931554,26656,13328,28560,15232,1.0,0.0,0.0,0.0,0.0
CH_L_334a,7-15,7,15,0.7817756844058611,117,0.012421556912803835,0.08621098849093133,0.3140165714707217,0.05463477820895123,0.2319213499121129,28560,13328,30464,15232,1.0,0.0,0.0,1.0,0.0
CH_L_334a,7-16,7,16,0.5984181620027682,111,-0.017549495270097172,0.12239268719667377,0.3082362981744711,0.017965004086663926,0.3258860608437297,30464,13328,32368,15232,0.0,0.0,0.0,1.0,1.0
CH_L_334a,7-17,7,17,0.48891949674399854,98,-0.03531822838720048,0.1043068303949933,0.37457805549297946,-0.0453541607666169,0.3668270995403269,32368,13328,34272,15232,0.0,0.0,1.0,0.0,1.0
CH_L_334a,8-11,8,11,0.5670447067206128,44,-0.019105939397604924,0.10531695037919347,0.3117176269367114,-0.026378533646719774,0.3103234906434755,20944,15232,22848,17136,0.0,0.0,0.0,0.0,1.0
CH_L_334a,8-12,8,12,0.6270240476763952,117,-0.005556724130348632,0.09739556183378,0.3416148157464134,-0.04453417990691761,0.28097403168266144,22848,15232,24752,17136,0.0,0.0,0.0,0.0,0.0
CH_L_334a,8-13,8,13,0.754456645639917,123,-0.005325169580586403,0.08054408602341878,0.3128436328272682,-0.020124891955794755,0.2197720891610963,24752,15232,26656,17136,0.0,0.0,0.0,0.0,0.0
CH_L_334a,8-14,8,14,0.7620443773440329,118,0.014402083385499838,0.14805432720143813,0.3028039488268438,0.026125668727090382,0.22735926368715104,26656,15232,28560,17136,1.0,1.0,0.0,1.0,0.0
CH_L_334a,8-15,8,15,0.7321194073723091,110,0.011897517062762151,0.07284701741745375,0.34155602767930554,0.018274300173698025,0.25975934752252183,28560,15232,30464,17136,1.0,0.0,0.0,1.0,0.0
CH_L_334a,8-16,8,16,0.4738846164606091,109,-0.02772442547225958,0.09496479632629223,0.3494049330869187,-0.02659916153313587,0.362829051414044,30464,15232,32368,17136,0.0,0.0,1.0,0.0,1.0
CH_L_334a,8-17,8,17,0.30444208698225816,87,-0.07185321331967907,0.04008478586228942,0.4507072685840495,-0.10577112947518442,0.3897461662387391,32368,15232,34272,17136,0.0,0.0,1.0,0.0,1.0
CH_L_334a,9-11,9,11,0.6357012974693782,52,-0.03230053096080147,0.08425697195751503,0.35464635621882196,-0.05657169619424362,0.2749603913500936,20944,17136,22848,19040,0.0,0.0,1.0,0.0,0.0
CH_L_334a,9-12,9,12,0.6606926437039573,112,-0.026530576578135453,0.07070834940264893,0.35427453192804587,-0.04767993322894514,0.25778028971393613,22848,17136,24752,19040,0.0,0.0,1.0,0.0,0.0
CH_L_334a,9-13,9,13,0.7468760211298676,110,-0.005363625087248897,0.11091633602982355,0.31593126855448417,-0.004234677495145,0.22199067627759483,24752,17136,26656,19040,0.0,0.0,0.0,0.0,0.0
CH_L_334a,9-14,9,14,0.6890477859157372,115,-0.008908192638513494,0.12722331776058046,0.3114214486182398,0.024755957433957577,0.2748473000973846,26656,17136,28560,19040,0.0,1.0,0.0,1.0,0.0
CH_L_334a,9-15,9,15,0.738055934552169,113,-0.02121816010408336,0.156877305245267,0.3256692924912904,0.007926764955780102,0.2683570777275955,28560,17136,30464,19040,0.0,1.0,0.0,0.0,0.0
CH_L_334a,9-16,9,16,0.3139943815806023,86,-0.055939942012446425,0.06227684819707085,0.4110955103512773,-0.08687637395810334,0.49909401624416144,30464,17136,32368,19040,0.0,0.0,1.0,0.0,1.0
CH_L_335a,2-6,2,6,0.319944988434115,51,-0.03895922771589799,0.019394057759537266,0.432550761815089,-0.060098352853160085,0.5230363782680171,11424,3808,13328,5712,0.0,0.0,1.0,0.0,0.0
CH_L_335a,2-7,2,7,0.39883847102633924,50,-0.05402815522319132,0.02608237872597664,0.4291968021457827,-0.0820073895909677,0.4961978408430208,13328,3808,15232,5712,0.0,0.0,1.0,0.0,0.0
CH_L_335a,2-8,2,8,0.5547648006835838,46,-0.06721111541447443,0.049811141438595274,0.4373556677086995,-0.060754952670388496,0.5455151148716252,15232,3808,17136,5712,0.0,1.0,1.0,0.0,1.0
CH_L_335a,3-10,3,10,0.7574621930919639,107,-0.006337297500579008,0.022106476123541358,0.38462061224199756,-0.015521867808790927,0.5172106405566173,19040,5712,20944,7616,1.0,0.0,0.0,0.0,0.0
CH_L_335a,3-11,3,11,0.43289375064421043,114,0.0007902786855112741,0.04544821566589246,0.33025962284301885,0.016642917218495576,0.4318338806090521,20944,5712,22848,7616,1.0,0.0,0.0,1.0,0.0
CH_L_335a,3-12,3,12,0.6577418361040346,49,0.02175802638107222,0.016736310721752013,0.3748730044272255,-0.002894983479400341,0.41941417952024307,22848,5712,24752,7616,1.0,0.0,0.0,1.0,0.0
CH_L_335a,3-6,3,6,0.46997188388229894,100,-0.030414064416145074,0.0286774994825944,0.3833207114997644,-0.05163528749143701,0.5372060166489527,11424,5712,13328,7616,0.0,0.0,0.0,0.0,0.0
CH_L_335a,3-7,3,7,0.47614590957508296,122,-0.04637221744456931,0.03085177768627817,0.4139074313210787,-0.06816232493478007,0.5396076559364283,13328,5712,15232,7616,0.0,0.0,0.0,0.0,0.0
CH_L_335a,3-8,3,8,0.48575975687587003,111,-0.06463941345798073,0.029143128096553055,0.4147507604763511,-0.08533281668201233,0.5077219515702349,15232,5712,17136,7616,0.0,0.0,0.0,0.0,0.0
CH_L_335a,3-9,3,9,0.5153914813469497,103,-0.04532217957115523,0.030629545001479352,0.38532335584415894,-0.049637634230731455,0.5303627651185694,17136,5712,19040,7616,0.0,0.0,0.0,0.0,0.0
CH_L_335a,4-8,4,8,0.38427593958519807,111,-0.009402744162257535,0.046059321905065384,0.33845587421102513,-0.01948503783905711,0.5671725428877606,15232,7616,17136,9520,0.0,1.0,0.0,0.0,1.0
CH_L_335a,4-9,4,9,0.4621406954212248,106,-0.022565099017978724,0.05165252315331682,0.3581492647879016,-0.010852438163401978,0.560465844744101,17136,7616,19040,9520,0.0,1.0,0.0,1.0,1.0
CH_L_336a,10-11,10,11,0.4855663056784083,110,0.02162447273105004,0.20146408978988542,0.3346854811725466,-0.03444946785765597,0.4262607069816015,20944,19040,22848,20944,0.0,0.0,0.0,0.0,0.0
CH_L_336a,10-6,10,6,0.32313547867105347,119,-0.0073602590635876985,0.12462453239139135,0.356054132621048,-0.04193965528786327,0.44512853421203585,11424,19040,13328,20944,0.0,0.0,1.0,0.0,1.0
CH_L_336a,10-7,10,7,0.5163208228369693,118,0.00816639841334245,0.17160679028201534,0.3378206288956155,-0.019623372993192587,0.4294293379102283,13328,19040,15232,20944,0.0,0.0,0.0,0.0,0.0
CH_L_336a,10-8,10,8,0.45767025756207114,108,-0.003488381148743299,0.1672227851572747,0.35485602764018165,-0.040768684104777735,0.4305239694448454,15232,19040,17136,20944,0.0,0.0,1.0,0.0,0.0
CH_L_336a,11-11,11,11,0.7720923761421503,117,0.044642956167746384,0.2629545753060321,0.3017250703673508,0.009291473076656944,0.3879147424762964,20944,20944,22848,22848,1.0,1.0,0.0,0.0,0.0
CH_L_336a,11-6,11,6,0.34094744768867563,109,-0.014199492601539188,0.12300397746963315,0.3728935316996429,-0.051184466968629085,0.4497557320295221,11424,20944,13328,22848,0.0,0.0,1.0,0.0,1.0
CH_L_336a,11-7,11,7,0.6176823934238947,111,0.023608527829844052,0.2177692344441519,0.3236432438192389,0.0031124973415922923,0.4286661974381766,13328,20944,15232,22848,0.0,0.0,0.0,0.0,0.0
CH_L_336a,11-8,11,8,0.4125319134724953,119,-0.0011559350680925638,0.14349142439506668,0.3302605219910196,-0.008808067182443506,0.44780932659950207,15232,20944,17136,22848,0.0,0.0,0.0,0.0,1.0
CH_L_336a,12-10,12,10,0.352804772695063,119,0.02644153653118529,0.23023315396579938,0.3214159580389574,-0.005071622197879718,0.45237961894589307,19040,22848,20944,24752,0.0,0.0,0.0,0.0,1.0
CH_L_336a,12-11,12,11,0.6812796037258525,111,0.04462423943949321,0.2869512302980552,0.30047887963810277,0.008587016527236875,0.4131071549718434,20944,22848,22848,24752,1.0,1.0,0.0,0.0,0.0
CH_L_336a,12-6,12,6,0.4402761912986624,108,-0.005014819360002752,0.14254540091813922,0.35346657760417594,-0.02558118920730955,0.43792741664487145,11424,22848,13328,24752,0.0,0.0,0.0,0.0,0.0
CH_L_336a,12-7,12,7,0.5698643765028646,118,0.027879836413417465,0.2504035150502567,0.3103585483435395,0.01588057320820213,0.4398953353584085,13328,22848,15232,24752,0.0,0.0,0.0,1.0,0.0
CH_L_336a,12-8,12,8,0.5301748876154236,109,0.022451998458480824,0.23241947381146869,0.31490869466052007,0.002118963811384403,0.43847334508375596,15232,22848,17136,24752,0.0,0.0,0.0,0.0,0.0
CH_L_336a,12-9,12,9,0.6069857096497097,110,0.032893907308892335,0.2572415613724727,0.3003102449150921,0.015823815254844623,0.4355725213057594,17136,22848,19040,24752,0.0,1.0,0.0,1.0,0.0
CH_L_336a,13-10,13,10,0.7943974936541317,111,0.04470804062067095,0.3136811634310407,0.29989817004322766,0.019417069644206666,0.37808974405365725,19040,24752,20944,26656,1.0,1.0,0.0,1.0,0.0
CH_L_336a,13-11,13,11,0.7235986319736691,112,0.04514907913683044,0.255843709772748,0.296046920452735,0.027721117114508084,0.4165981008144936,20944,24752,22848,26656,1.0,0.0,0.0,1.0,0.0
CH_L_336a,13-6,13,6,0.4113096473093304,118,0.012172793306055554,0.12915102269322085,0.34738905154253485,0.007356033332306643,0.4405164402067248,11424,24752,13328,26656,0.0,0.0,0.0,0.0,1.0
CH_L_336a,13-9,13,9,0.5928877212472811,119,0.026352969075864874,0.20680961893355168,0.319390333374401,-0.001513540193767242,0.4194698769343983,17136,24752,19040,26656,0.0,0.0,0.0,0.0,0.0
CH_L_336a,14-10,14,10,0.8105056323167616,117,0.05075585962705224,0.33582697251761046,0.2944295474489824,0.04406742960951361,0.3840648831186667,19040,26656,20944,28560,1.0,1.0,0.0,1.0,0.0
CH_L_336a,14-11,14,11,0.685565327925219,116,0.039155668544679834,0.24961107651279507,0.2906746200020688,0.022174887974449733,0.41655794132422996,20944,26656,22848,28560,0.0,0.0,0.0,1.0,0.0
CH_L_336a,14-7,14,7,0.32590136183973095,114,0.013345040700016934,0.17973416071701626,0.3322930595995814,-0.002960145941817836,0.46370227713841927,13328,26656,15232,28560,0.0,0.0,0.0,0.0,1.0
CH_L_336a,15-10,15,10,0.7673710489376266,112,0.04395119118244906,0.345907800425453,0.28015346581818307,0.011068352142278097,0.3698772775729699,19040,28560,20944,30464,1.0,1.0,0.0,1.0,0.0
CH_L_336a,15-11,15,11,0.6278390484659074,110,0.03933786718900854,0.3217137105647793,0.26550198227482125,-0.01049240156089517,0.4156044070710176,20944,28560,22848,30464,1.0,1.0,0.0,0.0,0.0
CH_L_336a,15-6,15,6,0.3099694149069167,120,-0.012335934552047454,0.150901896821127,0.36376644100943356,-0.030521665968237736,0.47225515191632345,11424,28560,13328,30464,0.0,0.0,1.0,0.0,1.0
CH_L_336a,9-11,9,11,0.3402874171754399,90,-0.011699724917379466,0.15881320514185002,0.3600679955354619,-0.07053668582789083,0.42845539013153483,20944,17136,22848,19040,0.0,0.0,1.0,0.0,0.0
CH_L_336a,9-6,9,6,0.3527482447559077,67,-0.01952426137511596,0.0958571161062188,0.3721823954537643,-0.04726810437616854,0.43153005819226103,11424,17136,13328,19040,0.0,0.0,1.0,0.0,0.0
CH_L_336a,9-7,9,7,0.5356237473814974,72,0.006549213566807077,0.15663160260020603,0.3568820213620431,-0.035587020399342036,0.43040528559701585,13328,17136,15232,19040,0.0,0.0,1.0,0.0,0.0
CH_L_336a,9-8,9,8,0.7065076871802461,80,0.003036342197457588,0.20386168280186348,0.3375159403867525,-0.025055803165404407,0.4103159294690434,15232,17136,17136,19040,0.0,0.0,0.0,0.0,0.0
CH_L_337a,10-16,10,16,0.48426611573323325,104,-0.04986432734388642,0.049794843440855746,0.4824078302332395,-0.12283011338373782,0.4056692974739646,30528,19080,32436,20988,1.0,0.0,0.0,1.0,1.0
CH_L_337a,10-17,10,17,0.42345507373259994,105,-0.06838342974872232,0.06049721441417307,0.4944838079606171,-0.1381669364965569,0.36091698422906615,32436,19080,34344,20988,1.0,1.0,0.0,0.0,1.0
CH_L_337a,10-18,10,18,0.30714057960937124,105,-0.08351514675464382,0.04659942295874644,0.5047218835217102,-0.13980240635507593,0.2882716271393069,34344,19080,36252,20988,0.0,0.0,0.0,0.0,0.0
CH_L_337a,10-21,10,21,0.7321483641341678,101,-0.09036452627069748,0.04398827586199559,0.5302497674481902,-0.1317267491100769,0.20660700742353635,40068,19080,41976,20988,0.0,0.0,1.0,1.0,0.0
CH_L_337a,10-22,10,22,0.7588147022888752,53,-0.04821060195490824,0.035076262031809705,0.49032472485910944,-0.09694108657560277,0.3063037827064348,41976,19080,43884,20988,1.0,0.0,0.0,1.0,0.0
CH_L_337a,11-16,11,16,0.4521933177043886,103,-0.05383305450566244,0.06204478360699857,0.4855704214196366,-0.12294540319328234,0.4110018638381951,30528,20988,32436,22896,1.0,1.0,0.0,1.0,1.0
CH_L_337a,11-17,11,17,0.4085539649119514,106,-0.07416191990251195,0.06266482588813738,0.5028908463654649,-0.13600177207888353,0.3445977016048444,32436,20988,34344,22896,0.0,1.0,0.0,0.0,1.0
CH_L_337a,11-18,11,18,0.4177834505608159,102,-0.07173590584157638,0.0564501690153022,0.4897684145806241,-0.131977644471231,0.29686591474830687,34344,20988,36252,22896,1.0,1.0,0.0,1.0,0.0
CH_L_337a,11-21,11,21,0.5370645052285467,101,-0.0845255875456308,0.04118790414702441,0.5200787937878975,-0.13402016674986653,0.22159663897391774,40068,20988,41976,22896,0.0,0.0,0.0,0.0,0.0
CH_L_337a,11-22,11,22,0.40225270699454896,53,-0.07163923558143914,0.040282361861408225,0.5030792243546405,-0.12329677596930254,0.33972611942322745,41976,20988,43884,22896,1.0,0.0,0.0,1.0,1.0
CH_L_337a,12-17,12,17,0.31750955915516194,110,-0.07301900565988353,0.051679082455367106,0.507888444699872,-0.13592913575789295,0.3343612168502751,32436,22896,34344,24804,0.0,0.0,0.0,0.0,0.0
CH_L_337a,13-16,13,16,0.36374711083013644,77,-0.08421580044951328,0.04782440317912393,0.5091903106881567,-0.1423617203676852,0.34948978705128037,30528,24804,32436,26712,0.0,0.0,0.0,0.0,1.0
CH_L_337a,7-16,7,16,0.5385574512247964,101,-0.07612972391102384,0.040325130250815924,0.5079928170695234,-0.14826378753156721,0.3275595262267332,30528,13356,32436,15264,0.0,0.0,0.0,0.0,0.0
CH_L_337a,7-17,7,17,0.5791607354574276,108,-0.09320215494735694,0.04509830886108394,0.5290159915906126,-0.15810629142120583,0.23396987854809226,32436,13356,34344,15264,0.0,0.0,0.0,0.0,0.0
CH_L_337a,7-18,7,18,0.645185943430322,102,-0.08364752081613648,0.05620366488250823,0.5247358036227665,-0.14366408682482917,0.22273574191957757,34344,13356,36252,15264,0.0,1.0,0.0,0.0,0.0
CH_L_337a,7-19,7,19,0.46630906870723066,105,-0.08126910980239631,0.04471641057065573,0.5191318071743587,-0.13694249395419014,0.25335202804000584,36252,13356,38160,15264,0.0,0.0,0.0,0.0,0.0
CH_L_337a,7-20,7,20,0.38866290677220305,105,-0.08510670869342339,0.05540480092509673,0.5171076781002388,-0.1461409934477199,0.2794955747325848,38160,13356,40068,15264,0.0,1.0,0.0,0.0,0.0
CH_L_337a,7-21,7,21,0.3989337647257552,102,-0.07359475086076972,0.04987659456735333,0.5061988829396781,-0.13082245286920796,0.306859948463922,40068,13356,41976,15264,0.0,0.0,0.0,1.0,0.0
CH_L_337a,8-16,8,16,0.46255268206245104,95,-0.08354414037114802,0.04107350411741458,0.5198537049708271,-0.14731763757489894,0.2822848571838034,30528,15264,32436,17172,0.0,0.0,0.0,0.0,0.0
CH_L_337a,8-17,8,17,0.33013703278670664,108,-0.10067023718391725,0.03984187682132254,0.540083207129181,-0.15657598920144936,0.21250605244726767,32436,15264,34344,17172,0.0,0.0,1.0,0.0,0.0
CH_L_337a,8-18,8,18,0.5299767856846407,105,-0.10410134881742836,0.03779568124195462,0.5426825392131709,-0.14858306902488852,0.19859421565005886,34344,15264,36252,17172,0.0,0.0,1.0,0.0,0.0
CH_L_337a,8-22,8,22,0.5165759379485282,50,-0.10100232482681255,0.03831932212110124,0.5435575066877546,-0.14523076171077154,0.26374399852900526,41976,15264,43884,17172,0.0,0.0,1.0,0.0,0.0
CH_L_337a,9-16,9,16,0.5278163474040588,102,-0.07074690884785945,0.05255384959273357,0.49316266108589046,-0.14664319606394102,0.364318465100436,30528,17172,32436,19080,1.0,1.0,0.0,0.0,1.0
CH_L_337a,9-17,9,17,0.39030385294486364,95,-0.0835001683970207,0.045429992564483226,0.5149206509760547,-0.1500625662351261,0.2638381009173505,32436,17172,34344,19080,0.0,0.0,0.0,0.0,0.0
CH_L_337a,9-18,9,18,0.31692891982951066,100,-0.10009531810841808,0.0486945052704395,0.5300894144719372,-0.14288537062534729,0.19631863024129775,34344,17172,36252,19080,0.0,0.0,1.0,0.0,0.0
CH_L_337a,9-21,9,21,0.616701179224571,105,-0.09935578663764116,0.040465615006459586,0.5436427414621838,-0.14746356089917922,0.19366595405402495,40068,17172,41976,19080,0.0,0.0,1.0,0.0,0.0
CH_L_337a,9-22,9,22,0.6046805048193915,46,-0.09632234712455097,0.05045820845289306,0.5372720367735202,-0.14826113878617295,0.2452555037054287,41976,17172,43884,19080,0.0,0.0,1.0,0.0,0.0
CH_L_338a,10-11,10,11,0.3457479229215592,85,-0.1002394320073891,0.03354562964664477,0.5508311137221323,-0.13994607960275787,0.2916506812479532,20988,19080,22896,20988,0.0,1.0,1.0,0.0,0.0
CH_L_338a,10-12,10,12,0.3960038209725934,107,-0.08757111540556675,0.03071532927093744,0.5289949757475532,-0.14275836217419477,0.2738697869426961,22896,19080,24804,20988,0.0,0.0,0.0,0.0,0.0
CH_L_338a,10-13,10,13,0.48313477266320004,108,-0.08234378529685157,0.03175192342397777,0.5239552419826727,-0.13363552667451983,0.270951263313962,24804,19080,26712,20988,0.0,0.0,0.0,0.0,0.0
CH_L_338a,10-14,10,14,0.4622746765885733,111,-0.08839597823235447,0.02692354760549555,0.5293267892543614,-0.1338518551626198,0.27230369987864084,26712,19080,28620,20988,0.0,0.0,0.0,0.0,0.0
CH_L_338a,10-15,10,15,0.41903304805397823,103,-0.08266507843948276,0.028311260193007375,0.5284966748136559,-0.134316600282141,0.27005597665405423,28620,19080,30528,20988,0.0,0.0,0.0,0.0,0.0
CH_L_338a,10-16,10,16,0.384997367800719,107,-0.07519359936903931,0.032319839270752,0.5206099339350889,-0.14457537111798408,0.2867758954240025,30528,19080,32436,20988,0.0,0.0,0.0,0.0,0.0
CH_L_338a,11-11,11,11,0.31627354915910316,103,-0.09915239774731574,0.04180935748800059,0.539890141298653,-0.14615777190663495,0.265057407225198,20988,20988,22896,22896,0.0,1.0,1.0,0.0,0.0
CH_L_338a,11-12,11,12,0.43951717853119465,118,-0.06540479616118387,0.030239451668800595,0.5130116904506635,-0.13608895846811023,0.3266081898600208,22896,20988,24804,22896,1.0,0.0,0.0,0.0,0.0
CH_L_338a,11-13,11,13,0.40908706641355225,116,-0.0771242149064903,0.024948235909983966,0.5104672537965115,-0.137349746152484,0.32292293799284977,24804,20988,26712,22896,0.0,0.0,0.0,0.0,0.0
CH_L_338a,11-14,11,14,0.4152967058237597,98,-0.0871671512619572,0.032402784464183904,0.5072564454821757,-0.12934984567640978,0.29991284022608194,26712,20988,28620,22896,0.0,0.0,0.0,1.0,0.0
CH_L_338a,11-15,11,15,0.38102699358670494,110,-0.07230347207201314,0.038184284937914655,0.5091645508800323,-0.12707478953893547,0.33785583313566236,28620,20988,30528,22896,0.0,1.0,0.0,1.0,0.0
CH_L_338a,11-16,11,16,0.3946018881493719,120,-0.08530041483551074,0.027394046328784335,0.5165789732438388,-0.13870681896119133,0.2949978574391521,30528,20988,32436,22896,0.0,0.0,0.0,0.0,0.0
CH_L_338a,12-12,12,12,0.37712217525169,113,-0.0695579104315512,0.031207782819698982,0.5131747802707123,-0.12890323202342657,0.325491182864725,22896,22896,24804,24804,1.0,0.0,0.0,1.0,0.0
CH_L_338a,12-13,12,13,0.4765248936868144,120,-0.05564051271109575,0.02983636375170549,0.49819849639782016,-0.10248981587746532,0.3661519116279355,24804,22896,26712,24804,1.0,0.0,0.0,1.0,1.0
CH_L_338a,12-14,12,14,0.38900453353354175,120,-0.07707451205724491,0.029438242839327985,0.5103474301565097,-0.13864537777321886,0.28873023686912325,26712,22896,28620,24804,0.0,0.0,0.0,0.0,0.0
CH_L_338a,12-15,12,15,0.4032827376033131,117,-0.07588443329306109,0.029509103694802894,0.5121614377166237,-0.13829063756271345,0.3479259039007257,28620,22896,30528,24804,0.0,0.0,0.0,0.0,1.0
CH_L_338a,12-16,12,16,0.37738115840316716,112,-0.07376913533779748,0.035451300634225025,0.51875009705541,-0.14054309622890618,0.3241998227818203,30528,22896,32436,24804,0.0,1.0,0.0,0.0,0.0
CH_L_338a,13-11,13,11,0.3422929064720495,111,-0.08414007615113364,0.03289891018937898,0.5254172386085313,-0.13622619358951787,0.28247054943656025,20988,24804,22896,26712,0.0,0.0,0.0,0.0,0.0
CH_L_338a,13-12,13,12,0.3363876488303614,97,-0.0641022521135614,0.025001300879861174,0.5091347304872104,-0.14123057231151948,0.35240575152648773,22896,24804,24804,26712,1.0,0.0,0.0,0.0,1.0
CH_L_338a,13-13,13,13,0.3849386135031666,111,-0.06381571664628047,0.02783571657186723,0.5088900742105859,-0.1310243934436654,0.3440776485824883,24804,24804,26712,26712,1.0,0.0,0.0,1.0,1.0
CH_L_338a,13-14,13,14,0.4352365781237995,115,-0.057468434003079986,0.021996349019611994,0.4984012930956367,-0.10599929274881047,0.3610436089953755,26712,24804,28620,26712,1.0,0.0,0.0,1.0,1.0
CH_L_338a,13-15,13,15,0.32349786016535903,119,-0.07220221269693287,0.03323334836917269,0.5094378714242406,-0.13372401501012388,0.3672620776372378,28620,24804,30528,26712,0.0,0.0,0.0,0.0,1.0
CH_L_338a,14-12,14,12,0.32790816778269594,108,-0.07123436319357335,0.027765904311108022,0.5066763141234686,-0.12186770757158522,0.3248414784918088,22896,26712,24804,28620,1.0,0.0,0.0,1.0,0.0
CH_L_338a,14-13,14,13,0.32669479535053003,117,-0.07211082581713635,0.028416065173131746,0.5163822789069556,-0.12902085566061808,0.3414114516584461,24804,26712,26712,28620,0.0,0.0,0.0,1.0,1.0
CH_L_338a,14-14,14,14,0.3215147412790458,114,-0.06457170551159087,0.03369553858723505,0.5116131664037836,-0.13469506848835797,0.343256794089492,26712,26712,28620,28620,1.0,1.0,0.0,0.0,1.0
CH_L_338a,8-15,8,15,0.4490554472791788,71,-0.09921435476828876,0.04065690483018187,0.5425846866212035,-0.14183399435330493,0.20555345991307114,28620,15264,30528,17172,0.0,1.0,1.0,0.0,0.0
CH_L_338a,8-16,8,16,0.43098659417458246,77,-0.0960960584421323,0.035356902871083166,0.5398519565373394,-0.144523664639681,0.21482679278321418,30528,15264,32436,17172,0.0,1.0,1.0,0.0,0.0
CH_L_338a,9-13,9,13,0.3130657908203527,117,-0.09861891704688722,0.031556972449997,0.5461781324802109,-0.1511543519239836,0.24120070662498294,24804,17172,26712,19080,0.0,0.0,1.0,0.0,0.0
CH_L_338a,9-14,9,14,0.33250530015807983,111,-0.08404609909603908,0.03642758220752373,0.5293559904692509,-0.14038110759243613,0.26726564679167447,26712,17172,28620,19080,0.0,1.0,1.0,0.0,0.0
CH_L_338a,9-15,9,15,0.4488153282616448,106,-0.08439664311877389,0.032391771678043406,0.5302108230212466,-0.13689202863234143,0.25638275064086846,28620,17172,30528,19080,0.0,0.0,1.0,0.0,0.0
CH_L_338a,9-16,9,16,0.47009821775118277,104,-0.09152904008994335,0.032536762336564426,0.5343979605645565,-0.15157051536877997,0.2315721554854426,30528,17172,32436,19080,0.0,0.0,1.0,0.0,0.0
CH_L_339a,10-10,10,10,0.520568716254649,73,-0.03179516240346539,0.1755294093330757,0.3180141517535463,-0.047227291944995975,0.36823947421916436,19080,19080,20988,20988,0.0,0.0,0.0,0.0,0.0
CH_L_339a,10-11,10,11,0.9334821097179534,91,-0.02209179824642337,0.214819460756956,0.2941919207297763,0.027792861457178478,0.21818075872607104,20988,19080,22896,20988,0.0,0.0,0.0,1.0,0.0
CH_L_339a,10-12,10,12,0.7113705275829159,99,-0.019652592113706225,0.20484530605609924,0.311197783708437,-0.0020917715046848222,0.33096623894185156,22896,19080,24804,20988,0.0,0.0,0.0,0.0,0.0
CH_L_339a,10-13,10,13,0.7928487131092286,92,-0.017410453933071814,0.19897216918617508,0.2870498625215958,0.023654693877700667,0.3141905252480226,24804,19080,26712,20988,0.0,0.0,0.0,1.0,0.0
CH_L_339a,10-14,10,14,0.6021781602455578,86,-0.009272152927505049,0.20304178862257813,0.3025652069895283,0.010813305284907681,0.3640224594563453,26712,19080,28620,20988,1.0,0.0,0.0,0.0,0.0
CH_L_339a,11-10,11,10,0.5354860178894955,83,-0.016961287333394033,0.19883400454972625,0.3110340765063364,0.02113713202812644,0.4091644189802311,19080,20988,20988,22896,0.0,0.0,0.0,0.0,1.0
CH_L_339a,11-11,11,11,0.31004951319311563,90,-0.023457833293479533,0.1952676563501065,0.28308638182762147,-0.04934214832329043,0.3869015270639596,20988,20988,22896,22896,0.0,0.0,0.0,0.0,1.0
CH_L_339a,11-12,11,12,0.7244511785928693,91,-0.011813862612101798,0.2456428073436971,0.2838880081951613,0.016571857826788088,0.31580097647274946,22896,20988,24804,22896,1.0,1.0,0.0,0.0,0.0
CH_L_339a,11-13,11,13,0.8223213897024191,87,-0.017587047416862654,0.20272159017477426,0.29743559420955323,0.032110593356295646,0.3051935053192312,24804,20988,26712,22896,0.0,0.0,0.0,1.0,0.0
CH_L_339a,11-14,11,14,0.6985201864755025,82,-0.019486621474289395,0.20651483591897285,0.29522429255365007,0.009124405079269511,0.33747138954794853,26712,20988,28620,22896,0.0,0.0,0.0,0.0,0.0
CH_L_339a,12-10,12,10,0.5634687893063663,94,-0.00837612378386027,0.2616009030417878,0.2980353590320605,0.04102569068182263,0.36087272143005594,19080,22896,20988,24804,1.0,1.0,0.0,1.0,0.0
CH_L_339a,12-11,12,11,0.48188969481305993,97,-0.012845958307513224,0.24793410749266948,0.2912899298757024,0.03367332079685409,0.3706017056786804,20988,22896,22896,24804,1.0,1.0,0.0,1.0,1.0
CH_L_339a,12-12,12,12,0.3439882847053253,90,-0.014992892010027846,0.18118117765574127,0.27770348376498305,-0.02184647835708253,0.4147636838850967,22896,22896,24804,24804,0.0,0.0,0.0,0.0,1.0
CH_L_339a,12-13,12,13,0.6230594169603058,91,-0.01322192727189411,0.18711086991900722,0.29406714537338113,0.017058192603043323,0.3419892294391501,24804,22896,26712,24804,1.0,0.0,0.0,0.0,0.0
CH_L_339a,12-14,12,14,0.8254251485185867,98,-0.01681436980679904,0.20740133184123022,0.2827080025116466,0.03871861295289057,0.2655188842389039,26712,22896,28620,24804,0.0,0.0,0.0,1.0,0.0
CH_L_339a,6-13,6,13,0.32142424221816773,42,-0.05873462562972581,0.05007843999755432,0.38809808326812373,-0.07500124174218478,0.42440456611696964,24804,11448,26712,13356,0.0,0.0,1.0,0.0,1.0
CH_L_339a,7-12,7,12,0.5202384728262625,90,-0.03897491519071784,0.14720988244353692,0.3314906130189907,-0.04355250480738552,0.37112530856195797,22896,13356,24804,15264,0.0,0.0,1.0,0.0,1.0
CH_L_339a,7-13,7,13,0.791675499011476,82,-0.034255231714751526,0.15829022242867044,0.36005223234044864,-0.011388938836143328,0.3329694969167181,24804,13356,26712,15264,0.0,0.0,1.0,0.0,0.0
CH_L_339a,8-10,8,10,0.7164343048556068,61,-0.02524754707554188,0.20105293578889155,0.3348642875424527,-0.04558224685800454,0.3723584512646112,19080,15264,20988,17172,0.0,0.0,1.0,0.0,1.0
CH_L_339a,8-11,8,11,0.6617078733212555,90,-0.02660148760957231,0.2351510623033898,0.3236709924060319,-0.007672800403803833,0.2962138479343116,20988,15264,22896,17172,0.0,1.0,1.0,0.0,0.0
CH_L_339a,8-12,8,12,0.8952754992367139,91,-0.03141279525392496,0.26733958618668924,0.27585257415486336,0.015595931591705657,0.21722965915172252,22896,15264,24804,17172,0.0,1.0,0.0,0.0,0.0
CH_L_339a,8-13,8,13,0.8706158369282739,98,-0.02084483134795806,0.21204149663122895,0.31030978120532104,0.005962179375387493,0.2852301785194409,24804,15264,26712,17172,0.0,0.0,0.0,0.0,0.0
CH_L_339a,8-14,8,14,0.87242148596355,88,-0.00937398724848263,0.20258418499561878,0.3178592903994005,0.0002819908564085264,0.276894298053579,26712,15264,28620,17172,1.0,0.0,0.0,0.0,0.0
CH_L_339a,9-10,9,10,0.7295956328151318,69,-0.04125794076977712,0.18787537630881015,0.3304683585772474,-0.01969741713727402,0.3113117802652095,19080,17172,20988,19080,0.0,0.0,1.0,0.0,0.0
CH_L_339a,9-11,9,11,0.8098855434167495,99,-0.014798536148724105,0.28186402100433305,0.28179261115879967,0.010234866107743308,0.2693870984405012,20988,17172,22896,19080,1.0,1.0,0.0,0.0,0.0
CH_L_339a,9-12,9,12,0.9165210214618055,90,-0.024406492290839136,0.2658544928257943,0.2985394523116646,0.004907498857180101,0.21993476243422197,22896,17172,24804,19080,0.0,1.0,0.0,0.0,0.0
CH_L_339a,9-13,9,13,0.7268568845873318,92,-0.02901451387978181,0.1767542781075091,0.3378509698903286,-0.009339218703891922,0.33523919769949095,24804,17172,26712,19080,0.0,0.0,1.0,0.0,0.0
CH_L_339a,9-14,9,14,0.8798931030325803,96,-0.02150709241993699,0.17857774845771054,0.3179615450620995,0.025105715533208506,0.2423511547340582,26712,17172,28620,19080,0.0,0.0,0.0,1.0,0.0
CH_L_340a,10-10,10,10,0.6816254924438487,43,-0.019112273363550536,0.03528607155012752,0.41509217850948904,-0.052321277760923365,0.3084648597376452,19080,19080,20988,20988,0.0,0.0,0.0,0.0,0.0
CH_L_340a,10-12,10,12,0.6249048719372149,104,-0.02431378025328311,0.04877047412054904,0.3796760985831964,-0.05365534919055666,0.37483506967400404,22896,19080,24804,20988,0.0,0.0,0.0,0.0,1.0
CH_L_340a,10-13,10,13,0.7681069497171863,110,-0.015847942797920147,0.05930465539371308,0.39037944172291295,-0.048996707855679916,0.2968381944326608,24804,19080,26712,20988,0.0,1.0,0.0,0.0,0.0
CH_L_340a,10-14,10,14,0.764880385367234,105,-0.036891622417709366,0.04654256704653456,0.4065972178499806,-0.0715943617764939,0.30773446504549473,26712,19080,28620,20988,0.0,0.0,0.0,0.0,0.0
CH_L_340a,10-15,10,15,0.7450060863979876,108,-0.04103971128811924,0.03909515143923413,0.4286019985200492,-0.06625556708939404,0.25271919008261984,28620,19080,30528,20988,0.0,0.0,1.0,0.0,0.0
CH_L_340a,10-16,10,16,0.5146304086502069,104,-0.02591820381223353,0.05238971655272425,0.38948207195515544,-0.06288343909817638,0.35346030559827557,30528,19080,32436,20988,0.0,0.0,0.0,0.0,1.0
CH_L_340a,11-10,11,10,0.43589360055952436,44,-0.03133290515594549,0.009989392353403855,0.4288644306619942,-0.08241838421229242,0.38780166543726474,19080,20988,20988,22896,0.0,0.0,1.0,0.0,1.0
CH_L_340a,11-11,11,11,0.6888970376632484,104,-0.020058862043988775,0.018929951228137766,0.4177731838123843,-0.053653386917536086,0.34151591243961776,20988,20988,22896,22896,0.0,0.0,1.0,0.0,0.0
CH_L_340a,11-12,11,12,0.5772041191160594,105,-0.024717625517107086,0.04778425956459326,0.38839944572554286,-0.07198111066857422,0.33163221310454594,22896,20988,24804,22896,0.0,0.0,0.0,0.0,0.0
CH_L_340a,11-13,11,13,0.7423402848461461,110,-0.021797708862730577,0.03815402128399991,0.4161488246959447,-0.040115086298785026,0.3041297727391577,24804,20988,26712,22896,0.0,0.0,1.0,1.0,0.0
CH_L_340a,11-14,11,14,0.7830201259086194,104,-0.022496406080105228,0.04744306815664063,0.403381684752723,-0.05529073380561647,0.2920878078212648,26712,20988,28620,22896,0.0,0.0,0.0,0.0,0.0
CH_L_340a,11-15,11,15,0.700531964629721,105,-0.030407356399617985,0.057847574013247555,0.4142438478672435,-0.06681305565025714,0.2913621433181179,28620,20988,30528,22896,0.0,1.0,0.0,0.0,0.0
CH_L_340a,11-16,11,16,0.7197062720947057,106,-0.025749536560014705,0.0382423224682506,0.40713838201438685,-0.049589745978682646,0.2968990180086394,30528,20988,32436,22896,0.0,0.0,0.0,0.0,0.0
CH_L_340a,12-10,12,10,0.7354635725875867,44,-0.016968631064862995,0.03942299809209109,0.43699042070495275,-0.05789846466279547,0.35551555424185294,19080,22896,20988,24804,0.0,0.0,1.0,0.0,1.0
CH_L_340a,12-11,12,11,0.645926737090213,105,-0.01741900195922742,0.013131560206518586,0.41603036838165763,-0.04487467904766957,0.3642550015789028,20988,22896,22896,24804,0.0,0.0,0.0,0.0,1.0
CH_L_340a,12-12,12,12,0.6904368053010801,104,-0.019599582902249484,0.020451990340777118,0.4081035251180669,-0.07362898474308885,0.31299721383912826,22896,22896,24804,24804,0.0,0.0,0.0,0.0,0.0
CH_L_340a,12-13,12,13,0.7028423699072363,110,-0.007518153241853528,0.018228200851684487,0.3981367007783873,-0.03279057490720506,0.32960640125692864,24804,22896,26712,24804,1.0,0.0,0.0,1.0,0.0
CH_L_340a,12-14,12,14,0.8048536789230398,105,-0.016578607398224254,0.03075644296969868,0.41659490374931907,-0.028464831759221102,0.384275596880334,26712,22896,28620,24804,0.0,0.0,1.0,1.0,1.0
CH_L_340a,12-15,12,15,0.7508880785824148,104,-0.034596748640376845,0.02510380397200743,0.4365723558474367,-0.06339269125434971,0.32194688110008257,28620,22896,30528,24804,0.0,0.0,1.0,0.0,0.0
CH_L_340a,12-16,12,16,0.7798341245523208,105,-0.020269900863344976,0.03694723842276997,0.39634183374455023,-0.031008239731073545,0.401383717507673,30528,22896,32436,24804,0.0,0.0,0.0,1.0,1.0
CH_L_340a,13-10,13,10,0.576111757571745,44,-0.024604238852626838,0.028873348235506868,0.43150928529066124,-0.06420740630871422,0.3407544076722726,19080,24804,20988,26712,0.0,0.0,1.0,0.0,0.0
CH_L_340a,13-11,13,11,0.7116235481975476,104,-0.01747323831058042,0.009356497885335236,0.4427698112853967,-0.07071289130476653,0.3750194409852552,20988,24804,22896,26712,0.0,0.0,1.0,0.0,1.0
CH_L_340a,13-12,13,12,0.5259764009628408,105,-0.0210911210101598,0.024723618885193952,0.4016717588763757,-0.06171904591737806,0.4133753334299431,22896,24804,24804,26712,0.0,0.0,0.0,0.0,1.0
CH_L_340a,13-13,13,13,0.7382208292217367,110,-0.0034297059746599113,0.025141806586047193,0.39383072022333715,-0.04085795452584546,0.33849511601581617,24804,24804,26712,26712,1.0,0.0,0.0,0.0,0.0
CH_L_340a,13-14,13,14,0.809233642966033,104,-0.018623689237223698,0.024809879910441198,0.41550663370812857,-0.05256950633687531,0.2921836582303637,26712,24804,28620,26712,0.0,0.0,0.0,0.0,0.0
CH_L_340a,13-15,13,15,0.6387191164921745,105,-0.02962714434153871,0.03814345765544245,0.40820838250316904,-0.06465721489997318,0.36190393030630746,28620,24804,30528,26712,0.0,0.0,0.0,0.0,1.0
CH_L_340a,13-16,13,16,0.5803174410597215,104,-0.058153406329331365,0.04593390461343308,0.4801290500915373,-0.09426281258207028,0.3154973900337414,30528,24804,32436,26712,0.0,0.0,1.0,0.0,0.0
CH_L_340a,14-11,14,11,0.7761733912411473,48,-0.030606531058409988,0.023860646191639943,0.43303743589125626,-0.07800872442383051,0.31333253559539426,20988,26712,22896,28620,0.0,0.0,1.0,0.0,0.0
CH_L_340a,14-12,14,12,0.49395488511760904,46,-0.04748000360041359,0.0366784403050777,0.43615535552161133,-0.0933554796574552,0.3461105334913799,22896,26712,24804,28620,0.0,0.0,1.0,0.0,0.0
CH_L_340a,14-14,14,14,0.4815099431273522,45,-0.10339801295293069,0.030443374472018902,0.532792627276271,-0.14756705030615203,0.1953647430178807,26712,26712,28620,28620,0.0,0.0,1.0,0.0,0.0
CH_L_340a,7-11,7,11,0.7892678881510231,66,-0.003907403212127919,0.06272294990322592,0.37089683106731064,-0.007512394426071753,0.3220506092253431,20988,13356,22896,15264,1.0,1.0,0.0,1.0,0.0
CH_L_340a,7-12,7,12,0.6783882525522819,61,0.0035169011824452857,0.08799315969517435,0.34847079496706923,-0.012840539390592742,0.3717520237840455,22896,13356,24804,15264,1.0,1.0,0.0,1.0,1.0
CH_L_340a,7-13,7,13,0.6346966193503201,57,-0.001658206142148505,0.0603745160024393,0.3999461367297492,-0.0336767057558984,0.3416892780010078,24804,13356,26712,15264,1.0,1.0,0.0,1.0,0.0
CH_L_340a,7-14,7,14,0.7529626045084997,58,-0.009183021618180999,0.03870726491151921,0.4011042795621145,-0.048480605025639174,0.3249690417462735,26712,13356,28620,15264,0.0,0.0,0.0,0.0,0.0
CH_L_340a,7-15,7,15,0.656982106121253,59,-0.004798073171172632,0.057580011360393514,0.376330381362646,-0.041416521923542296,0.34538133627560247,28620,13356,30528,15264,1.0,1.0,0.0,0.0,0.0
CH_L_340a,7-16,7,16,0.7218246758813253,61,-0.0025342109525695916,0.0659814481305777,0.35501348437484187,-0.01866903917261168,0.32869358366867124,30528,13356,32436,15264,1.0,1.0,0.0,1.0,0.0
CH_L_340a,8-10,8,10,0.5728942791446695,47,0.0065030933144611495,0.03950501119144816,0.369247478307838,-0.022559131730263356,0.3801417011079303,19080,15264,20988,17172,1.0,0.0,0.0,1.0,1.0
CH_L_340a,8-11,8,11,0.6712004649069664,105,-0.005657735128226898,0.049084262893620424,0.3775657782786603,-0.020582639941337987,0.342512275969729,20988,15264,22896,17172,1.0,0.0,0.0,1.0,0.0
CH_L_340a,8-12,8,12,0.7276365068142072,107,-0.0008497646523545861,0.07254688691418971,0.38582874496408115,-0.033477788161901785,0.34226329498020236,22896,15264,24804,17172,1.0,1.0,0.0,1.0,0.0
CH_L_340a,8-13,8,13,0.7364618942178109,116,-0.018516362761370322,0.06281694457809171,0.3911564656455862,-0.05931120009898856,0.3239215211671566,24804,15264,26712,17172,0.0,1.0,0.0,0.0,0.0
CH_L_340a,8-14,8,14,0.7131251146299532,114,-0.01077400257238361,0.05439999010042349,0.39451541108699517,-0.05738658763073632,0.3352647281622305,26712,15264,28620,17172,0.0,1.0,0.0,0.0,0.0
CH_L_340a,8-15,8,15,0.6279901970729316,109,-0.018797143578111183,0.036696612669321546,0.3922930635738475,-0.047196790608268875,0.31258664158503247,28620,15264,30528,17172,0.0,0.0,0.0,0.0,0.0
CH_L_340a,8-16,8,16,0.6141485310362629,103,0.0017073331641741156,0.07047958125392673,0.3585062187558416,-0.03043248204332398,0.3514954168028057,30528,15264,32436,17172,1.0,1.0,0.0,1.0,0.0
CH_L_340a,9-11,9,11,0.6354719567412719,103,-0.008802888996472913,0.049433333527795054,0.37457863626516,-0.04237407619784693,0.3513409513916434,20988,17172,22896,19080,1.0,0.0,0.0,0.0,0.0
CH_L_340a,9-12,9,12,0.784849812932997,108,-0.01952910213244523,0.03929444665429367,0.39420775806864,-0.057133288443687674,0.3108194010095527,22896,17172,24804,19080,0.0,0.0,0.0,0.0,0.0
CH_L_340a,9-13,9,13,0.7716213385470789,110,-0.014660915234356834,0.06444266068145423,0.384530216593187,-0.03646059618684051,0.3127141129679049,24804,17172,26712,19080,0.0,1.0,0.0,1.0,0.0
CH_L_340a,9-14,9,14,0.8074424253840241,105,-0.017344279509795075,0.05142409396738665,0.4061627757859423,-0.06890312632417436,0.3318330844411179,26712,17172,28620,19080,0.0,0.0,0.0,0.0,0.0
CH_L_340a,9-15,9,15,0.7988369075530467,105,-0.028286904125460966,0.0653165114243488,0.4139579101773642,-0.057383783625925326,0.2721585649641679,28620,17172,30528,19080,0.0,1.0,0.0,0.0,0.0
CH_L_340a,9-16,9,16,0.4855957052367655,109,0.005591031935504913,0.045929918714647175,0.3714206346550253,-0.06491391255262126,0.3758686421625689,30528,17172,32436,19080,1.0,0.0,0.0,0.0,1.0
CH_L_341a,10-10,10,10,0.3136824076551299,108,-0.11499483403496884,0.028592374520503068,0.5639832459346859,-0.14883862607193926,0.271620350644798,19080,19080,20988,20988,0.0,0.0,0.0,0.0,0.0
CH_L_341a,10-11,10,11,0.35899176047873405,120,-0.1003646438046278,0.03738434398329601,0.5551402258276457,-0.14128106283953754,0.31228180311789866,20988,19080,22896,20988,1.0,1.0,0.0,1.0,1.0
CH_L_341a,10-12,10,12,0.346392722289582,111,-0.10268137821270112,0.02730632986231731,0.5664507634283082,-0.1558051610881435,0.3201375771979743,22896,19080,24804,20988,0.0,0.0,0.0,0.0,1.0
CH_L_341a,10-13,10,13,0.35209872210391774,110,-0.1111324396038643,0.028548514134975934,0.5635012766370278,-0.15730518878333552,0.29773834213179434,24804,19080,26712,20988,0.0,0.0,0.0,0.0,0.0
CH_L_341a,10-15,10,15,0.30661040969207776,120,-0.1325052459522008,0.03429198550900382,0.5850608648616648,-0.16034479859681333,0.24912788528993346,28620,19080,30528,20988,0.0,0.0,1.0,0.0,0.0
CH_L_341a,11-10,11,10,0.31101783200678657,101,-0.11334182358585372,0.028011726906862766,0.5574699076077262,-0.15157343897362258,0.27547375063742635,19080,20988,20988,22896,0.0,0.0,0.0,0.0,0.0
CH_L_341a,11-12,11,12,0.3134012575355365,91,-0.11884500125852979,0.04074419408152787,0.5692207522612087,-0.15600069089494709,0.24236850994270717,22896,20988,24804,22896,0.0,1.0,0.0,0.0,0.0
CH_L_341a,11-13,11,13,0.3524302275703346,121,-0.10247746397576185,0.028294050631932428,0.5544889729083321,-0.14969806833922253,0.29445223123458447,24804,20988,26712,22896,0.0,0.0,0.0,0.0,0.0
CH_L_341a,12-10,12,10,0.37439434216049494,111,-0.09917553218195585,0.028837032921858397,0.55176892787188,-0.12569438484433734,0.33428313384396713,19080,22896,20988,24804,1.0,0.0,0.0,1.0,1.0
CH_L_341a,12-11,12,11,0.304967571938392,119,-0.11698747110308823,0.029581124265071656,0.5614327244582757,-0.16020115898481327,0.3003234869995819,20988,22896,22896,24804,0.0,0.0,0.0,0.0,0.0
CH_L_341a,6-11,6,11,0.5340976041422073,86,-0.07588709755945323,0.03462045574501883,0.5473481744197649,-0.10515539342619142,0.31106629753390824,20988,11448,22896,13356,1.0,0.0,0.0,1.0,1.0
CH_L_341a,6-12,6,12,0.41741625253611087,85,-0.1077623067050061,0.02681093705361062,0.5678689171476622,-0.14497029970097838,0.2581836067135596,22896,11448,24804,13356,0.0,0.0,0.0,0.0,0.0
CH_L_341a,6-13,6,13,0.48282634798400365,80,-0.11236742242803399,0.03842724241050372,0.5730276128573327,-0.16017012553831492,0.23473265999739854,24804,11448,26712,13356,0.0,1.0,1.0,0.0,0.0
CH_L_341a,6-14,6,14,0.31208317071521174,80,-0.13130395615903248,0.03406369314356569,0.5881230869088835,-0.16464442662412979,0.2079167783998316,26712,11448,28620,13356,0.0,0.0,1.0,0.0,0.0
CH_L_341a,7-10,7,10,0.35259072690067805,94,-0.09927288425960555,0.03114662503979655,0.5642497197060172,-0.13187044502355524,0.28409585242208873,19080,13356,20988,15264,1.0,0.0,0.0,1.0,0.0
CH_L_341a,7-11,7,11,0.4313211373781977,107,-0.08261166617215217,0.027998325368539943,0.5448917129514684,-0.10731335989701764,0.3235206615817525,20988,13356,22896,15264,1.0,0.0,0.0,1.0,1.0
CH_L_341a,7-12,7,12,0.42270573650874516,109,-0.10766625899220982,0.030259460570356184,0.5624228482902148,-0.1425961195164085,0.2465300243319576,22896,13356,24804,15264,0.0,0.0,0.0,0.0,0.0
CH_L_341a,7-13,7,13,0.36189313646038707,92,-0.1226319198202634,0.034939485076735007,0.5839746348532536,-0.1564441699571944,0.2303377063056959,24804,13356,26712,15264,0.0,0.0,1.0,0.0,0.0
CH_L_341a,7-14,7,14,0.3423670233246134,117,-0.13030032724663054,0.03769308650077233,0.5898343737900846,-0.16040426401490981,0.20642415925676455,26712,13356,28620,15264,0.0,1.0,1.0,0.0,0.0
CH_L_341a,7-16,7,16,0.3275870167626196,61,-0.13250620062832963,0.03107005061258839,0.594284080158465,-0.16480289653049107,0.2188208319155676,30528,13356,32436,15264,0.0,0.0,1.0,0.0,0.0
CH_L_341a,8-11,8,11,0.38130214071255814,116,-0.09148119420087034,0.037278024996092715,0.5475008583747288,-0.12815435657618066,0.29496264991527765,20988,15264,22896,17172,1.0,1.0,0.0,1.0,0.0
CH_L_341a,8-12,8,12,0.4266469144588141,100,-0.11425889190266814,0.033845806775946466,0.5701338590263141,-0.15258439546608382,0.2140188197846114,22896,15264,24804,17172,0.0,0.0,1.0,0.0,0.0
CH_L_341a,9-10,9,10,0.3140721327144213,99,-0.10544216494459516,0.036073459363462825,0.5598938792989611,-0.1523352814002666,0.2905618800962906,19080,17172,20988,19080,0.0,1.0,0.0,0.0,0.0
CH_L_341a,9-11,9,11,0.4070553216726416,109,-0.09322009406735511,0.04687859763214467,0.5366919842262821,-0.12809566612968956,0.33800440429882134,20988,17172,22896,19080,1.0,1.0,0.0,1.0,1.0
CH_L_341a,9-12,9,12,0.3709238000625214,122,-0.10806945323156512,0.0358170721383282,0.5596654595761388,-0.1567320293350733,0.3165218600204703,22896,17172,24804,19080,0.0,0.0,0.0,0.0,1.0
CH_L_342a,10-10,10,10,0.6231231674372691,120,-0.09457749206648637,0.05177760551359238,0.5157818292403678,-0.1370865078609482,0.2628223695202275,19080,19080,20988,20988,0.0,0.0,1.0,0.0,0.0
CH_L_342a,10-11,10,11,0.4824389829457157,120,-0.0994367856119182,0.048694250845266886,0.5263157287975375,-0.14635534734869712,0.22218505431123334,20988,19080,22896,20988,0.0,0.0,1.0,0.0,0.0
CH_L_342a,10-9,10,9,0.394552553496596,114,-0.09925817108222852,0.04037605348571856,0.5160666761339402,-0.14083166244168657,0.26704055020558815,17172,19080,19080,20988,0.0,0.0,1.0,0.0,1.0
CH_L_342a,11-10,11,10,0.802198746592888,111,-0.09330555217177992,0.07179157029554693,0.4968858436328165,-0.1336571893584192,0.25801932742310163,19080,20988,20988,22896,0.0,0.0,0.0,0.0,0.0
CH_L_342a,11-11,11,11,0.6472940038201204,110,-0.08896009562203054,0.06930372291253133,0.5004292882840635,-0.13930729767349923,0.30087998483397554,20988,20988,22896,22896,1.0,0.0,0.0,0.0,1.0
CH_L_342a,11-12,11,12,0.5882067164265782,75,-0.08901460057247168,0.0719247259353045,0.507963863963429,-0.14625609043193402,0.2660333438835177,22896,20988,24804,22896,1.0,0.0,0.0,0.0,1.0
CH_L_342a,12-10,12,10,0.8489179158782032,120,-0.08920012320194562,0.11267528280014645,0.4684448791377785,-0.11736992572119877,0.22445576714827706,19080,22896,20988,24804,1.0,1.0,0.0,1.0,0.0
CH_L_342a,12-11,12,11,0.8049100512716428,120,-0.09643638022926553,0.09938070444770332,0.4763594508167771,-0.1314099179000675,0.24281606869711492,20988,22896,22896,24804,0.0,0.0,0.0,0.0,0.0
CH_L_342a,12-12,12,12,0.7217265022939192,74,-0.08944351546747856,0.07831400356934554,0.4975006097275701,-0.14537106594572893,0.2823732472578085,22896,22896,24804,24804,0.0,0.0,0.0,0.0,1.0
CH_L_342a,12-9,12,9,0.7573707315464188,113,-0.10446949392166666,0.05791483796260078,0.5133136810697823,-0.1422284362749011,0.14945133859699847,17172,22896,19080,24804,0.0,0.0,1.0,0.0,0.0
CH_L_342a,13-10,13,10,0.7491275502232009,114,-0.09099747157962783,0.09268507719687044,0.4731304738441919,-0.12328129158037195,0.19266168214248372,19080,24804,20988,26712,0.0,0.0,0.0,0.0,0.0
CH_L_342a,13-11,13,11,0.6762131849389376,110,-0.09732083732844769,0.09116749101421795,0.4716169826421038,-0.12775166053008907,0.23503129280623591,20988,24804,22896,26712,0.0,0.0,0.0,0.0,0.0
CH_L_342a,13-12,13,12,0.6287202811662167,79,-0.0867928038247869,0.10135754760860811,0.46905061253304536,-0.13468506807339364,0.31276054539670073,22896,24804,24804,26712,1.0,0.0,0.0,0.0,1.0
CH_L_342a,13-9,13,9,0.6302892810185285,120,-0.09775069244818231,0.07461987347126496,0.4988473631897076,-0.13687251287831365,0.17930068594971607,17172,24804,19080,26712,0.0,0.0,0.0,0.0,0.0
CH_L_342a,14-11,14,11,0.575372398047387,120,-0.09867311358094369,0.1017813464052827,0.47530924824631243,-0.1206209432493149,0.1945182752437697,20988,26712,22896,28620,0.0,0.0,0.0,0.0,0.0
CH_L_342a,14-12,14,12,0.6506493865369763,76,-0.08659546441981127,0.13973467784341406,0.45077581328270366,-0.11912619344816817,0.2457771436586101,22896,26712,24804,28620,1.0,1.0,0.0,1.0,0.0
CH_L_342a,15-10,15,10,0.71224625051023,109,-0.09712496391183068,0.1275766300303311,0.4457823253403743,-0.1106170413420057,0.19644862208725386,19080,28620,20988,30528,0.0,1.0,0.0,1.0,0.0
CH_L_342a,15-11,15,11,0.7361712106682246,112,-0.09502795636207932,0.15962230823726348,0.42640278119594294,-0.10305832216934684,0.22678121318094338,20988,28620,22896,30528,0.0,1.0,0.0,1.0,0.0
CH_L_342a,15-12,15,12,0.7987525980064513,85,-0.09386185631369877,0.12292794752514877,0.43150512911593086,-0.1060927875837495,0.19042515380734654,22896,28620,24804,30528,0.0,1.0,0.0,1.0,0.0
CH_L_342a,9-11,9,11,0.3318331913225226,60,-0.09257931901294485,0.03536602410640522,0.5247772078955594,-0.1519765756795886,0.2559759328524203,20988,17172,22896,19080,0.0,0.0,1.0,0.0,0.0
CH_L_344a,10-10,10,10,0.8504491358297783,107,-0.02369770821565778,0.25684432013996195,0.3510837511993658,0.13598510036656292,0.2250813372266203,19080,19080,20988,20988,0.0,0.0,0.0,1.0,0.0
CH_L_344a,10-11,10,11,0.7596410257241797,116,-0.022970172955585816,0.2349879016720863,0.36902737028741794,0.09642575983878215,0.32860280409715836,20988,19080,22896,20988,0.0,0.0,1.0,0.0,1.0
CH_L_344a,10-12,10,12,0.7346880646590125,108,-0.030789648473203552,0.23007996796109123,0.37608251603089615,0.07515244339624613,0.31691337398269376,22896,19080,24804,20988,0.0,0.0,1.0,0.0,0.0
CH_L_344a,10-7,10,7,0.3619352660443417,73,-0.04297932117111223,0.10284568672495549,0.37478509958577727,-0.023427541213679494,0.4042591518452708,13356,19080,15264,20988,0.0,0.0,1.0,0.0,1.0
CH_L_344a,10-8,10,8,0.5796489105085836,104,-0.023954431443186232,0.2489089432509816,0.3356208285678922,0.10266931332862997,0.331484403354953,15264,19080,17172,20988,0.0,0.0,0.0,0.0,1.0
CH_L_344a,10-9,10,9,0.7948847976772049,108,-0.03100554574468115,0.24055536230166066,0.3553823415898452,0.13687923747238326,0.2335991914267791,17172,19080,19080,20988,0.0,0.0,0.0,1.0,0.0
CH_L_344a,11-10,11,10,0.8615439981825002,110,-0.032397502251026035,0.27355684348980575,0.3435359732542122,0.13162728089224884,0.23716644131369172,19080,20988,20988,22896,0.0,1.0,0.0,1.0,0.0
CH_L_344a,11-11,11,11,0.8188798138839191,105,-0.014689652019004835,0.27333296744001034,0.3586726669717722,0.11704266688594057,0.3093569268052725,20988,20988,22896,22896,1.0,1.0,0.0,0.0,0.0
CH_L_344a,11-12,11,12,0.7297629954049307,99,-0.02094863653342979,0.2488862491959527,0.36293182015578335,0.10944823553516757,0.32519657680585773,22896,20988,24804,22896,0.0,0.0,0.0,0.0,0.0
CH_L_344a,11-6,11,6,0.8179723934117514,54,-0.045095948725614704,0.2004823513004405,0.39886703306725235,0.03935945037887879,0.19379138409151248,11448,20988,13356,22896,0.0,0.0,1.0,0.0,0.0
CH_L_344a,11-7,11,7,0.5705036628117722,92,-0.01830123116228464,0.255369126345677,0.34243271220266747,0.0656114523663193,0.3220713672328114,13356,20988,15264,22896,0.0,0.0,0.0,0.0,0.0
CH_L_344a,11-8,11,8,0.6131955054657848,106,-0.03640705831063974,0.2082353280733643,0.35391405431018647,0.07368762872131647,0.2689561718184358,15264,20988,17172,22896,0.0,0.0,0.0,0.0,0.0
CH_L_344a,11-9,11,9,0.8777961757951647,105,-0.023705894618012296,0.21294862460977815,0.35923328616233097,0.14329518057001553,0.20969732945640193,17172,20988,19080,22896,0.0,0.0,0.0,1.0,0.0
CH_L_344a,12-10,12,10,0.83378444293751,110,-0.011101370823732913,0.268675195272586,0.3298209154029661,0.13581983766395003,0.25533189546805585,19080,22896,20988,24804,1.0,0.0,0.0,1.0,0.0
CH_L_344a,12-11,12,11,0.7830579363396319,109,-0.0010166574732906827,0.2657573360855182,0.33926134500237004,0.143862449511945,0.33654482488414944,20988,22896,22896,24804,1.0,0.0,0.0,1.0,1.0
CH_L_344a,12-12,12,12,0.7726598299261918,94,0.0012988655638995,0.27405848001713057,0.34810775770310354,0.14153814194817788,0.34513914520356537,22896,22896,24804,24804,1.0,1.0,0.0,1.0,1.0
CH_L_344a,12-6,12,6,0.8572552042050519,70,-0.04030646602693222,0.24962311684782637,0.3608209462268727,0.08178878652260901,0.21014488702227718,11448,22896,13356,24804,0.0,0.0,0.0,0.0,0.0
CH_L_344a,12-7,12,7,0.7675989547991932,114,-0.016328709724057148,0.31939670317477165,0.33308782013664945,0.1254309384687395,0.2809898005932446,13356,22896,15264,24804,0.0,1.0,0.0,0.0,0.0
CH_L_344a,12-8,12,8,0.6964222998857363,118,-0.016656338210629715,0.24082852775673153,0.3182783470733405,0.12649152353432,0.27540905549818534,15264,22896,17172,24804,0.0,0.0,0.0,0.0,0.0
CH_L_344a,12-9,12,9,0.8356363782557552,108,-0.02231245947834733,0.2366256788855724,0.33395054156016885,0.14445317038580713,0.22833049627746307,17172,22896,19080,24804,0.0,0.0,0.0,1.0,0.0
CH_L_344a,13-10,13,10,0.8448717892841162,114,-0.013592697382081754,0.24201423674295502,0.3435448258185565,0.12996314981696125,0.25444150061254983,19080,24804,20988,26712,1.0,0.0,0.0,0.0,0.0
CH_L_344a,13-11,13,11,0.7947429943238308,110,-0.010211598665723784,0.2663662907223283,0.3364086045519214,0.13292767215245105,0.2992893735280578,20988,24804,22896,26712,1.0,0.0,0.0,1.0,0.0
CH_L_344a,13-12,13,12,0.755764395457716,86,-0.006671629302600072,0.2694678798178335,0.3240621766725164,0.15045056899419018,0.34631335950685965,22896,24804,24804,26712,1.0,1.0,0.0,1.0,1.0
CH_L_344a,13-6,13,6,0.6911102716505799,70,-0.018215043313102537,0.2616421776956483,0.3377545343324068,0.04114392586437569,0.297968079210769,11448,24804,13356,26712,0.0,0.0,0.0,0.0,0.0
CH_L_344a,13-7,13,7,0.796009781390111,104,-0.019418778076994443,0.2550833289467294,0.3232360820189463,0.11227982707576846,0.2814045064351473,13356,24804,15264,26712,0.0,0.0,0.0,0.0,0.0
CH_L_344a,13-8,13,8,0.7801191394357468,111,-0.020147822499050293,0.26931050927031097,0.3246107754962421,0.11844604589797082,0.2716397941255338,15264,24804,17172,26712,0.0,1.0,0.0,0.0,0.0
CH_L_344a,13-9,13,9,0.8347908251771966,113,-0.020849684671589663,0.26628068620743317,0.32538418632244764,0.13354307590677228,0.20569132540062413,17172,24804,19080,26712,0.0,0.0,0.0,1.0,0.0
CH_L_344a,14-10,14,10,0.8209660663499073,49,-0.010380093878707879,0.3085269430029371,0.3132602839490203,0.14868308952024756,0.25039073048421295,19080,26712,20988,28620,1.0,1.0,0.0,1.0,0.0
CH_L_344a,14-11,14,11,0.7339104664014466,57,-0.027624887027490604,0.26190786619134465,0.33739038813290106,0.11118469418626944,0.29062633269687155,20988,26712,22896,28620,0.0,0.0,0.0,0.0,0.0
CH_L_344a,14-12,14,12,0.7485093911059937,51,0.0035884039346278443,0.28653328446459725,0.3345227988702997,0.13986853209072558,0.3278637255847552,22896,26712,24804,28620,1.0,1.0,0.0,1.0,1.0
CH_L_344a,14-7,14,7,0.6871441270303337,49,-0.01902442708850862,0.2417538900268378,0.33056035006385787,0.10895333330812207,0.31017936537141755,13356,26712,15264,28620,0.0,0.0,0.0,0.0,0.0
CH_L_344a,14-8,14,8,0.7155235683755018,49,-0.016751838564945016,0.2619041065662817,0.3404254482288428,0.09091202160080666,0.2916664415476757,15264,26712,17172,28620,0.0,0.0,0.0,0.0,0.0
CH_L_344a,14-9,14,9,0.8144734357038281,50,-0.02359008488798686,0.26888446194244375,0.3168374664872426,0.1287886272914546,0.23573098014361865,17172,26712,19080,28620,0.0,1.0,0.0,0.0,0.0
CH_L_344a,7-10,7,10,0.5352452583841123,50,-0.07009547504434235,0.07989188480160601,0.47065247860069526,-0.08927359808163386,0.2594342058037868,19080,13356,20988,15264,0.0,0.0,1.0,0.0,0.0
CH_L_344a,7-11,7,11,0.7381295162404506,50,-0.06665370695588675,0.11244999885254651,0.46569930234745754,-0.03834494901387183,0.2574111146604157,20988,13356,22896,15264,0.0,0.0,1.0,0.0,0.0
CH_L_344a,7-12,7,12,0.7211440905797849,45,-0.06522842429423964,0.12025309817484994,0.44836893327482275,-0.012816152123015878,0.2434400290200961,22896,13356,24804,15264,0.0,0.0,1.0,0.0,0.0
CH_L_344a,7-8,7,8,0.5479240454851304,48,-0.018346526240720005,0.19539364647106136,0.3753115071160899,-0.049215563666120656,0.34487737188733153,15264,13356,17172,15264,0.0,0.0,1.0,0.0,1.0
CH_L_344a,7-9,7,9,0.3474501405799991,44,-0.05172645283955442,0.1305260979590529,0.44293975307492756,-0.10147194881769234,0.34045172000423923,17172,13356,19080,15264,0.0,0.0,1.0,0.0,1.0
CH_L_344a,8-10,8,10,0.707889912228668,106,-0.043332454333805934,0.2568255496474,0.3805545705804688,0.08640768976181223,0.29433523034602826,19080,15264,20988,17172,0.0,0.0,1.0,0.0,0.0
CH_L_344a,8-11,8,11,0.8247710830382704,109,-0.03587600465400145,0.2617517993757233,0.3846783113196947,0.10611460448114925,0.26064321180890054,20988,15264,22896,17172,0.0,0.0,1.0,0.0,0.0
CH_L_344a,8-12,8,12,0.8041643521299857,99,-0.03688460228368141,0.24151455873983413,0.3749155844058629,0.08843330929387702,0.2988560561044217,22896,15264,24804,17172,0.0,0.0,1.0,0.0,0.0
CH_L_344a,8-7,8,7,0.30986535460639836,112,0.004626495033264068,0.21772252938524808,0.30129678472876914,-0.010043497980744292,0.4695671596194536,13356,15264,15264,17172,1.0,0.0,0.0,0.0,1.0
CH_L_344a,8-8,8,8,0.49397581898581644,118,0.03585985076765738,0.29608124375422773,0.3125652727116477,0.0452366489409627,0.38223478228860425,15264,15264,17172,17172,1.0,1.0,0.0,0.0,1.0
CH_L_344a,8-9,8,9,0.6303369877624737,113,-0.03587801296706379,0.2522936651088388,0.3569732985126657,0.07283338038491394,0.31115119249159684,17172,15264,19080,17172,0.0,0.0,0.0,0.0,0.0
CH_L_344a,9-10,9,10,0.7888273582166127,112,-0.025981154184591692,0.2709044091454227,0.349546999692196,0.1278846128326273,0.28447215360961714,19080,17172,20988,19080,0.0,1.0,0.0,0.0,0.0
CH_L_344a,9-11,9,11,0.78803218072164,112,-0.03833902277649999,0.25950178660245377,0.3561866784756097,0.10399507485727025,0.2671289966800411,20988,17172,22896,19080,0.0,0.0,0.0,0.0,0.0
CH_L_344a,9-12,9,12,0.8118891205229258,99,-0.02415345005963428,0.2580181627908229,0.37062649108998214,0.10253945789864206,0.31492961722716883,22896,17172,24804,19080,0.0,0.0,1.0,0.0,0.0
CH_L_344a,9-7,9,7,0.4273013016274782,106,0.013470738214569336,0.24449683246917006,0.3281835015688011,0.01636520294938364,0.44141623190342905,13356,17172,15264,19080,1.0,0.0,0.0,0.0,1.0
CH_L_344a,9-8,9,8,0.645531247731034,107,-0.0056037678631130905,0.28350254921874546,0.34094916787815155,0.09912916946508478,0.32742295785144465,15264,17172,17172,19080,1.0,1.0,0.0,0.0,1.0
CH_L_344a,9-9,9,9,0.7501221942643939,115,-0.02816210498527953,0.2987867168263111,0.3446767662885466,0.13052600229470532,0.2766067061118892,17172,17172,19080,19080,0.0,1.0,0.0,0.0,0.0
CH_L_345a,10-10,10,10,0.8249812796184994,112,-0.014258937352076497,0.1545584491705645,0.39075407578687804,-0.027215795090242075,0.21647930741853255,19080,19080,20988,20988,0.0,0.0,1.0,0.0,0.0
CH_L_345a,10-11,10,11,0.7438399643418278,99,-0.012185597126382654,0.13343446146720436,0.38927125214999225,-0.047323422206740566,0.25294780799572275,20988,19080,22896,20988,0.0,0.0,1.0,0.0,0.0
CH_L_345a,10-7,10,7,0.5531164598443007,105,-0.032158872861635435,0.14389414602945086,0.3883886041388072,-0.026687213091764753,0.2819459178864511,13356,19080,15264,20988,0.0,0.0,1.0,0.0,0.0
CH_L_345a,10-8,10,8,0.6666462307804768,101,-0.010116036476227904,0.1681471839168862,0.3728490586898219,-0.033068635347765815,0.2645624433523991,15264,19080,17172,20988,0.0,0.0,0.0,0.0,0.0
CH_L_345a,10-9,10,9,0.880664559382892,110,0.004132541301809456,0.17703631037339393,0.3558531523705815,0.01553617951124187,0.22782286063294366,17172,19080,19080,20988,0.0,0.0,0.0,0.0,0.0
CH_L_345a,11-7,11,7,0.586029845226797,43,-0.09874483368063564,0.044632469018625144,0.524153111227853,-0.1395250928965138,0.15852990482315096,13356,20988,15264,22896,0.0,0.0,1.0,0.0,0.0
CH_L_345a,4-11,4,11,0.40365245913184983,87,-0.05298078752903503,0.08331660912018014,0.41317428676412676,-0.04998181163063908,0.5045132543386239,20988,7632,22896,9540,0.0,0.0,1.0,0.0,1.0
CH_L_345a,4-12,4,12,0.40880495148483265,104,-0.056665936908814094,0.05669674068226465,0.39550773115389803,-0.08061782596932197,0.49835373812027617,22896,7632,24804,9540,0.0,0.0,1.0,0.0,1.0
CH_L_345a,4-7,4,7,0.3907699247053793,53,-0.0024576671275131413,0.1692833335290781,0.3453409183007999,-0.022159853136697445,0.38206003838406444,13356,7632,15264,9540,0.0,0.0,0.0,0.0,1.0
CH_L_345a,4-8,4,8,0.3917723199950722,63,-0.022760415478963632,0.1660364420240984,0.3007144231225531,-0.036711084820425274,0.414097361631794,15264,7632,17172,9540,0.0,0.0,0.0,0.0,1.0
CH_L_345a,5-10,5,10,0.5264335674930959,107,-0.03913477284599182,0.09932551973020393,0.393766250513756,-0.024659926238037984,0.38219613915075806,19080,9540,20988,11448,0.0,0.0,1.0,0.0,1.0
CH_L_345a,5-11,5,11,0.9035891039128631,111,0.0380064719803684,0.26919466794064006,0.31906782347222745,0.04418052545344061,0.25793069073823227,20988,9540,22896,11448,1.0,1.0,0.0,1.0,0.0
CH_L_345a,5-12,5,12,0.9119423558625064,110,0.03388570869978959,0.25809653708480707,0.33477625117918847,0.017314316184558448,0.2342314957128466,22896,9540,24804,11448,1.0,1.0,0.0,0.0,0.0
CH_L_345a,5-6,5,6,0.7204496167400569,48,0.047347695589224,0.2486578576869263,0.32636788738260986,0.09892016927547166,0.34849079804867733,11448,9540,13356,11448,1.0,1.0,0.0,1.0,1.0
CH_L_345a,5-7,5,7,0.8859748163003889,114,0.04498844783608867,0.22857104718138802,0.29328220375452574,0.07708032993247337,0.2928723084307357,13356,9540,15264,11448,1.0,0.0,0.0,1.0,0.0
CH_L_345a,5-8,5,8,0.820773833427278,110,0.042639869015355436,0.253477580197037,0.2857935979430433,0.04654532165048719,0.40754492860998925,15264,9540,17172,11448,1.0,1.0,0.0,1.0,1.0
CH_L_345a,6-10,6,10,0.6559160427114615,112,-0.01828896551438248,0.20652890576378205,0.334190844249164,0.00024001663850516764,0.2973186714738297,19080,11448,20988,13356,0.0,0.0,0.0,0.0,0.0
CH_L_345a,6-11,6,11,0.8578868482886266,111,0.021888687327574853,0.26344787777967554,0.32662061032678175,0.015511259487960203,0.26272161503021596,20988,11448,22896,13356,0.0,1.0,0.0,0.0,0.0
CH_L_345a,6-12,6,12,0.6885543623701912,111,0.01839219514637144,0.18224238987321795,0.349139367365811,0.011775801677507348,0.3174840005047643,22896,11448,24804,13356,0.0,0.0,0.0,0.0,1.0
CH_L_345a,6-7,6,7,0.8724054105002704,111,0.035373540606968214,0.26125718112973306,0.30847431072542086,0.11471870874747396,0.33548317897641355,13356,11448,15264,13356,1.0,1.0,0.0,1.0,1.0
CH_L_345a,6-8,6,8,0.8806424420176036,113,0.03444261156355428,0.2267442250017809,0.32537674401440153,0.0492361799581904,0.3340009750620573,15264,11448,17172,13356,1.0,0.0,0.0,1.0,1.0
CH_L_345a,6-9,6,9,0.6330595951198392,111,-0.006839718406653873,0.2483285259778591,0.32946174121833516,0.008319896423993375,0.2615627951115872,17172,11448,19080,13356,0.0,1.0,0.0,0.0,0.0
CH_L_345a,7-10,7,10,0.8725845002360729,110,0.02568119756901132,0.27382386627997624,0.30471648104466564,0.06170562490603363,0.3077150358562327,19080,13356,20988,15264,1.0,1.0,0.0,1.0,0.0
CH_L_345a,7-11,7,11,0.9049617925774426,111,0.02421620620418911,0.2575472146598585,0.31436545948381395,0.060152840803210955,0.26380251336895505,20988,13356,22896,15264,0.0,1.0,0.0,1.0,0.0
CH_L_345a,7-12,7,12,0.8675873375297806,110,-0.003301046030699229,0.16659328266908321,0.366371228522794,0.021352555636605236,0.22658224741120767,22896,13356,24804,15264,0.0,0.0,0.0,0.0,0.0
CH_L_345a,7-7,7,7,0.877459350108381,110,0.03071355018256317,0.188170019444814,0.33711219553753313,0.06552445878399672,0.357784835534743,13356,13356,15264,15264,1.0,0.0,0.0,1.0,1.0
CH_L_345a,7-8,7,8,0.8780855947367346,111,0.011603684379490404,0.21946786499733495,0.3329868877697209,0.040279854133005916,0.28922704349287176,15264,13356,17172,15264,0.0,0.0,0.0,0.0,0.0
CH_L_345a,7-9,7,9,0.7817632531858987,113,0.010708486315567655,0.25953317368232864,0.3004733972056067,0.03796622379673125,0.2991287277677521,17172,13356,19080,15264,0.0,1.0,0.0,0.0,0.0
CH_L_345a,8-10,8,10,0.8628866544636493,113,0.03087673722606337,0.2644457408935413,0.3044669697057005,0.05806512367926184,0.313043327201216,19080,15264,20988,17172,1.0,1.0,0.0,1.0,0.0
CH_L_345a,8-11,8,11,0.8584083508802861,111,0.032439177742197324,0.24748279650444296,0.314282702845939,0.04779864667600411,0.2836171741271667,20988,15264,22896,17172,1.0,0.0,0.0,1.0,0.0
CH_L_345a,8-12,8,12,0.8872689933335568,109,0.012031322270215234,0.16880410087016615,0.342067057830581,0.028427648423672923,0.2643779661772435,22896,15264,24804,17172,0.0,0.0,0.0,0.0,0.0
CH_L_345a,8-13,8,13,0.853764032062448,41,-0.016288685971220403,0.1066356666629302,0.3639534892565621,-0.05125350972093759,0.2698993298025974,24804,15264,26712,17172,0.0,0.0,0.0,0.0,0.0
CH_L_345a,8-7,8,7,0.8700633438230246,110,0.017633792644393017,0.17769530605263617,0.3145538102220899,0.03567354702364344,0.30835062628406995,13356,15264,15264,17172,0.0,0.0,0.0,0.0,0.0
CH_L_345a,8-8,8,8,0.6173680248484248,113,-0.055453975209493876,0.14073761067196405,0.4107531659469519,-0.059868667950962844,0.21452657537189834,15264,15264,17172,17172,0.0,0.0,1.0,0.0,0.0
CH_L_345a,8-9,8,9,0.676536295968098,111,-0.020217870002907753,0.16367919530694613,0.38446093431808626,-0.03572120529143636,0.31518453593879536,17172,15264,19080,17172,0.0,0.0,1.0,0.0,0.0
CH_L_345a,9-10,9,10,0.8321405438637912,110,0.0042451026943800185,0.22341000159272575,0.34307583476011166,0.0099853236425491,0.27068291099000114,19080,17172,20988,19080,0.0,0.0,0.0,0.0,0.0
CH_L_345a,9-11,9,11,0.7925519924370061,112,0.01033903032667261,0.22542085239510798,0.3271046548601676,0.03925889974776429,0.2998536368858709,20988,17172,22896,19080,0.0,0.0,0.0,0.0,0.0
CH_L_345a,9-12,9,12,0.8778584921435858,99,0.010995715332522141,0.18659043724179147,0.36017757624425034,-0.007800962785682326,0.2508809104246537,22896,17172,24804,19080,0.0,0.0,0.0,0.0,0.0
CH_L_345a,9-7,9,7,0.7185452841397983,112,-0.018928309288050192,0.16878224465431887,0.34216426615195167,-0.003209720339840519,0.2580330132721553,13356,17172,15264,19080,0.0,0.0,0.0,0.0,0.0
CH_L_345a,9-8,9,8,0.5700087058015293,111,-0.05512306044812158,0.082729723702424,0.4384229446218623,-0.08044851538228728,0.2433359153939856,15264,17172,17172,19080,0.0,0.0,1.0,0.0,0.0
CH_L_345a,9-9,9,9,0.8254471419556211,111,-0.03292010832727004,0.1171358817826973,0.40437577205169667,-0.018189944830990613,0.20534786406013666,17172,17172,19080,19080,0.0,0.0,1.0,0.0,0.0
CH_L_346a,10-11,10,11,0.7950959520367531,75,0.030259370113953247,0.02528036465884355,0.37182973706564176,0.027107196887901665,0.4029402524548821,20988,19080,22896,20988,0.0,0.0,0.0,0.0,0.0
CH_L_346a,10-12,10,12,0.8260708758690795,103,0.02808590058011774,0.03304862161346109,0.3597229159396905,0.05303304277982189,0.37276595334541063,22896,19080,24804,20988,0.0,0.0,0.0,0.0,0.0
CH_L_346a,10-13,10,13,0.8165699752995076,96,0.04933700182636422,0.00950897509319775,0.3482472244306174,0.08195844932330058,0.4498064596029158,24804,19080,26712,20988,1.0,0.0,0.0,1.0,0.0
CH_L_346a,10-14,10,14,0.7405842264156627,99,0.0498680384134463,0.019283384560991223,0.36576656216216313,0.05041285214923119,0.47488158233575045,26712,19080,28620,20988,1.0,0.0,0.0,0.0,1.0
CH_L_346a,10-15,10,15,0.7329301494564711,108,0.023386789575640932,0.026474484245040127,0.34659042316754834,0.055782225831266165,0.4236395706181358,28620,19080,30528,20988,0.0,0.0,0.0,1.0,0.0
CH_L_346a,10-16,10,16,0.8135047283786982,94,0.027062364752793812,0.002904943323145479,0.36579580289013464,0.039337391231849206,0.36511644826852946,30528,19080,32436,20988,0.0,0.0,0.0,0.0,0.0
CH_L_346a,10-17,10,17,0.8260261704244308,48,0.03509152879561072,0.03771519321875074,0.3493092790310874,0.06378985977213997,0.35379593017197,32436,19080,34344,20988,0.0,1.0,0.0,1.0,0.0
CH_L_346a,11-11,11,11,0.7297840915377344,97,0.007407072116002634,0.027780830211511464,0.380195872162255,-0.008030090571761501,0.3827562438535424,20988,20988,22896,22896,0.0,0.0,0.0,0.0,0.0
CH_L_346a,11-12,11,12,0.6730928877770513,108,0.011123795179147952,0.02495319123665709,0.3696309146246009,0.030221131615284863,0.4176603106030546,22896,20988,24804,22896,0.0,0.0,0.0,0.0,0.0
CH_L_346a,11-13,11,13,0.5095718016527193,113,0.03891864496573934,0.04107084291514186,0.35169482592300205,0.03708461914555836,0.4777069182807041,24804,20988,26712,22896,1.0,1.0,0.0,0.0,1.0
CH_L_346a,11-14,11,14,0.698732300674564,107,0.049147174878370316,0.036057149239360514,0.36713558946745567,0.05565689362442902,0.43796750561893893,26712,20988,28620,22896,1.0,0.0,0.0,1.0,0.0
CH_L_346a,11-15,11,15,0.6806539772753574,100,0.01660930244327014,0.0471114045876635,0.35077796094972796,0.040514331216770644,0.44018069035104856,28620,20988,30528,22896,0.0,1.0,0.0,0.0,0.0
CH_L_346a,11-16,11,16,0.7721833754919469,86,0.03130541121290345,0.02671210797121167,0.3646385422335823,0.05198658165133824,0.4505086496246076,30528,20988,32436,22896,0.0,0.0,0.0,0.0,0.0
CH_L_346a,11-17,11,17,0.812545253739251,51,0.018617766024114836,0.025456574296573036,0.3439664968498374,0.044741129011834524,0.38165987079054164,32436,20988,34344,22896,0.0,0.0,0.0,0.0,0.0
CH_L_346a,12-11,12,11,0.5913818871209978,86,-0.001639330190263035,0.034110716699167445,0.36951412044194587,-0.010504886296167958,0.36604905196856996,20988,22896,22896,24804,0.0,0.0,0.0,0.0,0.0
CH_L_346a,12-12,12,12,0.6670163396795427,103,0.024324058589387288,0.02799355995704537,0.3672616366508672,0.007617650185276365,0.40832139278255997,22896,22896,24804,24804,0.0,0.0,0.0,0.0,0.0
CH_L_346a,12-13,12,13,0.7825160472222024,80,0.036821648693721606,0.026877003085526673,0.356773674799286,0.06207203853390295,0.43360234580335594,24804,22896,26712,24804,1.0,0.0,0.0,1.0,0.0
CH_L_346a,12-14,12,14,0.8690819689887888,87,0.020532063954174236,0.04813574669328037,0.33988253977337973,0.08276527271791027,0.3363725000771478,26712,22896,28620,24804,0.0,1.0,0.0,1.0,0.0
CH_L_346a,12-15,12,15,0.8282842504335862,116,0.03527730419769881,0.05074824246103128,0.34252839536794943,0.0772411150982804,0.37772850101766386,28620,22896,30528,24804,1.0,1.0,0.0,1.0,0.0
CH_L_346a,12-16,12,16,0.7586055092982541,103,0.05673008141570583,0.02166931573231642,0.35369285359729946,0.055354985997971284,0.5239182762668246,30528,22896,32436,24804,1.0,0.0,0.0,1.0,1.0
CH_L_346a,12-17,12,17,0.7180952059574099,47,0.0471203977834903,0.032297924891368616,0.3464641985931103,0.05265116361455111,0.5572207558364226,32436,22896,34344,24804,1.0,0.0,0.0,0.0,1.0
CH_L_346a,13-11,13,11,0.7150541820985193,67,0.027868350213529104,0.02313113794706137,0.38823323494327255,0.02682453815942924,0.39224062979008173,20988,24804,22896,26712,0.0,0.0,1.0,0.0,0.0
CH_L_346a,13-12,13,12,0.5541905751945161,108,0.02054904527388614,0.052220266815333274,0.3656752249952746,0.0036435973129460256,0.44390600457923407,22896,24804,24804,26712,0.0,1.0,0.0,0.0,0.0
CH_L_346a,13-13,13,13,0.7577865674787616,72,0.031229075753457833,0.03205160432851109,0.3556658919659326,0.051936890741143056,0.47850622643306184,24804,24804,26712,26712,0.0,0.0,0.0,0.0,1.0
CH_L_346a,13-14,13,14,0.8304441869962347,68,0.032653756881495195,0.04394193296643777,0.35867571300888235,0.05916193322441233,0.38090622412592695,26712,24804,28620,26712,0.0,1.0,0.0,1.0,0.0
CH_L_346a,13-15,13,15,0.8221726080689278,78,0.040777410975973385,0.037376793733386336,0.3545501340819829,0.07325375065866788,0.38502667293137893,28620,24804,30528,26712,1.0,1.0,0.0,1.0,0.0
CH_L_346a,13-16,13,16,0.7620670880972337,91,0.061583340528224076,0.013144564211052649,0.3354856012645931,0.08035506263598453,0.488251574729467,30528,24804,32436,26712,1.0,0.0,0.0,1.0,1.0
CH_L_346a,13-17,13,17,0.6597093950585645,47,0.045984487820690305,0.029451515671161752,0.38754805369185125,0.05043713141313522,0.6044667836849833,32436,24804,34344,26712,1.0,0.0,1.0,0.0,1.0
CH_L_346a,7-11,7,11,0.8088350247035893,76,0.036135694729272604,0.037412457521551146,0.3947423257875201,0.06228952958479359,0.532251609384162,20988,13356,22896,15264,1.0,1.0,1.0,1.0,1.0
CH_L_346a,7-12,7,12,0.7737811868136206,73,0.016831135103296382,0.03450382131165626,0.39662709311934446,0.008899175824011946,0.5407021583656412,22896,13356,24804,15264,0.0,0.0,1.0,0.0,1.0
CH_L_346a,7-13,7,13,0.4856996616167751,77,9.55380366839442e-05,0.026229671075447693,0.43064809226942175,-0.02248958888101172,0.43740195601138576,24804,13356,26712,15264,0.0,0.0,1.0,0.0,0.0
CH_L_346a,7-14,7,14,0.3278302472765174,49,-0.03089461227468446,0.007520030252681335,0.4455484887064919,-0.0498719903141045,0.40833109592867955,26712,13356,28620,15264,0.0,0.0,1.0,0.0,0.0
CH_L_346a,7-16,7,16,0.3281094889868354,70,-0.0850567777543371,0.02828240806059834,0.5239606431095578,-0.1346464950236573,0.4880217369211452,30528,13356,32436,15264,0.0,0.0,1.0,0.0,1.0
CH_L_346a,8-11,8,11,0.50895434652437,88,-0.03228106745043009,0.03417874213846162,0.4643211100940702,-0.0669128846054803,0.5377135962368583,20988,15264,22896,17172,0.0,0.0,1.0,0.0,1.0
CH_L_346a,8-12,8,12,0.7869341567730166,84,-0.0331588939361234,0.0280840593354299,0.452076786983491,-0.059837564733387805,0.4899968949241152,22896,15264,24804,17172,0.0,0.0,1.0,0.0,1.0
CH_L_346a,8-13,8,13,0.8271453651170559,94,0.026661513739262722,0.035124520367856044,0.3820593584901968,0.01702694203542551,0.4215932888964643,24804,15264,26712,17172,0.0,0.0,1.0,0.0,0.0
CH_L_346a,8-14,8,14,0.7525840278536162,88,0.018358138471447513,0.024980856299306155,0.37273999718599343,0.025072380332582002,0.4169991889604708,26712,15264,28620,17172,0.0,0.0,0.0,0.0,0.0
CH_L_346a,8-15,8,15,0.6804866024910546,94,0.023087952917126137,0.021013030136057865,0.38275507230437905,0.03793885082527747,0.4224101225184556,28620,15264,30528,17172,0.0,0.0,1.0,0.0,0.0
CH_L_346a,8-16,8,16,0.34800235015727676,78,-0.04023624552040745,0.039038118461163805,0.46447895859595817,-0.06961626927167679,0.44779473639182743,30528,15264,32436,17172,0.0,1.0,1.0,0.0,0.0
CH_L_346a,9-11,9,11,0.691072154294641,104,0.016233604080683382,0.03669842100009411,0.3649693297217379,-0.0018866772011002706,0.4174593214909586,20988,17172,22896,19080,0.0,0.0,0.0,0.0,0.0
CH_L_346a,9-12,9,12,0.7830311795231355,71,0.017318279963978202,0.008068428961314636,0.3720619716215042,0.01800208107963675,0.39928065391184636,22896,17172,24804,19080,0.0,0.0,0.0,0.0,0.0
CH_L_346a,9-13,9,13,0.6890930980228442,96,0.02153370775915747,0.03224044498441913,0.38109326548201183,0.019057166788478862,0.4543151665774812,24804,17172,26712,19080,0.0,0.0,0.0,0.0,0.0
CH_L_346a,9-14,9,14,0.7624404923390169,107,0.03313585007974182,0.025687873922931245,0.3601234764418849,0.047676456931243824,0.4292013483539366,26712,17172,28620,19080,0.0,0.0,0.0,0.0,0.0
CH_L_346a,9-15,9,15,0.771721192172468,112,0.018058587710297964,0.040017518255744906,0.36950847730126707,0.03172795385632598,0.39692641970666015,28620,17172,30528,19080,0.0,1.0,0.0,0.0,0.0
CH_L_346a,9-16,9,16,0.6110272100793989,100,-0.00580659461557103,0.04721400427995044,0.37148506120228897,-0.004648031770265905,0.37149605456514023,30528,17172,32436,19080,0.0,1.0,0.0,0.0,0.0
CH_L_347a,10-11,10,11,0.8228014481354053,78,-0.005791260041649942,0.10480731109364409,0.4088893808220301,0.04211271908003172,0.3942695924492152,20988,19080,22896,20988,0.0,0.0,0.0,0.0,0.0
CH_L_347a,10-12,10,12,0.5448582477528976,120,-0.029805620491880753,0.07944699260829137,0.4251555393974344,-0.012685078941238364,0.4103271542867418,22896,19080,24804,20988,0.0,0.0,1.0,0.0,1.0
CH_L_347a,10-13,10,13,0.3720374391020767,116,-0.014769075086975426,0.05343586023095956,0.41754802080352316,0.02186248119977443,0.4368728144250743,24804,19080,26712,20988,0.0,0.0,1.0,0.0,1.0
CH_L_347a,10-14,10,14,0.6049252408688535,119,-0.015158203174255076,0.13594610056285017,0.4033956898671042,0.03896328158238628,0.3796370547749169,26712,19080,28620,20988,0.0,0.0,0.0,0.0,0.0
CH_L_347a,10-15,10,15,0.6717351348757788,110,-0.018835623777793797,0.11875647825985175,0.41080620523530115,0.023059912863008427,0.3919279650127317,28620,19080,30528,20988,0.0,0.0,0.0,0.0,0.0
CH_L_347a,10-16,10,16,0.7128854911157372,110,0.008492681665469192,0.13821441831587142,0.4017278669887028,0.06812601238135362,0.3596755940329097,30528,19080,32436,20988,1.0,0.0,0.0,1.0,0.0
CH_L_347a,10-17,10,17,0.8340485532232682,83,-0.008224171992074581,0.11992307552512252,0.41285195859759666,0.08107109726926748,0.30645780041588855,32436,19080,34344,20988,0.0,0.0,0.0,1.0,0.0
CH_L_347a,11-11,11,11,0.8085052475710137,59,-0.023046771650670535,0.06310408323035974,0.4449467851278233,0.009184812788672581,0.37315729892536403,20988,20988,22896,22896,0.0,0.0,1.0,0.0,0.0
CH_L_347a,11-12,11,12,0.6779072413606168,90,-0.041915024833945075,0.057983467253673926,0.4466538203673691,-0.018952247098570095,0.34716599419508903,22896,20988,24804,22896,0.0,0.0,1.0,0.0,0.0
CH_L_347a,11-13,11,13,0.4824784325548503,90,-0.04278366788753397,0.025892486308006286,0.4337612513798026,-0.04229244285509913,0.37363983912220333,24804,20988,26712,22896,0.0,0.0,1.0,0.0,0.0
CH_L_347a,11-14,11,14,0.718978896797428,90,-0.031739541961938046,0.07790476033023491,0.4379939832822873,-0.007030785620487107,0.350505626861444,26712,20988,28620,22896,0.0,0.0,1.0,0.0,0.0
CH_L_347a,11-15,11,15,0.6457695543533933,90,-0.0002718226482599581,0.16172082133304913,0.40489061848514757,0.04143958875323971,0.36931612233382144,28620,20988,30528,22896,1.0,1.0,0.0,0.0,0.0
CH_L_347a,11-16,11,16,0.798850830780322,90,-0.023111613489004087,0.12757003387273194,0.4112833392703817,0.04081583727687369,0.24727298545646803,30528,20988,32436,22896,0.0,0.0,0.0,0.0,0.0
CH_L_347a,11-17,11,17,0.6300567411848295,64,-0.020727997234705062,0.1328467046439916,0.4200773697790546,-0.0034258879705961844,0.3318405321876978,32436,20988,34344,22896,0.0,0.0,1.0,0.0,0.0
CH_L_347a,5-11,5,11,0.3334673854888501,66,0.015391941127710423,0.14192142628759907,0.35232880827302826,0.010531172095958557,0.5654067586948485,20988,9540,22896,11448,1.0,0.0,0.0,0.0,1.0
CH_L_347a,5-14,5,14,0.3476748733525699,121,-0.044692325876071644,0.09474054439523863,0.3863139041134939,-0.021683659345523215,0.4066021035529613,26712,9540,28620,11448,0.0,0.0,0.0,0.0,1.0
CH_L_347a,5-15,5,15,0.37629276140230794,113,-0.050848130627125177,0.05938593631865934,0.41470310408593,-0.047294103152590215,0.3632412914002524,28620,9540,30528,11448,0.0,0.0,0.0,0.0,0.0
CH_L_347a,5-16,5,16,0.32434526915965806,107,-0.029547755308533194,0.13836383836764385,0.37266988011106494,-0.020349517958857505,0.4500558656109087,30528,9540,32436,11448,0.0,0.0,0.0,0.0,1.0
CH_L_347a,5-17,5,17,0.6057646073790546,90,-0.016524651473090273,0.1841932158114124,0.3844262843000537,0.028459637775364963,0.3526943867981607,32436,9540,34344,11448,0.0,1.0,0.0,0.0,0.0
CH_L_347a,6-11,6,11,0.8111087873365896,78,0.012002506884899448,0.21282564614235083,0.40080532326883994,0.08427367121556172,0.3591775844481203,20988,11448,22896,13356,1.0,1.0,0.0,1.0,0.0
CH_L_347a,6-12,6,12,0.6204052645365324,120,0.0028107676487915223,0.17105816156175757,0.3687401164941637,0.07436066133009947,0.38662005716270875,22896,11448,24804,13356,1.0,1.0,0.0,1.0,0.0
CH_L_347a,6-13,6,13,0.5346933217834418,112,-0.003981831442027581,0.12876825538737124,0.3734067348579693,0.039851884606343924,0.4196424250858728,24804,11448,26712,13356,1.0,0.0,0.0,0.0,1.0
CH_L_347a,6-14,6,14,0.6744097173584285,110,-0.015805773799491805,0.1111306392045659,0.41171997312579633,0.04471321964988849,0.3944625755596115,26712,11448,28620,13356,0.0,0.0,0.0,0.0,0.0
CH_L_347a,6-15,6,15,0.7366573145440768,110,-0.05356839686975023,0.07072800018192557,0.44220725214413814,-0.030097620238830294,0.285469001380959,28620,11448,30528,13356,0.0,0.0,1.0,0.0,0.0
CH_L_347a,6-16,6,16,0.6277422422153593,109,0.001959661463774494,0.23797246787381557,0.3878530412259271,0.05964988488447797,0.295614991270393,30528,11448,32436,13356,1.0,1.0,0.0,1.0,0.0
CH_L_347a,6-17,6,17,0.7594809213007914,83,-0.015402085176223086,0.23595442194114105,0.3822224784977012,0.03390451603432808,0.3111794790920189,32436,11448,34344,13356,0.0,1.0,0.0,0.0,0.0
CH_L_347a,7-11,7,11,0.8580999331902209,72,0.021177308412184806,0.19806427513634908,0.3904779086491911,0.1463960885861156,0.3324233799429601,20988,13356,22896,15264,1.0,1.0,0.0,1.0,0.0
CH_L_347a,7-12,7,12,0.7759004056301915,112,0.0031815174750410963,0.16384488583529846,0.38822447474709987,0.08901215200665927,0.34986475827030705,22896,13356,24804,15264,1.0,1.0,0.0,1.0,0.0
CH_L_347a,7-13,7,13,0.6270522533389177,113,-0.010370190407477059,0.09117404835489387,0.39136763865778906,0.06484244495674121,0.4206842079507163,24804,13356,26712,15264,0.0,0.0,0.0,1.0,1.0
CH_L_347a,7-14,7,14,0.5952589831891494,115,-0.025835211020926754,0.09076623182294448,0.40078921862911543,0.015127404471906159,0.3792345241338163,26712,13356,28620,15264,0.0,0.0,0.0,0.0,0.0
CH_L_347a,7-15,7,15,0.6996289038810156,120,-0.04995233377444578,0.07871533385709778,0.4398834450294882,-0.03168463133621365,0.27893657183259096,28620,13356,30528,15264,0.0,0.0,1.0,0.0,0.0
CH_L_347a,7-16,7,16,0.7143838011495118,120,-0.013400758938945557,0.14207917826511735,0.40396870805278057,0.032986241653554155,0.2918294971093117,30528,13356,32436,15264,0.0,0.0,0.0,0.0,0.0
CH_L_347a,7-17,7,17,0.518234128704151,90,-0.02094754376869475,0.18418274538660825,0.367193303082775,0.011611817892391015,0.36969592996031225,32436,13356,34344,15264,0.0,1.0,0.0,0.0,0.0
CH_L_347a,8-11,8,11,0.791077836701082,78,0.025500216489233143,0.21125468377409204,0.3937184599909427,0.1257364280840887,0.3458862715631316,20988,15264,22896,17172,1.0,1.0,0.0,1.0,0.0
CH_L_347a,8-12,8,12,0.6733859581562117,118,0.00881585027703347,0.14581112851196848,0.3999315753282922,0.08658633789752855,0.40601504602763494,22896,15264,24804,17172,1.0,1.0,0.0,1.0,1.0
CH_L_347a,8-13,8,13,0.5979558678963949,117,-0.030075690784480486,0.07047121794863717,0.4118352435302806,0.016264335798649946,0.39768206723598554,24804,15264,26712,17172,0.0,0.0,0.0,0.0,0.0
CH_L_347a,8-14,8,14,0.6649022427542237,115,-0.03755714683397288,0.09090834144405627,0.4339363357640521,-0.0030789325412017804,0.35128946086286167,26712,15264,28620,17172,0.0,0.0,1.0,0.0,0.0
CH_L_347a,8-15,8,15,0.6778312858692631,110,-0.024157431179271133,0.09040429140829816,0.415408377600464,0.021012883990569144,0.39767909799042506,28620,15264,30528,17172,0.0,0.0,0.0,0.0,0.0
CH_L_347a,8-16,8,16,0.7709336867659615,110,-0.018224110907762613,0.11480864240987157,0.41512108268227993,0.008558456999696509,0.36931557627805406,30528,15264,32436,17172,0.0,0.0,0.0,0.0,0.0
CH_L_347a,8-17,8,17,0.7077633283670741,82,-0.02212038902492153,0.13692304513749892,0.40045502167555375,0.020676029794209266,0.3247866917955744,32436,15264,34344,17172,0.0,0.0,0.0,0.0,0.0
CH_L_347a,9-11,9,11,0.6784439548246787,71,-0.01138230080504031,0.17588045022740798,0.40156200235570233,0.04322997140174628,0.368459821426672,20988,17172,22896,19080,0.0,1.0,0.0,0.0,0.0
CH_L_347a,9-12,9,12,0.6571490734477969,110,-0.011728243664435142,0.09345123201343859,0.41556120590751916,0.045837214374010636,0.40056778106424046,22896,17172,24804,19080,0.0,0.0,0.0,0.0,1.0
CH_L_347a,9-13,9,13,0.5856972876492015,114,-0.021847329291989116,0.07096434674286291,0.4149378228593597,0.01938822407415971,0.4015215447394638,24804,17172,26712,19080,0.0,0.0,0.0,0.0,1.0
CH_L_347a,9-14,9,14,0.6992029960762193,111,0.0008883907612305248,0.1258143161889879,0.4045433041821627,0.054724597219079366,0.413346331552929,26712,17172,28620,19080,1.0,0.0,0.0,1.0,1.0
CH_L_347a,9-15,9,15,0.7521989320791184,120,-0.00542468209102805,0.13549904766143275,0.41599744480168394,0.058301705740482414,0.4057763530112838,28620,17172,30528,19080,0.0,0.0,1.0,1.0,1.0
CH_L_347a,9-16,9,16,0.6811748953746605,120,-0.013750706090305402,0.14559097132650925,0.4102255307474593,0.041744615383541635,0.36369303280729187,30528,17172,32436,19080,0.0,0.0,0.0,0.0,0.0
CH_L_347a,9-17,9,17,0.8267447689809816,90,-0.045739365864846025,0.07980270848473721,0.4392083240439434,-0.03366908785067462,0.25148131364481835,32436,17172,34344,19080,0.0,0.0,1.0,0.0,0.0
CH_L_348a,10-10,10,10,0.47439240330942456,107,-0.004525935905968162,0.0747654217857465,0.3332207809214189,-0.05682670690451753,0.43905083674887047,19080,19080,20988,20988,1.0,0.0,0.0,0.0,0.0
CH_L_348a,10-11,10,11,0.579269378371537,110,0.002457275053770759,0.059772284829784424,0.3481761778536583,-0.03336593696018687,0.4282122618268835,20988,19080,22896,20988,1.0,0.0,0.0,0.0,0.0
CH_L_348a,10-12,10,12,0.4297262532707462,95,-0.014829559680727527,0.06612386927827012,0.3475779327860373,-0.06422379294342127,0.4472572132302807,22896,19080,24804,20988,0.0,0.0,0.0,0.0,0.0
CH_L_348a,10-13,10,13,0.7098110183452924,98,-0.0023423512959276343,0.10325134057677374,0.33708776751610287,-0.00012717540394185933,0.48968986187207003,24804,19080,26712,20988,1.0,1.0,0.0,1.0,1.0
CH_L_348a,10-14,10,14,0.4626473650015391,92,-0.014048408619257139,0.0815895111746273,0.3363432773390054,-0.039021966638460096,0.5507026589815774,26712,19080,28620,20988,0.0,1.0,0.0,0.0,1.0
CH_L_348a,10-9,10,9,0.41635287312668584,106,-0.027396896301180203,0.06688838072747341,0.3633855148047444,-0.0674681470982824,0.4354478253121473,17172,19080,19080,20988,0.0,0.0,0.0,0.0,0.0
CH_L_348a,11-10,11,10,0.5010040000482965,118,-0.0009329483045358988,0.04838881672793478,0.33657010482802874,-0.051512704153843826,0.48120896364337706,19080,20988,20988,22896,1.0,0.0,0.0,0.0,1.0
CH_L_348a,11-11,11,11,0.651094073838809,109,-0.015598776825654482,0.04149923986926778,0.3693173260032574,-0.05289776751860275,0.42322978608574496,20988,20988,22896,22896,0.0,0.0,0.0,0.0,0.0
CH_L_348a,11-12,11,12,0.6311509297614867,109,-0.040648180247870175,0.0475775797329848,0.36655788091657626,-0.06486927904695547,0.4366305064359151,22896,20988,24804,22896,0.0,0.0,0.0,0.0,0.0
CH_L_348a,11-13,11,13,0.4193680393011011,99,-0.01627755434930885,0.06519765542079732,0.3703759924479923,-0.0351107625256693,0.5790118986016701,24804,20988,26712,22896,0.0,0.0,1.0,0.0,1.0
CH_L_348a,11-14,11,14,0.4876666994689635,90,-0.009197581414871432,0.029338311375818618,0.38357152540357714,-0.029511918278992744,0.5882111710967419,26712,20988,28620,22896,0.0,0.0,1.0,1.0,1.0
CH_L_348a,11-8,11,8,0.400851992482754,42,-0.004424376997766397,0.07093930028930209,0.3193970357909054,-0.04949536627668801,0.4361420105528235,15264,20988,17172,22896,1.0,0.0,0.0,0.0,0.0
CH_L_348a,11-9,11,9,0.6311486446709156,119,-0.001323855933595687,0.07687789088932151,0.31130645810877333,-0.05884586219056369,0.413478987766008,17172,20988,19080,22896,1.0,1.0,0.0,0.0,0.0
CH_L_348a,12-10,12,10,0.5581048065000138,106,-0.007222796324438341,0.04670032789480892,0.3463117568492902,-0.053987803123481656,0.4811417772591543,19080,22896,20988,24804,0.0,0.0,0.0,0.0,0.0
CH_L_348a,12-11,12,11,0.6739341927509517,111,-0.03325489762254559,0.036548844156116256,0.378308940678294,-0.058727036311717544,0.41994217897527064,20988,22896,22896,24804,0.0,0.0,1.0,0.0,0.0
CH_L_348a,12-12,12,12,0.5854991085917138,105,-0.026086714150996757,0.05850778547073618,0.36477433598961323,-0.0466234170121404,0.46043701045151153,22896,22896,24804,24804,0.0,0.0,0.0,0.0,0.0
CH_L_348a,12-13,12,13,0.44371603373828034,112,-0.019386102477446633,0.039086417096877435,0.3869776182389515,-0.02164670465158028,0.6037042663542416,24804,22896,26712,24804,0.0,0.0,1.0,1.0,1.0
CH_L_348a,12-14,12,14,0.4365643642871717,95,-0.023909812948789463,0.025531348644199082,0.40456177240628904,-0.03984461855587723,0.5859345301564205,26712,22896,28620,24804,0.0,0.0,1.0,0.0,1.0
CH_L_348a,12-9,12,9,0.5918454951974379,106,-0.00990525656127094,0.05092406262279635,0.3414812738907141,-0.059199831985838745,0.4596812826399675,17172,22896,19080,24804,0.0,0.0,0.0,0.0,0.0
CH_L_348a,13-10,13,10,0.7036096248474687,58,-0.012887266912767214,0.040701000828741035,0.36679516778656385,-0.038987272369846435,0.46785192318691277,19080,24804,20988,26712,0.0,0.0,0.0,0.0,0.0
CH_L_348a,13-11,13,11,0.6632589990395605,57,-0.01857563233902563,0.05651491928234911,0.3559757006483494,-0.03617291715093914,0.4495107209293033,20988,24804,22896,26712,0.0,0.0,0.0,0.0,0.0
CH_L_348a,13-12,13,12,0.47160120598975086,59,-0.0167260925995864,0.030054609512885116,0.3947761059059364,-0.04511757305583057,0.5754501998839034,22896,24804,24804,26712,0.0,0.0,1.0,0.0,1.0
CH_L_348a,13-13,13,13,0.45443709379174096,56,-0.02289520896781717,0.029400142096909436,0.39997430066190004,-0.033287628074275676,0.5816837033841422,24804,24804,26712,26712,0.0,0.0,1.0,0.0,1.0
CH_L_348a,13-14,13,14,0.48335842309775207,65,-0.03404018345428833,0.035297141558233686,0.4089999905663144,-0.027107245956338687,0.5715527510083995,26712,24804,28620,26712,0.0,0.0,1.0,1.0,1.0
CH_L_348a,13-9,13,9,0.513597998936508,60,-0.015651651784763174,0.08441768479433158,0.35654767732270637,-0.0551633760370859,0.4367342118697499,17172,24804,19080,26712,0.0,1.0,0.0,0.0,0.0
CH_L_348a,7-10,7,10,0.6628836453437182,98,-0.005538804262023585,0.059524462523394495,0.3295775290513871,-0.022618556340252425,0.42493764713697096,19080,13356,20988,15264,0.0,0.0,0.0,1.0,0.0
CH_L_348a,7-11,7,11,0.3789344408205997,88,-0.01742971339516068,0.08624557371439116,0.33470258394936986,-0.05196590360013002,0.4463633443318226,20988,13356,22896,15264,0.0,1.0,0.0,0.0,0.0
CH_L_348a,7-12,7,12,0.3798040055404548,100,0.004519319722048209,0.08077353803013271,0.32599463494001474,-0.025747602840048896,0.47166841083953864,22896,13356,24804,15264,1.0,1.0,0.0,1.0,0.0
CH_L_348a,7-14,7,14,0.46546523315625515,115,0.008199542894740225,0.1041413226520134,0.31131647304963633,-0.012592718276948179,0.4635987210126221,26712,13356,28620,15264,1.0,1.0,0.0,1.0,0.0
CH_L_348a,7-9,7,9,0.6855637252787483,85,-0.016802451807455078,0.040957695220093286,0.3721014579283984,-0.01123248613392081,0.44683965440695095,17172,13356,19080,15264,0.0,0.0,1.0,1.0,0.0
CH_L_348a,8-10,8,10,0.5977234165525933,105,-0.011621400552405214,0.04827533781437252,0.34696124683487894,-0.03055281865204723,0.4115909639047615,19080,15264,20988,17172,0.0,0.0,0.0,0.0,0.0
CH_L_348a,8-11,8,11,0.599348913513449,84,0.002101070258702312,0.04615842332360562,0.3437276195940666,-0.01766159431384634,0.4307128931329283,20988,15264,22896,17172,1.0,0.0,0.0,1.0,0.0
CH_L_348a,8-12,8,12,0.48605222260472464,94,0.006627947371580026,0.08031727109749369,0.31549661607531576,-0.010165767550398119,0.4466548794742589,22896,15264,24804,17172,1.0,1.0,0.0,1.0,0.0
CH_L_348a,8-13,8,13,0.36099230248474046,110,-0.013752650936583498,0.08531283336059803,0.3055961891797781,-0.03012226533970881,0.4444722126124312,24804,15264,26712,17172,0.0,1.0,0.0,0.0,0.0
CH_L_348a,8-9,8,9,0.5335425794749293,115,-0.009765227628341797,0.038016956267796186,0.35114024831147245,-0.0458544901570715,0.4413944872658956,17172,15264,19080,17172,0.0,0.0,0.0,0.0,0.0
CH_L_348a,9-10,9,10,0.5638396360891728,88,-0.020382447549077906,0.03579688759284728,0.3704290039617304,-0.04226617386968281,0.40025174799657304,19080,17172,20988,19080,0.0,0.0,1.0,0.0,0.0
CH_L_348a,9-11,9,11,0.4346161207638507,111,-0.009038665783222264,0.06664264063201675,0.32923961882545894,-0.0434823180219052,0.45592138383934905,20988,17172,22896,19080,0.0,0.0,0.0,0.0,0.0
CH_L_348a,9-12,9,12,0.4130583033638657,107,-0.008189832869725381,0.07696569533480097,0.3150263204964487,-0.047647030482043405,0.4513176961999164,22896,17172,24804,19080,0.0,1.0,0.0,0.0,0.0
CH_L_348a,9-9,9,9,0.3139791673603478,106,-0.0329388576527566,0.05987886236061442,0.36936693532456877,-0.08327488115921572,0.4202689140506127,17172,17172,19080,19080,0.0,0.0,0.0,0.0,0.0
CH_L_349a,10-22,10,22,0.7936907241516661,103,-0.014143280219468911,0.10178621402068762,0.35297330155852136,-0.045477764707196035,0.3970529315066617,41976,19080,43884,20988,1.0,1.0,0.0,1.0,0.0
CH_L_349a,10-23,10,23,0.8097296233563844,107,-0.016803565537259244,0.07284810905615405,0.3653664050874347,-0.036889129125746586,0.36925452006921866,43884,19080,45792,20988,1.0,0.0,0.0,1.0,0.0
CH_L_349a,10-24,10,24,0.721533584704373,103,-0.028775876240443796,0.06889593369325304,0.3670363248965318,-0.0498301983428941,0.33745559280368503,45792,19080,47700,20988,0.0,0.0,0.0,0.0,0.0
CH_L_349a,10-25,10,25,0.8072370306038988,92,-0.031050786910580237,0.0462386777827313,0.38311754931286546,-0.05977059001809905,0.34173021028234396,47700,19080,49608,20988,0.0,0.0,0.0,0.0,0.0
CH_L_349a,11-22,11,22,0.7539912060529103,95,-0.020958763973005067,0.1042233803700121,0.3320658839397179,-0.04338273727703534,0.3819751325286656,41976,20988,43884,22896,1.0,1.0,0.0,1.0,0.0
CH_L_349a,11-23,11,23,0.8042535120289035,107,-0.01902218219055516,0.0736495578903521,0.34254102392444835,-0.044553967465007886,0.34300243304574296,43884,20988,45792,22896,1.0,0.0,0.0,1.0,0.0
CH_L_349a,11-24,11,24,0.6878222940946919,100,-0.023891978053009248,0.08982025081692083,0.3682828119694381,-0.04600997497764699,0.4032193588597765,45792,20988,47700,22896,1.0,1.0,0.0,1.0,0.0
CH_L_349a,11-25,11,25,0.6244822404391899,103,-0.02555541714039107,0.03054687798587302,0.4101636687170205,-0.052622137412361714,0.4141867432664464,47700,20988,49608,22896,0.0,0.0,0.0,0.0,0.0
CH_L_349a,11-27,11,27,0.3714321522251001,76,-0.028783933900981013,0.037282124566587395,0.44586007179255605,-0.07320700378876757,0.5919345950810265,51516,20988,53424,22896,0.0,0.0,1.0,0.0,1.0
CH_L_349a,5-27,5,27,0.3725179657825965,91,-0.0010812538666501558,0.07556406296524809,0.3879400981301412,-0.03890459345886563,0.5931215061965793,51516,9540,53424,11448,1.0,1.0,0.0,1.0,1.0
CH_L_349a,5-28,5,28,0.33579195967139214,45,-0.028827237811129378,0.08143556293445912,0.3967015156238786,-0.06019322742593998,0.6224166463338011,53424,9540,55332,11448,0.0,1.0,0.0,0.0,1.0
CH_L_349a,6-22,6,22,0.31694125215819197,93,-0.06949156683222946,0.023653037965163264,0.4757632865607986,-0.12189312058804548,0.5206533914890863,41976,11448,43884,13356,0.0,0.0,1.0,0.0,1.0
CH_L_349a,6-23,6,23,0.3764128464632779,97,-0.05769055846933371,0.04592890413601403,0.4401164927472785,-0.10687727188875727,0.46785920873674464,43884,11448,45792,13356,0.0,0.0,1.0,0.0,1.0
CH_L_349a,7-22,7,22,0.3054489819863552,97,-0.05854673503322365,0.06133243949087835,0.4323964114514344,-0.0975730237141452,0.45092482155499536,41976,13356,43884,15264,0.0,0.0,1.0,0.0,0.0
CH_L_349a,7-24,7,24,0.3316552589483478,95,-0.04665739619144369,0.06296865729438293,0.4278194001667759,-0.08780202421396324,0.47968320295759576,45792,13356,47700,15264,0.0,0.0,0.0,0.0,1.0
CH_L_349a,7-25,7,25,0.5115347155705761,102,-0.041342957035973224,0.05911332572187512,0.41575573450597525,-0.09158683240560314,0.4266161870237034,47700,13356,49608,15264,0.0,0.0,0.0,0.0,0.0
CH_L_349a,7-26,7,26,0.3098491205396386,95,-0.03546063208209082,0.08213319576118197,0.408442622165496,-0.08238865206836361,0.4472396215563736,49608,13356,51516,15264,0.0,1.0,0.0,0.0,0.0
CH_L_349a,8-22,8,22,0.5423353453304207,104,-0.038771660251703546,0.055515195528025384,0.4242837068700424,-0.09901457494593065,0.41336527911056875,41976,15264,43884,17172,0.0,0.0,0.0,0.0,0.0
CH_L_349a,8-23,8,23,0.3498885514692722,100,-0.05356311012777042,0.049530024737820734,0.43147505575896117,-0.10843792220952655,0.45735732137022916,43884,15264,45792,17172,0.0,0.0,1.0,0.0,1.0
CH_L_349a,8-24,8,24,0.3872933153967932,104,-0.03373479292246265,0.04431100335358234,0.42050835880617926,-0.08001318865637529,0.4021879667652781,45792,15264,47700,17172,0.0,0.0,0.0,0.0,0.0
CH_L_349a,8-25,8,25,0.6920072844627188,104,-0.037086541760357854,0.04859006851213765,0.3891382291176063,-0.0630302472577174,0.37827688855593505,47700,15264,49608,17172,0.0,0.0,0.0,0.0,0.0
CH_L_349a,8-26,8,26,0.33758462699358677,99,-0.05570347209206228,0.047272726206655714,0.44902071811535793,-0.10477490996462267,0.40192977893195614,49608,15264,51516,17172,0.0,0.0,1.0,0.0,0.0
CH_L_349a,9-22,9,22,0.8580019065673349,100,-0.04613300416229109,0.07335234848229252,0.3716472048010096,-0.049554248692929515,0.3011600956656124,41976,17172,43884,19080,0.0,0.0,0.0,1.0,0.0
CH_L_349a,9-23,9,23,0.8339535660346039,108,-0.043393021377297274,0.08104830593209705,0.3932075227745658,-0.05521866316874574,0.3495525365068192,43884,17172,45792,19080,0.0,1.0,0.0,0.0,0.0
CH_L_349a,9-24,9,24,0.7466393051604093,103,-0.02436974020878683,0.06740618503058848,0.368362202165805,-0.05445950925382504,0.39317975163686103,45792,17172,47700,19080,0.0,0.0,0.0,0.0,0.0
CH_L_349a,9-25,9,25,0.7140953500747323,90,-0.017737413276076624,0.06245802500562509,0.38249842675411505,-0.05582055383103586,0.3938226059072521,47700,17172,49608,19080,1.0,0.0,0.0,0.0,0.0
CH_L_349a,9-26,9,26,0.3583701684155046,107,-0.054139204682249045,0.02912843961267042,0.44798568277467427,-0.09737005207497475,0.3800993951201012,49608,17172,51516,19080,0.0,0.0,1.0,0.0,0.0
CH_L_350a,10-10,10,10,0.7409273770326111,46,-0.022253064017803508,0.03883834847289485,0.40362481575694625,-0.005739260594002204,0.3605893449577006,19080,19080,20988,20988,0.0,1.0,1.0,0.0,0.0
CH_L_350a,10-11,10,11,0.6892024704779486,51,0.038597012819931276,0.034530095130379426,0.3409698490811141,0.04130684299487722,0.49381140071304747,20988,19080,22896,20988,1.0,0.0,0.0,0.0,1.0
CH_L_350a,10-5,10,5,0.7207811643538325,63,0.03949602901953085,0.013790848336244423,0.3088966977865416,0.06405558449034568,0.44421974807262754,9540,19080,11448,20988,1.0,0.0,0.0,1.0,0.0
CH_L_350a,10-6,10,6,0.7313948527321873,75,0.0235359790995989,0.030323386103753087,0.34989206279516,0.053419052121867476,0.42805121988047035,11448,19080,13356,20988,0.0,0.0,0.0,1.0,0.0
CH_L_350a,10-7,10,7,0.6204977057440131,50,0.0118718561611978,0.030319643928099018,0.3424848613824316,0.0007082586026825779,0.41550907453150565,13356,19080,15264,20988,0.0,0.0,0.0,0.0,0.0
CH_L_350a,10-8,10,8,0.7728695987335388,94,0.04794809623750772,0.021853081671491862,0.3364891428273054,0.07213045427832263,0.4719425543713213,15264,19080,17172,20988,1.0,0.0,0.0,1.0,1.0
CH_L_350a,10-9,10,9,0.801552351808137,85,0.01717298483033169,0.02780795098368553,0.3763010543943063,0.011727793385514843,0.3448749951323699,17172,19080,19080,20988,0.0,0.0,1.0,0.0,0.0
CH_L_350a,11-10,11,10,0.742004193581344,43,-0.00308366863704295,0.023449276505329585,0.3852898510231594,-0.00583041433598755,0.29801632232051295,19080,20988,20988,22896,0.0,0.0,1.0,0.0,0.0
CH_L_350a,11-11,11,11,0.7201171262649262,42,0.004408818855393624,0.013242395878478022,0.37353809534251986,-0.0019026966934589328,0.4189759951097707,20988,20988,22896,22896,0.0,0.0,1.0,0.0,0.0
CH_L_350a,11-5,11,5,0.3474759783198635,93,0.005483472007462921,0.07957828569395387,0.30360912729236184,-0.03204275693530225,0.3879915793643434,9540,20988,11448,22896,0.0,1.0,0.0,0.0,0.0
CH_L_350a,11-6,11,6,0.7807384443067936,68,0.016352648432967357,0.007087755686680413,0.3664063632205081,0.05592532403660152,0.3666721550313971,11448,20988,13356,22896,0.0,0.0,0.0,1.0,0.0
CH_L_350a,11-7,11,7,0.7111162427551356,87,0.027080600199877014,0.02542602441500066,0.35513507199794964,0.06865736899266084,0.4262170194348734,13356,20988,15264,22896,0.0,0.0,0.0,1.0,0.0
CH_L_350a,11-8,11,8,0.6559108800080113,56,0.04612712910715584,0.03097370262013218,0.32404604377392493,0.07308054825910414,0.4547440214667386,15264,20988,17172,22896,1.0,0.0,0.0,1.0,0.0
CH_L_350a,11-9,11,9,0.7666718463796666,79,0.030425987723051058,0.019190794026463884,0.35718549684400225,0.04897486454062636,0.4123556508319439,17172,20988,19080,22896,0.0,0.0,0.0,1.0,0.0
CH_L_350a,12-11,12,11,0.6110612319137065,62,-0.0007449036493350111,0.043680064916953115,0.35630509703901336,0.016294253016162066,0.3987745797111335,20988,22896,22896,24804,0.0,1.0,0.0,0.0,0.0
CH_L_350a,12-5,12,5,0.6325814716168263,72,0.0418456899776892,0.03896757486882988,0.32167794884999756,0.04828037150517913,0.4387016706348035,9540,22896,11448,24804,1.0,1.0,0.0,0.0,0.0
CH_L_350a,12-6,12,6,0.6267935916718986,80,0.01616639924107042,0.013243219539946106,0.3381162267305755,0.03570902353454065,0.34677218332806,11448,22896,13356,24804,0.0,0.0,0.0,0.0,0.0
CH_L_350a,12-7,12,7,0.6283042297806906,76,0.02212959623139408,0.025309428625509313,0.3528948765677951,0.02715057515190557,0.42801201935477234,13356,22896,15264,24804,0.0,0.0,0.0,0.0,0.0
CH_L_350a,12-8,12,8,0.7031567334081618,88,0.03435500781132605,0.040908961821500285,0.341390068277354,0.030439674317499162,0.45604384565770617,15264,22896,17172,24804,1.0,1.0,0.0,0.0,0.0
CH_L_350a,12-9,12,9,0.7619484596690773,76,0.05052309149445074,0.03040748766997332,0.34480381989935904,0.09072430511479956,0.48547722848426045,17172,22896,19080,24804,1.0,0.0,0.0,1.0,1.0
CH_L_350a,13-10,13,10,0.5986889935920208,41,0.014395989765986042,0.05360787279200806,0.3555472933007812,0.025893440164736745,0.4181807494763374,19080,24804,20988,26712,0.0,1.0,0.0,0.0,0.0
CH_L_350a,13-11,13,11,0.5015638169813585,55,0.033089582968457334,0.0661620256998841,0.31252605730896477,0.022388167206277888,0.47808143797462993,20988,24804,22896,26712,0.0,1.0,0.0,0.0,1.0
CH_L_350a,13-5,13,5,0.7214214207370239,60,0.0401906904400143,0.017179849182068593,0.3210683188471527,0.05612082670684593,0.427539876962113,9540,24804,11448,26712,1.0,0.0,0.0,1.0,0.0
CH_L_350a,13-6,13,6,0.6924074079724648,74,0.02822514595522418,0.008514269603987153,0.3099189773792045,0.06454221676706089,0.42924862701234723,11448,24804,13356,26712,0.0,0.0,0.0,1.0,0.0
CH_L_350a,13-7,13,7,0.576917284104298,77,0.04906504709394858,0.020067679320702338,0.3104691275368362,0.045038432033641065,0.4954375670076181,13356,24804,15264,26712,1.0,0.0,0.0,0.0,1.0
CH_L_350a,13-8,13,8,0.5705982707130846,94,0.05140173770111262,0.03478808099975102,0.30577779856422366,0.05779808096040498,0.49897604815199675,15264,24804,17172,26712,1.0,0.0,0.0,1.0,1.0
CH_L_350a,13-9,13,9,0.6838956710393396,60,0.046189075653691014,0.0353689300853313,0.3300305872296282,0.07060126880502889,0.49580773024046754,17172,24804,19080,26712,1.0,0.0,0.0,1.0,1.0
CH_L_350a,7-10,7,10,0.6989421054195156,75,-0.034142640500286835,0.028934804395224424,0.4013632430770219,-0.03377776685858488,0.3816777263779059,19080,13356,20988,15264,0.0,0.0,1.0,0.0,0.0
CH_L_350a,7-5,7,5,0.3865730773018444,50,-0.004903324393808802,0.03603814832775916,0.37043126416305666,-0.015376921112236137,0.5852530825507195,9540,13356,11448,15264,0.0,0.0,0.0,0.0,1.0
CH_L_350a,7-6,7,6,0.5533719609725325,96,0.027246316905638737,0.05755752616552227,0.3480746753896678,0.02126306992174691,0.49524969978786876,11448,13356,13356,15264,0.0,1.0,0.0,0.0,1.0
CH_L_350a,7-7,7,7,0.5571078698733262,113,0.02845555345537275,0.05626747629370715,0.3139794986206424,0.014480371815773677,0.43671361214913884,13356,13356,15264,15264,0.0,1.0,0.0,0.0,0.0
CH_L_350a,7-8,7,8,0.6854729607790594,79,0.011393388868339295,0.05718690870219689,0.3298109088692677,0.016474391949341326,0.43149474666010185,15264,13356,17172,15264,0.0,1.0,0.0,0.0,0.0
CH_L_350a,7-9,7,9,0.679525927550784,79,0.007009034212762868,0.03189068739894793,0.3803801940602738,-0.01923909621595203,0.43127315078598766,17172,13356,19080,15264,0.0,0.0,1.0,0.0,0.0
CH_L_350a,8-10,8,10,0.6557043459012434,85,-0.01457510361855805,0.029202443959674817,0.39165354386096624,-0.02563034432619786,0.33429132712970766,19080,15264,20988,17172,0.0,0.0,1.0,0.0,0.0
CH_L_350a,8-11,8,11,0.6935161418883089,59,-0.024170687381137177,0.05551135145097471,0.39096010336354625,-0.017552594531037816,0.3403860435049927,20988,15264,22896,17172,0.0,1.0,1.0,0.0,0.0
CH_L_350a,8-5,8,5,0.6132671915477784,70,0.01857379506239246,0.02944090871744573,0.3751697453905404,0.0021111524172693678,0.5165080424424738,9540,15264,11448,17172,0.0,0.0,1.0,0.0,1.0
CH_L_350a,8-6,8,6,0.66685676350175,91,0.021898421644917922,0.025838420783001817,0.3450290997787148,0.021676376152836286,0.49679953009537964,11448,15264,13356,17172,0.0,0.0,0.0,0.0,1.0
CH_L_350a,8-7,8,7,0.6911287566799827,88,0.014315010912021487,0.03491196624075522,0.3657809756369911,-0.003527172390794368,0.39297393129538255,13356,15264,15264,17172,0.0,0.0,0.0,0.0,0.0
CH_L_350a,8-8,8,8,0.7363961089139122,95,0.01691551360896973,0.023416771829810307,0.3568646516716858,0.000735191082056244,0.41517585069457463,15264,15264,17172,17172,0.0,0.0,0.0,0.0,0.0
CH_L_350a,8-9,8,9,0.7708794943399488,92,-0.004703502329579158,0.029452473634014965,0.3914804639985245,-0.001238839825592663,0.32749326184082533,17172,15264,19080,17172,0.0,0.0,1.0,0.0,0.0
CH_L_350a,9-10,9,10,0.7374424664355557,69,-0.025163712581692064,0.01884977845361647,0.40112425761931725,-0.015517882010913303,0.3207527705866507,19080,17172,20988,19080,0.0,0.0,1.0,0.0,0.0
CH_L_350a,9-11,9,11,0.5863185327915192,69,0.008347506567591855,0.05072720073898906,0.3660400916726372,-0.005064302838092311,0.414107822843986,20988,17172,22896,19080,0.0,1.0,0.0,0.0,0.0
CH_L_350a,9-5,9,5,0.6640447194147127,74,0.03167725240144027,0.017235667761150233,0.3290760670494514,0.03926586108040976,0.5122573236406126,9540,17172,11448,19080,0.0,0.0,0.0,0.0,1.0
CH_L_350a,9-6,9,6,0.6143345021194498,90,0.03638096053212165,0.02255610531104856,0.3304950322465974,0.025197266932933494,0.4645987663018319,11448,17172,13356,19080,1.0,0.0,0.0,0.0,0.0
CH_L_350a,9-7,9,7,0.6751429384484913,102,0.021724685559069642,0.02282970317463671,0.34211452445610363,0.002976341624172991,0.42639278675315284,13356,17172,15264,19080,0.0,0.0,0.0,0.0,0.0
CH_L_350a,9-8,9,8,0.7003643832971583,62,0.02668744612377823,0.011659910030571506,0.3378720868722558,0.03728810597294614,0.4520563054583901,15264,17172,17172,19080,0.0,0.0,0.0,0.0,0.0
CH_L_350a,9-9,9,9,0.6915955952804225,85,-0.00435701386266552,0.026022759730410547,0.4099346457771846,-0.02348098204904529,0.34654536981668915,17172,17172,19080,19080,0.0,0.0,1.0,0.0,0.0
CH_L_351a,10-13,10,13,0.5450182905293034,111,0.05516255556535819,0.16352111877854447,0.29966659966955705,0.05599297217352876,0.4526964366758231,24804,19080,26712,20988,1.0,1.0,0.0,1.0,0.0
CH_L_351a,10-15,10,15,0.3928489380027834,108,0.0006444778375989901,0.06788508808879003,0.3632911314377821,-0.011178245642775423,0.5403879067382037,28620,19080,30528,20988,0.0,0.0,1.0,0.0,0.0
CH_L_351a,11-13,11,13,0.3922381252770488,119,0.031965615097117206,0.11604611333462332,0.3199370606796589,0.031688303196282235,0.4600434408447526,24804,20988,26712,22896,0.0,0.0,0.0,0.0,0.0
CH_L_351a,11-14,11,14,0.36917783774098467,121,0.03047724014048081,0.11765948911397332,0.3164971892115198,0.03421241952214588,0.4467804487447201,26712,20988,28620,22896,0.0,0.0,0.0,0.0,0.0
CH_L_351a,11-15,11,15,0.602241683800778,116,0.02747452140490924,0.07791161936833943,0.34866381197579716,0.008368934767980535,0.4695591697321499,28620,20988,30528,22896,0.0,0.0,0.0,0.0,0.0
CH_L_351a,12-10,12,10,0.481944634216008,110,0.03033270823035077,0.14299246786762243,0.36515042105640866,-0.008932502783402676,0.44103321659866407,19080,22896,20988,24804,0.0,1.0,1.0,0.0,0.0
CH_L_351a,12-13,12,13,0.34900682570204616,108,0.012759747184804306,0.10265320448640626,0.32665205083823384,0.014487544346380617,0.46540420933638027,24804,22896,26712,24804,0.0,0.0,0.0,0.0,0.0
CH_L_351a,12-14,12,14,0.7194283870206961,82,0.057030658077677786,0.12995473691901502,0.3428936357753967,0.05048652920490863,0.4261607697812535,26712,22896,28620,24804,1.0,0.0,0.0,1.0,0.0
CH_L_351a,12-15,12,15,0.7622348804608071,107,0.04907097155023075,0.13629051135513637,0.33453664374237413,0.05049309780831189,0.42617917473357975,28620,22896,30528,24804,1.0,1.0,0.0,1.0,0.0
CH_L_351a,13-10,13,10,0.35328308030537725,120,-0.011262054537565517,0.1056041034406029,0.3588487349043316,-0.035995473064624396,0.45379944563872004,19080,24804,20988,26712,0.0,0.0,0.0,0.0,0.0
CH_L_351a,13-15,13,15,0.3911867047969588,111,0.01794660954191937,0.08637380398964116,0.33704688728434384,0.00416624697084697,0.5112753456363957,28620,24804,30528,26712,0.0,0.0,0.0,0.0,0.0
CH_L_351a,7-10,7,10,0.388703202186072,64,-0.005450945739598409,0.040748398336932695,0.3667876032343965,-0.03553632459640843,0.6044326790609258,19080,13356,20988,15264,0.0,0.0,1.0,0.0,1.0
CH_L_351a,7-11,7,11,0.531820938707409,57,-0.005538668919209949,0.03277617142416495,0.38568979380449736,-0.035040281032946284,0.6216309222904425,20988,13356,22896,15264,0.0,0.0,1.0,0.0,1.0
CH_L_351a,7-12,7,12,0.40642663628852854,56,0.00628781834952596,0.0704702577974259,0.3625025409211379,-0.05135851037459914,0.6109434398042151,22896,13356,24804,15264,0.0,0.0,1.0,0.0,1.0
CH_L_351a,7-13,7,13,0.30529670716482943,55,0.03538496904724151,0.0741057139226127,0.3106200267460514,-0.006635732838806774,0.5815472547004267,24804,13356,26712,15264,0.0,0.0,0.0,0.0,1.0
CH_L_351a,7-15,7,15,0.8044018443298212,48,0.06513876098240354,0.115545398788171,0.31697233008002085,0.09663178710117688,0.5090300179657151,28620,13356,30528,15264,1.0,0.0,0.0,1.0,0.0
CH_L_351a,8-10,8,10,0.5182385947418982,95,0.006570454814121783,0.059038655636421904,0.38084995542957356,-0.03222141128480541,0.6041493642355108,19080,15264,20988,17172,0.0,0.0,1.0,0.0,1.0
CH_L_351a,8-11,8,11,0.4712967529195717,111,0.020092306082941058,0.108252553634308,0.3384745624848131,-0.0004112677016401843,0.5820470730617343,20988,15264,22896,17172,0.0,0.0,0.0,0.0,1.0
CH_L_351a,8-12,8,12,0.3945780333984218,118,0.0030372048789965352,0.06072621013300035,0.34112905339808414,-0.030917618621659333,0.5877634264664114,22896,15264,24804,17172,0.0,0.0,0.0,0.0,1.0
CH_L_351a,8-13,8,13,0.5575543467590311,114,0.04220792119590357,0.12452106087874946,0.30761421974806724,0.028470331206868968,0.517045607278961,24804,15264,26712,17172,0.0,0.0,0.0,0.0,0.0
CH_L_351a,8-14,8,14,0.48305338006483756,111,0.04885236070361015,0.12484921589416148,0.3086221400314305,0.037214237885975235,0.46229190283702576,26712,15264,28620,17172,1.0,0.0,0.0,0.0,0.0
CH_L_351a,8-15,8,15,0.6177804557821734,116,0.04482977714090344,0.1369904452503203,0.29119409858510403,0.053010008231036056,0.4883875453744839,28620,15264,30528,17172,0.0,1.0,0.0,1.0,0.0
CH_L_351a,8-16,8,16,0.80417696243101,42,-0.05686900874322416,0.020329918615536017,0.4518798427583818,-0.11423683985474083,0.35913915033423593,30528,15264,32436,17172,0.0,0.0,1.0,0.0,0.0
CH_L_351a,9-10,9,10,0.4643743460803521,119,0.027592235737512204,0.13110990195143568,0.3148951235018063,-0.006992825980822927,0.5578835279174273,19080,17172,20988,19080,0.0,1.0,0.0,0.0,0.0
CH_L_351a,9-12,9,12,0.5746118144256921,111,0.05752540153174421,0.13652746239931615,0.287215203882481,0.06351161043277462,0.46004272118725625,22896,17172,24804,19080,1.0,1.0,0.0,1.0,0.0
CH_L_351a,9-13,9,13,0.7576577729565505,116,0.06628660528291466,0.16069523107737999,0.29711877951306254,0.09080467140792751,0.44708701447705834,24804,17172,26712,19080,1.0,1.0,0.0,1.0,0.0
CH_L_351a,9-15,9,15,0.39475549281230654,115,0.0038894170369128886,0.12811976675036799,0.32101086799653655,-0.05067656087521264,0.5130213236321556,28620,17172,30528,19080,0.0,0.0,0.0,0.0,0.0
CH_L_352a,10-10,10,10,0.40910994929873334,116,-0.016182310316571635,0.0476857129001967,0.347327099666539,-0.07599559130630261,0.39436967105688486,19080,19080,20988,20988,0.0,0.0,0.0,0.0,0.0
CH_L_352a,10-11,10,11,0.33639398985842145,118,-0.037796802766333536,0.03211794699824558,0.36507459707408285,-0.07978895971572736,0.37995486489677904,20988,19080,22896,20988,0.0,0.0,0.0,0.0,0.0
CH_L_352a,10-7,10,7,0.3196267849923035,46,0.006408041765222512,0.04746544204719669,0.33731862761472753,-0.02541899217856047,0.452494258458898,13356,19080,15264,20988,0.0,0.0,0.0,0.0,0.0
CH_L_352a,10-9,10,9,0.5382898693052593,106,0.007518067281853249,0.061323325845655106,0.3011491118058152,-0.03200619089389186,0.3999893854105333,17172,19080,19080,20988,1.0,1.0,0.0,0.0,0.0
CH_L_352a,11-11,11,11,0.45988133705940437,111,-0.015274897964585052,0.04548868435975565,0.3563465877631617,-0.07667118160804844,0.363501674765011,20988,20988,22896,22896,0.0,0.0,0.0,0.0,0.0
CH_L_352a,11-7,11,7,0.32092066408827613,69,0.0149142843633588,0.0725203627696117,0.30315249487684803,-0.005811293718906061,0.5073424101817808,13356,20988,15264,22896,1.0,1.0,0.0,1.0,1.0
CH_L_352a,11-8,11,8,0.48142992213155483,107,0.01519088618466133,0.058882293193999354,0.3212165777018736,-0.007233094861329318,0.4259007625477863,15264,20988,17172,22896,1.0,1.0,0.0,1.0,0.0
CH_L_352a,12-10,12,10,0.41345840795944133,120,-0.040471836397225194,0.03592820221037578,0.3980463862172691,-0.10553527201771498,0.3655267032769511,19080,22896,20988,24804,0.0,0.0,0.0,0.0,0.0
CH_L_352a,12-11,12,11,0.555966407351037,115,-0.02639543575891719,0.020011082409100163,0.3995411378632798,-0.09187291763166167,0.36537134949718786,20988,22896,22896,24804,0.0,0.0,1.0,0.0,0.0
CH_L_352a,12-12,12,12,0.32310981505306596,111,-0.03479244297308882,0.05730851461104981,0.3838744012395693,-0.10174265733053299,0.3509828665268797,22896,22896,24804,24804,0.0,1.0,0.0,0.0,0.0
CH_L_352a,12-13,12,13,0.4115011158170303,70,-0.06267649078847308,0.041252410252674586,0.4554024837504607,-0.10891823782468928,0.3851509498901408,24804,22896,26712,24804,0.0,0.0,1.0,0.0,0.0
CH_L_352a,12-7,12,7,0.6344550689983461,55,0.03909156218993079,0.09674312325271929,0.3242432556031604,0.023426534177784324,0.5610146556446605,13356,22896,15264,24804,1.0,1.0,0.0,1.0,1.0
CH_L_352a,12-8,12,8,0.3059702551242282,114,-0.015406129969360301,0.061062296741546146,0.3361974105681145,-0.06287086201462533,0.5204208284050248,15264,22896,17172,24804,0.0,1.0,0.0,0.0,1.0
CH_L_352a,13-10,13,10,0.33584445793891415,110,-0.05241366074479458,0.04307888450004953,0.4247998239422386,-0.11188855575367097,0.34525282355392034,19080,24804,20988,26712,0.0,0.0,1.0,0.0,0.0
CH_L_352a,13-11,13,11,0.6746351544832562,113,-0.027817131782721247,0.02375087949309967,0.4047175346800056,-0.06155152379236986,0.3570787873416751,20988,24804,22896,26712,0.0,0.0,1.0,0.0,0.0
CH_L_352a,13-12,13,12,0.6672932327895423,113,-0.013381564008107688,0.03024422002029218,0.3751938722895381,-0.07942101367497656,0.39533930905807885,22896,24804,24804,26712,0.0,0.0,0.0,0.0,0.0
CH_L_352a,13-13,13,13,0.4313629513399308,48,-0.04658547828278379,0.03707359235017282,0.43023377442230176,-0.09908594817040624,0.3915887593892035,24804,24804,26712,26712,0.0,0.0,1.0,0.0,0.0
CH_L_352a,13-7,13,7,0.4952462953463883,65,0.027238573895551545,0.0625258238002003,0.3294493377856873,0.00018556412266226542,0.5629163660331906,13356,24804,15264,26712,1.0,1.0,0.0,1.0,1.0
CH_L_352a,14-11,14,11,0.3066265715615652,55,-0.03265962587191842,0.02844392073173008,0.39331842292393276,-0.09419041946135859,0.36596520667662574,20988,26712,22896,28620,0.0,0.0,0.0,0.0,0.0
CH_L_352a,14-7,14,7,0.614854869465129,43,-0.017945593906218686,0.014448828874435098,0.40975721495748463,-0.05855919763640941,0.4699052360357734,13356,26712,15264,28620,0.0,0.0,1.0,0.0,1.0
CH_L_352a,14-8,14,8,0.5291611853715934,81,-0.04842335647277253,0.03875246631359323,0.42446789879354263,-0.11637403622783349,0.45266107531390354,15264,26712,17172,28620,0.0,0.0,1.0,0.0,1.0
CH_L_352a,8-10,8,10,0.8737303501342456,74,0.005837382868934554,-0.0022947459985665102,0.3366427100486521,-0.008752891921526201,0.3416780112449236,19080,15264,20988,17172,0.0,0.0,0.0,1.0,0.0
CH_L_352a,8-11,8,11,0.7096964910519455,69,0.011443250076311319,0.022115872225824493,0.3240288827060555,-0.003247790897594145,0.4026964559751953,20988,15264,22896,17172,1.0,0.0,0.0,1.0,0.0
CH_L_352a,8-12,8,12,0.641809585120271,69,-0.0005299634991647259,0.02326813545149483,0.3263781650504631,-0.013774337583567636,0.41910503610433636,22896,15264,24804,17172,0.0,0.0,0.0,0.0,0.0
CH_L_352a,8-9,8,9,0.6236437330838354,79,0.011186488297350925,0.019569198669620532,0.3169242070224056,-0.011209569695345251,0.37103886735148994,17172,15264,19080,17172,1.0,0.0,0.0,1.0,0.0
CH_L_352a,9-10,9,10,0.6900738917643902,109,0.0008632087741233084,0.01635988315960183,0.34153771171948094,-0.03699716573545636,0.3705138039366367,19080,17172,20988,19080,0.0,0.0,0.0,0.0,0.0
CH_L_352a,9-11,9,11,0.437547727521866,112,-0.013186077425464958,0.02938592952106298,0.32274329180657174,-0.018352663742293416,0.42927337266778737,20988,17172,22896,19080,0.0,0.0,0.0,0.0,0.0
CH_L_352a,9-12,9,12,0.3253193495962116,99,-0.004246937396673228,0.026856597713244175,0.3473438220505271,-0.03231273482019943,0.44935462269203963,22896,17172,24804,19080,0.0,0.0,0.0,0.0,0.0
CH_L_352a,9-13,9,13,0.4702572543513272,61,-0.0566863483398011,0.0251368734563426,0.46048296579040837,-0.09534794745923797,0.3880541733686078,24804,17172,26712,19080,0.0,0.0,1.0,0.0,0.0
CH_L_352a,9-7,9,7,0.6025892668383029,45,0.013234379629925684,0.05297092718588795,0.37493287382983564,-0.008760922894487317,0.5937257390729176,13356,17172,15264,19080,1.0,1.0,0.0,1.0,1.0
CH_L_352a,9-8,9,8,0.46450902418923934,100,0.00048576921387983826,0.03830475961983899,0.3570894792134422,-0.040013267659982546,0.4623046543913458,15264,17172,17172,19080,0.0,0.0,0.0,0.0,1.0
CH_L_352a,9-9,9,9,0.7725946722552102,98,0.0009056202627479873,0.011264450855459528,0.34493666120717736,-0.018451047399057317,0.37262113850112455,17172,17172,19080,19080,0.0,0.0,0.0,0.0,0.0
CH_L_353a,10-13,10,13,0.5671911571087666,94,0.014277646119642454,0.11046479216868664,0.280363536120398,-0.012733903967078776,0.4588416992248545,24804,19080,26712,20988,0.0,1.0,0.0,1.0,0.0
CH_L_353a,10-16,10,16,0.3936358549941487,106,-0.006063752387170847,0.13176396511231092,0.23395085546070074,-0.013303913934044257,0.5008468480615276,30528,19080,32436,20988,0.0,1.0,0.0,1.0,0.0
CH_L_353a,10-17,10,17,0.4212032580345917,103,0.023191390620881616,0.12582954752872075,0.23769996251156494,-0.03012953563793903,0.5646169250729484,32436,19080,34344,20988,1.0,1.0,0.0,0.0,0.0
CH_L_353a,10-18,10,18,0.45928823190500356,105,0.030625390854525,0.0661004633217802,0.2811135297869692,-0.01352388026260861,0.5799799573766661,34344,19080,36252,20988,1.0,0.0,0.0,1.0,0.0
CH_L_353a,10-19,10,19,0.3979524519024623,79,-0.008190402886743726,0.04353606081612917,0.3407254044063717,-0.0701574046449624,0.5633353242656632,36252,19080,38160,20988,0.0,0.0,1.0,0.0,0.0
CH_L_353a,11-15,11,15,0.42699338672954795,104,0.000919878025761364,0.1310228685058777,0.2637656345157194,-0.014187026383202973,0.479142280213089,28620,20988,30528,22896,0.0,1.0,0.0,1.0,0.0
CH_L_353a,11-16,11,16,0.41691189655423844,106,0.006287404579403662,0.16392351478372058,0.23639248260643758,-0.006239498326632716,0.48047222656026245,30528,20988,32436,22896,0.0,1.0,0.0,1.0,0.0
CH_L_353a,11-17,11,17,0.44530904446212727,105,0.006111236697330765,0.17134819250118224,0.2372060065828168,-0.017868583719377763,0.5076078693657106,32436,20988,34344,22896,0.0,1.0,0.0,1.0,0.0
CH_L_353a,11-18,11,18,0.3261815842016555,97,0.006546165677403497,0.08721397835438495,0.26088396810941056,-0.039431659788090045,0.5899298336628469,34344,20988,36252,22896,0.0,0.0,0.0,0.0,1.0
CH_L_353a,12-14,12,14,0.31920352188681117,98,0.030135698882080023,0.06847810422870057,0.2824338525525381,-0.026984872739180106,0.5772982990826683,26712,22896,28620,24804,1.0,0.0,0.0,0.0,0.0
CH_L_353a,12-16,12,16,0.3134936728251649,97,0.013104060259537602,0.0879640593746813,0.26530280515926535,-0.023610761981890088,0.581258367667699,30528,22896,32436,24804,0.0,0.0,0.0,0.0,0.0
CH_L_353a,12-17,12,17,0.302303904916507,96,0.007985021085975262,0.06270849283217018,0.2921680053802315,-0.04793736789444336,0.5883821034233948,32436,22896,34344,24804,0.0,0.0,0.0,0.0,1.0
CH_L_353a,12-18,12,18,0.3322841404606658,92,-0.005841445869891771,0.05207616692561814,0.31866364768823674,-0.038613216325275,0.5858845085193718,34344,22896,36252,24804,0.0,0.0,0.0,0.0,0.0
CH_L_353a,12-19,12,19,0.33408926350541057,69,0.0005817128673926347,0.05052218287920001,0.3157030264685517,-0.062073914198251375,0.5950751896645734,36252,22896,38160,24804,0.0,0.0,0.0,0.0,1.0
CH_L_353a,13-13,13,13,0.443122660892133,57,0.01542078517093904,0.06329592425487238,0.3004523402024974,-0.020119271553206836,0.5837565831595789,24804,24804,26712,26712,1.0,0.0,0.0,0.0,0.0
CH_L_353a,13-14,13,14,0.3760489154081371,84,-0.015376679377950363,0.04275319394713565,0.321133016089296,-0.02754374835829345,0.5980530934288055,26712,24804,28620,26712,0.0,0.0,0.0,0.0,1.0
CH_L_353a,13-15,13,15,0.33469649017856273,86,-0.0046749135460164935,0.06122226782755653,0.30025174852609404,-0.03950665785310589,0.5889825989567594,28620,24804,30528,26712,0.0,0.0,0.0,0.0,1.0
CH_L_353a,13-16,13,16,0.3320641194911758,79,-0.016883960509183116,0.059956134209535404,0.30930995365237784,-0.043150863992272956,0.5918640339256539,30528,24804,32436,26712,0.0,0.0,0.0,0.0,1.0
CH_L_353a,13-17,13,17,0.39117959835062543,86,0.0005397940571028741,0.03578358706748659,0.32168746112434854,-0.04206242211850556,0.5954573864637055,32436,24804,34344,26712,0.0,0.0,1.0,0.0,1.0
CH_L_353a,13-18,13,18,0.39709591329497906,74,0.0007217750565358928,0.04845846634579246,0.3474930372235833,-0.04994238812384088,0.5876486087647915,34344,24804,36252,26712,0.0,0.0,1.0,0.0,1.0
CH_L_353a,13-19,13,19,0.3859135671617566,89,-0.0007108402566729834,0.03877952209419324,0.34242423888839046,-0.058846053476183456,0.5916357986992244,36252,24804,38160,26712,0.0,0.0,1.0,0.0,1.0
CH_L_353a,7-13,7,13,0.4394224158572153,55,-0.023316321720300185,0.04900921991103257,0.33740272660035375,-0.07258312283497854,0.5785722978548867,24804,13356,26712,15264,0.0,0.0,1.0,0.0,0.0
CH_L_353a,7-14,7,14,0.37585674414499737,70,-0.0013053957782076715,0.06472182170774551,0.3170306862395432,-0.053938667766872804,0.5803551181849941,26712,13356,28620,15264,0.0,0.0,0.0,0.0,0.0
CH_L_353a,7-15,7,15,0.5609747896875813,78,0.03134244809574126,0.09802870769012834,0.27802378352012663,-0.005150934314482678,0.5622287955217455,28620,13356,30528,15264,1.0,1.0,0.0,1.0,0.0
CH_L_353a,7-16,7,16,0.6106070819359856,87,0.026117924031277148,0.08320557195566551,0.2794876960708239,0.018801175079919474,0.5564586673750279,30528,13356,32436,15264,1.0,0.0,0.0,1.0,0.0
CH_L_353a,7-17,7,17,0.5930110353341804,95,0.039295187759408864,0.09947439676481981,0.27806103120145975,0.002674169725904679,0.5716664912923503,32436,13356,34344,15264,1.0,1.0,0.0,1.0,0.0
CH_L_353a,7-18,7,18,0.4412799359425299,96,0.003981541638210385,0.04795274678033463,0.33912015101984166,-0.03345071529267365,0.5930234011563117,34344,13356,36252,15264,0.0,0.0,1.0,0.0,1.0
CH_L_353a,7-19,7,19,0.4211682578108181,43,-0.01437168744663986,0.032945670098367554,0.3916034080758419,-0.037141296146175944,0.5610930599929649,36252,13356,38160,15264,0.0,0.0,1.0,0.0,0.0
CH_L_353a,8-13,8,13,0.4532631338300163,90,-0.01311248014469744,0.05263721385584833,0.35776367732128783,-0.04721568881822878,0.5408026284552722,24804,15264,26712,17172,0.0,0.0,1.0,0.0,0.0
CH_L_353a,8-14,8,14,0.46929259500520115,96,0.012174454837342212,0.06775588549884765,0.3099952202061354,-0.03782254794979979,0.5307192261312793,26712,15264,28620,17172,0.0,0.0,0.0,0.0,0.0
CH_L_353a,8-15,8,15,0.4229000324489625,100,0.011300987936658931,0.08578794571581909,0.29372264086208255,-0.019349138028328217,0.5500913884921969,28620,15264,30528,17172,0.0,0.0,0.0,0.0,0.0
CH_L_353a,8-16,8,16,0.34919490197532527,106,0.0016585097015860497,0.10021002933741673,0.2528611922800531,-0.034565766763770364,0.5674691103649432,30528,15264,32436,17172,0.0,1.0,0.0,0.0,0.0
CH_L_353a,8-17,8,17,0.6081550750200818,106,0.016049678924390125,0.09757296595747482,0.27872650229297147,-0.029318438504096208,0.5547079608975444,32436,15264,34344,17172,1.0,1.0,0.0,0.0,0.0
CH_L_353a,8-18,8,18,0.6129566895287323,102,0.023675496135675062,0.06583590351392846,0.30775758391288777,-0.01718723671429167,0.5623227928692317,34344,15264,36252,17172,1.0,0.0,0.0,1.0,0.0
CH_L_353a,8-19,8,19,0.38946385864558275,52,-0.024141832098440754,0.056478218312794475,0.36749867215693366,-0.06569378572114651,0.5504498082409282,36252,15264,38160,17172,0.0,0.0,1.0,0.0,0.0
CH_L_353a,9-13,9,13,0.34503031415545915,98,-0.001284650121339128,0.06181963815225939,0.3161947433114258,-0.04511654250469597,0.5042357708640648,24804,17172,26712,19080,0.0,0.0,0.0,0.0,0.0
CH_L_353a,9-17,9,17,0.5259047145586272,105,0.012550880604699114,0.08125749502025113,0.28204109055778803,-0.060705878201445074,0.5348704319183634,32436,17172,34344,19080,0.0,0.0,0.0,0.0,0.0
CH_L_353a,9-18,9,18,0.5958190448660873,100,0.014874771756391608,0.08406697307506951,0.3028803402001696,-0.04680283406644707,0.5054579210740169,34344,17172,36252,19080,1.0,0.0,0.0,0.0,0.0
CH_L_353a,9-19,9,19,0.38612996833571167,65,-0.0175825890658554,0.04746677250331526,0.35886506863890855,-0.07601268089595399,0.5399462686827493,36252,17172,38160,19080,0.0,0.0,1.0,0.0,0.0
CH_L_356a,5-11,5,11,0.6189417004118801,94,-0.02796408008117143,0.09570512249987274,0.36703701420172935,-0.0775369083104397,0.4334505978652053,20988,9540,22896,11448,0.0,1.0,0.0,0.0,0.0
CH_L_356a,5-12,5,12,0.5677272098307143,118,-0.026065850733749764,0.06441346099777998,0.36770591832614113,-0.05018386515664741,0.41923170531489556,22896,9540,24804,11448,0.0,0.0,0.0,0.0,0.0
CH_L_356a,5-13,5,13,0.36246288059176424,89,-0.029921069065893164,0.05814091485656841,0.35581032176457006,-0.07284473424730671,0.3989566565857923,24804,9540,26712,11448,0.0,0.0,0.0,0.0,0.0
CH_L_356a,5-14,5,14,0.3438939625864205,104,-0.012586562544153478,0.06544857171704398,0.34692815536092775,-0.04644162490872704,0.4239844532566722,26712,9540,28620,11448,0.0,0.0,0.0,0.0,0.0
CH_L_356a,5-15,5,15,0.5950837144287611,91,0.0032918341902903455,0.07958210159631667,0.33598459694610056,-0.027097093974877664,0.4694233718038036,28620,9540,30528,11448,0.0,0.0,0.0,1.0,1.0
CH_L_356a,5-16,5,16,0.6035748695984589,85,0.014788344299931575,0.06559318256757816,0.34844216829822344,-0.016683166071877167,0.4766646774196199,30528,9540,32436,11448,1.0,0.0,0.0,1.0,1.0
CH_L_356a,6-11,6,11,0.6426038360368903,110,-0.025273269504840278,0.09435545529782449,0.36331406018234647,-0.05764407170731871,0.35112427899839305,20988,11448,22896,13356,0.0,1.0,0.0,0.0,0.0
CH_L_356a,6-12,6,12,0.6511287763908193,120,-0.028722280437919325,0.07342098716932861,0.3822189519363996,-0.06317091812761366,0.32440513080183125,22896,11448,24804,13356,0.0,0.0,1.0,0.0,0.0
CH_L_356a,6-13,6,13,0.4224459219039846,120,-0.05505889930736096,0.07816539241214783,0.39916890569639557,-0.07943474453556855,0.2981167144681634,24804,11448,26712,13356,0.0,0.0,1.0,0.0,0.0
CH_L_356a,6-14,6,14,0.5137485833541422,126,-0.013886236853184042,0.07322215657447896,0.3811968122237809,-0.05793411125860762,0.39313294468858107,26712,11448,28620,13356,0.0,0.0,1.0,0.0,0.0
CH_L_356a,6-15,6,15,0.4066620276209248,112,-0.021628689536509704,0.06632944929863344,0.3545441693291665,-0.0659318223811575,0.43402441254325363,28620,11448,30528,13356,0.0,0.0,0.0,0.0,0.0
CH_L_356a,6-16,6,16,0.36081500723414767,114,-0.014352095587228645,0.09591965567593362,0.32578886043180144,-0.047775660128423006,0.43895580991803324,30528,11448,32436,13356,0.0,1.0,0.0,0.0,0.0
CH_L_356a,7-11,7,11,0.5799309720108623,114,0.009754910819485938,0.08478942168385911,0.33970071736004387,-0.005572047852527074,0.4402505271667627,20988,13356,22896,15264,1.0,1.0,0.0,1.0,1.0
CH_L_356a,7-12,7,12,0.6354439948722669,120,0.01029777769801136,0.0882240516902157,0.34643189236882105,-0.02332627796812511,0.3593391022467391,22896,13356,24804,15264,1.0,1.0,0.0,1.0,0.0
CH_L_356a,7-13,7,13,0.6880086708647726,119,-0.0005418585911968304,0.07153452567771026,0.3648240949274307,-0.04474737277549416,0.3461209039462263,24804,13356,26712,15264,0.0,0.0,0.0,0.0,0.0
CH_L_356a,7-14,7,14,0.33058270274951856,122,-0.0019530905642922256,0.08204349026183716,0.341562003325533,-0.03560754612010752,0.4466850324929111,26712,13356,28620,15264,0.0,0.0,0.0,0.0,1.0
CH_L_356a,7-15,7,15,0.5577470778156224,124,0.021324800836463948,0.10902151781341783,0.3270605929907003,0.0038319841983067344,0.4504247683569585,28620,13356,30528,15264,1.0,1.0,0.0,1.0,1.0
CH_L_356a,7-16,7,16,0.3148587889949279,112,-0.021303553556582953,0.11542727931898397,0.33021992158600366,-0.05867654285178986,0.4164885131647891,30528,13356,32436,15264,0.0,1.0,0.0,0.0,0.0
CH_L_356a,8-11,8,11,0.344747196366906,98,-0.015444465147174603,0.046520470463874725,0.3911298639090592,-0.06476693005941467,0.36852400550327263,20988,15264,22896,17172,0.0,0.0,1.0,0.0,0.0
CH_L_356a,8-12,8,12,0.47507283102028613,120,0.0046307136978311954,0.06527775487844803,0.3558179477813857,-0.03288752446084998,0.4050419457438349,22896,15264,24804,17172,1.0,0.0,0.0,0.0,0.0
CH_L_356a,8-13,8,13,0.6630762641500413,111,0.010258747632526119,0.08282326672905212,0.3554808498393344,-0.030068321449569693,0.3817456872819043,24804,15264,26712,17172,1.0,0.0,0.0,1.0,0.0
CH_L_356a,8-14,8,14,0.44546565584528236,115,-0.0004048687548263224,0.06416079221066245,0.36178893752113916,-0.037960015527995675,0.4214260641577712,26712,15264,28620,17172,0.0,0.0,0.0,0.0,0.0
CH_L_356a,8-15,8,15,0.4508011262868732,110,0.011118754376447304,0.08226675712482301,0.33433341862293725,-0.0110322760945589,0.4553137692416749,28620,15264,30528,17172,1.0,0.0,0.0,1.0,1.0
CH_L_356a,8-16,8,16,0.46201626798151424,109,-0.0035054641385387844,0.07658630295391614,0.3414570469695113,-0.05407411244397386,0.4462760148058879,30528,15264,32436,17172,0.0,0.0,0.0,0.0,1.0
CH_L_356a,9-12,9,12,0.34937379541032393,118,-0.051356964457543626,0.051935020105150664,0.416545024091922,-0.0935363786308456,0.34690132471003926,22896,17172,24804,19080,0.0,0.0,1.0,0.0,0.0
CH_L_356a,9-13,9,13,0.30876894507340674,117,-0.05062345809148712,0.06009432541399662,0.41683896523216046,-0.10243450254145489,0.34527366579420843,24804,17172,26712,19080,0.0,0.0,1.0,0.0,0.0
CH_L_356a,9-16,9,16,0.3160983233741957,117,-0.05196835075856994,0.062143075230584446,0.40084389829200306,-0.10012229649310316,0.3398081767456811,30528,17172,32436,19080,0.0,0.0,1.0,0.0,0.0
CH_L_359a,10-13,10,13,0.5240254649659765,102,-0.04401184840351715,0.061815766025031076,0.44053526074204524,-0.059605583593690545,0.42873616948210597,24804,19080,26712,20988,0.0,0.0,1.0,0.0,0.0
CH_L_359a,10-18,10,18,0.4956128165114379,71,0.0021295746770156757,0.09448382680693458,0.3814025054811442,-0.024610707560430416,0.4618138742540077,34344,19080,36252,20988,1.0,0.0,0.0,0.0,1.0
CH_L_359a,11-14,11,14,0.3169773885492386,60,-0.07595232908661456,0.029499507220396515,0.4829575469866159,-0.1284866830590892,0.3944134229977968,26712,20988,28620,22896,0.0,0.0,1.0,0.0,0.0
CH_L_359a,4-16,4,16,0.32535954851517457,95,-0.015791331886292902,0.077783136269338,0.38334895511927686,-0.05653658092079071,0.45575287956073834,30528,7632,32436,9540,0.0,0.0,0.0,0.0,1.0
CH_L_359a,4-17,4,17,0.5014951590691171,105,0.016441905912648026,0.10585778074186653,0.37457037182336556,-0.019219072303230864,0.44602074873389064,32436,7632,34344,9540,1.0,1.0,0.0,1.0,0.0
CH_L_359a,5-13,5,13,0.6410127437985309,119,-0.01213172540244424,0.05837961360276276,0.4118966667422052,-0.046298024395406256,0.44043959538685173,24804,9540,26712,11448,0.0,0.0,0.0,0.0,0.0
CH_L_359a,5-14,5,14,0.6305539104783742,110,-0.0385687876212284,0.08091080823424628,0.4470778440369544,-0.06262951746910382,0.35359772207779344,26712,9540,28620,11448,0.0,0.0,1.0,0.0,0.0
CH_L_359a,5-16,5,16,0.47997438724718483,118,-0.01349981570795548,0.09751872163805253,0.3882511849566337,-0.029665775548524127,0.4427017082048643,30528,9540,32436,11448,0.0,0.0,0.0,0.0,0.0
CH_L_359a,5-17,5,17,0.31598730449254003,114,-0.040486019475388484,0.09372997745068186,0.40716812393204044,-0.07457321521729565,0.40913958934289374,32436,9540,34344,11448,0.0,0.0,0.0,0.0,0.0
CH_L_359a,6-12,6,12,0.45418630762563894,120,-0.057013664710603096,0.06012127701598124,0.44267701287507105,-0.09450109724842176,0.3922795423765448,22896,11448,24804,13356,0.0,0.0,1.0,0.0,0.0
CH_L_359a,6-14,6,14,0.4883932818497009,113,-0.026275710425789127,0.06613590256258216,0.43075800617496335,-0.06345993918639849,0.3811544731299355,26712,11448,28620,13356,0.0,0.0,0.0,0.0,0.0
CH_L_359a,6-17,6,17,0.48331795042869047,113,-0.0010245662880515834,0.11913283359426098,0.38374633502543304,-0.028699536286431553,0.43264089064458194,32436,11448,34344,13356,0.0,1.0,0.0,0.0,0.0
CH_L_359a,6-18,6,18,0.4851297686742692,40,0.010910742700611412,0.07266443192074734,0.37870769578926033,-0.013804572354749231,0.4519326894881023,34344,11448,36252,13356,1.0,0.0,0.0,1.0,0.0
CH_L_359a,7-12,7,12,0.5502671139220022,103,-0.045904456051422404,0.06978616334580777,0.4294532852057058,-0.08606512851660626,0.393775715657141,22896,13356,24804,15264,0.0,0.0,0.0,0.0,0.0
CH_L_359a,7-17,7,17,0.6169233815051106,116,0.0049894710411703975,0.10047272666143818,0.3702330972295835,-0.013292556480665838,0.4252490814552576,32436,13356,34344,15264,1.0,1.0,0.0,1.0,0.0
CH_L_359a,7-18,7,18,0.6010610208892769,69,0.025030577207855068,0.07377011995074914,0.37318042898892706,0.01901360095690599,0.4536229718089183,34344,13356,36252,15264,1.0,0.0,0.0,1.0,0.0
CH_L_359a,8-12,8,12,0.34870705085618414,78,-0.066283415910767,0.04305637440061504,0.4664121646242771,-0.11279794987224274,0.35258841426470494,22896,15264,24804,17172,0.0,0.0,1.0,0.0,0.0
CH_L_359a,8-13,8,13,0.656537625583569,118,0.012901107187073265,0.12112498864260274,0.3694644974353226,0.002211305923718906,0.4342391397865547,24804,15264,26712,17172,1.0,1.0,0.0,1.0,0.0
CH_L_359a,8-14,8,14,0.4366026674448191,110,-0.035234576066967095,0.0856943722766075,0.4181553219098962,-0.0643627903762042,0.44041655292499526,26712,15264,28620,17172,0.0,0.0,0.0,0.0,0.0
CH_L_359a,8-17,8,17,0.4887969746166155,115,-0.004212589232290286,0.11149421858024271,0.39809955857261375,-0.026700089202817974,0.4661148167612717,32436,15264,34344,17172,0.0,1.0,0.0,0.0,1.0
CH_L_359a,8-18,8,18,0.3992578406516369,97,-0.008042725903428898,0.08422436962808434,0.3647486696363349,-0.032143066475074235,0.4557517887471256,34344,15264,36252,17172,0.0,0.0,0.0,0.0,1.0
CH_L_359a,9-12,9,12,0.4889463205221739,50,-0.07139942119617165,0.05457761798802831,0.5059445125101955,-0.13065085200795795,0.26063363149813856,22896,17172,24804,19080,0.0,0.0,1.0,0.0,0.0
CH_L_359a,9-13,9,13,0.4858564283751397,118,-0.0021610835249945464,0.12433794856928126,0.385340238946271,-0.022997000195570518,0.4620986619855281,24804,17172,26712,19080,0.0,1.0,0.0,1.0,1.0
CH_L_359a,9-18,9,18,0.43240469877549537,114,-0.0056909311115968374,0.09001962964065544,0.38483554989272273,-0.029139427423098167,0.46290571690199095,34344,17172,36252,19080,0.0,0.0,0.0,0.0,1.0
CH_L_360a,10-13,10,13,0.6095793250654232,106,-0.0028127060172329025,0.11477034932279714,0.3543438443579755,0.004838301533826164,0.4095371889150695,24804,19080,26712,20988,0.0,0.0,0.0,0.0,0.0
CH_L_360a,10-14,10,14,0.7252247163992451,104,-0.012298996273404928,0.08026077899094915,0.35061980188586817,-0.03326269901777212,0.37978392714116704,26712,19080,28620,20988,0.0,0.0,0.0,0.0,0.0
CH_L_360a,10-15,10,15,0.531899328387718,105,-0.012942438199857508,0.09357279541697347,0.34728412178321905,-0.039831488258408876,0.43027666696098343,28620,19080,30528,20988,0.0,0.0,0.0,0.0,0.0
CH_L_360a,10-16,10,16,0.5912795153797885,104,-0.010240545319905968,0.10373390505011233,0.3365071348445325,-0.042411083771236695,0.40343489419510514,30528,19080,32436,20988,0.0,0.0,0.0,0.0,0.0
CH_L_360a,10-17,10,17,0.7046331889899493,108,0.01691884535942681,0.1733640224037238,0.32043503601892176,0.01499026792258704,0.40619252411112766,32436,19080,34344,20988,1.0,1.0,0.0,1.0,0.0
CH_L_360a,10-18,10,18,0.5818866963497915,100,0.004823647844973928,0.2001703542622304,0.3146912968310371,-0.005155196962751708,0.42741496248791444,34344,19080,36252,20988,0.0,1.0,0.0,0.0,0.0
CH_L_360a,11-13,11,13,0.8225806883666631,104,-0.009576760858303265,0.07187549775426343,0.378763055171451,0.010203618360026034,0.35015017568133955,24804,20988,26712,22896,0.0,0.0,1.0,1.0,0.0
CH_L_360a,11-14,11,14,0.918394689444849,105,-0.008518851744272403,0.09907452970595908,0.36087339900675286,0.01000811419578504,0.3252153540841174,26712,20988,28620,22896,0.0,0.0,1.0,1.0,0.0
CH_L_360a,11-15,11,15,0.7739973586702725,104,-0.013092365298367513,0.09223048471934184,0.34664840177450995,-0.01333846300375109,0.37820125403382904,28620,20988,30528,22896,0.0,0.0,0.0,0.0,0.0
CH_L_360a,11-16,11,16,0.7899380413253766,105,-0.008056384593694602,0.09475888814995112,0.36106176885748253,-0.019648402144759654,0.3580897378538669,30528,20988,32436,22896,0.0,0.0,1.0,0.0,0.0
CH_L_360a,11-17,11,17,0.7660728097793142,110,0.007999072527906654,0.1731584477830078,0.3262002032854599,0.014525203434415719,0.37427166981870535,32436,20988,34344,22896,1.0,1.0,0.0,1.0,0.0
CH_L_360a,11-18,11,18,0.7980288950069562,52,0.017406196699800893,0.2857462715960092,0.3252366559569096,0.045640023400824375,0.3539398533973616,34344,20988,36252,22896,1.0,1.0,0.0,1.0,0.0
CH_L_360a,12-13,12,13,0.7919857047408838,105,0.0054704773451641295,0.16688378945442256,0.3605291056213065,0.04333346433040935,0.38758561416473375,24804,22896,26712,24804,0.0,1.0,0.0,1.0,0.0
CH_L_360a,12-14,12,14,0.8754460223615056,104,0.012911332488136485,0.1261547997877734,0.36832299542080293,0.05591965394089323,0.3325707091182277,26712,22896,28620,24804,1.0,0.0,1.0,1.0,0.0
CH_L_360a,12-15,12,15,0.8319577551150495,105,0.007702691276740056,0.16511818995969296,0.34412919522752755,0.009636353900795808,0.36530487895240454,28620,22896,30528,24804,1.0,1.0,0.0,1.0,0.0
CH_L_360a,12-16,12,16,0.7397120011684365,101,0.0072805212240794484,0.17835122599784822,0.33245330511355786,0.004648738963019963,0.3900807880291419,30528,22896,32436,24804,1.0,1.0,0.0,0.0,0.0
CH_L_360a,12-17,12,17,0.7248471948118728,65,0.006372876998025371,0.20713148762113706,0.3307254554217768,0.013788622544351481,0.37719554613434253,32436,22896,34344,24804,1.0,1.0,0.0,1.0,0.0
CH_L_360a,6-13,6,13,0.4718996351984182,107,-0.04723679305415117,0.06305934937217329,0.43485968017663,-0.1015905517946968,0.3841150154378765,24804,11448,26712,13356,0.0,0.0,1.0,0.0,0.0
CH_L_360a,6-14,6,14,0.5021869240017173,104,-0.0008003015110209523,0.0842215245045189,0.36372030126561755,-0.03664678147944713,0.4496089955011882,26712,11448,28620,13356,0.0,0.0,1.0,0.0,1.0
CH_L_360a,6-15,6,15,0.532813983526988,105,0.007821051767305947,0.15734984863460316,0.33159267244166196,-0.027410937338805064,0.41574026600010694,28620,11448,30528,13356,1.0,0.0,0.0,0.0,0.0
CH_L_360a,7-13,7,13,0.6618133603336479,109,-0.01174346031240162,0.12360935056015981,0.3701672919834111,-0.036932822412960344,0.3937721953959796,24804,13356,26712,15264,0.0,0.0,1.0,0.0,0.0
CH_L_360a,7-14,7,14,0.5348652167740019,105,-0.011701349711145864,0.10586449792091132,0.3613564224334237,-0.040728282547826525,0.4382194726616606,26712,13356,28620,15264,0.0,0.0,1.0,0.0,1.0
CH_L_360a,7-15,7,15,0.5174890809644961,104,-0.007858212848607018,0.12182881862351863,0.3576942358974097,-0.028230259516393182,0.4312686235084918,28620,13356,30528,15264,0.0,0.0,0.0,0.0,0.0
CH_L_360a,7-16,7,16,0.5421932581228945,105,0.004808775745575423,0.1291275469723307,0.33188097267065786,-0.006464362753149955,0.42993462647828545,30528,13356,32436,15264,0.0,0.0,0.0,0.0,0.0
CH_L_360a,8-13,8,13,0.5285269432717975,107,-0.014953833785308915,0.10654927600561796,0.3685441556547322,-0.04613088384887523,0.4358725083644865,24804,15264,26712,17172,0.0,0.0,1.0,0.0,1.0
CH_L_360a,8-14,8,14,0.49653816358317426,104,-0.007671899292284345,0.13808897167506443,0.3361989621790865,-0.006950271069383129,0.4331165286270298,26712,15264,28620,17172,0.0,0.0,0.0,0.0,1.0
CH_L_360a,8-15,8,15,0.5066895727624099,105,0.0020726180197511296,0.12964496224889066,0.31334403955539286,0.005603998727276975,0.4319408367113878,28620,15264,30528,17172,0.0,0.0,0.0,0.0,1.0
CH_L_360a,8-16,8,16,0.4727271106709875,104,0.006059023022132943,0.14005259286465174,0.31501993988122773,-0.0006180851519914517,0.4326922497107801,30528,15264,32436,17172,1.0,0.0,0.0,0.0,1.0
CH_L_360a,9-13,9,13,0.45777785562000345,107,-0.0009187326795643116,0.12938415595249605,0.3371652011143182,-0.010379093097644444,0.4518375545407408,24804,17172,26712,19080,0.0,0.0,0.0,0.0,1.0
CH_L_360a,9-14,9,14,0.47064143803979747,105,-0.0074280341594557845,0.11747050793462861,0.324265027061459,-0.014503005308649267,0.4468064914690339,26712,17172,28620,19080,0.0,0.0,0.0,0.0,1.0
CH_L_360a,9-15,9,15,0.5765007547317627,104,0.005931349599560885,0.11626129103997095,0.3122099393287791,0.0008036577923296126,0.4305135291146281,28620,17172,30528,19080,0.0,0.0,0.0,0.0,0.0
CH_L_360a,9-16,9,16,0.4675246557263023,105,-0.008631628656598245,0.13385757975075854,0.30500104172111325,-0.02727464368180468,0.425033547908309,30528,17172,32436,19080,0.0,0.0,0.0,0.0,0.0
CH_L_360a,9-17,9,17,0.428294467109328,105,0.0019181633976312312,0.17770045412713542,0.2979860064273837,-0.016680959685465537,0.48737197373445196,32436,17172,34344,19080,0.0,1.0,0.0,0.0,1.0
CH_L_361a,10-11,10,11,0.3167288833082779,99,-0.00289995209057819,0.060646861896204864,0.3436959440292875,-0.04459145163297572,0.5028645371643481,20988,19080,22896,20988,0.0,1.0,0.0,0.0,0.0
CH_L_361a,10-12,10,12,0.40671800456530127,105,-0.0003543780439701161,0.04109689213449613,0.33732338632578646,-0.024321381453648313,0.49899691649509936,22896,19080,24804,20988,1.0,0.0,0.0,1.0,0.0
CH_L_361a,10-13,10,13,0.4056135800411499,104,-0.0015090799654766279,0.027189279617173042,0.36289870449441575,-0.03753180645749041,0.4708566104315765,24804,19080,26712,20988,0.0,0.0,0.0,0.0,0.0
CH_L_361a,10-14,10,14,0.5470736813815857,105,-0.0051581491575579085,0.022159872277481514,0.3949424111371325,-0.0384282443606126,0.4656441510659312,26712,19080,28620,20988,0.0,0.0,0.0,0.0,0.0
CH_L_361a,11-11,11,11,0.4781247162900526,105,0.01901835007603103,0.06652355392953455,0.32593219844743204,0.0001723440591557173,0.5133694413403659,20988,20988,22896,22896,1.0,1.0,0.0,1.0,0.0
CH_L_361a,11-12,11,12,0.6182584729303857,104,0.04605381087932547,0.03793534980565693,0.336697829885251,0.03876119375525515,0.49279385766159345,22896,20988,24804,22896,1.0,0.0,0.0,1.0,0.0
CH_L_361a,11-13,11,13,0.4511744185620389,86,0.028277984738462013,0.03518978747508026,0.34043585174079,-5.155249658576662e-06,0.48745309382291224,24804,20988,26712,22896,1.0,0.0,0.0,1.0,0.0
CH_L_361a,12-10,12,10,0.3347113973713549,107,-0.03632441030193141,0.060291224700160524,0.3610300731585152,-0.07539348935277083,0.5208863379140487,19080,22896,20988,24804,0.0,1.0,0.0,0.0,0.0
CH_L_361a,12-11,12,11,0.4294309339525896,103,0.0016927456125586193,0.039932801522669724,0.36200478951317516,-0.03536679410899408,0.545164193922278,20988,22896,22896,24804,1.0,0.0,0.0,0.0,1.0
CH_L_361a,12-12,12,12,0.5532486363409623,104,0.01118458694027998,0.035509543242063867,0.3560387898332219,0.00939922374411226,0.4932737717019692,22896,22896,24804,24804,1.0,0.0,0.0,1.0,0.0
CH_L_361a,12-13,12,13,0.5598906229401257,104,0.033659763654745906,0.030860407076211478,0.34330205475338543,0.026760611464353587,0.5329928767638789,24804,22896,26712,24804,1.0,0.0,0.0,1.0,1.0
CH_L_361a,12-14,12,14,0.329513571216964,105,-0.004863758974579909,0.03394634730694063,0.34337782201182365,-0.03324010121316548,0.51999417096847,26712,22896,28620,24804,0.0,0.0,0.0,1.0,0.0
CH_L_361a,12-8,12,8,0.36324525872678726,47,-0.07177512344735121,0.029994156363550826,0.4262565997660312,-0.10751735994677666,0.4588878645608051,15264,22896,17172,24804,0.0,0.0,1.0,0.0,0.0
CH_L_361a,12-9,12,9,0.36628726816357626,104,-0.039751841008118786,0.055615066417075414,0.3690354918041011,-0.07510033707582184,0.5523372965279336,17172,22896,19080,24804,0.0,1.0,0.0,0.0,1.0
CH_L_361a,13-10,13,10,0.31233485767138486,102,-0.044887687025663765,0.051547687109290176,0.38769268010508445,-0.10069165286398377,0.5213008655008915,19080,24804,20988,26712,0.0,1.0,0.0,0.0,0.0
CH_L_361a,13-11,13,11,0.4935288212269464,104,-0.031901992008912416,0.04446289668106067,0.38157101618377415,-0.07006313909188427,0.4769071961880415,20988,24804,22896,26712,0.0,0.0,0.0,0.0,0.0
CH_L_361a,13-12,13,12,0.49490039191378754,104,-0.028182608777567748,0.035534178853280786,0.3861056815871284,-0.07676875750326163,0.5305199842490433,22896,24804,24804,26712,0.0,0.0,0.0,0.0,0.0
CH_L_361a,13-13,13,13,0.48940334966878146,105,0.002545354141766251,0.036925726171148324,0.3440662663436835,-0.03800311162655297,0.5471312979101723,24804,24804,26712,26712,1.0,0.0,0.0,0.0,1.0
CH_L_361a,13-14,13,14,0.5936063455672955,104,0.00456029741249883,0.035074952501664675,0.3524118158335644,-0.009284162611058376,0.5757149950556708,26712,24804,28620,26712,1.0,0.0,0.0,1.0,1.0
CH_L_361a,13-8,13,8,0.41171386982805386,44,-0.0725802128131433,0.03680176524076046,0.4435477708644589,-0.11731332978989385,0.4080454698734808,15264,24804,17172,26712,0.0,0.0,1.0,0.0,0.0
CH_L_361a,13-9,13,9,0.3977436870721099,110,-0.047100249291501306,0.04549970321455165,0.4073295973519127,-0.09323478047714837,0.5355771784897201,17172,24804,19080,26712,0.0,1.0,1.0,0.0,1.0
CH_L_361a,14-10,14,10,0.5072981670786195,101,-0.053795927376245334,0.03033779705845759,0.42229030041401006,-0.10472874865684759,0.4955460710338199,19080,26712,20988,28620,0.0,0.0,1.0,0.0,0.0
CH_L_361a,14-11,14,11,0.5217024239716765,104,-0.04239279528647011,0.04260511832337781,0.39470635069986576,-0.09285206629882728,0.520534052262,20988,26712,22896,28620,0.0,0.0,0.0,0.0,0.0
CH_L_361a,14-12,14,12,0.4285881410422157,104,-0.04083628183176757,0.04669069407945854,0.37887691475743895,-0.056086423955685465,0.49199335971870806,22896,26712,24804,28620,0.0,1.0,0.0,0.0,0.0
CH_L_361a,14-13,14,13,0.4999344913969418,104,-0.027581394537818875,0.031423470942299525,0.37607009837775934,-0.05361714128557861,0.520583414577784,24804,26712,26712,28620,0.0,0.0,0.0,0.0,0.0
CH_L_361a,14-14,14,14,0.6218050559098869,105,0.014908003167249358,0.04823224461009659,0.35293908159992726,-0.020958949133993973,0.5191805023504964,26712,26712,28620,28620,1.0,1.0,0.0,1.0,0.0
CH_L_361a,14-8,14,8,0.32365911782176193,47,-0.0847110225720871,0.040910302745147654,0.4598271830538565,-0.1293092985589295,0.3810990110373217,15264,26712,17172,28620,0.0,0.0,1.0,0.0,0.0
CH_L_361a,14-9,14,9,0.46962036282321556,107,-0.06168312878297852,0.023891515511511665,0.4266932400592093,-0.09447182871000018,0.4435198914093766,17172,26712,19080,28620,0.0,0.0,1.0,0.0,0.0
CH_L_361a,15-10,15,10,0.4756279211055544,103,-0.06340804742932803,0.037802729089042426,0.44235930266907264,-0.10860049460115496,0.4424941353372876,19080,28620,20988,30528,0.0,0.0,1.0,0.0,0.0
CH_L_361a,15-11,15,11,0.4307924452147781,105,-0.04415598015888502,0.043772366377672976,0.38171648190949986,-0.0778875099572695,0.568262769750212,20988,28620,22896,30528,0.0,0.0,0.0,0.0,1.0
CH_L_361a,15-12,15,12,0.4101409197612148,104,-0.024248831570980997,0.039726091372058056,0.36499032936259873,-0.08135860116146712,0.5390767424844223,22896,28620,24804,30528,0.0,0.0,0.0,0.0,1.0
CH_L_361a,15-13,15,13,0.4170267567848037,105,-0.024002380208791335,0.04587666250174481,0.35552153624350225,-0.057712200012780254,0.5514453774520816,24804,28620,26712,30528,0.0,1.0,0.0,0.0,1.0
CH_L_361a,15-14,15,14,0.4301258304497011,104,-0.0005131138051059297,0.03369367562289256,0.3494269779094083,-0.027988710525679947,0.5434155142515937,26712,28620,28620,30528,1.0,0.0,0.0,1.0,1.0
CH_L_361a,15-8,15,8,0.4886005149206088,45,-0.08071214777691466,0.032847017889960584,0.4439462948586464,-0.12185991394218121,0.4549588028477321,15264,28620,17172,30528,0.0,0.0,1.0,0.0,0.0
CH_L_361a,15-9,15,9,0.45417119657296057,109,-0.06837277437033266,0.030496235943379437,0.4240219531446631,-0.10940679927499788,0.4674927240480714,17172,28620,19080,30528,0.0,0.0,1.0,0.0,0.0
CH_L_361a,16-10,16,10,0.5669149406149505,86,-0.05892888808953496,0.030294135660278828,0.4328429601617008,-0.10279235170875241,0.4403394495171877,19080,30528,20988,32436,0.0,0.0,1.0,0.0,0.0
CH_L_361a,16-11,16,11,0.48305932848607785,85,-0.02885899189815493,0.04204408888308608,0.38081388991004217,-0.0784941311861621,0.5478386474209284,20988,30528,22896,32436,0.0,0.0,0.0,0.0,1.0
CH_L_361a,16-12,16,12,0.46338312144451094,86,-0.038955273675433236,0.0487405177093581,0.36839950125753984,-0.07577855772707848,0.4748380507732158,22896,30528,24804,32436,0.0,1.0,0.0,0.0,0.0
CH_L_361a,16-13,16,13,0.47401560182810093,85,-0.021099032662006096,0.03636755840427329,0.3763388638535626,-0.04132140544204602,0.5062033238347302,24804,30528,26712,32436,0.0,0.0,0.0,0.0,0.0
CH_L_361a,16-14,16,14,0.5275677613957688,86,-0.010477164762940137,0.05274829419236423,0.3670058720347082,-0.021135513863681822,0.5117026682380049,26712,30528,28620,32436,0.0,1.0,0.0,1.0,0.0
CH_L_361a,16-9,16,9,0.4993993986577531,87,-0.05872163988663047,0.03261724137930953,0.4341468287908464,-0.09545831646381245,0.4504806720517678,17172,30528,19080,32436,0.0,0.0,1.0,0.0,0.0
CH_L_362a,10-12,10,12,0.48241445049412013,116,-0.05915972026782437,0.13655964714161262,0.40097063224136587,-0.04539780397888444,0.41105906912182966,22896,19080,24804,20988,0.0,0.0,0.0,0.0,0.0
CH_L_362a,10-13,10,13,0.5549206918627944,117,-0.04697192946679516,0.1967082432546997,0.37764248641828735,-0.03386878858884956,0.3981480600207564,24804,19080,26712,20988,0.0,1.0,0.0,0.0,0.0
CH_L_362a,10-14,10,14,0.6639493030805633,116,-0.0521772021283644,0.11021774840356903,0.391870390164194,-0.01387494577149609,0.35055164509149733,26712,19080,28620,20988,0.0,0.0,0.0,0.0,0.0
CH_L_362a,10-15,10,15,0.6352334433122275,116,-0.07810038054304967,0.057862248632942224,0.4539994869106968,-0.06378954474560404,0.2542320213513771,28620,19080,30528,20988,0.0,0.0,1.0,0.0,0.0
CH_L_362a,10-16,10,16,0.7673523658533126,119,-0.07039896918169879,0.034092591788153805,0.4398452614574427,-0.02426580610624792,0.26876345337447516,30528,19080,32436,20988,0.0,0.0,1.0,0.0,0.0
CH_L_362a,10-17,10,17,0.657957441104162,116,-0.03716892166216999,0.050080703694004226,0.4042243868590485,-0.01183808564367609,0.36620039558550277,32436,19080,34344,20988,0.0,0.0,0.0,0.0,0.0
CH_L_362a,11-12,11,12,0.5104078094194752,116,-0.037410684427452226,0.20191668766341367,0.3510504829327339,-0.01695280972083951,0.45751085334946195,22896,20988,24804,22896,0.0,1.0,0.0,0.0,1.0
CH_L_362a,11-13,11,13,0.667622772796921,118,-0.019577264076972887,0.19533982489121204,0.3347898573786275,0.013056006831004321,0.4176369166771502,24804,20988,26712,22896,1.0,1.0,0.0,0.0,0.0
CH_L_362a,11-14,11,14,0.6696108464571948,118,-0.022135378555247585,0.1009465389330406,0.3288717438728497,0.02640510730760001,0.4139782864655021,26712,20988,28620,22896,0.0,0.0,0.0,0.0,0.0
CH_L_362a,11-15,11,15,0.5113921578759836,115,-0.052884874650615386,0.08565586257331655,0.3585521857913743,-0.0342540354010955,0.3121400533643305,28620,20988,30528,22896,0.0,0.0,0.0,0.0,0.0
CH_L_362a,11-16,11,16,0.7557328215365134,117,-0.061637951934231716,0.043115798246271236,0.43610714051986516,-0.05219525742568285,0.23834800444376253,30528,20988,32436,22896,0.0,0.0,1.0,0.0,0.0
CH_L_362a,11-17,11,17,0.6429084381844676,117,-0.02056408141551504,0.07501900472852269,0.36892510571292897,0.029798836459621544,0.3709439312496149,32436,20988,34344,22896,0.0,0.0,0.0,1.0,0.0
CH_L_362a,12-12,12,12,0.6704328591417059,114,-0.007018741193862599,0.15341078314315937,0.3247811282173468,0.058670901908437094,0.42984503394274,22896,22896,24804,24804,1.0,1.0,0.0,1.0,1.0
CH_L_362a,12-13,12,13,0.7506946352295372,116,-0.0002314660567829597,0.12475385640854059,0.3596569781069751,0.05691140294261062,0.4274728119616316,24804,22896,26712,24804,1.0,0.0,0.0,1.0,1.0
CH_L_362a,12-14,12,14,0.6349389937304246,115,0.002202076797666723,0.13160802681453587,0.33413636329875407,0.045239028723891364,0.45867782253843803,26712,22896,28620,24804,1.0,0.0,0.0,1.0,1.0
CH_L_362a,12-15,12,15,0.8069544042394384,118,-0.01993999173568457,0.07587301292499807,0.3506238719195928,0.03835160203657585,0.3558100128191135,28620,22896,30528,24804,0.0,0.0,0.0,1.0,0.0
CH_L_362a,12-16,12,16,0.8810787892664904,119,-0.05264679894506899,0.037792307407108906,0.4214483718761883,0.00451998151465664,0.251095427395078,30528,22896,32436,24804,0.0,0.0,0.0,0.0,0.0
CH_L_362a,12-17,12,17,0.7177348193954765,117,-0.024122473272679745,0.07191698625584193,0.39978756179214686,0.0032834821713356435,0.3448187110731678,32436,22896,34344,24804,0.0,0.0,0.0,0.0,0.0
CH_L_362a,13-12,13,12,0.5748704663695396,104,0.0209295828254587,0.15603965782072451,0.3279570330003082,0.062308817406199375,0.4689364113611885,22896,24804,24804,26712,1.0,1.0,0.0,1.0,1.0
CH_L_362a,13-15,13,15,0.5351851572312765,111,-0.050715259089476696,0.08777953134548906,0.4181113220041383,-0.0311745571624356,0.3304606159843929,28620,24804,30528,26712,0.0,0.0,0.0,0.0,0.0
CH_L_362a,13-16,13,16,0.8161271847193914,115,-0.042873922588593565,0.05514754322454593,0.4096852278532345,-0.0049971825139439,0.29128732308305294,30528,24804,32436,26712,0.0,0.0,0.0,0.0,0.0
CH_L_362a,13-17,13,17,0.7939569178500705,116,-0.02899110689565592,0.050337574557939066,0.3924114387749437,0.010420939211014944,0.3209633295075776,32436,24804,34344,26712,0.0,0.0,0.0,0.0,0.0
CH_L_362a,13-18,13,18,0.42362106003389827,49,-0.06703066992731573,0.08826577970355463,0.4195899063841963,-0.030952587784745304,0.32734072615491305,34344,24804,36252,26712,0.0,0.0,0.0,0.0,0.0
CH_L_362a,14-12,14,12,0.4891131622396524,96,-0.011270090948181377,0.11290436575323665,0.35878254530601666,0.02252807911987099,0.46475437989028007,22896,26712,24804,28620,1.0,0.0,0.0,0.0,1.0
CH_L_362a,14-13,14,13,0.6800204758223384,117,-0.0097298075845439,0.15361765725188964,0.36572309326700914,0.05325149751707567,0.4211076208719946,24804,26712,26712,28620,1.0,1.0,0.0,1.0,1.0
CH_L_362a,14-14,14,14,0.5089351087995636,117,-0.015023741463972125,0.22448701736786522,0.3476159881249881,0.047136578650807094,0.4582300455992227,26712,26712,28620,28620,1.0,1.0,0.0,1.0,1.0
CH_L_362a,14-17,14,17,0.4688037364996592,111,-0.09023883519530959,0.07021402952100647,0.46193238341002585,-0.10538539278601033,0.27716499702643943,32436,26712,34344,28620,0.0,0.0,1.0,0.0,0.0
CH_L_362a,14-18,14,18,0.4191853020965547,52,-0.09944403077983696,0.04189355881409451,0.4530489366987682,-0.10526524687169331,0.29730070145630294,34344,26712,36252,28620,0.0,0.0,1.0,0.0,0.0
CH_L_362a,15-12,15,12,0.3572573792523272,52,-0.05044887588869939,0.10737274137972969,0.3781633800158385,-0.023422970565003715,0.328226930829575,22896,28620,24804,30528,0.0,0.0,0.0,0.0,0.0
CH_L_362a,15-13,15,13,0.42155393569902777,71,0.011415800073856062,0.2364079104822904,0.3399091254385801,0.06439197943526706,0.49299317437832985,24804,28620,26712,30528,1.0,1.0,0.0,1.0,1.0
CH_L_362a,15-14,15,14,0.6096404877966277,60,0.015070851338888058,0.22122000767494965,0.30719573157882407,0.07275926663976282,0.4603106932925731,26712,28620,28620,30528,1.0,1.0,0.0,1.0,1.0
CH_L_362a,8-16,8,16,0.6735697132697471,44,-0.08766974580668381,0.02852830935260655,0.49358885838150157,-0.08673512125889894,0.2291462196305036,30528,15264,32436,17172,0.0,0.0,1.0,0.0,0.0
CH_L_362a,8-17,8,17,0.6106313410898897,52,-0.07640544888329014,0.03706173581190247,0.4731883721571473,-0.08102933058588589,0.2814159401094069,32436,15264,34344,17172,0.0,0.0,1.0,0.0,0.0
CH_L_362a,9-12,9,12,0.5859929588291034,115,-0.05236213811798336,0.23922828747288002,0.3590113583920958,-0.020753942233817112,0.3526940496589919,22896,17172,24804,19080,0.0,1.0,0.0,0.0,0.0
CH_L_362a,9-14,9,14,0.452139097542437,117,-0.06761408253777665,0.0470943206113299,0.44137694668951727,-0.06876623384913717,0.334932836290849,26712,17172,28620,19080,0.0,0.0,1.0,0.0,0.0
CH_L_362a,9-15,9,15,0.6422355033055014,116,-0.10019526772084293,0.027590404986067713,0.49583660002378027,-0.0989511110074202,0.1916408255844871,28620,17172,30528,19080,0.0,0.0,1.0,0.0,0.0
CH_L_362a,9-16,9,16,0.6508033220050089,116,-0.0682750964294536,0.04020340810226466,0.46929359705972784,-0.04536303387867114,0.28865339705360193,30528,17172,32436,19080,0.0,0.0,1.0,0.0,0.0
CH_L_362a,9-17,9,17,0.7998658055245745,118,-0.03855000647459994,0.039283969303871354,0.41758015439282486,-0.00194775618400005,0.3097568222113479,32436,17172,34344,19080,0.0,0.0,0.0,0.0,0.0
CH_L_363a,10-10,10,10,0.9324412591589442,102,0.023156106340941045,0.0943802649802519,0.33914769080429497,0.06479416585343761,0.24655988689508465,19080,19080,20988,20988,1.0,1.0,0.0,1.0,0.0
CH_L_363a,10-11,10,11,0.5650715296723607,92,-0.000423087960887421,0.06008440330596246,0.3512670080569902,0.01146623403548842,0.36979573535717136,20988,19080,22896,20988,0.0,0.0,0.0,0.0,0.0
CH_L_363a,10-13,10,13,0.857210037716793,91,0.008883102235738663,0.017105377444702,0.3655227205282952,0.03839267710358283,0.35174858985743085,24804,19080,26712,20988,0.0,0.0,0.0,0.0,0.0
CH_L_363a,10-14,10,14,0.6027512058946866,103,-0.006566198012407279,0.0158557372048478,0.41101394290979365,-0.024624402204861454,0.4295005085941432,26712,19080,28620,20988,0.0,0.0,1.0,0.0,1.0
CH_L_363a,10-15,10,15,0.6660135104189031,91,-0.01973434607508873,0.035202733439917464,0.39802714038813175,-0.015385633228581599,0.3461903602077283,28620,19080,30528,20988,0.0,0.0,0.0,0.0,0.0
CH_L_363a,10-9,10,9,0.8350288463231419,90,0.013929010217863046,0.03668684034133482,0.36514913304325536,0.026092588644092734,0.33909773406234994,17172,19080,19080,20988,0.0,0.0,0.0,0.0,0.0
CH_L_363a,11-10,11,10,0.9369553401540283,97,0.022416958758342053,0.1576806908592136,0.3182614545486436,0.07343291328439404,0.22163787208629365,19080,20988,20988,22896,1.0,1.0,0.0,1.0,0.0
CH_L_363a,11-11,11,11,0.9355400644475229,98,0.018906820255638418,0.10229964537899423,0.31684350156177166,0.054342640172364266,0.23396731317284641,20988,20988,22896,22896,1.0,1.0,0.0,1.0,0.0
CH_L_363a,11-12,11,12,0.6411701837311866,94,0.014036126726634018,0.030082185516341484,0.3309991947205582,0.04915550023663476,0.3883080546284603,22896,20988,24804,22896,0.0,0.0,0.0,1.0,0.0
CH_L_363a,11-13,11,13,0.7295573153774019,99,0.014052658146156855,0.06469533246386852,0.34811394220132436,0.04779606965163635,0.37094824224206513,24804,20988,26712,22896,0.0,1.0,0.0,0.0,0.0
CH_L_363a,11-14,11,14,0.36999296111789903,92,-0.028747571377150002,0.03318682437378455,0.42092381000953916,-0.04699307127002856,0.4496570158269467,26712,20988,28620,22896,0.0,0.0,1.0,0.0,1.0
CH_L_363a,11-9,11,9,0.731269970287884,95,-0.005466775435519877,0.07085625526040157,0.3617724745851443,0.016985569284310983,0.3268470513935752,17172,20988,19080,22896,0.0,1.0,0.0,0.0,0.0
CH_L_363a,12-10,12,10,0.8898340296496408,90,0.00805775173668259,0.1526813993850293,0.3029162022048754,0.06617312488016215,0.25922225414296796,19080,22896,20988,24804,0.0,1.0,0.0,1.0,0.0
CH_L_363a,12-11,12,11,0.9133664778518635,102,0.012206498963149987,0.1101172058587921,0.3130293456635994,0.060752465436036227,0.2409456457420948,20988,22896,22896,24804,0.0,1.0,0.0,1.0,0.0
CH_L_363a,12-12,12,12,0.7484249644249137,92,0.01883457867215046,0.06906831639850215,0.3283920096597647,0.06910395516847945,0.38074836891418273,22896,22896,24804,24804,1.0,1.0,0.0,1.0,0.0
CH_L_363a,12-13,12,13,0.88102856156989,100,-0.016101034811334992,0.03590224609768298,0.36429492262488866,0.020476167881914916,0.3044780328845793,24804,22896,26712,24804,0.0,0.0,0.0,0.0,0.0
CH_L_363a,12-14,12,14,0.8001320797675134,95,-0.019173115796071186,0.012498593329608084,0.40739290855054666,-0.027759709605234616,0.3791808203354606,26712,22896,28620,24804,0.0,0.0,0.0,0.0,0.0
CH_L_363a,12-15,12,15,0.31998498431308475,95,-0.067433786053336,0.017259388149901304,0.4852304561581043,-0.10678280076398285,0.35774422251648325,28620,22896,30528,24804,0.0,0.0,1.0,0.0,0.0
CH_L_363a,12-9,12,9,0.865388301576044,103,0.01416032794995167,0.11702682368532744,0.3440402703683419,0.0377721943240487,0.2701023086056366,17172,22896,19080,24804,1.0,1.0,0.0,0.0,0.0
CH_L_363a,13-10,13,10,0.8865434414071186,97,0.023877453170479727,0.1812281084078363,0.31501774858254833,0.06765145832902232,0.2501773864028683,19080,24804,20988,26712,1.0,1.0,0.0,1.0,0.0
CH_L_363a,13-11,13,11,0.7887966079153327,92,0.022527458624240142,0.08090328547857256,0.33495240677014165,0.04106002601885207,0.3352061094258869,20988,24804,22896,26712,1.0,1.0,0.0,0.0,0.0
CH_L_363a,13-12,13,12,0.5475331300867953,103,0.000649228542391888,0.026586469925161376,0.3670731473721696,-0.0039079358026359295,0.4297464161594392,22896,24804,24804,26712,0.0,0.0,0.0,0.0,1.0
CH_L_363a,13-13,13,13,0.8945686513925335,90,-0.0024206418791910384,0.0267128776948974,0.3668017533767774,0.05544161604578629,0.30524400682978337,24804,24804,26712,26712,0.0,0.0,0.0,1.0,0.0
CH_L_363a,13-14,13,14,0.6820372973146535,102,-0.026226519389654535,0.02118290857339381,0.4118153166630945,-0.028445121685495785,0.40541993830975703,26712,24804,28620,26712,0.0,0.0,1.0,0.0,1.0
CH_L_363a,13-15,13,15,0.5353954779442398,90,-0.035085525420893146,0.024605071863017972,0.4073991848393296,-0.0381042764665659,0.41462322020016984,28620,24804,30528,26712,0.0,0.0,1.0,0.0,1.0
CH_L_363a,13-9,13,9,0.6304186529742171,66,-0.017530603897721254,0.06386397671595143,0.403434941753246,-0.026386410432942764,0.3962756190241904,17172,24804,19080,26712,0.0,0.0,0.0,0.0,1.0
CH_L_363a,14-10,14,10,0.8665778615970391,102,0.026048657614288477,0.030093008856335382,0.3395308627592824,0.05699937963282531,0.33120282713705723,19080,26712,20988,28620,1.0,0.0,0.0,1.0,0.0
CH_L_363a,14-11,14,11,0.4384229789462969,93,-0.04920178743005155,0.051391848535664225,0.42085277859267173,-0.08016847505736807,0.4114458294419425,20988,26712,22896,28620,0.0,0.0,1.0,0.0,1.0
CH_L_363a,14-13,14,13,0.4011470065320575,96,-0.014051070580691891,0.05137306393177454,0.3555380534909445,-0.0071490683433513315,0.45351554245821024,24804,26712,26712,28620,0.0,0.0,0.0,0.0,1.0
CH_L_363a,14-14,14,14,0.7154863117420065,98,-0.00661691975802068,0.027263939888938597,0.411574908264633,0.001121143084223445,0.39130809891820273,26712,26712,28620,28620,0.0,0.0,1.0,0.0,0.0
CH_L_363a,14-15,14,15,0.6916968221418308,94,-0.021799248512367045,0.03709924052897678,0.39356962721551186,-0.015547862161119768,0.3758474832306107,28620,26712,30528,28620,0.0,0.0,0.0,0.0,0.0
CH_L_363a,14-8,14,8,0.5257154474190565,45,-0.050332811383588014,0.025473887762082696,0.46233648774461317,-0.10362907644787664,0.4682579230045292,15264,26712,17172,28620,0.0,0.0,1.0,0.0,1.0
CH_L_363a,14-9,14,9,0.41603264484482194,90,-0.032587852689249304,0.06744002569837479,0.39788232712781224,-0.08339272446418582,0.44996794878619945,17172,26712,19080,28620,0.0,1.0,0.0,0.0,1.0
CH_L_363a,8-10,8,10,0.9492724328030545,90,0.027348916794351256,0.023627093635129524,0.3050727240368844,0.07643753778493106,0.18616716297408534,19080,15264,20988,17172,1.0,0.0,0.0,1.0,0.0
CH_L_363a,8-11,8,11,0.9081133202884571,94,0.027415202752864895,0.02967474413023848,0.3338058578727949,0.05596497411187629,0.2768120949871417,20988,15264,22896,17172,1.0,0.0,0.0,1.0,0.0
CH_L_363a,8-13,8,13,0.6339628228831362,89,-0.00818441098025916,0.01591269868059322,0.3930039404092083,-1.0489156350637722e-05,0.40051481019890606,24804,15264,26712,17172,0.0,0.0,0.0,0.0,1.0
CH_L_363a,8-14,8,14,0.8536795264359037,81,0.006488482843913653,0.018614382933832503,0.38210215202663605,0.01635662457772688,0.3111893675139991,26712,15264,28620,17172,0.0,0.0,0.0,0.0,0.0
CH_L_363a,8-15,8,15,0.6930760459783488,83,-0.03280562994996975,0.002194381031392696,0.44363328093204224,-0.04411284973722928,0.3495747676270958,28620,15264,30528,17172,0.0,0.0,1.0,0.0,0.0
CH_L_363a,8-9,8,9,0.8232371428583207,82,0.015663623866994766,0.02425646723677785,0.36077829209343304,0.03311529458659366,0.3497395025863647,17172,15264,19080,17172,1.0,0.0,0.0,0.0,0.0
CH_L_363a,9-10,9,10,0.8875253617533075,81,0.027818181476093457,0.05192001763740135,0.33104098994645065,0.04737483119457543,0.2429435237076103,19080,17172,20988,19080,1.0,0.0,0.0,0.0,0.0
CH_L_363a,9-11,9,11,0.7563795019920025,80,0.013707367299758081,0.03543196466178469,0.3389602305728757,0.008503947683120778,0.34224806242444655,20988,17172,22896,19080,0.0,0.0,0.0,0.0,0.0
CH_L_363a,9-12,9,12,0.5808101395569261,96,0.011344541640718688,0.03580085979782391,0.35306698387226415,0.03217103695459496,0.4297999710508535,22896,17172,24804,19080,0.0,0.0,0.0,0.0,1.0
CH_L_363a,9-13,9,13,0.7642156067228684,97,-0.041639334051701754,0.011236841276522884,0.42456220860923555,-0.027146842523536587,0.3191544564111093,24804,17172,26712,19080,0.0,0.0,1.0,0.0,0.0
CH_L_363a,9-14,9,14,0.7574605672023291,99,-0.042506509604543274,-0.003909395142048341,0.42725205580696285,-0.03871936403465241,0.3504843145071911,26712,17172,28620,19080,0.0,0.0,1.0,0.0,0.0
CH_L_363a,9-15,9,15,0.7651762848182904,95,-0.03330702981882694,0.02456239401758014,0.4192474585672298,-0.04017776247640282,0.28914709205825434,28620,17172,30528,19080,0.0,0.0,1.0,0.0,0.0
CH_L_363a,9-9,9,9,0.8347936584741282,88,0.009682961356250566,0.024574162445427403,0.3747302339126756,0.006123111436876769,0.2875237246129815,17172,17172,19080,19080,0.0,0.0,0.0,0.0,0.0
CH_L_364a,4-10,4,10,0.3561483819053454,105,0.011633384447146027,0.03668220143442897,0.3413954987246394,0.004857866565812185,0.6017408954597426,19080,7632,20988,9540,0.0,0.0,0.0,0.0,1.0
CH_L_364a,4-11,4,11,0.4106125380061121,88,0.03978166725900894,0.09738701676333364,0.2980849406978186,0.014662084512762125,0.596688341745515,20988,7632,22896,9540,0.0,0.0,0.0,0.0,1.0
CH_L_364a,4-12,4,12,0.6239247909519435,101,0.10778020256885089,0.13931198818044385,0.2670362754219591,0.054069973615272264,0.5542329270168761,22896,7632,24804,9540,1.0,1.0,0.0,1.0,0.0
CH_L_364a,4-13,4,13,0.6181745667498993,101,0.1064035944230995,0.12568209441025793,0.2576614726846095,0.028764855706913575,0.5153037879778651,24804,7632,26712,9540,1.0,1.0,0.0,1.0,0.0
CH_L_364a,4-14,4,14,0.6343400622403109,103,0.10015496965842816,0.1098568181618807,0.2519387595577344,0.02276448711680848,0.5158469751497028,26712,7632,28620,9540,1.0,0.0,0.0,0.0,0.0
CH_L_364a,4-15,4,15,0.565517720814666,102,0.07134386083180189,0.06991152473504725,0.2826829369527079,0.010781387314773114,0.5113587038827704,28620,7632,30528,9540,0.0,0.0,0.0,0.0,0.0
CH_L_364a,4-9,4,9,0.3705271311310394,75,9.230680489406987e-05,0.0480372412630582,0.3440902972818081,-0.017519679476099597,0.6058075982124987,17172,7632,19080,9540,0.0,0.0,1.0,0.0,1.0
CH_L_364a,5-10,5,10,0.39233205834033064,104,0.009992880124168017,0.04166506123884059,0.3634518485696016,-0.013629903213634616,0.5989974917327081,19080,9540,20988,11448,0.0,0.0,1.0,0.0,1.0
CH_L_364a,5-11,5,11,0.623170141570534,101,0.09094983225590986,0.168101004293921,0.30187949694970473,0.051663763701019154,0.5866734067059436,20988,9540,22896,11448,1.0,1.0,0.0,1.0,1.0
CH_L_364a,5-12,5,12,0.4218374787820072,104,0.07858238120943926,0.1525079353330954,0.30440220759584113,0.016394898436472915,0.5211253057559131,22896,9540,24804,11448,0.0,1.0,0.0,0.0,0.0
CH_L_364a,5-14,5,14,0.551776029693662,105,0.08925717713552142,0.09622315694831676,0.25438424154320555,0.056580108459932235,0.5395456875285921,26712,9540,28620,11448,1.0,0.0,0.0,1.0,0.0
CH_L_364a,5-15,5,15,0.34809677625846003,105,0.05223679187959927,0.07128154984896627,0.3003372166599448,0.01668618717121667,0.48792145402514975,28620,9540,30528,11448,0.0,0.0,0.0,0.0,0.0
CH_L_364a,6-11,6,11,0.5313066282148351,95,0.08791154825598742,0.13713481151938625,0.30220210898899436,0.032850700404151,0.5515899373889004,20988,11448,22896,13356,0.0,1.0,0.0,1.0,0.0
CH_L_364a,6-12,6,12,0.3986880385326087,93,0.059512991132345996,0.11548432795622976,0.2877025576399829,0.014396930971452589,0.5186328234643113,22896,11448,24804,13356,0.0,0.0,0.0,0.0,0.0
CH_L_364a,6-15,6,15,0.4368243003160511,104,0.02925941648889819,0.038672087368115844,0.3262846795365103,-0.038608146561925565,0.4802135726348373,28620,11448,30528,13356,0.0,0.0,0.0,0.0,0.0
CH_L_364a,7-12,7,12,0.3476737095070349,79,0.03327213887068355,0.1048499370252378,0.2807875087708508,-0.01635283896598928,0.512604179819981,22896,13356,24804,15264,0.0,0.0,0.0,0.0,0.0
CH_L_364a,7-15,7,15,0.39194931380347797,104,-0.016508538505137428,0.04762758188358718,0.37687258675016283,-0.06833574603273622,0.45687777831812454,28620,13356,30528,15264,0.0,0.0,1.0,0.0,0.0
CH_L_364a,8-15,8,15,0.43641851149230065,105,-0.010925141233477978,0.0769683451339782,0.40864813963783725,-0.08781404803210428,0.4493605499504841,28620,15264,30528,17172,0.0,0.0,1.0,0.0,0.0
CH_L_364a,9-15,9,15,0.31168388354064797,104,-0.0023060238551112578,0.05824097187023415,0.35723501627041565,-0.07080789149881127,0.47759279142306943,28620,17172,30528,19080,0.0,0.0,1.0,0.0,0.0
CH_L_367a,10-12,10,12,0.69156778043363,107,0.011896170733671066,0.0710894456573024,0.33193102819983605,0.027420706022652577,0.4080608986008286,22896,19080,24804,20988,0.0,0.0,0.0,1.0,0.0
CH_L_367a,10-13,10,13,0.4945681467259188,104,-0.006729723213472013,0.05635927430175955,0.3564109473663163,-0.0252978489563815,0.43077961343731813,24804,19080,26712,20988,0.0,0.0,1.0,0.0,1.0
CH_L_367a,10-14,10,14,0.3221356421802129,105,-0.01725109227324818,0.04662997190141941,0.35920359358676546,-0.03300653098816686,0.4537086794304774,26712,19080,28620,20988,0.0,0.0,1.0,0.0,1.0
CH_L_367a,10-15,10,15,0.7264832601660514,104,0.0032549933241282965,0.09340240060930526,0.30590202032433306,0.05594224245137908,0.3984808620780397,28620,19080,30528,20988,0.0,0.0,0.0,1.0,0.0
CH_L_367a,10-16,10,16,0.7775980651303763,105,0.00191262693559498,0.12827826548437052,0.3228416237556245,0.02784760873197955,0.38260073215274903,30528,19080,32436,20988,0.0,1.0,0.0,1.0,0.0
CH_L_367a,10-17,10,17,0.7707179540181583,104,0.0037669379492784347,0.19579095441693495,0.2813037723454621,0.033084693456058405,0.3219891100532627,32436,19080,34344,20988,0.0,1.0,0.0,1.0,0.0
CH_L_367a,10-18,10,18,0.7130929727962478,55,-0.0005365415855267111,0.22340996486170023,0.2774019351305711,0.016604565011525418,0.3284911436876636,34344,19080,36252,20988,0.0,1.0,0.0,0.0,0.0
CH_L_367a,11-12,11,12,0.6090534177363505,87,-0.0009608187103430637,0.07045324878522244,0.36991077863376703,-0.028836385313116043,0.42395088036814077,22896,20988,24804,22896,0.0,0.0,1.0,0.0,0.0
CH_L_367a,11-13,11,13,0.5187982934429513,105,-0.011406055282344304,0.06084860162276372,0.369858365963959,-0.02651789677155457,0.4251095270425861,24804,20988,26712,22896,0.0,0.0,1.0,0.0,1.0
CH_L_367a,11-14,11,14,0.5807384379403076,104,-0.0064023568925810435,0.09673034418014305,0.3453006869639151,-0.0073082715216879444,0.39093519331913423,26712,20988,28620,22896,0.0,0.0,0.0,0.0,0.0
CH_L_367a,11-15,11,15,0.7406843838237545,105,0.01563243277026636,0.113086444461357,0.315192201103349,0.047040526921990795,0.36824179526179035,28620,20988,30528,22896,1.0,0.0,0.0,1.0,0.0
CH_L_367a,11-16,11,16,0.31537875328149645,76,-0.01349889776641787,0.09591378147412087,0.3605408192890064,-0.036105870125294516,0.41979815578841767,30528,20988,32436,22896,0.0,0.0,1.0,0.0,0.0
CH_L_367a,11-17,11,17,0.55907744804782,100,0.009920241764297389,0.1607463961657365,0.3124795687929923,0.003737513348284953,0.418338326687724,32436,20988,34344,22896,0.0,1.0,0.0,0.0,0.0
CH_L_367a,11-18,11,18,0.6926481983574477,53,0.01396304583264155,0.15563798065519843,0.2741748961571224,0.025426781614902402,0.4087795516195343,34344,20988,36252,22896,1.0,1.0,0.0,0.0,0.0
CH_L_367a,12-13,12,13,0.8199435500739805,52,-0.00021058342444769845,0.0864973266062034,0.36271039605012095,-0.02399483143168528,0.35253468686873596,24804,22896,26712,24804,0.0,0.0,1.0,0.0,0.0
CH_L_367a,12-14,12,14,0.7006625945609737,96,-0.02060561413666314,0.1037871781417784,0.354136238275919,-0.04139107263103588,0.35330884423043246,26712,22896,28620,24804,0.0,0.0,0.0,0.0,0.0
CH_L_367a,12-15,12,15,0.7516373618733089,104,0.011206365917706771,0.12560916770211608,0.30110553377365556,0.013210006003290729,0.37292316004569265,28620,22896,30528,24804,0.0,1.0,0.0,0.0,0.0
CH_L_367a,12-16,12,16,0.49779522512800145,103,0.01103258171502141,0.12369446751349045,0.31777856353324274,0.008420436279755486,0.41254852756548077,30528,22896,32436,24804,0.0,0.0,0.0,0.0,0.0
CH_L_367a,12-17,12,17,0.3851799700453466,70,0.02960022676199986,0.06522706272893805,0.361724688627364,-0.00849618280815221,0.5858629583896078,32436,22896,34344,24804,1.0,0.0,1.0,0.0,1.0
CH_L_367a,13-13,13,13,0.7819553047925277,51,-0.03340667713150347,0.07456538221225949,0.4060964400516833,-0.043941324569917437,0.3324716943048656,24804,24804,26712,26712,0.0,0.0,1.0,0.0,0.0
CH_L_367a,13-14,13,14,0.760439584035824,57,0.0005419641358631661,0.09157601307600699,0.36397187624085603,-0.01869907185129696,0.3721648225572006,26712,24804,28620,26712,0.0,0.0,1.0,0.0,0.0
CH_L_367a,13-15,13,15,0.7059400104986684,57,0.010746822283886459,0.10829086834340151,0.31989755959799954,0.021537267631189627,0.3723237895528085,28620,24804,30528,26712,0.0,0.0,0.0,0.0,0.0
CH_L_367a,13-16,13,16,0.6964829471380113,57,0.012147086270751211,0.1375068058654545,0.2990806360739354,0.025052936820790548,0.34301734317400145,30528,24804,32436,26712,1.0,1.0,0.0,0.0,0.0
CH_L_367a,6-12,6,12,0.8344290210528013,57,0.028256457627036893,0.15490308073078674,0.27505875085505166,0.041992834551024906,0.3897804570384354,22896,11448,24804,13356,1.0,1.0,0.0,1.0,0.0
CH_L_367a,6-13,6,13,0.816555166606366,57,0.022242264907375818,0.13496585910979514,0.27257773736380125,0.055082695193835185,0.38304459339282826,24804,11448,26712,13356,1.0,1.0,0.0,1.0,0.0
CH_L_367a,6-14,6,14,0.5774672738409865,58,0.03663241496460167,0.1077683116157369,0.3065543465522388,0.04426753072688161,0.3985180976283004,26712,11448,28620,13356,1.0,0.0,0.0,1.0,0.0
CH_L_367a,7-12,7,12,0.7345927644017428,105,0.022004420369132263,0.1028582809017679,0.3121858715482086,0.02826603506521826,0.4130005770470884,22896,13356,24804,15264,1.0,0.0,0.0,1.0,0.0
CH_L_367a,7-13,7,13,0.7848401706567681,108,0.023542444313696433,0.11470103880862946,0.30693707188335506,0.04884923442390193,0.39052913326297345,24804,13356,26712,15264,1.0,0.0,0.0,1.0,0.0
CH_L_367a,7-14,7,14,0.4419686605062125,104,0.013011656052365008,0.15771274987559158,0.28835046503474226,-0.007071769795417592,0.4151424433403169,26712,13356,28620,15264,1.0,1.0,0.0,0.0,0.0
CH_L_367a,7-15,7,15,0.42561707493582424,89,-0.009872505587981298,0.11683641582752217,0.340370629447659,-0.03994762437486556,0.493265124566584,28620,13356,30528,15264,0.0,0.0,0.0,0.0,1.0
CH_L_367a,8-12,8,12,0.5381859067890183,106,0.006636234301365455,0.08255599041559392,0.3325250371905088,-0.008507720309062636,0.4325374979575978,22896,15264,24804,17172,0.0,0.0,0.0,0.0,1.0
CH_L_367a,8-13,8,13,0.34247593531727827,93,-0.0038814751778303907,0.07637572926557083,0.36224805084225264,-0.029099291752683762,0.42522698756194366,24804,15264,26712,17172,0.0,0.0,1.0,0.0,1.0
CH_L_367a,8-14,8,14,0.49393320032738275,99,0.006166737471311843,0.11510161502252224,0.32177410237991527,0.007874791724780903,0.45164426624451404,26712,15264,28620,17172,0.0,0.0,0.0,0.0,1.0
CH_L_367a,8-15,8,15,0.6747825049898281,104,-0.01356283856307185,0.09727589702934125,0.3378259339757725,-0.050965013097617445,0.4067835810525968,28620,15264,30528,17172,0.0,0.0,0.0,0.0,0.0
CH_L_367a,8-16,8,16,0.4297647653953959,93,-0.012519719379215217,0.08577984104270013,0.34522066918280303,-0.05685499571318763,0.48496440622343473,30528,15264,32436,17172,0.0,0.0,0.0,0.0,1.0
CH_L_367a,8-17,8,17,0.3360500475129609,52,0.0027237506971448033,0.0745951633756977,0.3269613056174486,-0.04026269550171571,0.5538120251400154,32436,15264,34344,17172,0.0,0.0,0.0,0.0,1.0
CH_L_367a,9-12,9,12,0.6551547247499923,105,0.01763963610491984,0.08853210854582627,0.3141884554411636,0.029576857572217216,0.42355433176202667,22896,17172,24804,19080,1.0,0.0,0.0,1.0,0.0
CH_L_367a,9-14,9,14,0.4680145933521948,104,-0.0026225318092951166,0.06021529062720976,0.33707776041593657,0.0005966785085064719,0.4283279377205853,26712,17172,28620,19080,0.0,0.0,0.0,0.0,1.0
CH_L_367a,9-15,9,15,0.7992701602238798,105,0.001588381770243669,0.0661814738413772,0.337621296799604,-0.0022644099479259302,0.3881246032960988,28620,17172,30528,19080,0.0,0.0,0.0,0.0,0.0
CH_L_367a,9-16,9,16,0.7571766729036884,104,-0.007350903464179117,0.0820542437077553,0.3565812427149901,-0.04101371571566935,0.38329071316610264,30528,17172,32436,19080,0.0,0.0,1.0,0.0,0.0
CH_L_367a,9-17,9,17,0.5525496137214814,101,0.008473294808410574,0.18061317664540816,0.2927734277691859,-0.012251553710505667,0.38870447533492325,32436,17172,34344,19080,0.0,1.0,0.0,0.0,0.0
CH_L_368a,10-10,10,10,0.6499124459504084,56,0.06521530397968613,0.13094371536327334,0.34620812108707844,0.08266442700991236,0.4950798608856653,19080,19080,20988,20988,1.0,1.0,0.0,1.0,0.0
CH_L_368a,10-6,10,6,0.6450855443706998,116,0.054832636828839515,0.1341990546387593,0.3352615790293694,0.06636553004498594,0.5877614913222117,11448,19080,13356,20988,1.0,1.0,0.0,1.0,0.0
CH_L_368a,10-7,10,7,0.4346861399091126,117,0.03316285662089673,0.07938482113121217,0.3422561442347987,0.02426909724139384,0.5331623419491777,13356,19080,15264,20988,0.0,0.0,0.0,0.0,0.0
CH_L_368a,10-8,10,8,0.48800922942105035,117,0.02658455477919112,0.07921170235583976,0.36119605252135556,0.010169131599767345,0.5008986452853669,15264,19080,17172,20988,0.0,0.0,0.0,0.0,0.0
CH_L_368a,10-9,10,9,0.592232068250151,114,0.02946382125591274,0.10678290676412609,0.36113572211716466,0.055862919527243926,0.44532390639447883,17172,19080,19080,20988,0.0,0.0,0.0,0.0,0.0
CH_L_368a,11-6,11,6,0.6836812888527709,109,0.06584976960474899,0.13833636678048034,0.3401112046079514,0.09650466881709642,0.5470097279409426,11448,20988,13356,22896,1.0,1.0,0.0,1.0,0.0
CH_L_368a,11-7,11,7,0.7211367553271505,116,0.06761841184335196,0.1442274877185064,0.33513005696247283,0.08985672380362172,0.5393701061099047,13356,20988,15264,22896,1.0,1.0,0.0,1.0,0.0
CH_L_368a,11-8,11,8,0.6302234917859251,115,0.051088316091229546,0.12070799572997506,0.33853387163851123,0.05149533636089388,0.525495814688122,15264,20988,17172,22896,1.0,0.0,0.0,0.0,0.0
CH_L_368a,11-9,11,9,0.5708698977011145,118,0.03330209466316142,0.09733868841018486,0.35470707755272557,0.04237341887570348,0.5061787116187128,17172,20988,19080,22896,0.0,0.0,0.0,0.0,0.0
CH_L_368a,12-7,12,7,0.6427837395659096,60,0.07153937501272237,0.1081950595518508,0.3445534773792009,0.08384924297714239,0.5927016691845528,13356,22896,15264,24804,1.0,0.0,0.0,1.0,1.0
CH_L_368a,12-8,12,8,0.7948061069827034,84,0.06621524309849659,0.20455537872725776,0.3508212609325796,0.10075641381730185,0.5337007754244596,15264,22896,17172,24804,1.0,1.0,0.0,1.0,0.0
CH_L_368a,12-9,12,9,0.7906656646399928,105,0.0533702193136835,0.19463568392850794,0.3534216716883176,0.07586710689659097,0.5033386859819329,17172,22896,19080,24804,1.0,1.0,0.0,1.0,0.0
CH_L_368a,6-10,6,10,0.3596953957725024,68,-0.018161590788595205,0.028781927933488015,0.40921991463348156,-0.048438494287143356,0.629388598872903,19080,11448,20988,13356,0.0,0.0,1.0,0.0,1.0
CH_L_368a,6-6,6,6,0.5857833319922406,115,0.01592596987990518,0.12782437766048238,0.3598434279831677,-0.016615448034147023,0.5625863707898738,11448,11448,13356,13356,0.0,1.0,0.0,0.0,0.0
CH_L_368a,6-7,6,7,0.7161986641866597,116,0.031764818449853065,0.10747080023734111,0.35902595639943125,0.021639830551923988,0.5560246080105704,13356,11448,15264,13356,0.0,0.0,0.0,0.0,0.0
CH_L_368a,6-8,6,8,0.4895522324488952,107,0.004845531598314516,0.07365636194912016,0.38160909270362936,-0.03983492453007208,0.6128685878665404,15264,11448,17172,13356,0.0,0.0,0.0,0.0,1.0
CH_L_368a,6-9,6,9,0.36068402849973025,95,-0.02348962677565882,0.03438794369015796,0.41812087856245694,-0.058253780399319915,0.6212801145778085,17172,11448,19080,13356,0.0,0.0,1.0,0.0,1.0
CH_L_368a,7-4,7,4,0.31406818218736654,43,-0.03682059314217848,0.015009075343888196,0.4364683680850436,-0.09219765719890981,0.6039556764496303,7632,13356,9540,15264,0.0,0.0,1.0,0.0,1.0
CH_L_368a,7-5,7,5,0.36276063365281264,109,-0.016651821668961526,0.05503021376142521,0.39146073435457024,-0.05728562818796012,0.5856068042063071,9540,13356,11448,15264,0.0,0.0,1.0,0.0,0.0
CH_L_368a,7-6,7,6,0.6893769966221539,116,0.027582306856940422,0.11365809028198542,0.3410054179120195,0.033296440978120415,0.5420288650139921,11448,13356,13356,15264,0.0,0.0,0.0,0.0,0.0
CH_L_368a,7-7,7,7,0.7788081817813108,117,0.040384407927762045,0.12959414361638097,0.35176887890658076,0.041774406918142035,0.5170953482947914,13356,13356,15264,15264,0.0,1.0,0.0,0.0,0.0
CH_L_368a,7-8,7,8,0.4790270890069288,114,0.008940298389571385,0.11156791281429453,0.3524133995713204,-0.012278162149479107,0.5589233618271792,15264,13356,17172,15264,0.0,0.0,0.0,0.0,0.0
CH_L_368a,7-9,7,9,0.33288632568802967,114,-0.013384329258788514,0.030584699685104848,0.39026504704622417,-0.03682963075640097,0.6301952066411182,17172,13356,19080,15264,0.0,0.0,1.0,0.0,1.0
CH_L_368a,8-10,8,10,0.3001693071359067,98,-0.024281996219795394,0.03251097096527031,0.4206688639275065,-0.059202345899145484,0.6334928604635862,19080,15264,20988,17172,0.0,0.0,1.0,0.0,1.0
CH_L_368a,8-5,8,5,0.4912439709107549,114,-0.003904082750855167,0.08753626122251634,0.3707467129255412,-0.010758757971489742,0.5676685339469291,9540,15264,11448,17172,0.0,0.0,0.0,0.0,0.0
CH_L_368a,8-6,8,6,0.7084772022032677,117,0.031235250984713206,0.08916900096600897,0.36157424760012374,0.04696969961310377,0.5566022344647659,11448,15264,13356,17172,0.0,0.0,0.0,0.0,0.0
CH_L_368a,8-7,8,7,0.644717903516224,113,0.04774634048444847,0.13635293694736528,0.33678673739620885,0.05203438798406602,0.5613386632259506,13356,15264,15264,17172,1.0,1.0,0.0,0.0,0.0
CH_L_368a,8-8,8,8,0.37212088279336214,116,-0.006843152907912705,0.07071747115656332,0.37535744893636647,-0.03318063003631885,0.5448968275294964,15264,15264,17172,17172,0.0,0.0,0.0,0.0,0.0
CH_L_368a,8-9,8,9,0.3504268062371132,114,-0.020586108918924248,0.03222026738484427,0.40938089541723793,-0.0596127271275211,0.624356956901331,17172,15264,19080,17172,0.0,0.0,1.0,0.0,1.0
CH_L_368a,9-10,9,10,0.5062639492585269,78,0.009661431855525716,0.08608014524964717,0.3827155794430137,0.007869219391032007,0.551721106065171,19080,17172,20988,19080,0.0,0.0,0.0,0.0,0.0
CH_L_368a,9-5,9,5,0.39289949436808624,91,-0.014854789665717731,0.05004609537849709,0.39931910403077964,-0.035728747331199455,0.6081799105009321,9540,17172,11448,19080,0.0,0.0,1.0,0.0,1.0
CH_L_368a,9-6,9,6,0.6924856790452284,116,0.041083521269896776,0.10205193646412379,0.35665983196814915,0.08592286776855668,0.5654733789900924,11448,17172,13356,19080,0.0,0.0,0.0,1.0,0.0
CH_L_368a,9-7,9,7,0.7073164607516307,115,0.04507824234993938,0.1009457851214741,0.35077404634997245,0.08164896795625212,0.5725684302458456,13356,17172,15264,19080,0.0,0.0,0.0,1.0,0.0
CH_L_368a,9-8,9,8,0.570719606613189,115,0.016384306543912572,0.1119313299703733,0.35981184722679643,0.010895865813161315,0.5615882003045369,15264,17172,17172,19080,0.0,0.0,0.0,0.0,0.0
CH_L_368a,9-9,9,9,0.3372074466519889,111,0.0030679814027828717,0.0778858163201478,0.3978714383624093,-0.018724002790087083,0.5511000907357033,17172,17172,19080,19080,0.0,0.0,1.0,0.0,0.0
CH_L_369a,10-10,10,10,0.6120111982775702,111,0.019533581982273063,0.028206856424031417,0.3176895335509929,0.0461336750316527,0.37227983795050984,19080,19080,20988,20988,0.0,1.0,0.0,0.0,0.0
CH_L_369a,10-11,10,11,0.6280376258326857,63,0.02458351564834504,0.05638792744466552,0.3079090577948998,0.018691265104756983,0.39895509998739564,20988,19080,22896,20988,0.0,1.0,0.0,0.0,0.0
CH_L_369a,10-6,10,6,0.8140557061545911,115,0.013811912634077519,0.01350685140988049,0.342433968878888,0.012656954886376836,0.3593547059939921,11448,19080,13356,20988,0.0,0.0,0.0,0.0,0.0
CH_L_369a,10-7,10,7,0.7638433900085724,110,0.025551598529784586,0.021827297052485695,0.33527811881419495,0.013926331809187259,0.36986062902143335,13356,19080,15264,20988,0.0,0.0,0.0,0.0,0.0
CH_L_369a,10-8,10,8,0.7244309016207594,113,-0.0014650940498831208,0.012962385139301863,0.3751232982663665,-0.01210295706931378,0.3398878643701533,15264,19080,17172,20988,0.0,0.0,1.0,0.0,0.0
CH_L_369a,10-9,10,9,0.7654946193651752,120,0.012093292145346516,0.015167963344005898,0.338744201879169,0.03385154526010292,0.3136265388165247,17172,19080,19080,20988,0.0,0.0,0.0,0.0,0.0
CH_L_369a,11-10,11,10,0.33861888803727236,114,0.018377479857337255,0.04156991232656971,0.29137116036091076,0.05008658256954988,0.46296838484698244,19080,20988,20988,22896,0.0,1.0,0.0,1.0,1.0
CH_L_369a,11-11,11,11,0.750888871945801,69,0.03192931276493759,0.025969966528685506,0.28615111367440993,0.09808046634342939,0.3709306599007733,20988,20988,22896,22896,1.0,0.0,0.0,1.0,0.0
CH_L_369a,11-6,11,6,0.7034114221166932,81,0.004938857494991628,0.031528797580912454,0.3373266459182022,-0.01044470895088656,0.37067224150601885,11448,20988,13356,22896,0.0,1.0,0.0,0.0,0.0
CH_L_369a,11-7,11,7,0.7905172801378072,117,0.017757469380922403,0.02990712127299628,0.3263448764479256,0.013492264678791494,0.32169804617837433,13356,20988,15264,22896,0.0,1.0,0.0,0.0,0.0
CH_L_369a,11-8,11,8,0.6964914500135799,118,0.015200783587492057,0.009597327869790468,0.34124235339632436,0.02354956700815225,0.3464883242365438,15264,20988,17172,22896,0.0,0.0,0.0,0.0,0.0
CH_L_369a,12-11,12,11,0.7116700849052069,59,-0.003751135273388694,0.019186579234573873,0.2919686737130176,0.05565836555999862,0.33734839329625566,20988,22896,22896,24804,0.0,0.0,0.0,1.0,0.0
CH_L_369a,12-6,12,6,0.5143491145969504,96,-0.020933212886412728,0.044222657006002315,0.3630332021083429,-0.04562098248170348,0.45744111319959796,11448,22896,13356,24804,0.0,1.0,1.0,0.0,1.0
CH_L_369a,12-7,12,7,0.7469307020691738,105,0.03916084425156991,0.039026361147906814,0.30819502532954873,0.03466824988307233,0.3954518532636496,13356,22896,15264,24804,1.0,1.0,0.0,0.0,0.0
CH_L_369a,12-8,12,8,0.5714017866946635,114,0.028131398239076087,0.02427370878263375,0.3106860960637926,0.046415560712571045,0.4218865154636071,15264,22896,17172,24804,0.0,0.0,0.0,0.0,1.0
CH_L_369a,13-10,13,10,0.3265182028685399,116,0.011835489462645865,0.03994975920577424,0.32304689243908447,0.038274798819756456,0.4498294375882037,19080,24804,20988,26712,0.0,1.0,0.0,0.0,1.0
CH_L_369a,13-11,13,11,0.7025442584166424,72,0.03838834753163004,0.01957309709578893,0.3172600103231593,0.07720350968370408,0.3632520902902455,20988,24804,22896,26712,1.0,0.0,0.0,1.0,0.0
CH_L_369a,13-7,13,7,0.6377146666082072,117,0.037164998063119015,0.020610640568142373,0.3131224061448988,0.04162221703085167,0.45623765972103225,13356,24804,15264,26712,1.0,0.0,0.0,0.0,1.0
CH_L_369a,13-8,13,8,0.6171354437800762,118,0.03350667493995506,0.022394032002116458,0.3045227343215081,0.049061554522198736,0.3858105855171689,15264,24804,17172,26712,1.0,0.0,0.0,1.0,0.0
CH_L_369a,13-9,13,9,0.5707672292461572,104,0.013191282911303552,0.02519526617936691,0.3279866749526161,0.06640404687927755,0.4260991618232341,17172,24804,19080,26712,0.0,0.0,0.0,1.0,1.0
CH_L_369a,14-10,14,10,0.7497780915808032,95,0.0121250825323802,0.0019350369501035993,0.32400205752408656,0.06458185455264706,0.3613479038322501,19080,26712,20988,28620,0.0,0.0,0.0,1.0,0.0
CH_L_369a,14-11,14,11,0.505452831259171,66,0.008620962951083836,0.017781974455216135,0.36657542880848126,0.024329913561038786,0.4415974302825551,20988,26712,22896,28620,0.0,0.0,1.0,0.0,1.0
CH_L_369a,14-7,14,7,0.759421250785792,76,0.03875533431846212,0.01878272862985789,0.31608809773761015,0.04860521128879854,0.3759348467282436,13356,26712,15264,28620,1.0,0.0,0.0,0.0,0.0
CH_L_369a,14-8,14,8,0.679323309503112,111,0.0393727409176654,0.02028693045482792,0.31768581871411505,0.03647691187739058,0.35210833180722123,15264,26712,17172,28620,1.0,0.0,0.0,0.0,0.0
CH_L_369a,14-9,14,9,0.704366313217087,110,0.017698566154807055,-0.001684189547890828,0.3273482065898979,0.043881769942269916,0.37319342308555953,17172,26712,19080,28620,0.0,0.0,0.0,0.0,0.0
CH_L_369a,8-10,8,10,0.5885808229230499,100,0.04198606742740003,0.024411251283498588,0.3095780005865002,0.0727790643168686,0.4145625361133283,19080,15264,20988,17172,1.0,0.0,0.0,1.0,1.0
CH_L_369a,8-11,8,11,0.7191396644685168,53,0.04078714634881042,0.030549331873515388,0.32244839514816537,0.09331650640202994,0.4500810676606265,20988,15264,22896,17172,1.0,1.0,0.0,1.0,1.0
CH_L_369a,8-5,8,5,0.416251822537917,69,-0.03965575262464112,0.019982770199092895,0.42496991569433823,-0.06239613314813925,0.4278306563500833,9540,15264,11448,17172,0.0,0.0,1.0,0.0,1.0
CH_L_369a,8-6,8,6,0.8072463260774678,65,0.000762820634684435,0.010387187039344232,0.37959618937779865,-0.01596000721243696,0.32046153827494817,11448,15264,13356,17172,0.0,0.0,1.0,0.0,0.0
CH_L_369a,8-7,8,7,0.7974306365634918,90,0.013719638558148827,0.013328421076982955,0.3365285451055665,0.022708311156771844,0.31431360381135276,13356,15264,15264,17172,0.0,0.0,0.0,0.0,0.0
CH_L_369a,8-8,8,8,0.6876954821590963,89,-0.05205251135605594,0.010103595197981164,0.4252389505669493,-0.08280347824431952,0.275990267482531,15264,15264,17172,17172,0.0,0.0,1.0,0.0,0.0
CH_L_369a,8-9,8,9,0.7039426628234897,97,0.006121957320729104,0.016169960117902782,0.3426285882339291,0.02513221504092184,0.33862052747531135,17172,15264,19080,17172,0.0,0.0,0.0,0.0,0.0
CH_L_369a,9-10,9,10,0.6866722744948505,107,0.030748609474443772,0.0329523083786887,0.3137288324363173,0.06244367989881359,0.36108197916959495,19080,17172,20988,19080,1.0,1.0,0.0,1.0,0.0
CH_L_369a,9-11,9,11,0.6957454646830284,58,0.012120860487882582,0.021893871400925087,0.3352138428116848,0.04776262570190598,0.4069031065848174,20988,17172,22896,19080,0.0,0.0,0.0,0.0,0.0
CH_L_369a,9-6,9,6,0.737555442552158,110,0.00021012730902555049,0.012110114103695785,0.3692727824750336,-0.02163239175612138,0.36660367762609364,11448,17172,13356,19080,0.0,0.0,1.0,0.0,0.0
CH_L_369a,9-7,9,7,0.6980283710710994,119,0.012475411743185567,0.01736654434398579,0.3466910096879526,-0.01111749649505501,0.35929040008271956,13356,17172,15264,19080,0.0,0.0,1.0,0.0,0.0
CH_L_369a,9-8,9,8,0.7685064449738346,117,-0.012632317053417323,0.00823338558575317,0.3765392411317354,-0.0189569555094278,0.31448558161622586,15264,17172,17172,19080,0.0,0.0,1.0,0.0,0.0
CH_L_369a,9-9,9,9,0.7011681230305649,109,0.013830485519125501,0.012123062031813497,0.34626493948568987,0.018528352241646798,0.3146080607236083,17172,17172,19080,19080,0.0,0.0,1.0,0.0,0.0
CH_L_371a,10-10,10,10,0.5956825266741527,111,-0.0012920712307149683,0.08913589553346198,0.3815547462549288,-0.0013400299781914145,0.38805697324519856,19080,19080,20988,20988,0.0,0.0,0.0,0.0,1.0
CH_L_371a,10-11,10,11,0.7305686840352895,114,-0.02466682155385419,0.06516792820624277,0.4029670482910668,-0.02202298481960644,0.30193009729922254,20988,19080,22896,20988,0.0,0.0,0.0,0.0,0.0
CH_L_371a,10-6,10,6,0.8113162490842348,116,-0.023610374263825326,0.09414987926001386,0.37909468639607763,-0.04007400534217624,0.26395283669071185,11448,19080,13356,20988,0.0,1.0,0.0,0.0,0.0
CH_L_371a,10-7,10,7,0.7871276890542273,112,-0.015677153846347346,0.08875441418895001,0.3637577116491714,0.015162984830466601,0.2558984106687173,13356,19080,15264,20988,0.0,0.0,0.0,0.0,0.0
CH_L_371a,10-8,10,8,0.69748853724,116,0.022979860573500332,0.11520926032659828,0.34237700114494096,0.043776005029748835,0.36060240780141684,15264,19080,17172,20988,1.0,1.0,0.0,1.0,0.0
CH_L_371a,10-9,10,9,0.5675777255558717,112,0.009887149275066896,0.08529386575515623,0.36427622927875314,0.03108115977715725,0.36333618190776396,17172,19080,19080,20988,0.0,0.0,0.0,0.0,0.0
CH_L_371a,11-10,11,10,0.6378721755487924,114,0.02493149934769416,0.07706409133158011,0.3561528334675731,0.06233253662389852,0.3989998020811568,19080,20988,20988,22896,1.0,0.0,0.0,1.0,1.0
CH_L_371a,11-11,11,11,0.7142709451605807,114,-0.030881168811171207,0.049376628025133706,0.41732291469218047,-0.023729058768359602,0.27873143140094914,20988,20988,22896,22896,0.0,0.0,1.0,0.0,0.0
CH_L_371a,11-6,11,6,0.7053755768063812,114,0.0031984012607374577,0.11516618228637991,0.3659618301374124,0.0013550396036200126,0.3769332520402154,11448,20988,13356,22896,0.0,1.0,0.0,0.0,1.0
CH_L_371a,11-7,11,7,0.7376326671278824,116,-0.009757058906792234,0.06118630914145295,0.3891132359957007,-0.003178753015916359,0.3229738673229583,13356,20988,15264,22896,0.0,0.0,0.0,0.0,0.0
CH_L_371a,11-8,11,8,0.7056873082930414,112,0.010177414039039474,0.09577646923559666,0.34936591627483204,0.053097569277620396,0.36582657715022293,15264,20988,17172,22896,0.0,1.0,0.0,1.0,0.0
CH_L_371a,11-9,11,9,0.7089867067408218,113,0.026209779795001817,0.10666308672011027,0.349212065944955,0.07035554890545243,0.35222971262822456,17172,20988,19080,22896,1.0,1.0,0.0,1.0,0.0
CH_L_371a,12-10,12,10,0.7039731283857515,112,0.01606420075916398,0.06203481118154453,0.36307476469763345,0.04279002081818766,0.3521533050598612,19080,22896,20988,24804,1.0,0.0,0.0,1.0,0.0
CH_L_371a,12-11,12,11,0.8336575673949317,115,-0.06155959606278047,0.04304968681031695,0.43107847004833616,-0.02463014733854068,0.19784868809341216,20988,22896,22896,24804,0.0,0.0,1.0,0.0,0.0
CH_L_371a,12-6,12,6,0.6611904238950488,116,0.0213202608160763,0.1133673626705925,0.3436610215504129,0.03574722166145921,0.384844357950839,11448,22896,13356,24804,1.0,1.0,0.0,0.0,1.0
CH_L_371a,12-7,12,7,0.7050241364854406,113,0.010664608517748225,0.09405868180157352,0.35397199530502654,0.036330304042898574,0.35609071469354925,13356,22896,15264,24804,0.0,0.0,0.0,0.0,0.0
CH_L_371a,12-8,12,8,0.6773889864561385,114,0.013823552942429101,0.09749541007253859,0.34761936492043244,0.03646722634983797,0.3446136737238903,15264,22896,17172,24804,1.0,1.0,0.0,0.0,0.0
CH_L_371a,12-9,12,9,0.6970800625260652,117,0.030910762340410604,0.07265559771539883,0.34361555119704795,0.06619544814658866,0.36133413979714374,17172,22896,19080,24804,1.0,0.0,0.0,1.0,0.0
CH_L_371a,13-10,13,10,0.766809620372082,117,0.027232492731324335,0.05036795555656743,0.36765327857243635,0.026239296107192913,0.34820132479265253,19080,24804,20988,26712,1.0,0.0,0.0,0.0,0.0
CH_L_371a,13-11,13,11,0.8371495746926941,111,-0.019180735092862864,0.041970686678115175,0.41012779997870763,-0.00018533139559538482,0.25518325497335,20988,24804,22896,26712,0.0,0.0,0.0,0.0,0.0
CH_L_371a,13-6,13,6,0.6794248868406836,113,0.026775689459824666,0.10679283891553175,0.3329499181261417,0.08171594157174146,0.37606164783942014,11448,24804,13356,26712,1.0,1.0,0.0,1.0,1.0
CH_L_371a,13-7,13,7,0.6932349516964842,114,0.02012309622878666,0.07830112176705466,0.341793580717581,0.05580526878414297,0.35565775442335873,13356,24804,15264,26712,1.0,0.0,0.0,1.0,0.0
CH_L_371a,13-8,13,8,0.6300236866529476,109,0.00325059040367588,0.07410876134074978,0.37608815927095357,0.005721300882748921,0.3722677234426223,15264,24804,17172,26712,0.0,0.0,0.0,0.0,0.0
CH_L_371a,13-9,13,9,0.7012965572319383,112,0.032706401129712306,0.062241887510379845,0.3653166392125336,0.03712812882957029,0.37373669692456885,17172,24804,19080,26712,1.0,0.0,0.0,1.0,0.0
CH_L_371a,14-10,14,10,0.845379987331875,41,0.011641093367467957,0.04513996977151118,0.37067432944107803,0.03759948506413034,0.2572178956238572,19080,26712,20988,28620,0.0,0.0,0.0,1.0,0.0
CH_L_371a,14-11,14,11,0.8578338644947766,49,-0.005187595364499506,0.054168320242144644,0.37927662938808343,0.03648328694172839,0.2357851848950589,20988,26712,22896,28620,0.0,0.0,0.0,1.0,0.0
CH_L_371a,7-10,7,10,0.33016809304969963,50,-0.09201246427084266,0.03827857386972905,0.46875570524580185,-0.12750272099104742,0.3921115542663188,19080,13356,20988,15264,0.0,0.0,1.0,0.0,1.0
CH_L_371a,7-6,7,6,0.3874250516726997,45,-0.09228932052795694,0.030510236520976387,0.46902034538227294,-0.13049244045063182,0.5566204605633299,11448,13356,13356,15264,0.0,0.0,1.0,0.0,1.0
CH_L_371a,7-7,7,7,0.3755587610615468,46,-0.06450584875627553,0.035036014412467405,0.44889624682085033,-0.11984560042282273,0.5431559532339698,13356,13356,15264,15264,0.0,0.0,1.0,0.0,1.0
CH_L_371a,7-8,7,8,0.4958140021694409,57,-0.05803217209245473,0.06263897879189655,0.40218746832275615,-0.0852000204164195,0.4486246079992732,15264,13356,17172,15264,0.0,0.0,0.0,0.0,1.0
CH_L_371a,7-9,7,9,0.5908066204431035,60,-0.06625190656716183,0.05563074578630571,0.42425847010290774,-0.09934038730723753,0.32184774078224443,17172,13356,19080,15264,0.0,0.0,1.0,0.0,0.0
CH_L_371a,8-10,8,10,0.5870908795010605,116,-0.023340266914549632,0.07621965353802432,0.4082330239644242,-0.04317590998758704,0.3555932038147268,19080,15264,20988,17172,0.0,0.0,0.0,0.0,0.0
CH_L_371a,8-11,8,11,0.3248057750311395,98,-0.07243232442791289,0.04378783077712045,0.4585026791380936,-0.104037727290463,0.43192576081698164,20988,15264,22896,17172,0.0,0.0,1.0,0.0,1.0
CH_L_371a,8-6,8,6,0.44018726253475665,93,-0.054429177771450725,0.05453566648020833,0.42154089409923695,-0.07785127637446569,0.4517330987078172,11448,15264,13356,17172,0.0,0.0,1.0,0.0,1.0
CH_L_371a,8-7,8,7,0.6580718797628486,110,-0.02673141829536856,0.09584064439922145,0.3859984567926634,-0.021635603689480323,0.320072609351581,13356,15264,15264,17172,0.0,1.0,0.0,0.0,0.0
CH_L_371a,8-8,8,8,0.6343477238456935,116,-0.0421411952547844,0.07565317916805661,0.4133897429566482,-0.05822084665753041,0.2638093253247191,15264,15264,17172,17172,0.0,0.0,1.0,0.0,0.0
CH_L_371a,8-9,8,9,0.7394965427297843,110,-0.03549132704907593,0.07741884647378813,0.39596521013793257,-0.03602667710145476,0.2648564368795972,17172,15264,19080,17172,0.0,0.0,0.0,0.0,0.0
CH_L_371a,9-10,9,10,0.6763278576828212,113,-0.03076865343308302,0.073459235289085,0.4082102468947337,-0.042794514247501206,0.3370261723350356,19080,17172,20988,19080,0.0,0.0,0.0,0.0,0.0
CH_L_371a,9-11,9,11,0.41810410127758796,114,-0.06350151746101207,0.06241689675437632,0.4405905890240485,-0.09882351426098944,0.3444114951737989,20988,17172,22896,19080,0.0,0.0,1.0,0.0,0.0
CH_L_371a,9-6,9,6,0.699781426664164,110,-0.03665083803812897,0.10111299501147826,0.39473819020783607,-0.031241985444658695,0.30330812352773745,11448,17172,13356,19080,0.0,1.0,0.0,0.0,0.0
CH_L_371a,9-7,9,7,0.8001492383216139,119,-0.022091010899354068,0.10661946616215637,0.3645676431148247,-0.002194604680069878,0.25007672421720323,13356,17172,15264,19080,0.0,1.0,0.0,0.0,0.0
CH_L_371a,9-8,9,8,0.7997730443747291,112,-0.045054693087740794,0.07274882633347832,0.39596258252122113,-0.028572632005860715,0.22740186241497828,15264,17172,17172,19080,0.0,0.0,0.0,0.0,0.0
CH_L_371a,9-9,9,9,0.7202983149611252,116,-0.0472797878194186,0.08083153637372137,0.421504624321055,-0.0870735749814908,0.2574070765968502,17172,17172,19080,19080,0.0,0.0,1.0,0.0,0.0
CH_L_372a,10-20,10,20,0.7832106651779541,45,0.020990285375763054,0.20371516047378385,0.3784825193204116,0.12310315259187392,0.38765453763463664,38160,19080,40068,20988,1.0,0.0,0.0,0.0,0.0
CH_L_372a,10-21,10,21,0.7936144439498778,112,0.029343805403177048,0.22120881222990527,0.3932712302894542,0.15698044302162134,0.3914864960858621,40068,19080,41976,20988,1.0,1.0,0.0,1.0,0.0
CH_L_372a,10-22,10,22,0.830212152150301,119,0.018825056885741015,0.23355267468436078,0.3760003303848662,0.1742224436647577,0.39570229146236957,41976,19080,43884,20988,0.0,1.0,0.0,1.0,0.0
CH_L_372a,10-23,10,23,0.8191043563057293,112,0.001078196768874117,0.1402904797025971,0.4095836750605589,0.0898928227442681,0.3524111496377146,43884,19080,45792,20988,0.0,0.0,0.0,0.0,0.0
CH_L_372a,10-24,10,24,0.7359478117904741,116,-0.032595613112376,0.12810324851057192,0.45203313628083763,0.020854794056327754,0.32590861301844287,45792,19080,47700,20988,0.0,0.0,1.0,0.0,0.0
CH_L_372a,10-25,10,25,0.5712430694352001,101,-0.047325549956940105,0.11388220029170619,0.4368230368586434,-0.018007210760745837,0.41687681422757406,47700,19080,49608,20988,0.0,0.0,0.0,0.0,1.0
CH_L_372a,10-26,10,26,0.4596958494043825,86,-0.07925965183737889,0.028971920935783265,0.5159122630756018,-0.12424911934343888,0.39481403005798194,49608,19080,51516,20988,0.0,0.0,1.0,0.0,0.0
CH_L_372a,11-20,11,20,0.7547820869121864,53,0.03490307481825431,0.2859435996807634,0.3621574377272767,0.1661432193606677,0.4399094133382678,38160,20988,40068,22896,1.0,1.0,0.0,1.0,1.0
CH_L_372a,11-21,11,21,0.7758445951444303,121,0.024135782004721808,0.22821055284230643,0.3689394938889846,0.16014128160991511,0.424358631875076,40068,20988,41976,22896,1.0,1.0,0.0,1.0,1.0
CH_L_372a,11-22,11,22,0.8000002924022352,111,0.008532999925208626,0.20639561672847673,0.396886777834775,0.12425054445146459,0.3584820712448371,41976,20988,43884,22896,0.0,0.0,0.0,0.0,0.0
CH_L_372a,11-23,11,23,0.8214405190351134,119,0.0019990135643302293,0.1842117028164152,0.41724364828579036,0.10979077392386148,0.35314274124191236,43884,20988,45792,22896,0.0,0.0,0.0,0.0,0.0
CH_L_372a,11-24,11,24,0.859481048625544,112,0.004622794355584355,0.21164881307842734,0.38429946793685155,0.14544112979915796,0.34983249499167834,45792,20988,47700,22896,0.0,0.0,0.0,1.0,0.0
CH_L_372a,11-25,11,25,0.7931032404592782,116,-0.009806783896849169,0.24152866299464318,0.36438975637900556,0.10827230447525608,0.3426111945179649,47700,20988,49608,22896,0.0,1.0,0.0,0.0,0.0
CH_L_372a,11-26,11,26,0.5309256177285809,98,-0.041058540776950196,0.11122388571861509,0.44240962065151185,-0.028333394166571536,0.4211084707324709,49608,20988,51516,22896,0.0,0.0,0.0,0.0,1.0
CH_L_372a,12-20,12,20,0.7679951289613941,56,0.03679273450133306,0.1581661047868183,0.3653631661248236,0.16039476716691065,0.43742211431356964,38160,22896,40068,24804,1.0,0.0,0.0,1.0,1.0
CH_L_372a,12-21,12,21,0.6343917995430487,111,0.018798491728375947,0.16430553816117052,0.3963541026612177,0.09408945501469412,0.4236742853658247,40068,22896,41976,24804,0.0,0.0,0.0,0.0,1.0
CH_L_372a,12-22,12,22,0.737839877757184,120,-0.007245042667647697,0.1364287215559162,0.42579967702437643,0.05420898739301193,0.3426105828744855,41976,22896,43884,24804,0.0,0.0,0.0,0.0,0.0
CH_L_372a,12-23,12,23,0.8175071829539692,110,0.008853193657406899,0.1922564444769253,0.4036720525829912,0.11698617550669736,0.35563388362139076,43884,22896,45792,24804,0.0,0.0,0.0,0.0,0.0
CH_L_372a,12-24,12,24,0.8525110644128736,119,0.01848782009859321,0.2609943879353534,0.352387434812597,0.1656887792277282,0.35242480789224273,45792,22896,47700,24804,0.0,1.0,0.0,1.0,0.0
CH_L_372a,12-25,12,25,0.7997822795879788,111,-0.0034544925701082085,0.2251322940741575,0.38799937845444077,0.11362699627665206,0.3354766654276321,47700,22896,49608,24804,0.0,1.0,0.0,0.0,0.0
CH_L_372a,12-26,12,26,0.5568821325786436,104,-0.06553438667135433,0.08649198587248555,0.46698751984687215,-0.06370272426551585,0.29661666165327605,49608,22896,51516,24804,0.0,0.0,1.0,0.0,0.0
CH_L_372a,13-20,13,20,0.6849752143004965,61,0.023050304181418988,0.157840601282027,0.3767035678293475,0.14583478060347593,0.46474049574670034,38160,24804,40068,26712,1.0,0.0,0.0,1.0,1.0
CH_L_372a,13-21,13,21,0.7587003971687607,117,0.0066251069075228325,0.16654324302644324,0.3836473491174875,0.10317544320384504,0.41808808518655727,40068,24804,41976,26712,0.0,0.0,0.0,0.0,1.0
CH_L_372a,13-22,13,22,0.7156192388074955,111,-0.004625844436220389,0.13712627396845944,0.42287503294106393,0.07981297381854709,0.4142792038827347,41976,24804,43884,26712,0.0,0.0,0.0,0.0,0.0
CH_L_372a,13-23,13,23,0.8553221983325631,121,0.02376386205923007,0.22966051140912672,0.39205501337330245,0.16118157867055555,0.36136253115414657,43884,24804,45792,26712,1.0,1.0,0.0,1.0,0.0
CH_L_372a,13-24,13,24,0.8736868018532593,112,0.02129063451755211,0.29857572322123277,0.357349936746613,0.15634610825200124,0.3187043266749759,45792,24804,47700,26712,1.0,1.0,0.0,1.0,0.0
CH_L_372a,13-25,13,25,0.8825528768436606,120,0.014546849333484876,0.30779712183248037,0.33522598446207147,0.15126497093171223,0.3092787880826242,47700,24804,49608,26712,0.0,1.0,0.0,1.0,0.0
CH_L_372a,13-26,13,26,0.46996023286180755,87,-0.07371559507391531,0.07519819912262106,0.48430506911757515,-0.07367705711528906,0.2665523615739232,49608,24804,51516,26712,0.0,0.0,1.0,0.0,0.0
CH_L_372a,14-25,14,25,0.6929041298295261,40,-0.003652882461268569,0.28630936044241967,0.3146440082791956,0.12378310007784246,0.38083967347646913,47700,26712,49608,28620,0.0,1.0,0.0,0.0,0.0
CH_L_372a,7-21,7,21,0.7221548087241129,70,0.029493137737988208,0.22365488818124502,0.36276378441833856,0.14663039565386524,0.41904161411076646,40068,13356,41976,15264,1.0,1.0,0.0,1.0,1.0
CH_L_372a,7-22,7,22,0.6610332890359373,57,-0.019427333254609522,0.13909781277878924,0.41452920829530326,0.041649330858964086,0.35159824871777207,41976,13356,43884,15264,0.0,0.0,0.0,0.0,0.0
CH_L_372a,7-24,7,24,0.35445323358397357,53,-0.08849706532361028,0.03294683464984333,0.504969918965978,-0.13557750718972664,0.3465508770174984,45792,13356,47700,15264,0.0,0.0,1.0,0.0,0.0
CH_L_372a,7-25,7,25,0.3188677628046347,50,-0.09594090488590011,0.03532863946146396,0.5176430031282498,-0.10603973852118093,0.37687581482205695,47700,13356,49608,15264,0.0,0.0,1.0,0.0,0.0
CH_L_372a,8-21,8,21,0.6243099740747347,109,0.013410799758428142,0.17501070635571842,0.4052476919493166,0.08184671675275056,0.42870074536742536,40068,15264,41976,17172,0.0,0.0,0.0,0.0,1.0
CH_L_372a,8-22,8,22,0.7739755534001159,121,0.011915075995660215,0.1901603714915344,0.38648948072445294,0.11571991846455067,0.35751679496644057,41976,15264,43884,17172,0.0,0.0,0.0,0.0,0.0
CH_L_372a,8-23,8,23,0.611518778340077,110,-0.034418238298940654,0.1110143440342437,0.44413856242398536,-0.008247583321147223,0.4113768668491341,43884,15264,45792,17172,0.0,0.0,0.0,0.0,0.0
CH_L_372a,8-24,8,24,0.5432718322192708,106,-0.08920808959339414,0.03871991380698682,0.5099906962346579,-0.1039748638633021,0.28564851108816786,45792,15264,47700,17172,0.0,0.0,1.0,0.0,0.0
CH_L_372a,8-25,8,25,0.406825643107917,103,-0.09334656695601895,0.027687733118220294,0.527761720023895,-0.14752460806397147,0.2999786891332847,47700,15264,49608,17172,0.0,0.0,1.0,0.0,0.0
CH_L_372a,8-26,8,26,0.38625168467250787,99,-0.0992485054185002,0.030157650175007295,0.5338178477689683,-0.1346725179017772,0.3452266202346665,49608,15264,51516,17172,0.0,0.0,1.0,0.0,0.0
CH_L_372a,9-20,9,20,0.6887642703196891,42,0.02708657172719875,0.19441276047805464,0.36705744898915454,0.12465301918419228,0.462080859313592,38160,17172,40068,19080,1.0,0.0,0.0,0.0,1.0
CH_L_372a,9-21,9,21,0.6707375023487663,118,0.03308864587225988,0.18604336107200875,0.3831421363138514,0.11150462689057239,0.43783562668144704,40068,17172,41976,19080,1.0,0.0,0.0,0.0,1.0
CH_L_372a,9-22,9,22,0.7438490347665755,109,0.023187685542786978,0.20095861325065348,0.3865193810045056,0.13714996673608756,0.3931750878619401,41976,17172,43884,19080,1.0,0.0,0.0,0.0,0.0
CH_L_372a,9-23,9,23,0.838623003425718,118,-0.005859019627679907,0.19347721465165896,0.3918499621277479,0.09208272192053929,0.3297316259091645,43884,17172,45792,19080,0.0,0.0,0.0,0.0,0.0
CH_L_372a,9-24,9,24,0.6798450775287405,100,-0.046902674296032634,0.09500269257876191,0.47184129056071844,-0.042002270731519145,0.283599492505756,45792,17172,47700,19080,0.0,0.0,1.0,0.0,0.0
CH_L_372a,9-25,9,25,0.3966565736629936,103,-0.08051088317565096,0.03664984416497242,0.5062892443690881,-0.13156705137188823,0.38833776778968104,47700,17172,49608,19080,0.0,0.0,1.0,0.0,0.0
CH_L_372a,9-26,9,26,0.5180528736329958,95,-0.0848544922479399,0.03296305480221284,0.5169073109416268,-0.11381320700305421,0.3163093957283591,49608,17172,51516,19080,0.0,0.0,1.0,0.0,0.0
CH_L_373a,3-10,3,10,0.5360246091378804,90,0.00845861971844177,0.11573344595449997,0.3289875101038646,0.03785227863612673,0.39394508277890944,19080,5724,20988,7632,1.0,0.0,0.0,1.0,0.0
CH_L_373a,3-9,3,9,0.30825737420098537,49,-0.03175909801756103,0.05037392196003552,0.410192017447294,-0.04283359552039373,0.528862654042469,17172,5724,19080,7632,0.0,0.0,1.0,0.0,1.0
CH_L_373a,4-10,4,10,0.5094546229124821,95,-0.0010443955757271884,0.12350081716449543,0.3400089607684468,0.01496263232463199,0.4395981190782698,19080,7632,20988,9540,1.0,0.0,0.0,0.0,0.0
CH_L_373a,4-11,4,11,0.47329606795306367,42,0.0020390833976555484,0.0935228719845624,0.32521537685743585,0.03770618956991563,0.5215061205522122,20988,7632,22896,9540,1.0,0.0,0.0,1.0,1.0
CH_L_373a,4-6,4,6,0.3576119734642048,53,-0.05526966565675535,0.024031479083766856,0.4299178698716776,-0.0751451401939472,0.5564753963138421,11448,7632,13356,9540,0.0,0.0,1.0,0.0,1.0
CH_L_373a,4-8,4,8,0.3102863316490233,46,-0.03963588511727734,0.0398037145509119,0.41421583521279925,-0.08013939408787753,0.5837934627579628,15264,7632,17172,9540,0.0,0.0,1.0,0.0,1.0
CH_L_373a,5-10,5,10,0.36775188104894585,115,-0.019467536118204162,0.07366325996865934,0.3248854366115673,-0.026160525684367147,0.4491682389209315,19080,9540,20988,11448,0.0,0.0,0.0,0.0,0.0
CH_L_373a,5-11,5,11,0.37713770029164156,58,-0.015566061363471788,0.04949921846740418,0.3395317916517631,-0.03089219520765526,0.45270563245157824,20988,9540,22896,11448,0.0,0.0,0.0,0.0,0.0
CH_L_373a,5-6,5,6,0.4046062777188924,103,-0.025507600422091364,0.08777244855603668,0.34666263629669647,-0.016682589463764524,0.4810239764530074,11448,9540,13356,11448,0.0,0.0,0.0,0.0,0.0
CH_L_373a,5-7,5,7,0.4282082434755129,104,-0.0019418921244013032,0.11948109457502064,0.3135191210448671,0.011538550854290857,0.4796470898418921,13356,9540,15264,11448,0.0,0.0,0.0,0.0,0.0
CH_L_373a,6-11,6,11,0.453283850251984,85,-0.021354848210949094,0.1739345417315514,0.3360809651156485,0.040288993924455146,0.395942780256786,20988,11448,22896,13356,0.0,1.0,0.0,1.0,0.0
CH_L_373a,6-6,6,6,0.612326426887214,113,0.002504480739727919,0.14619713583010321,0.3141190417895523,0.034838545236759055,0.4152483467466309,11448,11448,13356,13356,1.0,1.0,0.0,0.0,0.0
CH_L_373a,6-7,6,7,0.3703972097576628,114,-0.02154598407322359,0.11124569638659594,0.33835065996424957,-0.0014014168296484994,0.3941066783097813,13356,11448,15264,13356,0.0,0.0,0.0,0.0,0.0
CH_L_373a,6-8,6,8,0.5740157254888322,113,-0.03230277663489716,0.12620917458080524,0.37102865249609274,0.029697215216592552,0.28338043888306164,15264,11448,17172,13356,0.0,1.0,1.0,0.0,0.0
CH_L_373a,6-9,6,9,0.5637308747242179,112,-0.019410986180067372,0.1390449554522211,0.3569526092488405,0.03695813975320626,0.3478133900572709,17172,11448,19080,13356,0.0,1.0,0.0,1.0,0.0
CH_L_373a,7-10,7,10,0.40751151221174886,113,-0.01345452306807323,0.1035717090546411,0.3220572980483477,0.05094430297234727,0.4283338303170741,19080,13356,20988,15264,0.0,0.0,0.0,1.0,0.0
CH_L_373a,7-11,7,11,0.6664560143197521,96,0.012208202036788462,0.13916440379430164,0.31512152258717435,0.10545611747543882,0.3951075104331952,20988,13356,22896,15264,1.0,1.0,0.0,1.0,0.0
CH_L_373a,7-5,7,5,0.4243601531227503,64,0.009013107354706172,0.16639481039734375,0.28894867693254994,0.02728044380090564,0.4910676723804002,9540,13356,11448,15264,1.0,1.0,0.0,0.0,1.0
CH_L_373a,7-6,7,6,0.5833122650856546,108,0.028999931229372656,0.1811393243505057,0.30659952437719257,0.05396436766993509,0.45975922662848356,11448,13356,13356,15264,1.0,1.0,0.0,1.0,0.0
CH_L_373a,7-7,7,7,0.454715467750712,113,-0.017172232510273538,0.10595324212319818,0.32512889854557653,0.005299434560657152,0.43542273018521865,13356,13356,15264,15264,0.0,0.0,0.0,0.0,0.0
CH_L_373a,8-10,8,10,0.48605980551807504,108,-0.022093307353943575,0.09391620765285832,0.37238855565711826,0.004990762661714079,0.4308461869470601,19080,15264,20988,17172,0.0,0.0,1.0,0.0,0.0
CH_L_373a,8-11,8,11,0.45266206303853057,72,-0.007830734588013052,0.08702364725928054,0.31597420639113744,0.008053387269465972,0.4594068072168718,20988,15264,22896,17172,0.0,0.0,0.0,0.0,0.0
CH_L_373a,8-6,8,6,0.35112019355446594,47,-0.04182438606522208,0.04930763596163645,0.3968204573292597,-0.03862044937374402,0.5356034159136963,11448,15264,13356,17172,0.0,0.0,1.0,0.0,1.0
CH_L_373a,8-8,8,8,0.363291341975089,113,-0.010374088459739524,0.061327428522625446,0.3223625815300674,-0.016504911170964715,0.47285925646681043,15264,15264,17172,17172,0.0,0.0,0.0,0.0,0.0
CH_L_373a,8-9,8,9,0.30607936934031127,112,-0.032526065712620705,0.06516443777659846,0.35728424365686406,-0.037763434477209416,0.42410576023979507,17172,15264,19080,17172,0.0,0.0,1.0,0.0,0.0
CH_L_373a,9-8,9,8,0.38212767185231106,95,-0.013790702174170406,0.06291285654532587,0.3363936171367418,-0.020876971688253445,0.5115375697235222,15264,17172,17172,19080,0.0,0.0,0.0,0.0,1.0
CH_L_387a,2-2,2,2,0.7170078085262358,111,0.018566734571973453,0.37783693653154776,0.3954271515250412,0.11883112233782658,0.4566739432441209,3808,3808,5712,5712,1.0,1.0,0.0,0.0,0.0
CH_L_387a,3-2,3,2,0.6748580190823964,47,0.030055529202193156,0.3762567584968228,0.39847460391817074,0.13373444048601726,0.44316397986953654,3808,5712,5712,7616,1.0,1.0,0.0,1.0,0.0
CH_L_387a,3-3,3,3,0.4740279764528449,58,-0.003364939541572501,0.3418403381095837,0.41195454610184473,0.07964174025855195,0.39364205041858297,5712,5712,7616,7616,0.0,0.0,0.0,0.0,0.0
CH_L_387a,3-6,3,6,0.3869433418887488,89,-0.015252914179250914,0.31297181277173985,0.4234596496054647,0.05262117477477983,0.4823100020759061,11424,5712,13328,7616,0.0,0.0,1.0,0.0,1.0
CH_L_387a,3-7,3,7,0.4633181129656382,62,-0.005291383049875187,0.3737475682356213,0.3978987848466133,0.09371246250948677,0.4070270529575832,13328,5712,15232,7616,0.0,0.0,0.0,0.0,0.0
CH_L_387a,4-6,4,6,0.49307038188492447,52,0.00555495932079819,0.3529196313862666,0.4128207266973499,0.11328918734783452,0.4942849129125863,11424,7616,13328,9520,0.0,0.0,0.0,0.0,1.0
CH_L_387a,4-7,4,7,0.5190287103790246,80,0.011178014656956151,0.33294495535456614,0.4194986499589919,0.09637495931106253,0.4675172722525267,13328,7616,15232,9520,0.0,0.0,0.0,0.0,1.0
CH_L_387a,6-2,6,2,0.7661675497534334,53,-0.014120528997114327,0.34800957487027484,0.4510721276859686,0.12809258987376804,0.2690153896595534,3808,11424,5712,13328,0.0,0.0,1.0,1.0,0.0
CH_L_387a,7-2,7,2,0.5473549927013723,121,0.021919747745140945,0.3770405177309764,0.43094418664403905,0.12160832663392643,0.4401506252341836,3808,13328,5712,15232,1.0,1.0,1.0,1.0,0.0
CH_L_388a,2-6,2,6,0.32428065527564737,40,-0.018444727086066932,0.16032166152838895,0.2713825427560653,0.05385871154402407,0.23270420477564505,11424,3808,13328,5712,1.0,1.0,0.0,1.0,0.0
CH_L_388a,3-6,3,6,0.38616153149935484,78,-0.04396772088041727,0.10796136571082585,0.35439762279020076,-0.014227359103086404,0.37361844917979076,11424,5712,13328,7616,0.0,0.0,0.0,0.0,0.0
CH_L_388a,3-7,3,7,0.32448060121148486,59,-0.06433257070691119,0.0776340135946057,0.42627177531797167,-0.08112005628428125,0.3152058167528652,13328,5712,15232,7616,0.0,0.0,1.0,0.0,0.0
CH_L_388a,3-8,3,8,0.486024920212993,69,0.008553071327388943,0.20773856646688252,0.3141043159425635,0.06640194518000303,0.4856996246437678,15232,5712,17136,7616,1.0,1.0,0.0,1.0,1.0
CH_L_388a,4-2,4,2,0.30352995142220024,83,-0.062350594890214085,0.07517181773426948,0.4558074273514584,-0.08825704043760978,0.4349285520537132,3808,7616,5712,9520,0.0,0.0,1.0,0.0,0.0
CH_L_388a,5-5,5,5,0.3189106029432892,69,-0.03492426897843306,0.1355993574765454,0.35703563939726496,-0.03885429923753276,0.44336903952992446,9520,9520,11424,11424,0.0,0.0,0.0,0.0,1.0
CH_L_389a,2-7,2,7,0.3932512177472605,54,-0.026326229265277945,0.17789387188853342,0.3674071728821474,0.06930834418393815,0.4810555312807085,13328,3808,15232,5712,0.0,0.0,1.0,0.0,1.0
CH_L_389a,2-8,2,8,0.8746707082345432,52,-0.015912221278782324,0.2681814115345753,0.3583187427967995,0.0731992098490591,0.30803143323049054,15232,3808,17136,5712,0.0,1.0,0.0,0.0,0.0
CH_L_389a,3-4,3,4,0.8792324857855599,63,-0.02771554229708992,0.2548558406934081,0.33237300469814607,0.0970889645830423,0.294659943238838,7616,5712,9520,7616,0.0,1.0,0.0,0.0,0.0
CH_L_389a,3-5,3,5,0.6169452264499531,57,0.003298137849004818,0.26684981338560015,0.33097930371514445,0.14215943027002495,0.43156047299167183,9520,5712,11424,7616,1.0,1.0,0.0,1.0,0.0
CH_L_389a,3-8,3,8,0.5111008435241454,42,-0.027181596851932,0.17421097240379724,0.3216039719628775,0.045547637387688196,0.42766063841041296,15232,5712,17136,7616,0.0,0.0,0.0,0.0,0.0
CH_L_389a,4-4,4,4,0.8516963067310417,88,-0.0291568620546752,0.20683501107557642,0.3529938633694403,0.08669844345087603,0.2975575016370261,7616,7616,9520,9520,0.0,0.0,0.0,0.0,0.0
CH_L_389a,4-5,4,5,0.3173055467490057,86,-0.0126873817213291,0.1565017668593836,0.37532420190654286,0.07541826001110027,0.48866007543552564,9520,7616,11424,9520,1.0,0.0,1.0,0.0,1.0
CH_L_389a,5-8,5,8,0.48233723832079317,97,-0.019664244156599925,0.19552170160584734,0.3332762262921389,0.09924261702428232,0.46758898109994573,15232,9520,17136,11424,0.0,0.0,0.0,1.0,0.0
CH_L_389a,5-9,5,9,0.38352292479879446,102,-0.017987595534910417,0.2309826803569387,0.3765169963329608,0.09390502804426332,0.4896143628047638,17136,9520,19040,11424,0.0,0.0,1.0,0.0,1.0
CH_L_389a,6-9,6,9,0.3862913971069342,47,-0.01450155176635062,0.19063951075528063,0.3460725034553824,0.11804574656766723,0.4541457688497979,17136,11424,19040,13328,1.0,0.0,0.0,1.0,0.0
CH_L_390a,10-7,10,7,0.5294860352266855,102,-0.030956220553106064,0.18553895982022403,0.43529647340326527,-0.03352796493452759,0.19468783092150246,13328,19040,15232,20944,0.0,0.0,0.0,0.0,0.0
CH_L_390a,10-8,10,8,0.643536220859471,106,0.004780899299681641,0.22929696633083693,0.3974254939830425,0.05670116209645405,0.21011435498968303,15232,19040,17136,20944,1.0,1.0,0.0,1.0,0.0
CH_L_390a,11-7,11,7,0.4953139133361753,46,-0.01852237621840019,0.19010607769862464,0.41071678991165744,0.007828587908073212,0.27635560622303107,13328,20944,15232,22848,1.0,0.0,0.0,0.0,1.0
CH_L_390a,11-8,11,8,0.568468013410161,89,-0.03155827057715231,0.12608096639629227,0.4316450531793969,0.0013435409143543115,0.1694614938645507,15232,20944,17136,22848,0.0,0.0,0.0,0.0,0.0
CH_L_390a,12-11,12,11,0.3946758809950306,62,-0.035437651107740525,0.15076406240526793,0.4772241602607043,-0.042841066494118105,0.188362581388893,20944,22848,22848,24752,0.0,0.0,1.0,0.0,0.0
CH_L_390a,12-12,12,12,0.38351644688393055,77,-0.03678046703397299,0.17005265166954933,0.44588370086678236,-0.040747588685279446,0.2410566430228528,22848,22848,24752,24752,0.0,0.0,0.0,0.0,1.0
CH_L_390a,8-7,8,7,0.6104490152073326,41,-0.028127534609528958,0.2861182934773458,0.4466374335673597,0.05294751365719218,0.23029936375751897,13328,15232,15232,17136,0.0,1.0,1.0,1.0,0.0
CH_L_395a,3-3,3,3,0.4146090319843117,89,-0.054457940221600304,0.042863489344172584,0.5129303705357311,-0.08220474966958906,0.459418554460288,5712,5712,7616,7616,0.0,0.0,1.0,0.0,0.0
CH_L_395a,3-4,3,4,0.7286899928573869,82,0.013757275509158496,0.12441325638691884,0.45449478347102895,0.026978994233338608,0.5739232100379124,7616,5712,9520,7616,0.0,0.0,1.0,0.0,0.0
CH_L_395a,7-2,7,2,0.6405846228951051,81,0.054290718281474186,0.13745980090668408,0.42351504665759,0.11772693766099782,0.6205056002114978,3808,13328,5712,15232,1.0,0.0,0.0,0.0,0.0
CH_L_395a,7-3,7,3,0.5574729190056903,96,0.05661641990656303,0.15777703656308734,0.41507413840481155,0.12786713505759448,0.6301873286495392,5712,13328,7616,15232,1.0,1.0,0.0,1.0,1.0
CH_L_395a,8-3,8,3,0.6830170344912924,93,0.04930092558312337,0.1530418486871525,0.41499689622706376,0.1526639699739316,0.6352838459310964,5712,15232,7616,17136,0.0,1.0,0.0,1.0,1.0
CH_L_399a,13-6,13,6,0.4454361476281172,117,-0.08109831472887814,0.16725507803456255,0.5458816351155699,-0.044255894954745016,0.24140398990010603,11424,24752,13328,26656,0.0,0.0,1.0,0.0,0.0
CH_L_399a,14-6,14,6,0.6215342405094177,111,-0.006496045808600114,0.401086776159329,0.41466244579376116,0.17428485478705447,0.39249410497913245,11424,26656,13328,28560,1.0,1.0,0.0,1.0,1.0
CH_L_399a,14-7,14,7,0.4941083094617959,60,-0.028972357479432668,0.27480077314027584,0.46310808908563555,0.08996519785261531,0.3768930371122778,13328,26656,15232,28560,0.0,0.0,0.0,0.0,0.0
CH_L_400a,0-1,0,1,0.6227843675545502,60,-0.033963153464912604,0.37456973195723803,0.34624038520288875,0.03354166896936138,0.5726551943378689,1904,0,3808,1904,1.0,1.0,0.0,1.0,1.0
CH_L_400a,0-2,0,2,0.5137590488081437,43,-0.03912504977688962,0.30575934168166935,0.36261020720157505,0.009511559556262005,0.5593476524901475,3808,0,5712,1904,0.0,0.0,0.0,0.0,0.0
CH_L_400a,2-3,2,3,0.840020595733324,46,-0.07196147462632972,0.26581993069565785,0.3892197237735466,0.006189552400295706,0.5325137956551227,5712,3808,7616,5712,0.0,0.0,1.0,0.0,0.0
CH_L_403a,10-10,10,10,0.3500656709521287,67,-0.06984383908172832,0.1412117568172073,0.4164337667185676,-0.06325285934584478,0.4887635819898227,19040,19040,20944,20944,0.0,0.0,0.0,0.0,1.0
CH_L_403a,6-4,6,4,0.6344677968006684,65,-0.012190080737034925,0.3627941312721062,0.3244910181947202,0.10558260539943334,0.4788009170691346,7616,11424,9520,13328,1.0,1.0,0.0,1.0,0.0
CH_L_403a,6-5,6,5,0.7177636925307719,56,-0.01213695237093374,0.2908115396901181,0.359635012592173,0.10443506247121474,0.505391676643748,9520,11424,11424,13328,1.0,1.0,0.0,0.0,1.0
CH_L_403a,6-6,6,6,0.7864230534394038,46,-0.018578701239053884,0.2733028583093869,0.3635488056528952,0.1147012189366957,0.43346957772718653,11424,11424,13328,13328,0.0,1.0,0.0,1.0,0.0
CH_L_403a,7-10,7,10,0.37248976741734646,77,-0.0698282934773192,0.05742010680120906,0.4553002973714205,-0.08999016903757681,0.45941377609077855,19040,13328,20944,15232,0.0,0.0,1.0,0.0,0.0
CH_L_403a,7-4,7,4,0.6682118559033385,82,-0.007044819897198221,0.3515026149238362,0.34525066573044755,0.11641903367463012,0.5211444474777498,7616,13328,9520,15232,1.0,1.0,0.0,1.0,1.0
CH_L_403a,7-5,7,5,0.714541162676568,71,-0.02850028661500172,0.171186856909947,0.3911846513065589,0.010695767696716214,0.48656084893108825,9520,13328,11424,15232,0.0,0.0,0.0,0.0,0.0
CH_L_403a,7-6,7,6,0.7099201355455509,85,-0.05544323058134637,0.11043184475538727,0.4320346987685215,-0.04260091492380745,0.35511571672846315,11424,13328,13328,15232,0.0,0.0,1.0,0.0,0.0
CH_L_403a,7-7,7,7,0.7138981287040261,84,-0.04871396490103351,0.10911020206585555,0.44025841717370107,-0.05375197611912686,0.3782572489896222,13328,13328,15232,15232,0.0,0.0,1.0,0.0,0.0
CH_L_403a,7-8,7,8,0.9107874524636123,88,-0.015413544267618933,0.22900408807664444,0.3692001541687855,0.13091932849830887,0.42177182020725357,15232,13328,17136,15232,0.0,0.0,0.0,1.0,0.0
CH_L_403a,7-9,7,9,0.4742623066991746,87,-0.013048489102334323,0.24506749910122336,0.37256602458210314,0.05925799511577858,0.5270803813442078,17136,13328,19040,15232,0.0,0.0,0.0,0.0,1.0
CH_L_403a,8-10,8,10,0.416369272924494,76,-0.046994009827539596,0.161763131142935,0.43523189378868743,-0.02927821945520388,0.4263947390391331,19040,15232,20944,17136,0.0,0.0,1.0,0.0,0.0
CH_L_403a,8-11,8,11,0.44330971903490374,48,-0.04998730844692537,0.20189680469755267,0.42042736654693286,-0.006087396724452476,0.4848396891541738,20944,15232,22848,17136,0.0,0.0,1.0,0.0,0.0
CH_L_403a,8-8,8,8,0.892546774944942,56,0.005389622380769292,0.27522092287966504,0.3513854321129385,0.14529203250527642,0.43286295221863974,15232,15232,17136,17136,1.0,1.0,0.0,1.0,0.0
CH_L_403a,8-9,8,9,0.4143098590708999,51,-0.024759447117005853,0.1538040121425433,0.397192780483236,0.01593853054021681,0.5480783644846129,17136,15232,19040,17136,0.0,0.0,0.0,0.0,1.0
CH_L_403a,9-10,9,10,0.7888723223802644,90,-0.035038631941852263,0.2050871873204645,0.4061240233639773,0.05289210006439834,0.40699436049368964,19040,17136,20944,19040,0.0,0.0,0.0,0.0,0.0
CH_L_403a,9-11,9,11,0.6706007358845382,40,-0.049613639499824974,0.18681586195082603,0.40911649645402537,0.03930067426856092,0.485200312271565,20944,17136,22848,19040,0.0,0.0,0.0,0.0,0.0
CH_L_403a,9-9,9,9,0.7578887703685026,45,-0.0073574511932888555,0.21273600667818118,0.3918587959276987,0.061737572552929124,0.4422033125589868,17136,17136,19040,19040,1.0,0.0,0.0,0.0,0.0
