2026-10-08 20:11:20 - __main__ - INFO - ========================================
2026-10-08 20:11:20 - __main__ - INFO - Starting cohort preprocessing
2026-10-08 20:11:20 - __main__ - INFO - ========================================
2026-10-08 20:11:20 - __main__ - INFO - Found 151 patients from cohort manifest
2026-10-08 20:11:20 - __main__ - INFO - First 10 patients: ['CH_L_275a', 'CH_L_276a', 'CH_L_277a', 'CH_L_278a', 'CH_L_279a', 'CH_L_280a', 'CH_L_281a', 'CH_L_281b', 'CH_L_282a', 'CH_L_283a']
2026-10-08 20:11:20 - __main__ - INFO - ----------------------------------------
2026-10-08 20:11:20 - __main__ - INFO - Preprocessing patient: CH_L_275a
2026-10-08 20:11:20 - hne.preprocessing.pipeline - INFO - Starting preprocessing patient: CH_L_275a
2026-10-08 20:11:34 - h5py._conv - DEBUG - Creating converter from 3 to 5
2026-10-08 20:11:36 - hne.preprocessing.tumor_purity - INFO - Attached tumor fraction to 4392 tissue spots
2026-10-08 20:11:38 - hne.preprocessing.tumor_purity - INFO - Created 51 initial tiles
2026-10-08 20:11:38 - hne.preprocessing.tumor_purity - INFO - Bayesian tile purtiy computed (k=2.0): mean=0.490
2026-10-08 20:11:38 - hne.preprocessing.tumor_purity - INFO - Filtered from 51 to 40 tumor tiles
2026-10-08 20:12:19 - hne.preprocessing.tiling - INFO - Saved 40 tumor tiles for patient CH_L_275a
2026-10-08 20:12:59 - hne.preprocessing.aggregation - INFO - Aggregated 40 tumor tiles with avg 96.4 spots per tile
2026-10-08 20:12:59 - hne.preprocessing.aggregation - DEBUG - 78.43% of tiles are tumor tiles
2026-10-08 20:12:59 - hne.preprocessing.aggregation - DEBUG - FMRP_signature_score binary cutoff (p75): 0.0265
2026-10-08 20:12:59 - hne.preprocessing.aggregation - DEBUG - Cell_cycle_signature_score binary cutoff (p75): 0.1281
2026-10-08 20:12:59 - hne.preprocessing.aggregation - DEBUG - YAP_signature_score binary cutoff (p75): 0.4284
2026-10-08 20:12:59 - hne.preprocessing.aggregation - DEBUG - WNT_signature_score binary cutoff (p75): -0.0197
2026-10-08 20:12:59 - hne.preprocessing.aggregation - DEBUG - EMT_signature_score binary cutoff (p75): 0.4375
2026-10-08 20:12:59 - hne.preprocessing.pipeline - INFO - Completed preprocessing for CH_L_275a.
2026-10-08 20:12:59 - __main__ - INFO - Preprocessing patient: CH_L_276a
2026-10-08 20:12:59 - hne.preprocessing.pipeline - INFO - Starting preprocessing patient: CH_L_276a
2026-10-08 20:13:18 - hne.preprocessing.tumor_purity - INFO - Attached tumor fraction to 4924 tissue spots
2026-10-08 20:13:20 - hne.preprocessing.tumor_purity - INFO - Created 55 initial tiles
2026-10-08 20:13:20 - hne.preprocessing.tumor_purity - INFO - Bayesian tile purtiy computed (k=2.0): mean=0.392
2026-10-08 20:13:20 - hne.preprocessing.tumor_purity - INFO - Filtered from 55 to 38 tumor tiles
2026-10-08 20:13:56 - hne.preprocessing.tiling - INFO - Saved 38 tumor tiles for patient CH_L_276a
2026-10-08 20:14:43 - hne.preprocessing.aggregation - INFO - Aggregated 38 tumor tiles with avg 101.84 spots per tile
2026-10-08 20:14:43 - hne.preprocessing.aggregation - DEBUG - 69.09% of tiles are tumor tiles
2026-10-08 20:14:43 - hne.preprocessing.aggregation - DEBUG - FMRP_signature_score binary cutoff (p75): -0.0232
2026-10-08 20:14:43 - hne.preprocessing.aggregation - DEBUG - Cell_cycle_signature_score binary cutoff (p75): 0.2125
2026-10-08 20:14:43 - hne.preprocessing.aggregation - DEBUG - YAP_signature_score binary cutoff (p75): 0.3551
2026-10-08 20:14:43 - hne.preprocessing.aggregation - DEBUG - WNT_signature_score binary cutoff (p75): 0.0438
2026-10-08 20:14:43 - hne.preprocessing.aggregation - DEBUG - EMT_signature_score binary cutoff (p75): 0.4643
2026-10-08 20:14:43 - hne.preprocessing.pipeline - INFO - Completed preprocessing for CH_L_276a.
2026-10-08 20:14:43 - __main__ - INFO - Preprocessing patient: CH_L_277a
2026-10-08 20:14:43 - hne.preprocessing.pipeline - INFO - Starting preprocessing patient: CH_L_277a
2026-10-08 20:14:56 - hne.preprocessing.tumor_purity - INFO - Attached tumor fraction to 2192 tissue spots
2026-10-08 20:14:56 - hne.preprocessing.tumor_purity - INFO - Created 30 initial tiles
2026-10-08 20:14:56 - hne.preprocessing.tumor_purity - INFO - Bayesian tile purtiy computed (k=2.0): mean=0.615
2026-10-08 20:14:57 - hne.preprocessing.tumor_purity - INFO - Filtered from 30 to 21 tumor tiles
2026-10-08 20:15:18 - hne.preprocessing.tiling - INFO - Saved 21 tumor tiles for patient CH_L_277a
2026-10-08 20:15:41 - hne.preprocessing.aggregation - INFO - Aggregated 21 tumor tiles with avg 96.9 spots per tile
2026-10-08 20:15:41 - hne.preprocessing.aggregation - DEBUG - 70.00% of tiles are tumor tiles
2026-10-08 20:15:41 - hne.preprocessing.aggregation - DEBUG - FMRP_signature_score binary cutoff (p75): 0.0671
2026-10-08 20:15:41 - hne.preprocessing.aggregation - DEBUG - Cell_cycle_signature_score binary cutoff (p75): 0.1942
2026-10-08 20:15:41 - hne.preprocessing.aggregation - DEBUG - YAP_signature_score binary cutoff (p75): 0.3846
2026-10-08 20:15:41 - hne.preprocessing.aggregation - DEBUG - WNT_signature_score binary cutoff (p75): 0.0618
2026-10-08 20:15:41 - hne.preprocessing.aggregation - DEBUG - EMT_signature_score binary cutoff (p75): 0.5663
2026-10-08 20:15:41 - hne.preprocessing.pipeline - INFO - Completed preprocessing for CH_L_277a.
2026-10-08 20:15:41 - __main__ - INFO - Preprocessing patient: CH_L_278a
2026-10-08 20:15:41 - hne.preprocessing.pipeline - INFO - Starting preprocessing patient: CH_L_278a
2026-10-08 20:15:58 - hne.preprocessing.tumor_purity - INFO - Attached tumor fraction to 4377 tissue spots
2026-10-08 20:16:01 - hne.preprocessing.tumor_purity - INFO - Created 60 initial tiles
2026-10-08 20:16:01 - hne.preprocessing.tumor_purity - INFO - Bayesian tile purtiy computed (k=2.0): mean=0.402
2026-10-08 20:16:01 - hne.preprocessing.tumor_purity - INFO - Filtered from 60 to 28 tumor tiles
2026-10-08 20:16:30 - hne.preprocessing.tiling - INFO - Saved 28 tumor tiles for patient CH_L_278a
2026-10-08 20:17:17 - hne.preprocessing.aggregation - INFO - Aggregated 28 tumor tiles with avg 99.57 spots per tile
2026-10-08 20:17:17 - hne.preprocessing.aggregation - DEBUG - 46.67% of tiles are tumor tiles
2026-10-08 20:17:17 - hne.preprocessing.aggregation - DEBUG - FMRP_signature_score binary cutoff (p75): 0.0687
2026-10-08 20:17:17 - hne.preprocessing.aggregation - DEBUG - Cell_cycle_signature_score binary cutoff (p75): 0.1515
2026-10-08 20:17:17 - hne.preprocessing.aggregation - DEBUG - YAP_signature_score binary cutoff (p75): 0.4032
2026-10-08 20:17:17 - hne.preprocessing.aggregation - DEBUG - WNT_signature_score binary cutoff (p75): 0.0306
2026-10-08 20:17:17 - hne.preprocessing.aggregation - DEBUG - EMT_signature_score binary cutoff (p75): 0.4673
2026-10-08 20:17:17 - hne.preprocessing.pipeline - INFO - Completed preprocessing for CH_L_278a.
2026-10-08 20:17:17 - __main__ - INFO - Preprocessing patient: CH_L_279a
2026-10-08 20:17:17 - hne.preprocessing.pipeline - INFO - Starting preprocessing patient: CH_L_279a
2026-10-08 20:17:34 - hne.preprocessing.tumor_purity - INFO - Attached tumor fraction to 4744 tissue spots
2026-10-08 20:17:36 - hne.preprocessing.tumor_purity - INFO - Created 61 initial tiles
2026-10-08 20:17:36 - hne.preprocessing.tumor_purity - INFO - Bayesian tile purtiy computed (k=2.0): mean=0.346
2026-10-08 20:17:36 - hne.preprocessing.tumor_purity - INFO - Filtered from 61 to 22 tumor tiles
2026-10-08 20:18:01 - hne.preprocessing.tiling - INFO - Saved 22 tumor tiles for patient CH_L_279a
2026-10-08 20:18:44 - hne.preprocessing.aggregation - INFO - Aggregated 22 tumor tiles with avg 100.18 spots per tile
2026-10-08 20:18:44 - hne.preprocessing.aggregation - DEBUG - 36.07% of tiles are tumor tiles
2026-10-08 20:18:44 - hne.preprocessing.aggregation - DEBUG - FMRP_signature_score binary cutoff (p75): -0.0274
2026-10-08 20:18:44 - hne.preprocessing.aggregation - DEBUG - Cell_cycle_signature_score binary cutoff (p75): 0.1428
2026-10-08 20:18:44 - hne.preprocessing.aggregation - DEBUG - YAP_signature_score binary cutoff (p75): 0.4208
2026-10-08 20:18:44 - hne.preprocessing.aggregation - DEBUG - WNT_signature_score binary cutoff (p75): 0.0377
2026-10-08 20:18:44 - hne.preprocessing.aggregation - DEBUG - EMT_signature_score binary cutoff (p75): 0.4005
2026-10-08 20:18:44 - hne.preprocessing.pipeline - INFO - Completed preprocessing for CH_L_279a.
2026-10-08 20:18:44 - __main__ - INFO - Preprocessing patient: CH_L_280a
2026-10-08 20:18:44 - hne.preprocessing.pipeline - INFO - Starting preprocessing patient: CH_L_280a
2026-10-08 20:19:06 - hne.preprocessing.tumor_purity - INFO - Attached tumor fraction to 4992 tissue spots
2026-10-08 20:19:08 - hne.preprocessing.tumor_purity - INFO - Created 62 initial tiles
2026-10-08 20:19:08 - hne.preprocessing.tumor_purity - INFO - Bayesian tile purtiy computed (k=2.0): mean=0.695
2026-10-08 20:19:08 - hne.preprocessing.tumor_purity - INFO - Filtered from 62 to 47 tumor tiles
2026-10-08 20:19:53 - hne.preprocessing.tiling - INFO - Saved 47 tumor tiles for patient CH_L_280a
2026-10-08 20:20:39 - hne.preprocessing.aggregation - INFO - Aggregated 47 tumor tiles with avg 97.85 spots per tile
2026-10-08 20:20:39 - hne.preprocessing.aggregation - DEBUG - 75.81% of tiles are tumor tiles
2026-10-08 20:20:39 - hne.preprocessing.aggregation - DEBUG - FMRP_signature_score binary cutoff (p75): -0.0045
2026-10-08 20:20:39 - hne.preprocessing.aggregation - DEBUG - Cell_cycle_signature_score binary cutoff (p75): 0.2537
2026-10-08 20:20:39 - hne.preprocessing.aggregation - DEBUG - YAP_signature_score binary cutoff (p75): 0.3314
2026-10-08 20:20:39 - hne.preprocessing.aggregation - DEBUG - WNT_signature_score binary cutoff (p75): 0.0363
2026-10-08 20:20:39 - hne.preprocessing.aggregation - DEBUG - EMT_signature_score binary cutoff (p75): 0.4140
2026-10-08 20:20:39 - hne.preprocessing.pipeline - INFO - Completed preprocessing for CH_L_280a.
2026-10-08 20:20:39 - __main__ - INFO - Preprocessing patient: CH_L_281a
2026-10-08 20:20:39 - hne.preprocessing.pipeline - INFO - Starting preprocessing patient: CH_L_281a
2026-10-08 20:20:52 - hne.preprocessing.tumor_purity - INFO - Attached tumor fraction to 4545 tissue spots
2026-10-08 20:20:56 - hne.preprocessing.tumor_purity - INFO - Created 57 initial tiles
2026-10-08 20:20:56 - hne.preprocessing.tumor_purity - INFO - Bayesian tile purtiy computed (k=2.0): mean=0.438
2026-10-08 20:20:56 - hne.preprocessing.tumor_purity - INFO - Filtered from 57 to 27 tumor tiles
2026-10-08 20:21:23 - hne.preprocessing.tiling - INFO - Saved 27 tumor tiles for patient CH_L_281a
2026-10-08 20:22:04 - hne.preprocessing.aggregation - INFO - Aggregated 27 tumor tiles with avg 111.19 spots per tile
2026-10-08 20:22:04 - hne.preprocessing.aggregation - DEBUG - 47.37% of tiles are tumor tiles
2026-10-08 20:22:04 - hne.preprocessing.aggregation - DEBUG - FMRP_signature_score binary cutoff (p75): -0.0625
2026-10-08 20:22:04 - hne.preprocessing.aggregation - DEBUG - Cell_cycle_signature_score binary cutoff (p75): 0.0469
2026-10-08 20:22:04 - hne.preprocessing.aggregation - DEBUG - YAP_signature_score binary cutoff (p75): 0.5063
2026-10-08 20:22:04 - hne.preprocessing.aggregation - DEBUG - WNT_signature_score binary cutoff (p75): -0.1104
2026-10-08 20:22:04 - hne.preprocessing.aggregation - DEBUG - EMT_signature_score binary cutoff (p75): 0.3404
2026-10-08 20:22:04 - hne.preprocessing.pipeline - INFO - Completed preprocessing for CH_L_281a.
2026-10-08 20:22:04 - __main__ - INFO - Preprocessing patient: CH_L_281b
2026-10-08 20:22:04 - hne.preprocessing.pipeline - INFO - Starting preprocessing patient: CH_L_281b
2026-10-08 20:22:19 - hne.preprocessing.tumor_purity - INFO - Attached tumor fraction to 4485 tissue spots
2026-10-08 20:22:19 - hne.preprocessing.tumor_purity - INFO - Created 55 initial tiles
2026-10-08 20:22:19 - hne.preprocessing.tumor_purity - INFO - Bayesian tile purtiy computed (k=2.0): mean=0.402
2026-10-08 20:22:19 - hne.preprocessing.tumor_purity - INFO - Filtered from 55 to 40 tumor tiles
2026-10-08 20:23:01 - hne.preprocessing.tiling - INFO - Saved 40 tumor tiles for patient CH_L_281b
2026-10-08 20:23:47 - hne.preprocessing.aggregation - INFO - Aggregated 40 tumor tiles with avg 93.3 spots per tile
2026-10-08 20:23:47 - hne.preprocessing.aggregation - DEBUG - 72.73% of tiles are tumor tiles
2026-10-08 20:23:47 - hne.preprocessing.aggregation - DEBUG - FMRP_signature_score binary cutoff (p75): -0.0192
2026-10-08 20:23:47 - hne.preprocessing.aggregation - DEBUG - Cell_cycle_signature_score binary cutoff (p75): 0.1017
2026-10-08 20:23:47 - hne.preprocessing.aggregation - DEBUG - YAP_signature_score binary cutoff (p75): 0.4544
2026-10-08 20:23:47 - hne.preprocessing.aggregation - DEBUG - WNT_signature_score binary cutoff (p75): -0.0399
2026-10-08 20:23:47 - hne.preprocessing.aggregation - DEBUG - EMT_signature_score binary cutoff (p75): 0.5149
2026-10-08 20:23:47 - hne.preprocessing.pipeline - INFO - Completed preprocessing for CH_L_281b.
2026-10-08 20:23:47 - __main__ - INFO - Preprocessing patient: CH_L_282a
2026-10-08 20:23:47 - hne.preprocessing.pipeline - INFO - Starting preprocessing patient: CH_L_282a
2026-10-08 20:23:59 - hne.preprocessing.tumor_purity - INFO - Attached tumor fraction to 4114 tissue spots
2026-10-08 20:24:01 - hne.preprocessing.tumor_purity - INFO - Created 63 initial tiles
2026-10-08 20:24:01 - hne.preprocessing.tumor_purity - INFO - Bayesian tile purtiy computed (k=2.0): mean=0.389
2026-10-08 20:24:01 - hne.preprocessing.tumor_purity - INFO - Filtered from 63 to 30 tumor tiles
2026-10-08 20:24:32 - hne.preprocessing.tiling - INFO - Saved 30 tumor tiles for patient CH_L_282a
2026-10-08 20:25:11 - hne.preprocessing.aggregation - INFO - Aggregated 30 tumor tiles with avg 81.43 spots per tile
2026-10-08 20:25:11 - hne.preprocessing.aggregation - DEBUG - 47.62% of tiles are tumor tiles
2026-10-08 20:25:11 - hne.preprocessing.aggregation - DEBUG - FMRP_signature_score binary cutoff (p75): -0.0691
2026-10-08 20:25:11 - hne.preprocessing.aggregation - DEBUG - Cell_cycle_signature_score binary cutoff (p75): 0.0402
2026-10-08 20:25:11 - hne.preprocessing.aggregation - DEBUG - YAP_signature_score binary cutoff (p75): 0.5253
2026-10-08 20:25:11 - hne.preprocessing.aggregation - DEBUG - WNT_signature_score binary cutoff (p75): -0.1141
2026-10-08 20:25:11 - hne.preprocessing.aggregation - DEBUG - EMT_signature_score binary cutoff (p75): 0.3539
2026-10-08 20:25:11 - hne.preprocessing.pipeline - INFO - Completed preprocessing for CH_L_282a.
2026-10-08 20:25:11 - __main__ - INFO - Preprocessing patient: CH_L_283a
2026-10-08 20:25:11 - hne.preprocessing.pipeline - INFO - Starting preprocessing patient: CH_L_283a
2026-10-08 20:25:28 - hne.preprocessing.tumor_purity - INFO - Attached tumor fraction to 4922 tissue spots
2026-10-08 20:25:30 - hne.preprocessing.tumor_purity - INFO - Created 60 initial tiles
2026-10-08 20:25:30 - hne.preprocessing.tumor_purity - INFO - Bayesian tile purtiy computed (k=2.0): mean=0.705
2026-10-08 20:25:30 - hne.preprocessing.tumor_purity - INFO - Filtered from 60 to 44 tumor tiles
2026-10-08 20:26:14 - hne.preprocessing.tiling - INFO - Saved 44 tumor tiles for patient CH_L_283a
2026-10-08 20:27:00 - hne.preprocessing.aggregation - INFO - Aggregated 44 tumor tiles with avg 101.55 spots per tile
2026-10-08 20:27:00 - hne.preprocessing.aggregation - DEBUG - 73.33% of tiles are tumor tiles
2026-10-08 20:27:00 - hne.preprocessing.aggregation - DEBUG - FMRP_signature_score binary cutoff (p75): -0.0315
2026-10-08 20:27:00 - hne.preprocessing.aggregation - DEBUG - Cell_cycle_signature_score binary cutoff (p75): 0.2340
2026-10-08 20:27:00 - hne.preprocessing.aggregation - DEBUG - YAP_signature_score binary cutoff (p75): 0.4073
2026-10-08 20:27:00 - hne.preprocessing.aggregation - DEBUG - WNT_signature_score binary cutoff (p75): -0.0066
2026-10-08 20:27:00 - hne.preprocessing.aggregation - DEBUG - EMT_signature_score binary cutoff (p75): 0.3524
2026-10-08 20:27:00 - hne.preprocessing.pipeline - INFO - Completed preprocessing for CH_L_283a.
2026-10-08 20:27:00 - __main__ - INFO - Preprocessing patient: CH_L_284a
2026-10-08 20:27:00 - hne.preprocessing.pipeline - INFO - Starting preprocessing patient: CH_L_284a
2026-10-08 20:27:12 - hne.preprocessing.tumor_purity - INFO - Attached tumor fraction to 4548 tissue spots
2026-10-08 20:27:14 - hne.preprocessing.tumor_purity - INFO - Created 56 initial tiles
2026-10-08 20:27:14 - hne.preprocessing.tumor_purity - INFO - Bayesian tile purtiy computed (k=2.0): mean=0.393
2026-10-08 20:27:14 - hne.preprocessing.tumor_purity - INFO - Filtered from 56 to 27 tumor tiles
2026-10-08 20:27:48 - hne.preprocessing.tiling - INFO - Saved 27 tumor tiles for patient CH_L_284a
2026-10-08 20:28:28 - hne.preprocessing.aggregation - INFO - Aggregated 27 tumor tiles with avg 108.89 spots per tile
2026-10-08 20:28:28 - hne.preprocessing.aggregation - DEBUG - 48.21% of tiles are tumor tiles
2026-10-08 20:28:28 - hne.preprocessing.aggregation - DEBUG - FMRP_signature_score binary cutoff (p75): -0.0853
2026-10-08 20:28:28 - hne.preprocessing.aggregation - DEBUG - Cell_cycle_signature_score binary cutoff (p75): 0.0354
2026-10-08 20:28:28 - hne.preprocessing.aggregation - DEBUG - YAP_signature_score binary cutoff (p75): 0.5271
2026-10-08 20:28:28 - hne.preprocessing.aggregation - DEBUG - WNT_signature_score binary cutoff (p75): -0.1235
2026-10-08 20:28:28 - hne.preprocessing.aggregation - DEBUG - EMT_signature_score binary cutoff (p75): 0.2825
2026-10-08 20:28:28 - hne.preprocessing.pipeline - INFO - Completed preprocessing for CH_L_284a.
2026-10-08 20:28:28 - __main__ - INFO - Preprocessing patient: CH_L_285a
2026-10-08 20:28:28 - hne.preprocessing.pipeline - INFO - Starting preprocessing patient: CH_L_285a
2026-10-08 20:28:41 - hne.preprocessing.tumor_purity - INFO - Attached tumor fraction to 4423 tissue spots
2026-10-08 20:28:43 - hne.preprocessing.tumor_purity - INFO - Created 64 initial tiles
2026-10-08 20:28:43 - hne.preprocessing.tumor_purity - INFO - Bayesian tile purtiy computed (k=2.0): mean=0.480
2026-10-08 20:28:43 - hne.preprocessing.tumor_purity - INFO - Filtered from 64 to 33 tumor tiles
2026-10-08 20:29:16 - hne.preprocessing.tiling - INFO - Saved 33 tumor tiles for patient CH_L_285a
2026-10-08 20:29:56 - hne.preprocessing.aggregation - INFO - Aggregated 33 tumor tiles with avg 97.91 spots per tile
2026-10-08 20:29:56 - hne.preprocessing.aggregation - DEBUG - 51.56% of tiles are tumor tiles
2026-10-08 20:29:56 - hne.preprocessing.aggregation - DEBUG - FMRP_signature_score binary cutoff (p75): -0.0797
2026-10-08 20:29:56 - hne.preprocessing.aggregation - DEBUG - Cell_cycle_signature_score binary cutoff (p75): 0.0452
2026-10-08 20:29:56 - hne.preprocessing.aggregation - DEBUG - YAP_signature_score binary cutoff (p75): 0.5156
2026-10-08 20:29:56 - hne.preprocessing.aggregation - DEBUG - WNT_signature_score binary cutoff (p75): -0.1012
2026-10-08 20:29:56 - hne.preprocessing.aggregation - DEBUG - EMT_signature_score binary cutoff (p75): 0.3372
2026-10-08 20:29:56 - hne.preprocessing.pipeline - INFO - Completed preprocessing for CH_L_285a.
2026-10-08 20:29:56 - __main__ - INFO - Preprocessing patient: CH_L_287a
2026-10-08 20:29:56 - hne.preprocessing.pipeline - INFO - Starting preprocessing patient: CH_L_287a
2026-10-08 20:30:10 - hne.preprocessing.tumor_purity - INFO - Attached tumor fraction to 4843 tissue spots
2026-10-08 20:30:13 - hne.preprocessing.tumor_purity - INFO - Created 54 initial tiles
2026-10-08 20:30:13 - hne.preprocessing.tumor_purity - INFO - Bayesian tile purtiy computed (k=2.0): mean=0.418
2026-10-08 20:30:13 - hne.preprocessing.tumor_purity - INFO - Filtered from 54 to 33 tumor tiles
2026-10-08 20:30:47 - hne.preprocessing.tiling - INFO - Saved 33 tumor tiles for patient CH_L_287a
2026-10-08 20:31:30 - hne.preprocessing.aggregation - INFO - Aggregated 33 tumor tiles with avg 103.27 spots per tile
2026-10-08 20:31:30 - hne.preprocessing.aggregation - DEBUG - 61.11% of tiles are tumor tiles
2026-10-08 20:31:30 - hne.preprocessing.aggregation - DEBUG - FMRP_signature_score binary cutoff (p75): -0.0576
2026-10-08 20:31:30 - hne.preprocessing.aggregation - DEBUG - Cell_cycle_signature_score binary cutoff (p75): 0.0759
2026-10-08 20:31:30 - hne.preprocessing.aggregation - DEBUG - YAP_signature_score binary cutoff (p75): 0.5144
2026-10-08 20:31:30 - hne.preprocessing.aggregation - DEBUG - WNT_signature_score binary cutoff (p75): -0.0924
2026-10-08 20:31:30 - hne.preprocessing.aggregation - DEBUG - EMT_signature_score binary cutoff (p75): 0.3503
2026-10-08 20:31:30 - hne.preprocessing.pipeline - INFO - Completed preprocessing for CH_L_287a.
2026-10-08 20:31:30 - __main__ - INFO - Preprocessing patient: CH_L_288a
2026-10-08 20:31:30 - hne.preprocessing.pipeline - INFO - Starting preprocessing patient: CH_L_288a
2026-10-08 20:31:45 - hne.preprocessing.tumor_purity - INFO - Attached tumor fraction to 4620 tissue spots
2026-10-08 20:31:46 - hne.preprocessing.tumor_purity - INFO - Created 61 initial tiles
2026-10-08 20:31:46 - hne.preprocessing.tumor_purity - INFO - Bayesian tile purtiy computed (k=2.0): mean=0.497
2026-10-08 20:31:46 - hne.preprocessing.tumor_purity - INFO - Filtered from 61 to 35 tumor tiles
2026-10-08 20:32:21 - hne.preprocessing.tiling - INFO - Saved 35 tumor tiles for patient CH_L_288a
2026-10-08 20:33:00 - hne.preprocessing.aggregation - INFO - Aggregated 35 tumor tiles with avg 100.94 spots per tile
2026-10-08 20:33:00 - hne.preprocessing.aggregation - DEBUG - 57.38% of tiles are tumor tiles
2026-10-08 20:33:00 - hne.preprocessing.aggregation - DEBUG - FMRP_signature_score binary cutoff (p75): -0.0843
2026-10-08 20:33:00 - hne.preprocessing.aggregation - DEBUG - Cell_cycle_signature_score binary cutoff (p75): 0.0944
2026-10-08 20:33:00 - hne.preprocessing.aggregation - DEBUG - YAP_signature_score binary cutoff (p75): 0.5071
2026-10-08 20:33:00 - hne.preprocessing.aggregation - DEBUG - WNT_signature_score binary cutoff (p75): -0.1031
2026-10-08 20:33:00 - hne.preprocessing.aggregation - DEBUG - EMT_signature_score binary cutoff (p75): 0.3402
2026-10-08 20:33:00 - hne.preprocessing.pipeline - INFO - Completed preprocessing for CH_L_288a.
2026-10-08 20:33:00 - __main__ - INFO - Preprocessing patient: CH_L_289a
2026-10-08 20:33:00 - hne.preprocessing.pipeline - INFO - Starting preprocessing patient: CH_L_289a
2026-10-08 20:33:17 - hne.preprocessing.tumor_purity - INFO - Attached tumor fraction to 4825 tissue spots
2026-10-08 20:33:21 - hne.preprocessing.tumor_purity - INFO - Created 49 initial tiles
2026-10-08 20:33:21 - hne.preprocessing.tumor_purity - INFO - Bayesian tile purtiy computed (k=2.0): mean=0.579
2026-10-08 20:33:21 - hne.preprocessing.tumor_purity - INFO - Filtered from 49 to 43 tumor tiles
2026-10-08 20:34:01 - hne.preprocessing.tiling - INFO - Saved 43 tumor tiles for patient CH_L_289a
2026-10-08 20:34:42 - hne.preprocessing.aggregation - INFO - Aggregated 43 tumor tiles with avg 106.33 spots per tile
2026-10-08 20:34:42 - hne.preprocessing.aggregation - DEBUG - 87.76% of tiles are tumor tiles
2026-10-08 20:34:42 - hne.preprocessing.aggregation - DEBUG - FMRP_signature_score binary cutoff (p75): -0.0052
2026-10-08 20:34:42 - hne.preprocessing.aggregation - DEBUG - Cell_cycle_signature_score binary cutoff (p75): 0.0437
2026-10-08 20:34:42 - hne.preprocessing.aggregation - DEBUG - YAP_signature_score binary cutoff (p75): 0.4182
2026-10-08 20:34:42 - hne.preprocessing.aggregation - DEBUG - WNT_signature_score binary cutoff (p75): -0.0243
2026-10-08 20:34:42 - hne.preprocessing.aggregation - DEBUG - EMT_signature_score binary cutoff (p75): 0.4315
2026-10-08 20:34:42 - hne.preprocessing.pipeline - INFO - Completed preprocessing for CH_L_289a.
2026-10-08 20:34:42 - __main__ - INFO - Preprocessing patient: CH_L_290a
2026-10-08 20:34:42 - hne.preprocessing.pipeline - INFO - Starting preprocessing patient: CH_L_290a
2026-10-08 20:35:01 - hne.preprocessing.tumor_purity - INFO - Attached tumor fraction to 4712 tissue spots
2026-10-08 20:35:04 - hne.preprocessing.tumor_purity - INFO - Created 55 initial tiles
2026-10-08 20:35:04 - hne.preprocessing.tumor_purity - INFO - Bayesian tile purtiy computed (k=2.0): mean=0.356
2026-10-08 20:35:04 - hne.preprocessing.tumor_purity - INFO - Filtered from 55 to 27 tumor tiles
2026-10-08 20:35:31 - hne.preprocessing.tiling - INFO - Saved 27 tumor tiles for patient CH_L_290a
2026-10-08 20:36:13 - hne.preprocessing.aggregation - INFO - Aggregated 27 tumor tiles with avg 104.3 spots per tile
2026-10-08 20:36:13 - hne.preprocessing.aggregation - DEBUG - 49.09% of tiles are tumor tiles
2026-10-08 20:36:13 - hne.preprocessing.aggregation - DEBUG - FMRP_signature_score binary cutoff (p75): 0.0581
2026-10-08 20:36:13 - hne.preprocessing.aggregation - DEBUG - Cell_cycle_signature_score binary cutoff (p75): 0.1522
2026-10-08 20:36:13 - hne.preprocessing.aggregation - DEBUG - YAP_signature_score binary cutoff (p75): 0.3850
2026-10-08 20:36:13 - hne.preprocessing.aggregation - DEBUG - WNT_signature_score binary cutoff (p75): 0.0470
2026-10-08 20:36:13 - hne.preprocessing.aggregation - DEBUG - EMT_signature_score binary cutoff (p75): 0.5444
2026-10-08 20:36:13 - hne.preprocessing.pipeline - INFO - Completed preprocessing for CH_L_290a.
2026-10-08 20:36:13 - __main__ - INFO - Preprocessing patient: CH_L_291a
2026-10-08 20:36:13 - hne.preprocessing.pipeline - INFO - Starting preprocessing patient: CH_L_291a
2026-10-08 20:36:32 - hne.preprocessing.tumor_purity - INFO - Attached tumor fraction to 4626 tissue spots
2026-10-08 20:36:34 - hne.preprocessing.tumor_purity - INFO - Created 62 initial tiles
2026-10-08 20:36:34 - hne.preprocessing.tumor_purity - INFO - Bayesian tile purtiy computed (k=2.0): mean=0.681
2026-10-08 20:36:34 - hne.preprocessing.tumor_purity - INFO - Filtered from 62 to 42 tumor tiles
2026-10-08 20:37:14 - hne.preprocessing.tiling - INFO - Saved 42 tumor tiles for patient CH_L_291a
2026-10-08 20:37:55 - hne.preprocessing.aggregation - INFO - Aggregated 42 tumor tiles with avg 99.67 spots per tile
2026-10-08 20:37:55 - hne.preprocessing.aggregation - DEBUG - 67.74% of tiles are tumor tiles
2026-10-08 20:37:55 - hne.preprocessing.aggregation - DEBUG - FMRP_signature_score binary cutoff (p75): -0.0030
2026-10-08 20:37:55 - hne.preprocessing.aggregation - DEBUG - Cell_cycle_signature_score binary cutoff (p75): 0.2853
2026-10-08 20:37:55 - hne.preprocessing.aggregation - DEBUG - YAP_signature_score binary cutoff (p75): 0.3858
2026-10-08 20:37:55 - hne.preprocessing.aggregation - DEBUG - WNT_signature_score binary cutoff (p75): 0.0862
2026-10-08 20:37:55 - hne.preprocessing.aggregation - DEBUG - EMT_signature_score binary cutoff (p75): 0.4127
2026-10-08 20:37:55 - hne.preprocessing.pipeline - INFO - Completed preprocessing for CH_L_291a.
2026-10-08 20:37:55 - __main__ - INFO - Preprocessing patient: CH_L_292a
2026-10-08 20:37:55 - hne.preprocessing.pipeline - INFO - Starting preprocessing patient: CH_L_292a
2026-10-08 20:38:07 - hne.preprocessing.tumor_purity - INFO - Attached tumor fraction to 3972 tissue spots
2026-10-08 20:38:09 - hne.preprocessing.tumor_purity - INFO - Created 63 initial tiles
2026-10-08 20:38:09 - hne.preprocessing.tumor_purity - INFO - Bayesian tile purtiy computed (k=2.0): mean=0.506
2026-10-08 20:38:09 - hne.preprocessing.tumor_purity - INFO - Filtered from 63 to 45 tumor tiles
2026-10-08 20:38:53 - hne.preprocessing.tiling - INFO - Saved 45 tumor tiles for patient CH_L_292a
2026-10-08 20:39:28 - hne.preprocessing.aggregation - INFO - Aggregated 45 tumor tiles with avg 73.87 spots per tile
2026-10-08 20:39:28 - hne.preprocessing.aggregation - DEBUG - 71.43% of tiles are tumor tiles
2026-10-08 20:39:28 - hne.preprocessing.aggregation - DEBUG - FMRP_signature_score binary cutoff (p75): -0.0542
2026-10-08 20:39:28 - hne.preprocessing.aggregation - DEBUG - Cell_cycle_signature_score binary cutoff (p75): 0.0500
2026-10-08 20:39:28 - hne.preprocessing.aggregation - DEBUG - YAP_signature_score binary cutoff (p75): 0.4954
2026-10-08 20:39:28 - hne.preprocessing.aggregation - DEBUG - WNT_signature_score binary cutoff (p75): -0.0530
2026-10-08 20:39:28 - hne.preprocessing.aggregation - DEBUG - EMT_signature_score binary cutoff (p75): 0.4015
2026-10-08 20:39:28 - hne.preprocessing.pipeline - INFO - Completed preprocessing for CH_L_292a.
2026-10-08 20:39:28 - __main__ - INFO - Preprocessing patient: CH_L_293a
2026-10-08 20:39:28 - hne.preprocessing.pipeline - INFO - Starting preprocessing patient: CH_L_293a
2026-10-08 20:39:45 - hne.preprocessing.tumor_purity - INFO - Attached tumor fraction to 4718 tissue spots
2026-10-08 20:39:48 - hne.preprocessing.tumor_purity - INFO - Created 61 initial tiles
2026-10-08 20:39:48 - hne.preprocessing.tumor_purity - INFO - Bayesian tile purtiy computed (k=2.0): mean=0.779
2026-10-08 20:39:48 - hne.preprocessing.tumor_purity - INFO - Filtered from 61 to 44 tumor tiles
2026-10-08 20:40:29 - hne.preprocessing.tiling - INFO - Saved 44 tumor tiles for patient CH_L_293a
2026-10-08 20:41:12 - hne.preprocessing.aggregation - INFO - Aggregated 44 tumor tiles with avg 100.75 spots per tile
2026-10-08 20:41:12 - hne.preprocessing.aggregation - DEBUG - 72.13% of tiles are tumor tiles
2026-10-08 20:41:12 - hne.preprocessing.aggregation - DEBUG - FMRP_signature_score binary cutoff (p75): -0.0495
2026-10-08 20:41:12 - hne.preprocessing.aggregation - DEBUG - Cell_cycle_signature_score binary cutoff (p75): 0.2803
2026-10-08 20:41:12 - hne.preprocessing.aggregation - DEBUG - YAP_signature_score binary cutoff (p75): 0.3751
2026-10-08 20:41:12 - hne.preprocessing.aggregation - DEBUG - WNT_signature_score binary cutoff (p75): 0.0362
2026-10-08 20:41:12 - hne.preprocessing.aggregation - DEBUG - EMT_signature_score binary cutoff (p75): 0.3256
2026-10-08 20:41:12 - hne.preprocessing.pipeline - INFO - Completed preprocessing for CH_L_293a.
2026-10-08 20:41:13 - __main__ - INFO - Preprocessing patient: CH_L_294a
2026-10-08 20:41:13 - hne.preprocessing.pipeline - INFO - Starting preprocessing patient: CH_L_294a
2026-10-08 20:41:26 - hne.preprocessing.tumor_purity - INFO - Attached tumor fraction to 4904 tissue spots
2026-10-08 20:41:29 - hne.preprocessing.tumor_purity - INFO - Created 55 initial tiles
2026-10-08 20:41:29 - hne.preprocessing.tumor_purity - INFO - Bayesian tile purtiy computed (k=2.0): mean=0.458
2026-10-08 20:41:29 - hne.preprocessing.tumor_purity - INFO - Filtered from 55 to 42 tumor tiles
2026-10-08 20:42:11 - hne.preprocessing.tiling - INFO - Saved 42 tumor tiles for patient CH_L_294a
2026-10-08 20:42:55 - hne.preprocessing.aggregation - INFO - Aggregated 42 tumor tiles with avg 99.88 spots per tile
2026-10-08 20:42:55 - hne.preprocessing.aggregation - DEBUG - 76.36% of tiles are tumor tiles
2026-10-08 20:42:55 - hne.preprocessing.aggregation - DEBUG - FMRP_signature_score binary cutoff (p75): -0.0870
2026-10-08 20:42:55 - hne.preprocessing.aggregation - DEBUG - Cell_cycle_signature_score binary cutoff (p75): 0.0724
2026-10-08 20:42:55 - hne.preprocessing.aggregation - DEBUG - YAP_signature_score binary cutoff (p75): 0.5586
2026-10-08 20:42:55 - hne.preprocessing.aggregation - DEBUG - WNT_signature_score binary cutoff (p75): -0.1241
2026-10-08 20:42:55 - hne.preprocessing.aggregation - DEBUG - EMT_signature_score binary cutoff (p75): 0.2669
2026-10-08 20:42:55 - hne.preprocessing.pipeline - INFO - Completed preprocessing for CH_L_294a.
2026-10-08 20:42:55 - __main__ - INFO - Preprocessing patient: CH_L_295a
2026-10-08 20:42:55 - hne.preprocessing.pipeline - INFO - Starting preprocessing patient: CH_L_295a
2026-10-08 20:43:07 - hne.preprocessing.tumor_purity - INFO - Attached tumor fraction to 4350 tissue spots
2026-10-08 20:43:10 - hne.preprocessing.tumor_purity - INFO - Created 62 initial tiles
2026-10-08 20:43:10 - hne.preprocessing.tumor_purity - INFO - Bayesian tile purtiy computed (k=2.0): mean=0.487
2026-10-08 20:43:10 - hne.preprocessing.tumor_purity - INFO - Filtered from 62 to 35 tumor tiles
2026-10-08 20:43:45 - hne.preprocessing.tiling - INFO - Saved 35 tumor tiles for patient CH_L_295a
2026-10-08 20:44:23 - hne.preprocessing.aggregation - INFO - Aggregated 35 tumor tiles with avg 93.2 spots per tile
2026-10-08 20:44:23 - hne.preprocessing.aggregation - DEBUG - 56.45% of tiles are tumor tiles
2026-10-08 20:44:23 - hne.preprocessing.aggregation - DEBUG - FMRP_signature_score binary cutoff (p75): -0.0659
2026-10-08 20:44:23 - hne.preprocessing.aggregation - DEBUG - Cell_cycle_signature_score binary cutoff (p75): 0.0882
2026-10-08 20:44:23 - hne.preprocessing.aggregation - DEBUG - YAP_signature_score binary cutoff (p75): 0.5174
2026-10-08 20:44:23 - hne.preprocessing.aggregation - DEBUG - WNT_signature_score binary cutoff (p75): -0.0702
2026-10-08 20:44:23 - hne.preprocessing.aggregation - DEBUG - EMT_signature_score binary cutoff (p75): 0.3757
2026-10-08 20:44:23 - hne.preprocessing.pipeline - INFO - Completed preprocessing for CH_L_295a.
2026-10-08 20:44:23 - __main__ - INFO - Preprocessing patient: CH_L_296a
2026-10-08 20:44:23 - hne.preprocessing.pipeline - INFO - Starting preprocessing patient: CH_L_296a
2026-10-08 20:44:34 - hne.preprocessing.tumor_purity - INFO - Attached tumor fraction to 4344 tissue spots
2026-10-08 20:44:35 - hne.preprocessing.tumor_purity - INFO - Created 53 initial tiles
2026-10-08 20:44:35 - hne.preprocessing.tumor_purity - INFO - Bayesian tile purtiy computed (k=2.0): mean=0.338
2026-10-08 20:44:35 - hne.preprocessing.tumor_purity - INFO - Filtered from 53 to 38 tumor tiles
2026-10-08 20:45:14 - hne.preprocessing.tiling - INFO - Saved 38 tumor tiles for patient CH_L_296a
2026-10-08 20:45:52 - hne.preprocessing.aggregation - INFO - Aggregated 38 tumor tiles with avg 97.68 spots per tile
2026-10-08 20:45:52 - hne.preprocessing.aggregation - DEBUG - 71.70% of tiles are tumor tiles
2026-10-08 20:45:52 - hne.preprocessing.aggregation - DEBUG - FMRP_signature_score binary cutoff (p75): -0.0947
2026-10-08 20:45:52 - hne.preprocessing.aggregation - DEBUG - Cell_cycle_signature_score binary cutoff (p75): 0.0899
2026-10-08 20:45:52 - hne.preprocessing.aggregation - DEBUG - YAP_signature_score binary cutoff (p75): 0.6100
2026-10-08 20:45:52 - hne.preprocessing.aggregation - DEBUG - WNT_signature_score binary cutoff (p75): -0.1510
2026-10-08 20:45:52 - hne.preprocessing.aggregation - DEBUG - EMT_signature_score binary cutoff (p75): 0.2588
2026-10-08 20:45:52 - hne.preprocessing.pipeline - INFO - Completed preprocessing for CH_L_296a.
2026-10-08 20:45:52 - __main__ - INFO - Preprocessing patient: CH_L_298a
2026-10-08 20:45:52 - hne.preprocessing.pipeline - INFO - Starting preprocessing patient: CH_L_298a
2026-10-08 20:46:02 - hne.preprocessing.tumor_purity - INFO - Attached tumor fraction to 2107 tissue spots
2026-10-08 20:46:03 - hne.preprocessing.tumor_purity - INFO - Created 43 initial tiles
2026-10-08 20:46:03 - hne.preprocessing.tumor_purity - INFO - Bayesian tile purtiy computed (k=2.0): mean=0.484
2026-10-08 20:46:03 - hne.preprocessing.tumor_purity - INFO - Filtered from 43 to 25 tumor tiles
2026-10-08 20:46:21 - __main__ - ERROR - Failed preprocessing patient CH_L_298a
Traceback (most recent call last):
  File "/home/sagemaker-user/HNE/scripts/preprocessing/preprocess_cohort.py", line 74, in <module>
    metadata, tiles_sig, spot_df, sig_cols_patient = preprocess_patient(
  File "/home/sagemaker-user/HNE/src/hne/preprocessing/pipeline.py", line 83, in preprocess_patient
    _, meta = crop_and_save_tiles(tumor_tiles_df, tile_size_px, slide, patient_id)
  File "/home/sagemaker-user/HNE/src/hne/preprocessing/tiling.py", line 41, in crop_and_save_tiles
    raise ValueError(
ValueError: CH_L_298a: tile 18-1 starts at (1908, 34344) px, outside the 46833x33723 slide. The opened image is not the one the fullres coordinates refer to.
2026-10-08 20:46:21 - __main__ - INFO - Preprocessing patient: CH_L_299a
2026-10-08 20:46:21 - hne.preprocessing.pipeline - INFO - Starting preprocessing patient: CH_L_299a
2026-10-08 20:46:37 - hne.preprocessing.tumor_purity - INFO - Attached tumor fraction to 4809 tissue spots
2026-10-08 20:46:39 - hne.preprocessing.tumor_purity - INFO - Created 60 initial tiles
2026-10-08 20:46:39 - hne.preprocessing.tumor_purity - INFO - Bayesian tile purtiy computed (k=2.0): mean=0.504
2026-10-08 20:46:39 - hne.preprocessing.tumor_purity - INFO - Filtered from 60 to 32 tumor tiles
2026-10-08 20:47:09 - hne.preprocessing.tiling - INFO - Saved 32 tumor tiles for patient CH_L_299a
2026-10-08 20:47:52 - hne.preprocessing.aggregation - INFO - Aggregated 32 tumor tiles with avg 111.72 spots per tile
2026-10-08 20:47:52 - hne.preprocessing.aggregation - DEBUG - 53.33% of tiles are tumor tiles
2026-10-08 20:47:52 - hne.preprocessing.aggregation - DEBUG - FMRP_signature_score binary cutoff (p75): -0.0458
2026-10-08 20:47:52 - hne.preprocessing.aggregation - DEBUG - Cell_cycle_signature_score binary cutoff (p75): 0.2270
2026-10-08 20:47:52 - hne.preprocessing.aggregation - DEBUG - YAP_signature_score binary cutoff (p75): 0.4202
2026-10-08 20:47:52 - hne.preprocessing.aggregation - DEBUG - WNT_signature_score binary cutoff (p75): -0.0058
2026-10-08 20:47:52 - hne.preprocessing.aggregation - DEBUG - EMT_signature_score binary cutoff (p75): 0.3887
2026-10-08 20:47:52 - hne.preprocessing.pipeline - INFO - Completed preprocessing for CH_L_299a.
2026-10-08 20:47:52 - __main__ - INFO - Preprocessing patient: CH_L_300a
2026-10-08 20:47:52 - hne.preprocessing.pipeline - INFO - Starting preprocessing patient: CH_L_300a
2026-10-08 20:48:04 - hne.preprocessing.tumor_purity - INFO - Attached tumor fraction to 4719 tissue spots
2026-10-08 20:48:06 - hne.preprocessing.tumor_purity - INFO - Created 56 initial tiles
2026-10-08 20:48:06 - hne.preprocessing.tumor_purity - INFO - Bayesian tile purtiy computed (k=2.0): mean=0.230
2026-10-08 20:48:06 - hne.preprocessing.tumor_purity - WARNING - Mean tile purity is very low: 0.23003562041572487
2026-10-08 20:48:06 - hne.preprocessing.tumor_purity - INFO - Filtered from 56 to 13 tumor tiles
2026-10-08 20:48:19 - hne.preprocessing.tiling - INFO - Saved 13 tumor tiles for patient CH_L_300a
2026-10-08 20:49:01 - hne.preprocessing.aggregation - INFO - Aggregated 13 tumor tiles with avg 93.85 spots per tile
2026-10-08 20:49:01 - hne.preprocessing.aggregation - DEBUG - 23.21% of tiles are tumor tiles
2026-10-08 20:49:01 - hne.preprocessing.aggregation - DEBUG - FMRP_signature_score binary cutoff (p75): -0.0706
2026-10-08 20:49:01 - hne.preprocessing.aggregation - DEBUG - Cell_cycle_signature_score binary cutoff (p75): 0.1235
2026-10-08 20:49:01 - hne.preprocessing.aggregation - DEBUG - YAP_signature_score binary cutoff (p75): 0.4932
2026-10-08 20:49:01 - hne.preprocessing.aggregation - DEBUG - WNT_signature_score binary cutoff (p75): -0.1008
2026-10-08 20:49:01 - hne.preprocessing.aggregation - DEBUG - EMT_signature_score binary cutoff (p75): 0.4132
2026-10-08 20:49:01 - hne.preprocessing.pipeline - INFO - Completed preprocessing for CH_L_300a.
2026-10-08 20:49:01 - __main__ - INFO - Preprocessing patient: CH_L_301a
2026-10-08 20:49:01 - hne.preprocessing.pipeline - INFO - Starting preprocessing patient: CH_L_301a
2026-10-08 20:49:16 - hne.preprocessing.tumor_purity - INFO - Attached tumor fraction to 4434 tissue spots
2026-10-08 20:49:19 - hne.preprocessing.tumor_purity - INFO - Created 58 initial tiles
2026-10-08 20:49:19 - hne.preprocessing.tumor_purity - INFO - Bayesian tile purtiy computed (k=2.0): mean=0.491
2026-10-08 20:49:19 - hne.preprocessing.tumor_purity - INFO - Filtered from 58 to 32 tumor tiles
2026-10-08 20:49:51 - hne.preprocessing.tiling - INFO - Saved 32 tumor tiles for patient CH_L_301a
2026-10-08 20:50:30 - hne.preprocessing.aggregation - INFO - Aggregated 32 tumor tiles with avg 106.0 spots per tile
2026-10-08 20:50:30 - hne.preprocessing.aggregation - DEBUG - 55.17% of tiles are tumor tiles
2026-10-08 20:50:30 - hne.preprocessing.aggregation - DEBUG - FMRP_signature_score binary cutoff (p75): 0.0111
2026-10-08 20:50:30 - hne.preprocessing.aggregation - DEBUG - Cell_cycle_signature_score binary cutoff (p75): 0.0680
2026-10-08 20:50:30 - hne.preprocessing.aggregation - DEBUG - YAP_signature_score binary cutoff (p75): 0.4115
2026-10-08 20:50:30 - hne.preprocessing.aggregation - DEBUG - WNT_signature_score binary cutoff (p75): 0.0221
2026-10-08 20:50:30 - hne.preprocessing.aggregation - DEBUG - EMT_signature_score binary cutoff (p75): 0.4753
2026-10-08 20:50:30 - hne.preprocessing.pipeline - INFO - Completed preprocessing for CH_L_301a.
2026-10-08 20:50:30 - __main__ - INFO - Preprocessing patient: CH_L_302a
2026-10-08 20:50:30 - hne.preprocessing.pipeline - INFO - Starting preprocessing patient: CH_L_302a
2026-10-08 20:50:50 - hne.preprocessing.tumor_purity - INFO - Attached tumor fraction to 4978 tissue spots
2026-10-08 20:50:53 - hne.preprocessing.tumor_purity - INFO - Created 56 initial tiles
2026-10-08 20:50:53 - hne.preprocessing.tumor_purity - INFO - Bayesian tile purtiy computed (k=2.0): mean=0.620
2026-10-08 20:50:53 - hne.preprocessing.tumor_purity - INFO - Filtered from 56 to 46 tumor tiles
2026-10-08 20:51:37 - hne.preprocessing.tiling - INFO - Saved 46 tumor tiles for patient CH_L_302a
2026-10-08 20:52:21 - hne.preprocessing.aggregation - INFO - Aggregated 46 tumor tiles with avg 100.65 spots per tile
2026-10-08 20:52:21 - hne.preprocessing.aggregation - DEBUG - 82.14% of tiles are tumor tiles
2026-10-08 20:52:21 - hne.preprocessing.aggregation - DEBUG - FMRP_signature_score binary cutoff (p75): 0.0183
2026-10-08 20:52:21 - hne.preprocessing.aggregation - DEBUG - Cell_cycle_signature_score binary cutoff (p75): 0.1013
2026-10-08 20:52:21 - hne.preprocessing.aggregation - DEBUG - YAP_signature_score binary cutoff (p75): 0.3700
2026-10-08 20:52:21 - hne.preprocessing.aggregation - DEBUG - WNT_signature_score binary cutoff (p75): 0.0111
2026-10-08 20:52:21 - hne.preprocessing.aggregation - DEBUG - EMT_signature_score binary cutoff (p75): 0.4525
2026-10-08 20:52:21 - hne.preprocessing.pipeline - INFO - Completed preprocessing for CH_L_302a.
2026-10-08 20:52:21 - __main__ - INFO - Preprocessing patient: CH_L_303a
2026-10-08 20:52:21 - hne.preprocessing.pipeline - INFO - Starting preprocessing patient: CH_L_303a
2026-10-08 20:52:39 - hne.preprocessing.tumor_purity - INFO - Attached tumor fraction to 4987 tissue spots
2026-10-08 20:52:42 - hne.preprocessing.tumor_purity - INFO - Created 49 initial tiles
2026-10-08 20:52:42 - hne.preprocessing.tumor_purity - INFO - Bayesian tile purtiy computed (k=2.0): mean=0.373
2026-10-08 20:52:42 - hne.preprocessing.tumor_purity - INFO - Filtered from 49 to 35 tumor tiles
2026-10-08 20:53:16 - hne.preprocessing.tiling - INFO - Saved 35 tumor tiles for patient CH_L_303a
2026-10-08 20:53:59 - hne.preprocessing.aggregation - INFO - Aggregated 35 tumor tiles with avg 98.11 spots per tile
2026-10-08 20:53:59 - hne.preprocessing.aggregation - DEBUG - 71.43% of tiles are tumor tiles
2026-10-08 20:53:59 - hne.preprocessing.aggregation - DEBUG - FMRP_signature_score binary cutoff (p75): -0.0043
2026-10-08 20:53:59 - hne.preprocessing.aggregation - DEBUG - Cell_cycle_signature_score binary cutoff (p75): 0.0853
2026-10-08 20:53:59 - hne.preprocessing.aggregation - DEBUG - YAP_signature_score binary cutoff (p75): 0.3683
2026-10-08 20:53:59 - hne.preprocessing.aggregation - DEBUG - WNT_signature_score binary cutoff (p75): -0.0221
2026-10-08 20:53:59 - hne.preprocessing.aggregation - DEBUG - EMT_signature_score binary cutoff (p75): 0.4668
2026-10-08 20:53:59 - hne.preprocessing.pipeline - INFO - Completed preprocessing for CH_L_303a.
2026-10-08 20:53:59 - __main__ - INFO - Preprocessing patient: CH_L_305a
2026-10-08 20:53:59 - hne.preprocessing.pipeline - INFO - Starting preprocessing patient: CH_L_305a
2026-10-08 20:54:14 - hne.preprocessing.tumor_purity - INFO - Attached tumor fraction to 4757 tissue spots
2026-10-08 20:54:20 - hne.preprocessing.tumor_purity - INFO - Created 49 initial tiles
2026-10-08 20:54:20 - hne.preprocessing.tumor_purity - INFO - Bayesian tile purtiy computed (k=2.0): mean=0.592
2026-10-08 20:54:20 - hne.preprocessing.tumor_purity - INFO - Filtered from 49 to 47 tumor tiles
2026-10-08 20:55:08 - hne.preprocessing.tiling - INFO - Saved 47 tumor tiles for patient CH_L_305a
2026-10-08 20:55:48 - hne.preprocessing.aggregation - INFO - Aggregated 47 tumor tiles with avg 98.3 spots per tile
2026-10-08 20:55:48 - hne.preprocessing.aggregation - DEBUG - 95.92% of tiles are tumor tiles
2026-10-08 20:55:48 - hne.preprocessing.aggregation - DEBUG - FMRP_signature_score binary cutoff (p75): -0.0115
2026-10-08 20:55:48 - hne.preprocessing.aggregation - DEBUG - Cell_cycle_signature_score binary cutoff (p75): 0.1521
2026-10-08 20:55:48 - hne.preprocessing.aggregation - DEBUG - YAP_signature_score binary cutoff (p75): 0.4844
2026-10-08 20:55:48 - hne.preprocessing.aggregation - DEBUG - WNT_signature_score binary cutoff (p75): -0.0186
2026-10-08 20:55:48 - hne.preprocessing.aggregation - DEBUG - EMT_signature_score binary cutoff (p75): 0.4161
2026-10-08 20:55:48 - hne.preprocessing.pipeline - INFO - Completed preprocessing for CH_L_305a.
2026-10-08 20:55:48 - __main__ - INFO - Preprocessing patient: CH_L_306a
2026-10-08 20:55:48 - hne.preprocessing.pipeline - INFO - Starting preprocessing patient: CH_L_306a
2026-10-08 20:56:01 - hne.preprocessing.tumor_purity - INFO - Attached tumor fraction to 4673 tissue spots
2026-10-08 20:56:04 - hne.preprocessing.tumor_purity - INFO - Created 56 initial tiles
2026-10-08 20:56:04 - hne.preprocessing.tumor_purity - INFO - Bayesian tile purtiy computed (k=2.0): mean=0.236
2026-10-08 20:56:04 - hne.preprocessing.tumor_purity - WARNING - Mean tile purity is very low: 0.23584067968760372
2026-10-08 20:56:04 - hne.preprocessing.tumor_purity - INFO - Filtered from 56 to 14 tumor tiles
2026-10-08 20:56:18 - hne.preprocessing.tiling - INFO - Saved 14 tumor tiles for patient CH_L_306a
2026-10-08 20:56:58 - hne.preprocessing.aggregation - INFO - Aggregated 14 tumor tiles with avg 100.57 spots per tile
2026-10-08 20:56:58 - hne.preprocessing.aggregation - DEBUG - 25.00% of tiles are tumor tiles
2026-10-08 20:56:58 - hne.preprocessing.aggregation - DEBUG - FMRP_signature_score binary cutoff (p75): -0.0642
2026-10-08 20:56:58 - hne.preprocessing.aggregation - DEBUG - Cell_cycle_signature_score binary cutoff (p75): 0.0785
2026-10-08 20:56:58 - hne.preprocessing.aggregation - DEBUG - YAP_signature_score binary cutoff (p75): 0.5093
2026-10-08 20:56:58 - hne.preprocessing.aggregation - DEBUG - WNT_signature_score binary cutoff (p75): -0.1074
2026-10-08 20:56:58 - hne.preprocessing.aggregation - DEBUG - EMT_signature_score binary cutoff (p75): 0.4363
2026-10-08 20:56:58 - hne.preprocessing.pipeline - INFO - Completed preprocessing for CH_L_306a.
2026-10-08 20:56:59 - __main__ - INFO - Preprocessing patient: CH_L_306b
2026-10-08 20:56:59 - hne.preprocessing.pipeline - INFO - Starting preprocessing patient: CH_L_306b
2026-10-08 20:57:11 - hne.preprocessing.tumor_purity - INFO - Attached tumor fraction to 4388 tissue spots
2026-10-08 20:57:13 - hne.preprocessing.tumor_purity - INFO - Created 51 initial tiles
2026-10-08 20:57:13 - hne.preprocessing.tumor_purity - INFO - Bayesian tile purtiy computed (k=2.0): mean=0.419
2026-10-08 20:57:14 - hne.preprocessing.tumor_purity - INFO - Filtered from 51 to 37 tumor tiles
2026-10-08 20:57:50 - hne.preprocessing.tiling - INFO - Saved 37 tumor tiles for patient CH_L_306b
2026-10-08 20:58:28 - hne.preprocessing.aggregation - INFO - Aggregated 37 tumor tiles with avg 97.08 spots per tile
2026-10-08 20:58:28 - hne.preprocessing.aggregation - DEBUG - 72.55% of tiles are tumor tiles
2026-10-08 20:58:28 - hne.preprocessing.aggregation - DEBUG - FMRP_signature_score binary cutoff (p75): -0.0547
2026-10-08 20:58:28 - hne.preprocessing.aggregation - DEBUG - Cell_cycle_signature_score binary cutoff (p75): 0.0671
2026-10-08 20:58:28 - hne.preprocessing.aggregation - DEBUG - YAP_signature_score binary cutoff (p75): 0.5365
2026-10-08 20:58:28 - hne.preprocessing.aggregation - DEBUG - WNT_signature_score binary cutoff (p75): -0.1041
2026-10-08 20:58:28 - hne.preprocessing.aggregation - DEBUG - EMT_signature_score binary cutoff (p75): 0.3075
2026-10-08 20:58:28 - hne.preprocessing.pipeline - INFO - Completed preprocessing for CH_L_306b.
2026-10-08 20:58:28 - __main__ - INFO - Preprocessing patient: CH_L_307a
2026-10-08 20:58:28 - hne.preprocessing.pipeline - INFO - Starting preprocessing patient: CH_L_307a
2026-10-08 20:58:43 - hne.preprocessing.tumor_purity - INFO - Attached tumor fraction to 4898 tissue spots
2026-10-08 20:58:46 - hne.preprocessing.tumor_purity - INFO - Created 51 initial tiles
2026-10-08 20:58:46 - hne.preprocessing.tumor_purity - INFO - Bayesian tile purtiy computed (k=2.0): mean=0.532
2026-10-08 20:58:47 - hne.preprocessing.tumor_purity - INFO - Filtered from 51 to 33 tumor tiles
2026-10-08 20:59:20 - hne.preprocessing.tiling - INFO - Saved 33 tumor tiles for patient CH_L_307a
2026-10-08 21:00:01 - hne.preprocessing.aggregation - INFO - Aggregated 33 tumor tiles with avg 115.15 spots per tile
2026-10-08 21:00:01 - hne.preprocessing.aggregation - DEBUG - 64.71% of tiles are tumor tiles
2026-10-08 21:00:01 - hne.preprocessing.aggregation - DEBUG - FMRP_signature_score binary cutoff (p75): -0.0119
2026-10-08 21:00:01 - hne.preprocessing.aggregation - DEBUG - Cell_cycle_signature_score binary cutoff (p75): 0.1690
2026-10-08 21:00:01 - hne.preprocessing.aggregation - DEBUG - YAP_signature_score binary cutoff (p75): 0.3941
2026-10-08 21:00:01 - hne.preprocessing.aggregation - DEBUG - WNT_signature_score binary cutoff (p75): 0.0468
2026-10-08 21:00:01 - hne.preprocessing.aggregation - DEBUG - EMT_signature_score binary cutoff (p75): 0.4941
2026-10-08 21:00:01 - hne.preprocessing.pipeline - INFO - Completed preprocessing for CH_L_307a.
2026-10-08 21:00:01 - __main__ - INFO - Preprocessing patient: CH_L_308a
2026-10-08 21:00:01 - hne.preprocessing.pipeline - INFO - Starting preprocessing patient: CH_L_308a
2026-10-08 21:00:18 - hne.preprocessing.tumor_purity - INFO - Attached tumor fraction to 4905 tissue spots
2026-10-08 21:00:21 - hne.preprocessing.tumor_purity - INFO - Created 63 initial tiles
2026-10-08 21:00:21 - hne.preprocessing.tumor_purity - INFO - Bayesian tile purtiy computed (k=2.0): mean=0.492
2026-10-08 21:00:21 - hne.preprocessing.tumor_purity - INFO - Filtered from 63 to 35 tumor tiles
2026-10-08 21:00:56 - hne.preprocessing.tiling - INFO - Saved 35 tumor tiles for patient CH_L_308a
2026-10-08 21:01:39 - hne.preprocessing.aggregation - INFO - Aggregated 35 tumor tiles with avg 96.89 spots per tile
2026-10-08 21:01:39 - hne.preprocessing.aggregation - DEBUG - 55.56% of tiles are tumor tiles
2026-10-08 21:01:39 - hne.preprocessing.aggregation - DEBUG - FMRP_signature_score binary cutoff (p75): -0.0168
2026-10-08 21:01:39 - hne.preprocessing.aggregation - DEBUG - Cell_cycle_signature_score binary cutoff (p75): 0.1945
2026-10-08 21:01:39 - hne.preprocessing.aggregation - DEBUG - YAP_signature_score binary cutoff (p75): 0.4264
2026-10-08 21:01:39 - hne.preprocessing.aggregation - DEBUG - WNT_signature_score binary cutoff (p75): -0.0109
2026-10-08 21:01:39 - hne.preprocessing.aggregation - DEBUG - EMT_signature_score binary cutoff (p75): 0.4204
2026-10-08 21:01:39 - hne.preprocessing.pipeline - INFO - Completed preprocessing for CH_L_308a.
2026-10-08 21:01:39 - __main__ - INFO - Preprocessing patient: CH_L_309a
2026-10-08 21:01:39 - hne.preprocessing.pipeline - INFO - Starting preprocessing patient: CH_L_309a
2026-10-08 21:01:58 - hne.preprocessing.tumor_purity - INFO - Attached tumor fraction to 4796 tissue spots
2026-10-08 21:02:01 - hne.preprocessing.tumor_purity - INFO - Created 62 initial tiles
2026-10-08 21:02:01 - hne.preprocessing.tumor_purity - INFO - Bayesian tile purtiy computed (k=2.0): mean=0.583
2026-10-08 21:02:01 - hne.preprocessing.tumor_purity - INFO - Filtered from 62 to 48 tumor tiles
2026-10-08 21:02:50 - hne.preprocessing.tiling - INFO - Saved 48 tumor tiles for patient CH_L_309a
2026-10-08 21:03:33 - hne.preprocessing.aggregation - INFO - Aggregated 48 tumor tiles with avg 86.79 spots per tile
2026-10-08 21:03:33 - hne.preprocessing.aggregation - DEBUG - 77.42% of tiles are tumor tiles
2026-10-08 21:03:33 - hne.preprocessing.aggregation - DEBUG - FMRP_signature_score binary cutoff (p75): 0.0018
2026-10-08 21:03:33 - hne.preprocessing.aggregation - DEBUG - Cell_cycle_signature_score binary cutoff (p75): 0.1388
2026-10-08 21:03:33 - hne.preprocessing.aggregation - DEBUG - YAP_signature_score binary cutoff (p75): 0.3439
2026-10-08 21:03:33 - hne.preprocessing.aggregation - DEBUG - WNT_signature_score binary cutoff (p75): -0.0096
2026-10-08 21:03:33 - hne.preprocessing.aggregation - DEBUG - EMT_signature_score binary cutoff (p75): 0.4698
2026-10-08 21:03:33 - hne.preprocessing.pipeline - INFO - Completed preprocessing for CH_L_309a.
2026-10-08 21:03:34 - __main__ - INFO - Preprocessing patient: CH_L_310a
2026-10-08 21:03:34 - hne.preprocessing.pipeline - INFO - Starting preprocessing patient: CH_L_310a
2026-10-08 21:03:50 - hne.preprocessing.tumor_purity - INFO - Attached tumor fraction to 4469 tissue spots
2026-10-08 21:03:53 - hne.preprocessing.tumor_purity - INFO - Created 56 initial tiles
2026-10-08 21:03:53 - hne.preprocessing.tumor_purity - INFO - Bayesian tile purtiy computed (k=2.0): mean=0.297
2026-10-08 21:03:53 - hne.preprocessing.tumor_purity - WARNING - Mean tile purity is very low: 0.29727733433082343
2026-10-08 21:03:53 - hne.preprocessing.tumor_purity - INFO - Filtered from 56 to 25 tumor tiles
2026-10-08 21:04:18 - hne.preprocessing.tiling - INFO - Saved 25 tumor tiles for patient CH_L_310a
2026-10-08 21:04:57 - hne.preprocessing.aggregation - INFO - Aggregated 25 tumor tiles with avg 95.64 spots per tile
2026-10-08 21:04:57 - hne.preprocessing.aggregation - DEBUG - 44.64% of tiles are tumor tiles
2026-10-08 21:04:57 - hne.preprocessing.aggregation - DEBUG - FMRP_signature_score binary cutoff (p75): -0.0041
2026-10-08 21:04:57 - hne.preprocessing.aggregation - DEBUG - Cell_cycle_signature_score binary cutoff (p75): 0.0623
2026-10-08 21:04:57 - hne.preprocessing.aggregation - DEBUG - YAP_signature_score binary cutoff (p75): 0.3729
2026-10-08 21:04:57 - hne.preprocessing.aggregation - DEBUG - WNT_signature_score binary cutoff (p75): -0.0613
2026-10-08 21:04:57 - hne.preprocessing.aggregation - DEBUG - EMT_signature_score binary cutoff (p75): 0.6056
2026-10-08 21:04:57 - hne.preprocessing.pipeline - INFO - Completed preprocessing for CH_L_310a.
2026-10-08 21:04:57 - __main__ - INFO - Preprocessing patient: CH_L_311a
2026-10-08 21:04:57 - hne.preprocessing.pipeline - INFO - Starting preprocessing patient: CH_L_311a
2026-10-08 21:05:16 - hne.preprocessing.tumor_purity - INFO - Attached tumor fraction to 4789 tissue spots
2026-10-08 21:05:19 - hne.preprocessing.tumor_purity - INFO - Created 58 initial tiles
2026-10-08 21:05:19 - hne.preprocessing.tumor_purity - INFO - Bayesian tile purtiy computed (k=2.0): mean=0.500
2026-10-08 21:05:19 - hne.preprocessing.tumor_purity - INFO - Filtered from 58 to 44 tumor tiles
2026-10-08 21:06:04 - hne.preprocessing.tiling - INFO - Saved 44 tumor tiles for patient CH_L_311a
2026-10-08 21:06:46 - hne.preprocessing.aggregation - INFO - Aggregated 44 tumor tiles with avg 96.95 spots per tile
2026-10-08 21:06:46 - hne.preprocessing.aggregation - DEBUG - 75.86% of tiles are tumor tiles
2026-10-08 21:06:46 - hne.preprocessing.aggregation - DEBUG - FMRP_signature_score binary cutoff (p75): -0.0297
2026-10-08 21:06:46 - hne.preprocessing.aggregation - DEBUG - Cell_cycle_signature_score binary cutoff (p75): 0.1771
2026-10-08 21:06:46 - hne.preprocessing.aggregation - DEBUG - YAP_signature_score binary cutoff (p75): 0.3235
2026-10-08 21:06:46 - hne.preprocessing.aggregation - DEBUG - WNT_signature_score binary cutoff (p75): 0.0070
2026-10-08 21:06:46 - hne.preprocessing.aggregation - DEBUG - EMT_signature_score binary cutoff (p75): 0.4157
2026-10-08 21:06:46 - hne.preprocessing.pipeline - INFO - Completed preprocessing for CH_L_311a.
2026-10-08 21:06:46 - __main__ - INFO - Preprocessing patient: CH_L_312a
2026-10-08 21:06:46 - hne.preprocessing.pipeline - INFO - Starting preprocessing patient: CH_L_312a
2026-10-08 21:07:08 - hne.preprocessing.tumor_purity - INFO - Attached tumor fraction to 4700 tissue spots
2026-10-08 21:07:09 - hne.preprocessing.tumor_purity - INFO - Created 62 initial tiles
2026-10-08 21:07:09 - hne.preprocessing.tumor_purity - INFO - Bayesian tile purtiy computed (k=2.0): mean=0.388
2026-10-08 21:07:09 - hne.preprocessing.tumor_purity - INFO - Filtered from 62 to 30 tumor tiles
2026-10-08 21:07:40 - hne.preprocessing.tiling - INFO - Saved 30 tumor tiles for patient CH_L_312a
2026-10-08 21:08:22 - hne.preprocessing.aggregation - INFO - Aggregated 30 tumor tiles with avg 107.67 spots per tile
2026-10-08 21:08:22 - hne.preprocessing.aggregation - DEBUG - 48.39% of tiles are tumor tiles
2026-10-08 21:08:22 - hne.preprocessing.aggregation - DEBUG - FMRP_signature_score binary cutoff (p75): 0.0509
2026-10-08 21:08:22 - hne.preprocessing.aggregation - DEBUG - Cell_cycle_signature_score binary cutoff (p75): 0.1949
2026-10-08 21:08:22 - hne.preprocessing.aggregation - DEBUG - YAP_signature_score binary cutoff (p75): 0.3361
2026-10-08 21:08:22 - hne.preprocessing.aggregation - DEBUG - WNT_signature_score binary cutoff (p75): 0.0377
2026-10-08 21:08:22 - hne.preprocessing.aggregation - DEBUG - EMT_signature_score binary cutoff (p75): 0.4977
2026-10-08 21:08:22 - hne.preprocessing.pipeline - INFO - Completed preprocessing for CH_L_312a.
2026-10-08 21:08:22 - __main__ - INFO - Preprocessing patient: CH_L_313a
2026-10-08 21:08:22 - hne.preprocessing.pipeline - INFO - Starting preprocessing patient: CH_L_313a
2026-10-08 21:08:37 - hne.preprocessing.tumor_purity - INFO - Attached tumor fraction to 4000 tissue spots
2026-10-08 21:08:38 - hne.preprocessing.tumor_purity - INFO - Created 47 initial tiles
2026-10-08 21:08:38 - hne.preprocessing.tumor_purity - INFO - Bayesian tile purtiy computed (k=2.0): mean=0.262
2026-10-08 21:08:38 - hne.preprocessing.tumor_purity - WARNING - Mean tile purity is very low: 0.262133676619122
2026-10-08 21:08:38 - hne.preprocessing.tumor_purity - INFO - Filtered from 47 to 13 tumor tiles
2026-10-08 21:08:52 - hne.preprocessing.tiling - INFO - Saved 13 tumor tiles for patient CH_L_313a
2026-10-08 21:09:25 - hne.preprocessing.aggregation - INFO - Aggregated 13 tumor tiles with avg 108.23 spots per tile
2026-10-08 21:09:25 - hne.preprocessing.aggregation - DEBUG - 27.66% of tiles are tumor tiles
2026-10-08 21:09:25 - hne.preprocessing.aggregation - DEBUG - FMRP_signature_score binary cutoff (p75): -0.0123
2026-10-08 21:09:25 - hne.preprocessing.aggregation - DEBUG - Cell_cycle_signature_score binary cutoff (p75): 0.2352
2026-10-08 21:09:25 - hne.preprocessing.aggregation - DEBUG - YAP_signature_score binary cutoff (p75): 0.3496
2026-10-08 21:09:25 - hne.preprocessing.aggregation - DEBUG - WNT_signature_score binary cutoff (p75): 0.0007
2026-10-08 21:09:25 - hne.preprocessing.aggregation - DEBUG - EMT_signature_score binary cutoff (p75): 0.4904
2026-10-08 21:09:25 - hne.preprocessing.pipeline - INFO - Completed preprocessing for CH_L_313a.
2026-10-08 21:09:25 - __main__ - INFO - Preprocessing patient: CH_L_314a
2026-10-08 21:09:25 - hne.preprocessing.pipeline - INFO - Starting preprocessing patient: CH_L_314a
2026-10-08 21:09:41 - hne.preprocessing.tumor_purity - INFO - Attached tumor fraction to 4243 tissue spots
2026-10-08 21:09:42 - hne.preprocessing.tumor_purity - INFO - Created 47 initial tiles
2026-10-08 21:09:42 - hne.preprocessing.tumor_purity - INFO - Bayesian tile purtiy computed (k=2.0): mean=0.423
2026-10-08 21:09:42 - hne.preprocessing.tumor_purity - INFO - Filtered from 47 to 32 tumor tiles
2026-10-08 21:10:15 - hne.preprocessing.tiling - INFO - Saved 32 tumor tiles for patient CH_L_314a
2026-10-08 21:10:52 - hne.preprocessing.aggregation - INFO - Aggregated 32 tumor tiles with avg 91.69 spots per tile
2026-10-08 21:10:52 - hne.preprocessing.aggregation - DEBUG - 68.09% of tiles are tumor tiles
2026-10-08 21:10:52 - hne.preprocessing.aggregation - DEBUG - FMRP_signature_score binary cutoff (p75): -0.0180
2026-10-08 21:10:52 - hne.preprocessing.aggregation - DEBUG - Cell_cycle_signature_score binary cutoff (p75): 0.1126
2026-10-08 21:10:52 - hne.preprocessing.aggregation - DEBUG - YAP_signature_score binary cutoff (p75): 0.4370
2026-10-08 21:10:52 - hne.preprocessing.aggregation - DEBUG - WNT_signature_score binary cutoff (p75): -0.0495
2026-10-08 21:10:52 - hne.preprocessing.aggregation - DEBUG - EMT_signature_score binary cutoff (p75): 0.4682
2026-10-08 21:10:52 - hne.preprocessing.pipeline - INFO - Completed preprocessing for CH_L_314a.
2026-10-08 21:10:52 - __main__ - INFO - Preprocessing patient: CH_L_315a
2026-10-08 21:10:52 - hne.preprocessing.pipeline - INFO - Starting preprocessing patient: CH_L_315a
2026-10-08 21:11:09 - hne.preprocessing.tumor_purity - INFO - Attached tumor fraction to 4153 tissue spots
2026-10-08 21:11:10 - hne.preprocessing.tumor_purity - INFO - Created 67 initial tiles
2026-10-08 21:11:10 - hne.preprocessing.tumor_purity - INFO - Bayesian tile purtiy computed (k=2.0): mean=0.453
2026-10-08 21:11:10 - hne.preprocessing.tumor_purity - INFO - Filtered from 67 to 42 tumor tiles
2026-10-08 21:11:51 - hne.preprocessing.tiling - INFO - Saved 42 tumor tiles for patient CH_L_315a
2026-10-08 21:12:27 - hne.preprocessing.aggregation - INFO - Aggregated 42 tumor tiles with avg 77.33 spots per tile
2026-10-08 21:12:27 - hne.preprocessing.aggregation - DEBUG - 62.69% of tiles are tumor tiles
2026-10-08 21:12:27 - hne.preprocessing.aggregation - DEBUG - FMRP_signature_score binary cutoff (p75): 0.0452
2026-10-08 21:12:27 - hne.preprocessing.aggregation - DEBUG - Cell_cycle_signature_score binary cutoff (p75): 0.0671
2026-10-08 21:12:27 - hne.preprocessing.aggregation - DEBUG - YAP_signature_score binary cutoff (p75): 0.3798
2026-10-08 21:12:27 - hne.preprocessing.aggregation - DEBUG - WNT_signature_score binary cutoff (p75): 0.0417
2026-10-08 21:12:27 - hne.preprocessing.aggregation - DEBUG - EMT_signature_score binary cutoff (p75): 0.5701
2026-10-08 21:12:27 - hne.preprocessing.pipeline - INFO - Completed preprocessing for CH_L_315a.
2026-10-08 21:12:27 - __main__ - INFO - Preprocessing patient: CH_L_317a
2026-10-08 21:12:27 - hne.preprocessing.pipeline - INFO - Starting preprocessing patient: CH_L_317a
2026-10-08 21:12:44 - hne.preprocessing.tumor_purity - INFO - Attached tumor fraction to 4898 tissue spots
2026-10-08 21:12:46 - hne.preprocessing.tumor_purity - INFO - Created 56 initial tiles
2026-10-08 21:12:46 - hne.preprocessing.tumor_purity - INFO - Bayesian tile purtiy computed (k=2.0): mean=0.473
2026-10-08 21:12:46 - hne.preprocessing.tumor_purity - INFO - Filtered from 56 to 44 tumor tiles
2026-10-08 21:13:29 - hne.preprocessing.tiling - INFO - Saved 44 tumor tiles for patient CH_L_317a
2026-10-08 21:14:12 - hne.preprocessing.aggregation - INFO - Aggregated 44 tumor tiles with avg 103.36 spots per tile
2026-10-08 21:14:12 - hne.preprocessing.aggregation - DEBUG - 78.57% of tiles are tumor tiles
2026-10-08 21:14:12 - hne.preprocessing.aggregation - DEBUG - FMRP_signature_score binary cutoff (p75): -0.0220
2026-10-08 21:14:12 - hne.preprocessing.aggregation - DEBUG - Cell_cycle_signature_score binary cutoff (p75): 0.0840
2026-10-08 21:14:12 - hne.preprocessing.aggregation - DEBUG - YAP_signature_score binary cutoff (p75): 0.4137
2026-10-08 21:14:12 - hne.preprocessing.aggregation - DEBUG - WNT_signature_score binary cutoff (p75): -0.0303
2026-10-08 21:14:12 - hne.preprocessing.aggregation - DEBUG - EMT_signature_score binary cutoff (p75): 0.4143
2026-10-08 21:14:12 - hne.preprocessing.pipeline - INFO - Completed preprocessing for CH_L_317a.
2026-10-08 21:14:12 - __main__ - INFO - Preprocessing patient: CH_L_318a
2026-10-08 21:14:12 - hne.preprocessing.pipeline - INFO - Starting preprocessing patient: CH_L_318a
2026-10-08 21:14:33 - hne.preprocessing.tumor_purity - INFO - Attached tumor fraction to 4947 tissue spots
2026-10-08 21:14:36 - hne.preprocessing.tumor_purity - INFO - Created 57 initial tiles
2026-10-08 21:14:36 - hne.preprocessing.tumor_purity - INFO - Bayesian tile purtiy computed (k=2.0): mean=0.625
2026-10-08 21:14:36 - hne.preprocessing.tumor_purity - INFO - Filtered from 57 to 47 tumor tiles
2026-10-08 21:15:22 - hne.preprocessing.tiling - INFO - Saved 47 tumor tiles for patient CH_L_318a
2026-10-08 21:16:05 - hne.preprocessing.aggregation - INFO - Aggregated 47 tumor tiles with avg 101.94 spots per tile
2026-10-08 21:16:05 - hne.preprocessing.aggregation - DEBUG - 82.46% of tiles are tumor tiles
2026-10-08 21:16:05 - hne.preprocessing.aggregation - DEBUG - FMRP_signature_score binary cutoff (p75): 0.0187
2026-10-08 21:16:05 - hne.preprocessing.aggregation - DEBUG - Cell_cycle_signature_score binary cutoff (p75): 0.1619
2026-10-08 21:16:05 - hne.preprocessing.aggregation - DEBUG - YAP_signature_score binary cutoff (p75): 0.3539
2026-10-08 21:16:05 - hne.preprocessing.aggregation - DEBUG - WNT_signature_score binary cutoff (p75): 0.0402
2026-10-08 21:16:05 - hne.preprocessing.aggregation - DEBUG - EMT_signature_score binary cutoff (p75): 0.4836
2026-10-08 21:16:05 - hne.preprocessing.pipeline - INFO - Completed preprocessing for CH_L_318a.
2026-10-08 21:16:06 - __main__ - INFO - Preprocessing patient: CH_L_319a
2026-10-08 21:16:06 - hne.preprocessing.pipeline - INFO - Starting preprocessing patient: CH_L_319a
2026-10-08 21:16:24 - hne.preprocessing.tumor_purity - INFO - Attached tumor fraction to 4736 tissue spots
2026-10-08 21:16:26 - hne.preprocessing.tumor_purity - INFO - Created 60 initial tiles
2026-10-08 21:16:26 - hne.preprocessing.tumor_purity - INFO - Bayesian tile purtiy computed (k=2.0): mean=0.540
2026-10-08 21:16:26 - hne.preprocessing.tumor_purity - INFO - Filtered from 60 to 35 tumor tiles
2026-10-08 21:16:59 - hne.preprocessing.tiling - INFO - Saved 35 tumor tiles for patient CH_L_319a
2026-10-08 21:17:42 - hne.preprocessing.aggregation - INFO - Aggregated 35 tumor tiles with avg 103.49 spots per tile
2026-10-08 21:17:42 - hne.preprocessing.aggregation - DEBUG - 58.33% of tiles are tumor tiles
2026-10-08 21:17:42 - hne.preprocessing.aggregation - DEBUG - FMRP_signature_score binary cutoff (p75): -0.0118
2026-10-08 21:17:42 - hne.preprocessing.aggregation - DEBUG - Cell_cycle_signature_score binary cutoff (p75): 0.2545
2026-10-08 21:17:42 - hne.preprocessing.aggregation - DEBUG - YAP_signature_score binary cutoff (p75): 0.3580
2026-10-08 21:17:42 - hne.preprocessing.aggregation - DEBUG - WNT_signature_score binary cutoff (p75): 0.0124
2026-10-08 21:17:42 - hne.preprocessing.aggregation - DEBUG - EMT_signature_score binary cutoff (p75): 0.3285
2026-10-08 21:17:42 - hne.preprocessing.pipeline - INFO - Completed preprocessing for CH_L_319a.
2026-10-08 21:17:42 - __main__ - INFO - Preprocessing patient: CH_L_320a
2026-10-08 21:17:42 - hne.preprocessing.pipeline - INFO - Starting preprocessing patient: CH_L_320a
2026-10-08 21:17:59 - hne.preprocessing.tumor_purity - INFO - Attached tumor fraction to 4157 tissue spots
2026-10-08 21:18:01 - hne.preprocessing.tumor_purity - INFO - Created 55 initial tiles
2026-10-08 21:18:01 - hne.preprocessing.tumor_purity - INFO - Bayesian tile purtiy computed (k=2.0): mean=0.464
2026-10-08 21:18:01 - hne.preprocessing.tumor_purity - INFO - Filtered from 55 to 40 tumor tiles
2026-10-08 21:18:41 - hne.preprocessing.tiling - INFO - Saved 40 tumor tiles for patient CH_L_320a
2026-10-08 21:19:16 - hne.preprocessing.aggregation - INFO - Aggregated 40 tumor tiles with avg 85.28 spots per tile
2026-10-08 21:19:16 - hne.preprocessing.aggregation - DEBUG - 72.73% of tiles are tumor tiles
2026-10-08 21:19:16 - hne.preprocessing.aggregation - DEBUG - FMRP_signature_score binary cutoff (p75): 0.0079
2026-10-08 21:19:16 - hne.preprocessing.aggregation - DEBUG - Cell_cycle_signature_score binary cutoff (p75): 0.1655
2026-10-08 21:19:16 - hne.preprocessing.aggregation - DEBUG - YAP_signature_score binary cutoff (p75): 0.3828
2026-10-08 21:19:16 - hne.preprocessing.aggregation - DEBUG - WNT_signature_score binary cutoff (p75): -0.0034
2026-10-08 21:19:16 - hne.preprocessing.aggregation - DEBUG - EMT_signature_score binary cutoff (p75): 0.5109
2026-10-08 21:19:16 - hne.preprocessing.pipeline - INFO - Completed preprocessing for CH_L_320a.
2026-10-08 21:19:17 - __main__ - INFO - Preprocessing patient: CH_L_321a
2026-10-08 21:19:17 - hne.preprocessing.pipeline - INFO - Starting preprocessing patient: CH_L_321a
2026-10-08 21:19:37 - hne.preprocessing.tumor_purity - INFO - Attached tumor fraction to 4963 tissue spots
2026-10-08 21:19:39 - hne.preprocessing.tumor_purity - INFO - Created 59 initial tiles
2026-10-08 21:19:39 - hne.preprocessing.tumor_purity - INFO - Bayesian tile purtiy computed (k=2.0): mean=0.652
2026-10-08 21:19:39 - hne.preprocessing.tumor_purity - INFO - Filtered from 59 to 43 tumor tiles
2026-10-08 21:20:19 - hne.preprocessing.tiling - INFO - Saved 43 tumor tiles for patient CH_L_321a
2026-10-08 21:21:01 - hne.preprocessing.aggregation - INFO - Aggregated 43 tumor tiles with avg 105.63 spots per tile
2026-10-08 21:21:01 - hne.preprocessing.aggregation - DEBUG - 72.88% of tiles are tumor tiles
2026-10-08 21:21:01 - hne.preprocessing.aggregation - DEBUG - FMRP_signature_score binary cutoff (p75): 0.0101
2026-10-08 21:21:01 - hne.preprocessing.aggregation - DEBUG - Cell_cycle_signature_score binary cutoff (p75): 0.2808
2026-10-08 21:21:01 - hne.preprocessing.aggregation - DEBUG - YAP_signature_score binary cutoff (p75): 0.3664
2026-10-08 21:21:01 - hne.preprocessing.aggregation - DEBUG - WNT_signature_score binary cutoff (p75): 0.0625
2026-10-08 21:21:01 - hne.preprocessing.aggregation - DEBUG - EMT_signature_score binary cutoff (p75): 0.4041
2026-10-08 21:21:01 - hne.preprocessing.pipeline - INFO - Completed preprocessing for CH_L_321a.
2026-10-08 21:21:01 - __main__ - INFO - Preprocessing patient: CH_L_322a
2026-10-08 21:21:01 - hne.preprocessing.pipeline - INFO - Starting preprocessing patient: CH_L_322a
2026-10-08 21:21:21 - hne.preprocessing.tumor_purity - INFO - Attached tumor fraction to 4387 tissue spots
2026-10-08 21:21:24 - hne.preprocessing.tumor_purity - INFO - Created 62 initial tiles
2026-10-08 21:21:24 - hne.preprocessing.tumor_purity - INFO - Bayesian tile purtiy computed (k=2.0): mean=0.682
2026-10-08 21:21:24 - hne.preprocessing.tumor_purity - INFO - Filtered from 62 to 41 tumor tiles
2026-10-08 21:22:04 - hne.preprocessing.tiling - INFO - Saved 41 tumor tiles for patient CH_L_322a
2026-10-08 21:22:44 - hne.preprocessing.aggregation - INFO - Aggregated 41 tumor tiles with avg 85.39 spots per tile
2026-10-08 21:22:44 - hne.preprocessing.aggregation - DEBUG - 66.13% of tiles are tumor tiles
2026-10-08 21:22:44 - hne.preprocessing.aggregation - DEBUG - FMRP_signature_score binary cutoff (p75): -0.0334
2026-10-08 21:22:44 - hne.preprocessing.aggregation - DEBUG - Cell_cycle_signature_score binary cutoff (p75): 0.4431
2026-10-08 21:22:44 - hne.preprocessing.aggregation - DEBUG - YAP_signature_score binary cutoff (p75): 0.3349
2026-10-08 21:22:44 - hne.preprocessing.aggregation - DEBUG - WNT_signature_score binary cutoff (p75): 0.0382
2026-10-08 21:22:44 - hne.preprocessing.aggregation - DEBUG - EMT_signature_score binary cutoff (p75): 0.3766
2026-10-08 21:22:44 - hne.preprocessing.pipeline - INFO - Completed preprocessing for CH_L_322a.
2026-10-08 21:22:44 - __main__ - INFO - Preprocessing patient: CH_L_323a
2026-10-08 21:22:44 - hne.preprocessing.pipeline - INFO - Starting preprocessing patient: CH_L_323a
2026-10-08 21:23:03 - hne.preprocessing.tumor_purity - INFO - Attached tumor fraction to 4155 tissue spots
2026-10-08 21:23:04 - hne.preprocessing.tumor_purity - INFO - Created 58 initial tiles
2026-10-08 21:23:04 - hne.preprocessing.tumor_purity - INFO - Bayesian tile purtiy computed (k=2.0): mean=0.615
2026-10-08 21:23:04 - hne.preprocessing.tumor_purity - INFO - Filtered from 58 to 47 tumor tiles
2026-10-08 21:23:53 - hne.preprocessing.tiling - INFO - Saved 47 tumor tiles for patient CH_L_323a
2026-10-08 21:24:30 - hne.preprocessing.aggregation - INFO - Aggregated 47 tumor tiles with avg 83.83 spots per tile
2026-10-08 21:24:30 - hne.preprocessing.aggregation - DEBUG - 81.03% of tiles are tumor tiles
2026-10-08 21:24:30 - hne.preprocessing.aggregation - DEBUG - FMRP_signature_score binary cutoff (p75): 0.0389
2026-10-08 21:24:30 - hne.preprocessing.aggregation - DEBUG - Cell_cycle_signature_score binary cutoff (p75): 0.0958
2026-10-08 21:24:30 - hne.preprocessing.aggregation - DEBUG - YAP_signature_score binary cutoff (p75): 0.3554
2026-10-08 21:24:30 - hne.preprocessing.aggregation - DEBUG - WNT_signature_score binary cutoff (p75): 0.0556
2026-10-08 21:24:30 - hne.preprocessing.aggregation - DEBUG - EMT_signature_score binary cutoff (p75): 0.5190
2026-10-08 21:24:30 - hne.preprocessing.pipeline - INFO - Completed preprocessing for CH_L_323a.
2026-10-08 21:24:30 - __main__ - INFO - Preprocessing patient: CH_L_326a
2026-10-08 21:24:30 - hne.preprocessing.pipeline - INFO - Starting preprocessing patient: CH_L_326a
2026-10-08 21:24:46 - hne.preprocessing.tumor_purity - INFO - Attached tumor fraction to 4392 tissue spots
2026-10-08 21:24:49 - hne.preprocessing.tumor_purity - INFO - Created 53 initial tiles
2026-10-08 21:24:49 - hne.preprocessing.tumor_purity - INFO - Bayesian tile purtiy computed (k=2.0): mean=0.563
2026-10-08 21:24:50 - hne.preprocessing.tumor_purity - INFO - Filtered from 53 to 43 tumor tiles
2026-10-08 21:25:32 - hne.preprocessing.tiling - INFO - Saved 43 tumor tiles for patient CH_L_326a
2026-10-08 21:26:11 - hne.preprocessing.aggregation - INFO - Aggregated 43 tumor tiles with avg 95.58 spots per tile
2026-10-08 21:26:11 - hne.preprocessing.aggregation - DEBUG - 81.13% of tiles are tumor tiles
2026-10-08 21:26:11 - hne.preprocessing.aggregation - DEBUG - FMRP_signature_score binary cutoff (p75): 0.0189
2026-10-08 21:26:11 - hne.preprocessing.aggregation - DEBUG - Cell_cycle_signature_score binary cutoff (p75): 0.1302
2026-10-08 21:26:11 - hne.preprocessing.aggregation - DEBUG - YAP_signature_score binary cutoff (p75): 0.3567
2026-10-08 21:26:11 - hne.preprocessing.aggregation - DEBUG - WNT_signature_score binary cutoff (p75): 0.0092
2026-10-08 21:26:11 - hne.preprocessing.aggregation - DEBUG - EMT_signature_score binary cutoff (p75): 0.4657
2026-10-08 21:26:11 - hne.preprocessing.pipeline - INFO - Completed preprocessing for CH_L_326a.
2026-10-08 21:26:11 - __main__ - INFO - Preprocessing patient: CH_L_327a
2026-10-08 21:26:11 - hne.preprocessing.pipeline - INFO - Starting preprocessing patient: CH_L_327a
2026-10-08 21:26:29 - hne.preprocessing.tumor_purity - INFO - Attached tumor fraction to 4623 tissue spots
2026-10-08 21:26:31 - hne.preprocessing.tumor_purity - INFO - Created 60 initial tiles
2026-10-08 21:26:31 - hne.preprocessing.tumor_purity - INFO - Bayesian tile purtiy computed (k=2.0): mean=0.615
2026-10-08 21:26:31 - hne.preprocessing.tumor_purity - INFO - Filtered from 60 to 44 tumor tiles
2026-10-08 21:27:14 - hne.preprocessing.tiling - INFO - Saved 44 tumor tiles for patient CH_L_327a
2026-10-08 21:27:55 - hne.preprocessing.aggregation - INFO - Aggregated 44 tumor tiles with avg 97.43 spots per tile
2026-10-08 21:27:55 - hne.preprocessing.aggregation - DEBUG - 73.33% of tiles are tumor tiles
2026-10-08 21:27:55 - hne.preprocessing.aggregation - DEBUG - FMRP_signature_score binary cutoff (p75): 0.0244
2026-10-08 21:27:55 - hne.preprocessing.aggregation - DEBUG - Cell_cycle_signature_score binary cutoff (p75): 0.1919
2026-10-08 21:27:55 - hne.preprocessing.aggregation - DEBUG - YAP_signature_score binary cutoff (p75): 0.3791
2026-10-08 21:27:55 - hne.preprocessing.aggregation - DEBUG - WNT_signature_score binary cutoff (p75): 0.0285
2026-10-08 21:27:55 - hne.preprocessing.aggregation - DEBUG - EMT_signature_score binary cutoff (p75): 0.4880
2026-10-08 21:27:55 - hne.preprocessing.pipeline - INFO - Completed preprocessing for CH_L_327a.
2026-10-08 21:27:56 - __main__ - INFO - Preprocessing patient: CH_L_328a
2026-10-08 21:27:56 - hne.preprocessing.pipeline - INFO - Starting preprocessing patient: CH_L_328a
2026-10-08 21:28:12 - hne.preprocessing.tumor_purity - INFO - Attached tumor fraction to 4431 tissue spots
2026-10-08 21:28:15 - hne.preprocessing.tumor_purity - INFO - Created 56 initial tiles
2026-10-08 21:28:15 - hne.preprocessing.tumor_purity - INFO - Bayesian tile purtiy computed (k=2.0): mean=0.604
2026-10-08 21:28:15 - hne.preprocessing.tumor_purity - INFO - Filtered from 56 to 45 tumor tiles
2026-10-08 21:28:57 - hne.preprocessing.tiling - INFO - Saved 45 tumor tiles for patient CH_L_328a
2026-10-08 21:29:37 - hne.preprocessing.aggregation - INFO - Aggregated 45 tumor tiles with avg 94.0 spots per tile
2026-10-08 21:29:37 - hne.preprocessing.aggregation - DEBUG - 80.36% of tiles are tumor tiles
2026-10-08 21:29:37 - hne.preprocessing.aggregation - DEBUG - FMRP_signature_score binary cutoff (p75): 0.0221
2026-10-08 21:29:37 - hne.preprocessing.aggregation - DEBUG - Cell_cycle_signature_score binary cutoff (p75): 0.0954
2026-10-08 21:29:37 - hne.preprocessing.aggregation - DEBUG - YAP_signature_score binary cutoff (p75): 0.3716
2026-10-08 21:29:37 - hne.preprocessing.aggregation - DEBUG - WNT_signature_score binary cutoff (p75): 0.0462
2026-10-08 21:29:37 - hne.preprocessing.aggregation - DEBUG - EMT_signature_score binary cutoff (p75): 0.4315
2026-10-08 21:29:37 - hne.preprocessing.pipeline - INFO - Completed preprocessing for CH_L_328a.
2026-10-08 21:29:38 - __main__ - INFO - Preprocessing patient: CH_L_329a
2026-10-08 21:29:38 - hne.preprocessing.pipeline - INFO - Starting preprocessing patient: CH_L_329a
2026-10-08 21:29:53 - hne.preprocessing.tumor_purity - INFO - Attached tumor fraction to 3944 tissue spots
2026-10-08 21:29:55 - hne.preprocessing.tumor_purity - INFO - Created 63 initial tiles
2026-10-08 21:29:55 - hne.preprocessing.tumor_purity - INFO - Bayesian tile purtiy computed (k=2.0): mean=0.518
2026-10-08 21:29:55 - hne.preprocessing.tumor_purity - INFO - Filtered from 63 to 33 tumor tiles
2026-10-08 21:30:29 - hne.preprocessing.tiling - INFO - Saved 33 tumor tiles for patient CH_L_329a
2026-10-08 21:31:03 - hne.preprocessing.aggregation - INFO - Aggregated 33 tumor tiles with avg 90.42 spots per tile
2026-10-08 21:31:03 - hne.preprocessing.aggregation - DEBUG - 52.38% of tiles are tumor tiles
2026-10-08 21:31:03 - hne.preprocessing.aggregation - DEBUG - FMRP_signature_score binary cutoff (p75): -0.0014
2026-10-08 21:31:03 - hne.preprocessing.aggregation - DEBUG - Cell_cycle_signature_score binary cutoff (p75): 0.1438
2026-10-08 21:31:03 - hne.preprocessing.aggregation - DEBUG - YAP_signature_score binary cutoff (p75): 0.3435
2026-10-08 21:31:03 - hne.preprocessing.aggregation - DEBUG - WNT_signature_score binary cutoff (p75): -0.0089
2026-10-08 21:31:03 - hne.preprocessing.aggregation - DEBUG - EMT_signature_score binary cutoff (p75): 0.4829
2026-10-08 21:31:03 - hne.preprocessing.pipeline - INFO - Completed preprocessing for CH_L_329a.
2026-10-08 21:31:04 - __main__ - INFO - Preprocessing patient: CH_L_330a
2026-10-08 21:31:04 - hne.preprocessing.pipeline - INFO - Starting preprocessing patient: CH_L_330a
2026-10-08 21:31:19 - hne.preprocessing.tumor_purity - WARNING - CH_L_330a: missing deconv_sample_level_custom1_frac in obsm - skipping
2026-10-08 21:31:19 - __main__ - INFO - Preprocessing patient: CH_L_333a
2026-10-08 21:31:19 - hne.preprocessing.pipeline - INFO - Starting preprocessing patient: CH_L_333a
2026-10-08 21:31:38 - hne.preprocessing.tumor_purity - INFO - Attached tumor fraction to 4857 tissue spots
2026-10-08 21:31:40 - hne.preprocessing.tumor_purity - INFO - Created 61 initial tiles
2026-10-08 21:31:40 - hne.preprocessing.tumor_purity - INFO - Bayesian tile purtiy computed (k=2.0): mean=0.277
2026-10-08 21:31:40 - hne.preprocessing.tumor_purity - WARNING - Mean tile purity is very low: 0.2768467382092834
2026-10-08 21:31:40 - hne.preprocessing.tumor_purity - INFO - Filtered from 61 to 16 tumor tiles
2026-10-08 21:31:56 - hne.preprocessing.tiling - INFO - Saved 16 tumor tiles for patient CH_L_333a
2026-10-08 21:32:38 - hne.preprocessing.aggregation - INFO - Aggregated 16 tumor tiles with avg 105.88 spots per tile
2026-10-08 21:32:38 - hne.preprocessing.aggregation - DEBUG - 26.23% of tiles are tumor tiles
2026-10-08 21:32:38 - hne.preprocessing.aggregation - DEBUG - FMRP_signature_score binary cutoff (p75): -0.0189
2026-10-08 21:32:38 - hne.preprocessing.aggregation - DEBUG - Cell_cycle_signature_score binary cutoff (p75): 0.1763
2026-10-08 21:32:38 - hne.preprocessing.aggregation - DEBUG - YAP_signature_score binary cutoff (p75): 0.3737
2026-10-08 21:32:38 - hne.preprocessing.aggregation - DEBUG - WNT_signature_score binary cutoff (p75): -0.0330
2026-10-08 21:32:38 - hne.preprocessing.aggregation - DEBUG - EMT_signature_score binary cutoff (p75): 0.4896
2026-10-08 21:32:38 - hne.preprocessing.pipeline - INFO - Completed preprocessing for CH_L_333a.
2026-10-08 21:32:38 - __main__ - INFO - Preprocessing patient: CH_L_334a
2026-10-08 21:32:38 - hne.preprocessing.pipeline - INFO - Starting preprocessing patient: CH_L_334a
2026-10-08 21:32:54 - hne.preprocessing.tumor_purity - INFO - Attached tumor fraction to 4402 tissue spots
2026-10-08 21:32:56 - hne.preprocessing.tumor_purity - INFO - Created 56 initial tiles
2026-10-08 21:32:56 - hne.preprocessing.tumor_purity - INFO - Bayesian tile purtiy computed (k=2.0): mean=0.588
2026-10-08 21:32:56 - hne.preprocessing.tumor_purity - INFO - Filtered from 56 to 40 tumor tiles
2026-10-08 21:33:34 - hne.preprocessing.tiling - INFO - Saved 40 tumor tiles for patient CH_L_334a
2026-10-08 21:34:13 - hne.preprocessing.aggregation - INFO - Aggregated 40 tumor tiles with avg 96.12 spots per tile
2026-10-08 21:34:13 - hne.preprocessing.aggregation - DEBUG - 71.43% of tiles are tumor tiles
2026-10-08 21:34:13 - hne.preprocessing.aggregation - DEBUG - FMRP_signature_score binary cutoff (p75): -0.0025
2026-10-08 21:34:13 - hne.preprocessing.aggregation - DEBUG - Cell_cycle_signature_score binary cutoff (p75): 0.1262
2026-10-08 21:34:13 - hne.preprocessing.aggregation - DEBUG - YAP_signature_score binary cutoff (p75): 0.3482
2026-10-08 21:34:13 - hne.preprocessing.aggregation - DEBUG - WNT_signature_score binary cutoff (p75): 0.0172
2026-10-08 21:34:13 - hne.preprocessing.aggregation - DEBUG - EMT_signature_score binary cutoff (p75): 0.2819
2026-10-08 21:34:13 - hne.preprocessing.pipeline - INFO - Completed preprocessing for CH_L_334a.
2026-10-08 21:34:14 - __main__ - INFO - Preprocessing patient: CH_L_335a
2026-10-08 21:34:14 - hne.preprocessing.pipeline - INFO - Starting preprocessing patient: CH_L_335a
2026-10-08 21:34:30 - hne.preprocessing.tumor_purity - INFO - Attached tumor fraction to 4573 tissue spots
2026-10-08 21:34:31 - hne.preprocessing.tumor_purity - INFO - Created 61 initial tiles
2026-10-08 21:34:31 - hne.preprocessing.tumor_purity - INFO - Bayesian tile purtiy computed (k=2.0): mean=0.272
2026-10-08 21:34:31 - hne.preprocessing.tumor_purity - WARNING - Mean tile purity is very low: 0.2715395161432049
2026-10-08 21:34:31 - hne.preprocessing.tumor_purity - INFO - Filtered from 61 to 12 tumor tiles
2026-10-08 21:34:44 - hne.preprocessing.tiling - INFO - Saved 12 tumor tiles for patient CH_L_335a
2026-10-08 21:35:25 - hne.preprocessing.aggregation - INFO - Aggregated 12 tumor tiles with avg 89.17 spots per tile
2026-10-08 21:35:25 - hne.preprocessing.aggregation - DEBUG - 19.67% of tiles are tumor tiles
2026-10-08 21:35:25 - hne.preprocessing.aggregation - DEBUG - FMRP_signature_score binary cutoff (p75): -0.0086
2026-10-08 21:35:25 - hne.preprocessing.aggregation - DEBUG - Cell_cycle_signature_score binary cutoff (p75): 0.0456
2026-10-08 21:35:25 - hne.preprocessing.aggregation - DEBUG - YAP_signature_score binary cutoff (p75): 0.4184
2026-10-08 21:35:25 - hne.preprocessing.aggregation - DEBUG - WNT_signature_score binary cutoff (p75): -0.0144
2026-10-08 21:35:25 - hne.preprocessing.aggregation - DEBUG - EMT_signature_score binary cutoff (p75): 0.5411
2026-10-08 21:35:25 - hne.preprocessing.pipeline - INFO - Completed preprocessing for CH_L_335a.
2026-10-08 21:35:25 - __main__ - INFO - Preprocessing patient: CH_L_336a
2026-10-08 21:35:25 - hne.preprocessing.pipeline - INFO - Starting preprocessing patient: CH_L_336a
2026-10-08 21:35:44 - hne.preprocessing.tumor_purity - INFO - Attached tumor fraction to 4975 tissue spots
2026-10-08 21:35:47 - hne.preprocessing.tumor_purity - INFO - Created 63 initial tiles
2026-10-08 21:35:47 - hne.preprocessing.tumor_purity - INFO - Bayesian tile purtiy computed (k=2.0): mean=0.432
2026-10-08 21:35:47 - hne.preprocessing.tumor_purity - INFO - Filtered from 63 to 28 tumor tiles
2026-10-08 21:36:14 - hne.preprocessing.tiling - INFO - Saved 28 tumor tiles for patient CH_L_336a
2026-10-08 21:36:57 - hne.preprocessing.aggregation - INFO - Aggregated 28 tumor tiles with avg 108.71 spots per tile
2026-10-08 21:36:57 - hne.preprocessing.aggregation - DEBUG - 44.44% of tiles are tumor tiles
2026-10-08 21:36:57 - hne.preprocessing.aggregation - DEBUG - FMRP_signature_score binary cutoff (p75): 0.0392
2026-10-08 21:36:57 - hne.preprocessing.aggregation - DEBUG - Cell_cycle_signature_score binary cutoff (p75): 0.2562
2026-10-08 21:36:57 - hne.preprocessing.aggregation - DEBUG - YAP_signature_score binary cutoff (p75): 0.3538
2026-10-08 21:36:57 - hne.preprocessing.aggregation - DEBUG - WNT_signature_score binary cutoff (p75): 0.0097
2026-10-08 21:36:57 - hne.preprocessing.aggregation - DEBUG - EMT_signature_score binary cutoff (p75): 0.4401
2026-10-08 21:36:57 - hne.preprocessing.pipeline - INFO - Completed preprocessing for CH_L_336a.
2026-10-08 21:36:57 - __main__ - INFO - Preprocessing patient: CH_L_337a
2026-10-08 21:36:57 - hne.preprocessing.pipeline - INFO - Starting preprocessing patient: CH_L_337a
2026-10-08 21:37:08 - hne.preprocessing.tumor_purity - INFO - Attached tumor fraction to 4658 tissue spots
2026-10-08 21:37:11 - hne.preprocessing.tumor_purity - INFO - Created 63 initial tiles
2026-10-08 21:37:11 - hne.preprocessing.tumor_purity - INFO - Bayesian tile purtiy computed (k=2.0): mean=0.363
2026-10-08 21:37:11 - hne.preprocessing.tumor_purity - INFO - Filtered from 63 to 27 tumor tiles
2026-10-08 21:37:38 - hne.preprocessing.tiling - INFO - Saved 27 tumor tiles for patient CH_L_337a
2026-10-08 21:38:17 - hne.preprocessing.aggregation - INFO - Aggregated 27 tumor tiles with avg 94.41 spots per tile
2026-10-08 21:38:17 - hne.preprocessing.aggregation - DEBUG - 42.86% of tiles are tumor tiles
2026-10-08 21:38:17 - hne.preprocessing.aggregation - DEBUG - FMRP_signature_score binary cutoff (p75): -0.0724
2026-10-08 21:38:17 - hne.preprocessing.aggregation - DEBUG - Cell_cycle_signature_score binary cutoff (p75): 0.0521
2026-10-08 21:38:17 - hne.preprocessing.aggregation - DEBUG - YAP_signature_score binary cutoff (p75): 0.5296
2026-10-08 21:38:17 - hne.preprocessing.aggregation - DEBUG - WNT_signature_score binary cutoff (p75): -0.1330
2026-10-08 21:38:17 - hne.preprocessing.aggregation - DEBUG - EMT_signature_score binary cutoff (p75): 0.3370
2026-10-08 21:38:17 - hne.preprocessing.pipeline - INFO - Completed preprocessing for CH_L_337a.
2026-10-08 21:38:17 - __main__ - INFO - Preprocessing patient: CH_L_338a
2026-10-08 21:38:17 - hne.preprocessing.pipeline - INFO - Starting preprocessing patient: CH_L_338a
2026-10-08 21:38:29 - hne.preprocessing.tumor_purity - INFO - Attached tumor fraction to 4615 tissue spots
2026-10-08 21:38:33 - hne.preprocessing.tumor_purity - INFO - Created 63 initial tiles
2026-10-08 21:38:33 - hne.preprocessing.tumor_purity - INFO - Bayesian tile purtiy computed (k=2.0): mean=0.346
2026-10-08 21:38:33 - hne.preprocessing.tumor_purity - INFO - Filtered from 63 to 31 tumor tiles
2026-10-08 21:39:03 - hne.preprocessing.tiling - INFO - Saved 31 tumor tiles for patient CH_L_338a
2026-10-08 21:39:42 - hne.preprocessing.aggregation - INFO - Aggregated 31 tumor tiles with avg 107.94 spots per tile
2026-10-08 21:39:42 - hne.preprocessing.aggregation - DEBUG - 49.21% of tiles are tumor tiles
2026-10-08 21:39:42 - hne.preprocessing.aggregation - DEBUG - FMRP_signature_score binary cutoff (p75): -0.0717
2026-10-08 21:39:42 - hne.preprocessing.aggregation - DEBUG - Cell_cycle_signature_score binary cutoff (p75): 0.0334
2026-10-08 21:39:42 - hne.preprocessing.aggregation - DEBUG - YAP_signature_score binary cutoff (p75): 0.5293
2026-10-08 21:39:42 - hne.preprocessing.aggregation - DEBUG - WNT_signature_score binary cutoff (p75): -0.1323
2026-10-08 21:39:42 - hne.preprocessing.aggregation - DEBUG - EMT_signature_score binary cutoff (p75): 0.3396
2026-10-08 21:39:42 - hne.preprocessing.pipeline - INFO - Completed preprocessing for CH_L_338a.
2026-10-08 21:39:42 - __main__ - INFO - Preprocessing patient: CH_L_339a
2026-10-08 21:39:42 - hne.preprocessing.pipeline - INFO - Starting preprocessing patient: CH_L_339a
2026-10-08 21:39:57 - hne.preprocessing.tumor_purity - INFO - Attached tumor fraction to 3226 tissue spots
2026-10-08 21:39:58 - hne.preprocessing.tumor_purity - INFO - Created 67 initial tiles
2026-10-08 21:39:58 - hne.preprocessing.tumor_purity - INFO - Bayesian tile purtiy computed (k=2.0): mean=0.575
2026-10-08 21:39:58 - hne.preprocessing.tumor_purity - INFO - Filtered from 67 to 28 tumor tiles
2026-10-08 21:40:25 - hne.preprocessing.tiling - INFO - Saved 28 tumor tiles for patient CH_L_339a
2026-10-08 21:40:53 - hne.preprocessing.aggregation - INFO - Aggregated 28 tumor tiles with avg 86.86 spots per tile
2026-10-08 21:40:53 - hne.preprocessing.aggregation - DEBUG - 41.79% of tiles are tumor tiles
2026-10-08 21:40:53 - hne.preprocessing.aggregation - DEBUG - FMRP_signature_score binary cutoff (p75): -0.0149
2026-10-08 21:40:53 - hne.preprocessing.aggregation - DEBUG - Cell_cycle_signature_score binary cutoff (p75): 0.2199
2026-10-08 21:40:53 - hne.preprocessing.aggregation - DEBUG - YAP_signature_score binary cutoff (p75): 0.3194
2026-10-08 21:40:53 - hne.preprocessing.aggregation - DEBUG - WNT_signature_score binary cutoff (p75): 0.0218
2026-10-08 21:40:53 - hne.preprocessing.aggregation - DEBUG - EMT_signature_score binary cutoff (p75): 0.3688
2026-10-08 21:40:53 - hne.preprocessing.pipeline - INFO - Completed preprocessing for CH_L_339a.
2026-10-08 21:40:53 - __main__ - INFO - Preprocessing patient: CH_L_340a
2026-10-08 21:40:53 - hne.preprocessing.pipeline - INFO - Starting preprocessing patient: CH_L_340a
2026-10-08 21:41:09 - hne.preprocessing.tumor_purity - INFO - Attached tumor fraction to 4915 tissue spots
2026-10-08 21:41:12 - hne.preprocessing.tumor_purity - INFO - Created 64 initial tiles
2026-10-08 21:41:12 - hne.preprocessing.tumor_purity - INFO - Bayesian tile purtiy computed (k=2.0): mean=0.640
2026-10-08 21:41:12 - hne.preprocessing.tumor_purity - INFO - Filtered from 64 to 49 tumor tiles
2026-10-08 21:42:02 - hne.preprocessing.tiling - INFO - Saved 49 tumor tiles for patient CH_L_340a
2026-10-08 21:42:45 - hne.preprocessing.aggregation - INFO - Aggregated 49 tumor tiles with avg 90.76 spots per tile
2026-10-08 21:42:45 - hne.preprocessing.aggregation - DEBUG - 76.56% of tiles are tumor tiles
2026-10-08 21:42:45 - hne.preprocessing.aggregation - DEBUG - FMRP_signature_score binary cutoff (p75): -0.0088
2026-10-08 21:42:45 - hne.preprocessing.aggregation - DEBUG - Cell_cycle_signature_score binary cutoff (p75): 0.0544
2026-10-08 21:42:45 - hne.preprocessing.aggregation - DEBUG - YAP_signature_score binary cutoff (p75): 0.4161
2026-10-08 21:42:45 - hne.preprocessing.aggregation - DEBUG - WNT_signature_score binary cutoff (p75): -0.0401
2026-10-08 21:42:45 - hne.preprocessing.aggregation - DEBUG - EMT_signature_score binary cutoff (p75): 0.3535
2026-10-08 21:42:45 - hne.preprocessing.pipeline - INFO - Completed preprocessing for CH_L_340a.
2026-10-08 21:42:46 - __main__ - INFO - Preprocessing patient: CH_L_341a
2026-10-08 21:42:46 - hne.preprocessing.pipeline - INFO - Starting preprocessing patient: CH_L_341a
2026-10-08 21:42:57 - hne.preprocessing.tumor_purity - INFO - Attached tumor fraction to 4543 tissue spots
2026-10-08 21:42:59 - hne.preprocessing.tumor_purity - INFO - Created 54 initial tiles
2026-10-08 21:42:59 - hne.preprocessing.tumor_purity - INFO - Bayesian tile purtiy computed (k=2.0): mean=0.307
2026-10-08 21:42:59 - hne.preprocessing.tumor_purity - INFO - Filtered from 54 to 25 tumor tiles
2026-10-08 21:43:23 - hne.preprocessing.tiling - INFO - Saved 25 tumor tiles for patient CH_L_341a
2026-10-08 21:44:01 - hne.preprocessing.aggregation - INFO - Aggregated 25 tumor tiles with avg 102.76 spots per tile
2026-10-08 21:44:01 - hne.preprocessing.aggregation - DEBUG - 46.30% of tiles are tumor tiles
2026-10-08 21:44:01 - hne.preprocessing.aggregation - DEBUG - FMRP_signature_score binary cutoff (p75): -0.1004
2026-10-08 21:44:01 - hne.preprocessing.aggregation - DEBUG - Cell_cycle_signature_score binary cutoff (p75): 0.0361
2026-10-08 21:44:01 - hne.preprocessing.aggregation - DEBUG - YAP_signature_score binary cutoff (p75): 0.5701
2026-10-08 21:44:01 - hne.preprocessing.aggregation - DEBUG - WNT_signature_score binary cutoff (p75): -0.1413
2026-10-08 21:44:01 - hne.preprocessing.aggregation - DEBUG - EMT_signature_score binary cutoff (p75): 0.3111
2026-10-08 21:44:01 - hne.preprocessing.pipeline - INFO - Completed preprocessing for CH_L_341a.
2026-10-08 21:44:01 - __main__ - INFO - Preprocessing patient: CH_L_342a
2026-10-08 21:44:01 - hne.preprocessing.pipeline - INFO - Starting preprocessing patient: CH_L_342a
2026-10-08 21:44:15 - hne.preprocessing.tumor_purity - INFO - Attached tumor fraction to 4948 tissue spots
2026-10-08 21:44:19 - hne.preprocessing.tumor_purity - INFO - Created 56 initial tiles
2026-10-08 21:44:19 - hne.preprocessing.tumor_purity - INFO - Bayesian tile purtiy computed (k=2.0): mean=0.359
2026-10-08 21:44:19 - hne.preprocessing.tumor_purity - INFO - Filtered from 56 to 20 tumor tiles
2026-10-08 21:44:38 - hne.preprocessing.tiling - INFO - Saved 20 tumor tiles for patient CH_L_342a
2026-10-08 21:45:20 - hne.preprocessing.aggregation - INFO - Aggregated 20 tumor tiles with avg 103.1 spots per tile
2026-10-08 21:45:20 - hne.preprocessing.aggregation - DEBUG - 35.71% of tiles are tumor tiles
2026-10-08 21:45:20 - hne.preprocessing.aggregation - DEBUG - FMRP_signature_score binary cutoff (p75): -0.0894
2026-10-08 21:45:20 - hne.preprocessing.aggregation - DEBUG - Cell_cycle_signature_score binary cutoff (p75): 0.1045
2026-10-08 21:45:20 - hne.preprocessing.aggregation - DEBUG - YAP_signature_score binary cutoff (p75): 0.5093
2026-10-08 21:45:20 - hne.preprocessing.aggregation - DEBUG - WNT_signature_score binary cutoff (p75): -0.1202
2026-10-08 21:45:20 - hne.preprocessing.aggregation - DEBUG - EMT_signature_score binary cutoff (p75): 0.2636
2026-10-08 21:45:20 - hne.preprocessing.pipeline - INFO - Completed preprocessing for CH_L_342a.
2026-10-08 21:45:20 - __main__ - INFO - Preprocessing patient: CH_L_344a
2026-10-08 21:45:20 - hne.preprocessing.pipeline - INFO - Starting preprocessing patient: CH_L_344a
2026-10-08 21:45:39 - hne.preprocessing.tumor_purity - INFO - Attached tumor fraction to 4753 tissue spots
2026-10-08 21:45:42 - hne.preprocessing.tumor_purity - INFO - Created 56 initial tiles
2026-10-08 21:45:42 - hne.preprocessing.tumor_purity - INFO - Bayesian tile purtiy computed (k=2.0): mean=0.678
2026-10-08 21:45:42 - hne.preprocessing.tumor_purity - INFO - Filtered from 56 to 50 tumor tiles
2026-10-08 21:46:29 - hne.preprocessing.tiling - INFO - Saved 50 tumor tiles for patient CH_L_344a
2026-10-08 21:47:11 - hne.preprocessing.aggregation - INFO - Aggregated 50 tumor tiles with avg 91.36 spots per tile
2026-10-08 21:47:11 - hne.preprocessing.aggregation - DEBUG - 89.29% of tiles are tumor tiles
2026-10-08 21:47:11 - hne.preprocessing.aggregation - DEBUG - FMRP_signature_score binary cutoff (p75): -0.0151
2026-10-08 21:47:11 - hne.preprocessing.aggregation - DEBUG - Cell_cycle_signature_score binary cutoff (p75): 0.2688
2026-10-08 21:47:11 - hne.preprocessing.aggregation - DEBUG - YAP_signature_score binary cutoff (p75): 0.3675
2026-10-08 21:47:11 - hne.preprocessing.aggregation - DEBUG - WNT_signature_score binary cutoff (p75): 0.1314
2026-10-08 21:47:11 - hne.preprocessing.aggregation - DEBUG - EMT_signature_score binary cutoff (p75): 0.3269
2026-10-08 21:47:11 - hne.preprocessing.pipeline - INFO - Completed preprocessing for CH_L_344a.
2026-10-08 21:47:11 - __main__ - INFO - Preprocessing patient: CH_L_345a
2026-10-08 21:47:11 - hne.preprocessing.pipeline - INFO - Starting preprocessing patient: CH_L_345a
2026-10-08 21:47:30 - hne.preprocessing.tumor_purity - INFO - Attached tumor fraction to 4743 tissue spots
2026-10-08 21:47:31 - hne.preprocessing.tumor_purity - INFO - Created 60 initial tiles
2026-10-08 21:47:31 - hne.preprocessing.tumor_purity - INFO - Bayesian tile purtiy computed (k=2.0): mean=0.704
2026-10-08 21:47:31 - hne.preprocessing.tumor_purity - INFO - Filtered from 60 to 41 tumor tiles
2026-10-08 21:48:10 - hne.preprocessing.tiling - INFO - Saved 41 tumor tiles for patient CH_L_345a
2026-10-08 21:48:53 - hne.preprocessing.aggregation - INFO - Aggregated 41 tumor tiles with avg 101.8 spots per tile
2026-10-08 21:48:53 - hne.preprocessing.aggregation - DEBUG - 68.33% of tiles are tumor tiles
2026-10-08 21:48:53 - hne.preprocessing.aggregation - DEBUG - FMRP_signature_score binary cutoff (p75): 0.0257
2026-10-08 21:48:53 - hne.preprocessing.aggregation - DEBUG - Cell_cycle_signature_score binary cutoff (p75): 0.2483
2026-10-08 21:48:53 - hne.preprocessing.aggregation - DEBUG - YAP_signature_score binary cutoff (p75): 0.3845
2026-10-08 21:48:53 - hne.preprocessing.aggregation - DEBUG - WNT_signature_score binary cutoff (p75): 0.0442
2026-10-08 21:48:53 - hne.preprocessing.aggregation - DEBUG - EMT_signature_score binary cutoff (p75): 0.3175
2026-10-08 21:48:53 - hne.preprocessing.pipeline - INFO - Completed preprocessing for CH_L_345a.
2026-10-08 21:48:53 - __main__ - INFO - Preprocessing patient: CH_L_346a
2026-10-08 21:48:53 - hne.preprocessing.pipeline - INFO - Starting preprocessing patient: CH_L_346a
2026-10-08 21:49:10 - hne.preprocessing.tumor_purity - INFO - Attached tumor fraction to 4092 tissue spots
2026-10-08 21:49:12 - hne.preprocessing.tumor_purity - INFO - Created 51 initial tiles
2026-10-08 21:49:12 - hne.preprocessing.tumor_purity - INFO - Bayesian tile purtiy computed (k=2.0): mean=0.667
2026-10-08 21:49:12 - hne.preprocessing.tumor_purity - INFO - Filtered from 51 to 45 tumor tiles
2026-10-08 21:49:57 - hne.preprocessing.tiling - INFO - Saved 45 tumor tiles for patient CH_L_346a
2026-10-08 21:50:32 - hne.preprocessing.aggregation - INFO - Aggregated 45 tumor tiles with avg 86.64 spots per tile
2026-10-08 21:50:32 - hne.preprocessing.aggregation - DEBUG - 88.24% of tiles are tumor tiles
2026-10-08 21:50:32 - hne.preprocessing.aggregation - DEBUG - FMRP_signature_score binary cutoff (p75): 0.0353
2026-10-08 21:50:32 - hne.preprocessing.aggregation - DEBUG - Cell_cycle_signature_score binary cutoff (p75): 0.0374
2026-10-08 21:50:32 - hne.preprocessing.aggregation - DEBUG - YAP_signature_score binary cutoff (p75): 0.3821
2026-10-08 21:50:32 - hne.preprocessing.aggregation - DEBUG - WNT_signature_score binary cutoff (p75): 0.0554
2026-10-08 21:50:32 - hne.preprocessing.aggregation - DEBUG - EMT_signature_score binary cutoff (p75): 0.4749
2026-10-08 21:50:32 - hne.preprocessing.pipeline - INFO - Completed preprocessing for CH_L_346a.
2026-10-08 21:50:32 - __main__ - INFO - Preprocessing patient: CH_L_347a
2026-10-08 21:50:32 - hne.preprocessing.pipeline - INFO - Starting preprocessing patient: CH_L_347a
2026-10-08 21:50:50 - hne.preprocessing.tumor_purity - INFO - Attached tumor fraction to 4946 tissue spots
2026-10-08 21:50:51 - hne.preprocessing.tumor_purity - INFO - Created 49 initial tiles
2026-10-08 21:50:51 - hne.preprocessing.tumor_purity - INFO - Bayesian tile purtiy computed (k=2.0): mean=0.635
2026-10-08 21:50:51 - hne.preprocessing.tumor_purity - INFO - Filtered from 49 to 47 tumor tiles
2026-10-08 21:51:37 - hne.preprocessing.tiling - INFO - Saved 47 tumor tiles for patient CH_L_347a
2026-10-08 21:52:19 - hne.preprocessing.aggregation - INFO - Aggregated 47 tumor tiles with avg 100.77 spots per tile
2026-10-08 21:52:19 - hne.preprocessing.aggregation - DEBUG - 95.92% of tiles are tumor tiles
2026-10-08 21:52:19 - hne.preprocessing.aggregation - DEBUG - FMRP_signature_score binary cutoff (p75): -0.0047
2026-10-08 21:52:19 - hne.preprocessing.aggregation - DEBUG - Cell_cycle_signature_score binary cutoff (p75): 0.1457
2026-10-08 21:52:19 - hne.preprocessing.aggregation - DEBUG - YAP_signature_score binary cutoff (p75): 0.4158
2026-10-08 21:52:19 - hne.preprocessing.aggregation - DEBUG - WNT_signature_score binary cutoff (p75): 0.0503
2026-10-08 21:52:19 - hne.preprocessing.aggregation - DEBUG - EMT_signature_score binary cutoff (p75): 0.3991
2026-10-08 21:52:19 - hne.preprocessing.pipeline - INFO - Completed preprocessing for CH_L_347a.
2026-10-08 21:52:19 - __main__ - INFO - Preprocessing patient: CH_L_348a
2026-10-08 21:52:19 - hne.preprocessing.pipeline - INFO - Starting preprocessing patient: CH_L_348a
2026-10-08 21:52:36 - hne.preprocessing.tumor_purity - INFO - Attached tumor fraction to 4581 tissue spots
2026-10-08 21:52:38 - hne.preprocessing.tumor_purity - INFO - Created 64 initial tiles
2026-10-08 21:52:38 - hne.preprocessing.tumor_purity - INFO - Bayesian tile purtiy computed (k=2.0): mean=0.471
2026-10-08 21:52:38 - hne.preprocessing.tumor_purity - INFO - Filtered from 64 to 39 tumor tiles
2026-10-08 21:53:19 - hne.preprocessing.tiling - INFO - Saved 39 tumor tiles for patient CH_L_348a
2026-10-08 21:53:59 - hne.preprocessing.aggregation - INFO - Aggregated 39 tumor tiles with avg 94.62 spots per tile
2026-10-08 21:53:59 - hne.preprocessing.aggregation - DEBUG - 60.94% of tiles are tumor tiles
2026-10-08 21:53:59 - hne.preprocessing.aggregation - DEBUG - FMRP_signature_score binary cutoff (p75): -0.0050
2026-10-08 21:53:59 - hne.preprocessing.aggregation - DEBUG - Cell_cycle_signature_score binary cutoff (p75): 0.0758
2026-10-08 21:53:59 - hne.preprocessing.aggregation - DEBUG - YAP_signature_score binary cutoff (p75): 0.3699
2026-10-08 21:53:59 - hne.preprocessing.aggregation - DEBUG - WNT_signature_score binary cutoff (p75): -0.0298
2026-10-08 21:53:59 - hne.preprocessing.aggregation - DEBUG - EMT_signature_score binary cutoff (p75): 0.4812
2026-10-08 21:53:59 - hne.preprocessing.pipeline - INFO - Completed preprocessing for CH_L_348a.
2026-10-08 21:53:59 - __main__ - INFO - Preprocessing patient: CH_L_349a
2026-10-08 21:53:59 - hne.preprocessing.pipeline - INFO - Starting preprocessing patient: CH_L_349a
2026-10-08 21:54:12 - hne.preprocessing.tumor_purity - INFO - Attached tumor fraction to 4672 tissue spots
2026-10-08 21:54:14 - hne.preprocessing.tumor_purity - INFO - Created 64 initial tiles
2026-10-08 21:54:14 - hne.preprocessing.tumor_purity - INFO - Bayesian tile purtiy computed (k=2.0): mean=0.410
2026-10-08 21:54:14 - hne.preprocessing.tumor_purity - INFO - Filtered from 64 to 27 tumor tiles
2026-10-08 21:54:42 - hne.preprocessing.tiling - INFO - Saved 27 tumor tiles for patient CH_L_349a
2026-10-08 21:55:21 - hne.preprocessing.aggregation - INFO - Aggregated 27 tumor tiles with avg 97.04 spots per tile
2026-10-08 21:55:21 - hne.preprocessing.aggregation - DEBUG - 42.19% of tiles are tumor tiles
2026-10-08 21:55:21 - hne.preprocessing.aggregation - DEBUG - FMRP_signature_score binary cutoff (p75): -0.0241
2026-10-08 21:55:21 - hne.preprocessing.aggregation - DEBUG - Cell_cycle_signature_score binary cutoff (p75): 0.0746
2026-10-08 21:55:21 - hne.preprocessing.aggregation - DEBUG - YAP_signature_score binary cutoff (p75): 0.4296
2026-10-08 21:55:21 - hne.preprocessing.aggregation - DEBUG - WNT_signature_score binary cutoff (p75): -0.0497
2026-10-08 21:55:21 - hne.preprocessing.aggregation - DEBUG - EMT_signature_score binary cutoff (p75): 0.4541
2026-10-08 21:55:21 - hne.preprocessing.pipeline - INFO - Completed preprocessing for CH_L_349a.
2026-10-08 21:55:21 - __main__ - INFO - Preprocessing patient: CH_L_350a
2026-10-08 21:55:21 - hne.preprocessing.pipeline - INFO - Starting preprocessing patient: CH_L_350a
2026-10-08 21:55:35 - hne.preprocessing.tumor_purity - INFO - Attached tumor fraction to 3509 tissue spots
2026-10-08 21:55:36 - hne.preprocessing.tumor_purity - INFO - Created 51 initial tiles
2026-10-08 21:55:36 - hne.preprocessing.tumor_purity - INFO - Bayesian tile purtiy computed (k=2.0): mean=0.652
2026-10-08 21:55:36 - hne.preprocessing.tumor_purity - INFO - Filtered from 51 to 47 tumor tiles
2026-10-08 21:56:27 - hne.preprocessing.tiling - INFO - Saved 47 tumor tiles for patient CH_L_350a
2026-10-08 21:56:57 - hne.preprocessing.aggregation - INFO - Aggregated 47 tumor tiles with avg 73.83 spots per tile
2026-10-08 21:56:57 - hne.preprocessing.aggregation - DEBUG - 92.16% of tiles are tumor tiles
2026-10-08 21:56:57 - hne.preprocessing.aggregation - DEBUG - FMRP_signature_score binary cutoff (p75): 0.0337
2026-10-08 21:56:57 - hne.preprocessing.aggregation - DEBUG - Cell_cycle_signature_score binary cutoff (p75): 0.0374
2026-10-08 21:56:57 - hne.preprocessing.aggregation - DEBUG - YAP_signature_score binary cutoff (p75): 0.3720
2026-10-08 21:56:57 - hne.preprocessing.aggregation - DEBUG - WNT_signature_score binary cutoff (p75): 0.0486
2026-10-08 21:56:57 - hne.preprocessing.aggregation - DEBUG - EMT_signature_score binary cutoff (p75): 0.4683
2026-10-08 21:56:57 - hne.preprocessing.pipeline - INFO - Completed preprocessing for CH_L_350a.
2026-10-08 21:56:58 - __main__ - INFO - Preprocessing patient: CH_L_351a
2026-10-08 21:56:58 - hne.preprocessing.pipeline - INFO - Starting preprocessing patient: CH_L_351a
2026-10-08 21:57:18 - hne.preprocessing.tumor_purity - INFO - Attached tumor fraction to 4874 tissue spots
2026-10-08 21:57:21 - hne.preprocessing.tumor_purity - INFO - Created 64 initial tiles
2026-10-08 21:57:21 - hne.preprocessing.tumor_purity - INFO - Bayesian tile purtiy computed (k=2.0): mean=0.418
2026-10-08 21:57:21 - hne.preprocessing.tumor_purity - INFO - Filtered from 64 to 27 tumor tiles
2026-10-08 21:57:49 - hne.preprocessing.tiling - INFO - Saved 27 tumor tiles for patient CH_L_351a
2026-10-08 21:58:31 - hne.preprocessing.aggregation - INFO - Aggregated 27 tumor tiles with avg 98.56 spots per tile
2026-10-08 21:58:31 - hne.preprocessing.aggregation - DEBUG - 42.19% of tiles are tumor tiles
2026-10-08 21:58:31 - hne.preprocessing.aggregation - DEBUG - FMRP_signature_score binary cutoff (p75): 0.0468
2026-10-08 21:58:31 - hne.preprocessing.aggregation - DEBUG - Cell_cycle_signature_score binary cutoff (p75): 0.1305
2026-10-08 21:58:31 - hne.preprocessing.aggregation - DEBUG - YAP_signature_score binary cutoff (p75): 0.3607
2026-10-08 21:58:31 - hne.preprocessing.aggregation - DEBUG - WNT_signature_score binary cutoff (p75): 0.0439
2026-10-08 21:58:31 - hne.preprocessing.aggregation - DEBUG - EMT_signature_score binary cutoff (p75): 0.5697
2026-10-08 21:58:31 - hne.preprocessing.pipeline - INFO - Completed preprocessing for CH_L_351a.
2026-10-08 21:58:31 - __main__ - INFO - Preprocessing patient: CH_L_352a
2026-10-08 21:58:31 - hne.preprocessing.pipeline - INFO - Starting preprocessing patient: CH_L_352a
2026-10-08 21:58:45 - hne.preprocessing.tumor_purity - INFO - Attached tumor fraction to 4180 tissue spots
2026-10-08 21:58:46 - hne.preprocessing.tumor_purity - INFO - Created 51 initial tiles
2026-10-08 21:58:46 - hne.preprocessing.tumor_purity - INFO - Bayesian tile purtiy computed (k=2.0): mean=0.411
2026-10-08 21:58:46 - hne.preprocessing.tumor_purity - INFO - Filtered from 51 to 32 tumor tiles
2026-10-08 21:59:19 - hne.preprocessing.tiling - INFO - Saved 32 tumor tiles for patient CH_L_352a
2026-10-08 21:59:55 - hne.preprocessing.aggregation - INFO - Aggregated 32 tumor tiles with avg 87.53 spots per tile
2026-10-08 21:59:55 - hne.preprocessing.aggregation - DEBUG - 62.75% of tiles are tumor tiles
2026-10-08 21:59:55 - hne.preprocessing.aggregation - DEBUG - FMRP_signature_score binary cutoff (p75): 0.0067
2026-10-08 21:59:55 - hne.preprocessing.aggregation - DEBUG - Cell_cycle_signature_score binary cutoff (p75): 0.0490
2026-10-08 21:59:55 - hne.preprocessing.aggregation - DEBUG - YAP_signature_score binary cutoff (p75): 0.3984
2026-10-08 21:59:55 - hne.preprocessing.aggregation - DEBUG - WNT_signature_score binary cutoff (p75): -0.0131
2026-10-08 21:59:55 - hne.preprocessing.aggregation - DEBUG - EMT_signature_score binary cutoff (p75): 0.4525
2026-10-08 21:59:55 - hne.preprocessing.pipeline - INFO - Completed preprocessing for CH_L_352a.
2026-10-08 21:59:55 - __main__ - INFO - Preprocessing patient: CH_L_353a
2026-10-08 21:59:55 - hne.preprocessing.pipeline - INFO - Starting preprocessing patient: CH_L_353a
2026-10-08 22:00:15 - hne.preprocessing.tumor_purity - INFO - Attached tumor fraction to 4568 tissue spots
2026-10-08 22:00:16 - hne.preprocessing.tumor_purity - INFO - Created 61 initial tiles
2026-10-08 22:00:16 - hne.preprocessing.tumor_purity - INFO - Bayesian tile purtiy computed (k=2.0): mean=0.395
2026-10-08 22:00:16 - hne.preprocessing.tumor_purity - INFO - Filtered from 61 to 39 tumor tiles
2026-10-08 22:00:56 - hne.preprocessing.tiling - INFO - Saved 39 tumor tiles for patient CH_L_353a
2026-10-08 22:01:36 - hne.preprocessing.aggregation - INFO - Aggregated 39 tumor tiles with avg 88.46 spots per tile
2026-10-08 22:01:36 - hne.preprocessing.aggregation - DEBUG - 63.93% of tiles are tumor tiles
2026-10-08 22:01:36 - hne.preprocessing.aggregation - DEBUG - FMRP_signature_score binary cutoff (p75): 0.0146
2026-10-08 22:01:36 - hne.preprocessing.aggregation - DEBUG - Cell_cycle_signature_score binary cutoff (p75): 0.0928
2026-10-08 22:01:36 - hne.preprocessing.aggregation - DEBUG - YAP_signature_score binary cutoff (p75): 0.3214
2026-10-08 22:01:36 - hne.preprocessing.aggregation - DEBUG - WNT_signature_score binary cutoff (p75): -0.0186
2026-10-08 22:01:36 - hne.preprocessing.aggregation - DEBUG - EMT_signature_score binary cutoff (p75): 0.5868
2026-10-08 22:01:36 - hne.preprocessing.pipeline - INFO - Completed preprocessing for CH_L_353a.
2026-10-08 22:01:36 - __main__ - INFO - Preprocessing patient: CH_L_356a
2026-10-08 22:01:36 - hne.preprocessing.pipeline - INFO - Starting preprocessing patient: CH_L_356a
2026-10-08 22:01:51 - hne.preprocessing.tumor_purity - INFO - Attached tumor fraction to 4297 tissue spots
2026-10-08 22:01:53 - hne.preprocessing.tumor_purity - INFO - Created 55 initial tiles
2026-10-08 22:01:53 - hne.preprocessing.tumor_purity - INFO - Bayesian tile purtiy computed (k=2.0): mean=0.380
2026-10-08 22:01:53 - hne.preprocessing.tumor_purity - INFO - Filtered from 55 to 27 tumor tiles
2026-10-08 22:02:23 - hne.preprocessing.tiling - INFO - Saved 27 tumor tiles for patient CH_L_356a
2026-10-08 22:02:59 - hne.preprocessing.aggregation - INFO - Aggregated 27 tumor tiles with avg 111.44 spots per tile
2026-10-08 22:02:59 - hne.preprocessing.aggregation - DEBUG - 49.09% of tiles are tumor tiles
2026-10-08 22:02:59 - hne.preprocessing.aggregation - DEBUG - FMRP_signature_score binary cutoff (p75): 0.0040
2026-10-08 22:02:59 - hne.preprocessing.aggregation - DEBUG - Cell_cycle_signature_score binary cutoff (p75): 0.0838
2026-10-08 22:02:59 - hne.preprocessing.aggregation - DEBUG - YAP_signature_score binary cutoff (p75): 0.3745
2026-10-08 22:02:59 - hne.preprocessing.aggregation - DEBUG - WNT_signature_score binary cutoff (p75): -0.0315
2026-10-08 22:02:59 - hne.preprocessing.aggregation - DEBUG - EMT_signature_score binary cutoff (p75): 0.4396
2026-10-08 22:02:59 - hne.preprocessing.pipeline - INFO - Completed preprocessing for CH_L_356a.
2026-10-08 22:03:00 - __main__ - INFO - Preprocessing patient: CH_L_359a
2026-10-08 22:03:00 - hne.preprocessing.pipeline - INFO - Starting preprocessing patient: CH_L_359a
2026-10-08 22:03:15 - hne.preprocessing.tumor_purity - INFO - Attached tumor fraction to 4522 tissue spots
2026-10-08 22:03:17 - hne.preprocessing.tumor_purity - INFO - Created 57 initial tiles
2026-10-08 22:03:17 - hne.preprocessing.tumor_purity - INFO - Bayesian tile purtiy computed (k=2.0): mean=0.389
2026-10-08 22:03:17 - hne.preprocessing.tumor_purity - INFO - Filtered from 57 to 24 tumor tiles
2026-10-08 22:03:42 - hne.preprocessing.tiling - INFO - Saved 24 tumor tiles for patient CH_L_359a
2026-10-08 22:04:22 - hne.preprocessing.aggregation - INFO - Aggregated 24 tumor tiles with avg 98.67 spots per tile
2026-10-08 22:04:22 - hne.preprocessing.aggregation - DEBUG - 42.11% of tiles are tumor tiles
2026-10-08 22:04:22 - hne.preprocessing.aggregation - DEBUG - FMRP_signature_score binary cutoff (p75): -0.0002
2026-10-08 22:04:22 - hne.preprocessing.aggregation - DEBUG - Cell_cycle_signature_score binary cutoff (p75): 0.0983
2026-10-08 22:04:22 - hne.preprocessing.aggregation - DEBUG - YAP_signature_score binary cutoff (p75): 0.4332
2026-10-08 22:04:22 - hne.preprocessing.aggregation - DEBUG - WNT_signature_score binary cutoff (p75): -0.0242
2026-10-08 22:04:22 - hne.preprocessing.aggregation - DEBUG - EMT_signature_score binary cutoff (p75): 0.4542
2026-10-08 22:04:22 - hne.preprocessing.pipeline - INFO - Completed preprocessing for CH_L_359a.
2026-10-08 22:04:22 - __main__ - INFO - Preprocessing patient: CH_L_360a
2026-10-08 22:04:22 - hne.preprocessing.pipeline - INFO - Starting preprocessing patient: CH_L_360a
2026-10-08 22:04:42 - hne.preprocessing.tumor_purity - INFO - Attached tumor fraction to 4491 tissue spots
2026-10-08 22:04:47 - hne.preprocessing.tumor_purity - INFO - Created 63 initial tiles
2026-10-08 22:04:47 - hne.preprocessing.tumor_purity - INFO - Bayesian tile purtiy computed (k=2.0): mean=0.528
2026-10-08 22:04:47 - hne.preprocessing.tumor_purity - INFO - Filtered from 63 to 33 tumor tiles
2026-10-08 22:05:19 - hne.preprocessing.tiling - INFO - Saved 33 tumor tiles for patient CH_L_360a
2026-10-08 22:05:59 - hne.preprocessing.aggregation - INFO - Aggregated 33 tumor tiles with avg 102.18 spots per tile
2026-10-08 22:05:59 - hne.preprocessing.aggregation - DEBUG - 52.38% of tiles are tumor tiles
2026-10-08 22:05:59 - hne.preprocessing.aggregation - DEBUG - FMRP_signature_score binary cutoff (p75): 0.0061
2026-10-08 22:05:59 - hne.preprocessing.aggregation - DEBUG - Cell_cycle_signature_score binary cutoff (p75): 0.1651
2026-10-08 22:05:59 - hne.preprocessing.aggregation - DEBUG - YAP_signature_score binary cutoff (p75): 0.3609
2026-10-08 22:05:59 - hne.preprocessing.aggregation - DEBUG - WNT_signature_score binary cutoff (p75): 0.0096
2026-10-08 22:05:59 - hne.preprocessing.aggregation - DEBUG - EMT_signature_score binary cutoff (p75): 0.4319
2026-10-08 22:05:59 - hne.preprocessing.pipeline - INFO - Completed preprocessing for CH_L_360a.
2026-10-08 22:05:59 - __main__ - INFO - Preprocessing patient: CH_L_361a
2026-10-08 22:05:59 - hne.preprocessing.pipeline - INFO - Starting preprocessing patient: CH_L_361a
2026-10-08 22:06:16 - hne.preprocessing.tumor_purity - INFO - Attached tumor fraction to 4741 tissue spots
2026-10-08 22:06:19 - hne.preprocessing.tumor_purity - INFO - Created 64 initial tiles
2026-10-08 22:06:19 - hne.preprocessing.tumor_purity - INFO - Bayesian tile purtiy computed (k=2.0): mean=0.431
2026-10-08 22:06:19 - hne.preprocessing.tumor_purity - INFO - Filtered from 64 to 41 tumor tiles
2026-10-08 22:07:07 - hne.preprocessing.tiling - INFO - Saved 41 tumor tiles for patient CH_L_361a
2026-10-08 22:07:49 - hne.preprocessing.aggregation - INFO - Aggregated 41 tumor tiles with avg 95.54 spots per tile
2026-10-08 22:07:49 - hne.preprocessing.aggregation - DEBUG - 64.06% of tiles are tumor tiles
2026-10-08 22:07:49 - hne.preprocessing.aggregation - DEBUG - FMRP_signature_score binary cutoff (p75): -0.0005
2026-10-08 22:07:49 - hne.preprocessing.aggregation - DEBUG - Cell_cycle_signature_score binary cutoff (p75): 0.0455
2026-10-08 22:07:49 - hne.preprocessing.aggregation - DEBUG - YAP_signature_score binary cutoff (p75): 0.4073
2026-10-08 22:07:49 - hne.preprocessing.aggregation - DEBUG - WNT_signature_score binary cutoff (p75): -0.0332
2026-10-08 22:07:49 - hne.preprocessing.aggregation - DEBUG - EMT_signature_score binary cutoff (p75): 0.5330
2026-10-08 22:07:49 - hne.preprocessing.pipeline - INFO - Completed preprocessing for CH_L_361a.
2026-10-08 22:07:49 - __main__ - INFO - Preprocessing patient: CH_L_362a
2026-10-08 22:07:49 - hne.preprocessing.pipeline - INFO - Starting preprocessing patient: CH_L_362a
2026-10-08 22:08:07 - hne.preprocessing.tumor_purity - INFO - Attached tumor fraction to 4881 tissue spots
2026-10-08 22:08:09 - hne.preprocessing.tumor_purity - INFO - Created 59 initial tiles
2026-10-08 22:08:09 - hne.preprocessing.tumor_purity - INFO - Bayesian tile purtiy computed (k=2.0): mean=0.535
2026-10-08 22:08:09 - hne.preprocessing.tumor_purity - INFO - Filtered from 59 to 38 tumor tiles
2026-10-08 22:08:49 - hne.preprocessing.tiling - INFO - Saved 38 tumor tiles for patient CH_L_362a
2026-10-08 22:09:31 - hne.preprocessing.aggregation - INFO - Aggregated 38 tumor tiles with avg 103.92 spots per tile
2026-10-08 22:09:31 - hne.preprocessing.aggregation - DEBUG - 64.41% of tiles are tumor tiles
2026-10-08 22:09:31 - hne.preprocessing.aggregation - DEBUG - FMRP_signature_score binary cutoff (p75): -0.0197
2026-10-08 22:09:31 - hne.preprocessing.aggregation - DEBUG - Cell_cycle_signature_score binary cutoff (p75): 0.1492
2026-10-08 22:09:31 - hne.preprocessing.aggregation - DEBUG - YAP_signature_score binary cutoff (p75): 0.4324
2026-10-08 22:09:31 - hne.preprocessing.aggregation - DEBUG - WNT_signature_score binary cutoff (p75): 0.0290
2026-10-08 22:09:31 - hne.preprocessing.aggregation - DEBUG - EMT_signature_score binary cutoff (p75): 0.4202
2026-10-08 22:09:31 - hne.preprocessing.pipeline - INFO - Completed preprocessing for CH_L_362a.
2026-10-08 22:09:31 - __main__ - INFO - Preprocessing patient: CH_L_363a
2026-10-08 22:09:31 - hne.preprocessing.pipeline - INFO - Starting preprocessing patient: CH_L_363a
2026-10-08 22:09:51 - hne.preprocessing.tumor_purity - INFO - Attached tumor fraction to 4877 tissue spots
2026-10-08 22:09:54 - hne.preprocessing.tumor_purity - INFO - Created 65 initial tiles
2026-10-08 22:09:54 - hne.preprocessing.tumor_purity - INFO - Bayesian tile purtiy computed (k=2.0): mean=0.639
2026-10-08 22:09:54 - hne.preprocessing.tumor_purity - INFO - Filtered from 65 to 46 tumor tiles
2026-10-08 22:10:41 - hne.preprocessing.tiling - INFO - Saved 46 tumor tiles for patient CH_L_363a
2026-10-08 22:11:24 - hne.preprocessing.aggregation - INFO - Aggregated 46 tumor tiles with avg 92.04 spots per tile
2026-10-08 22:11:24 - hne.preprocessing.aggregation - DEBUG - 70.77% of tiles are tumor tiles
2026-10-08 22:11:24 - hne.preprocessing.aggregation - DEBUG - FMRP_signature_score binary cutoff (p75): 0.0141
2026-10-08 22:11:24 - hne.preprocessing.aggregation - DEBUG - Cell_cycle_signature_score binary cutoff (p75): 0.0645
2026-10-08 22:11:24 - hne.preprocessing.aggregation - DEBUG - YAP_signature_score binary cutoff (p75): 0.4074
2026-10-08 22:11:24 - hne.preprocessing.aggregation - DEBUG - WNT_signature_score binary cutoff (p75): 0.0488
2026-10-08 22:11:24 - hne.preprocessing.aggregation - DEBUG - EMT_signature_score binary cutoff (p75): 0.3950
2026-10-08 22:11:24 - hne.preprocessing.pipeline - INFO - Completed preprocessing for CH_L_363a.
2026-10-08 22:11:24 - __main__ - INFO - Preprocessing patient: CH_L_364a
2026-10-08 22:11:24 - hne.preprocessing.pipeline - INFO - Starting preprocessing patient: CH_L_364a
2026-10-08 22:11:41 - hne.preprocessing.tumor_purity - INFO - Attached tumor fraction to 3962 tissue spots
2026-10-08 22:11:43 - hne.preprocessing.tumor_purity - INFO - Created 62 initial tiles
2026-10-08 22:11:43 - hne.preprocessing.tumor_purity - INFO - Bayesian tile purtiy computed (k=2.0): mean=0.293
2026-10-08 22:11:43 - hne.preprocessing.tumor_purity - WARNING - Mean tile purity is very low: 0.29302864395744954
2026-10-08 22:11:43 - hne.preprocessing.tumor_purity - INFO - Filtered from 62 to 19 tumor tiles
2026-10-08 22:12:02 - hne.preprocessing.tiling - INFO - Saved 19 tumor tiles for patient CH_L_364a
2026-10-08 22:12:35 - hne.preprocessing.aggregation - INFO - Aggregated 19 tumor tiles with avg 98.84 spots per tile
2026-10-08 22:12:35 - hne.preprocessing.aggregation - DEBUG - 30.65% of tiles are tumor tiles
2026-10-08 22:12:35 - hne.preprocessing.aggregation - DEBUG - FMRP_signature_score binary cutoff (p75): 0.0886
2026-10-08 22:12:35 - hne.preprocessing.aggregation - DEBUG - Cell_cycle_signature_score binary cutoff (p75): 0.1206
2026-10-08 22:12:35 - hne.preprocessing.aggregation - DEBUG - YAP_signature_score binary cutoff (p75): 0.3427
2026-10-08 22:12:35 - hne.preprocessing.aggregation - DEBUG - WNT_signature_score binary cutoff (p75): 0.0258
2026-10-08 22:12:35 - hne.preprocessing.aggregation - DEBUG - EMT_signature_score binary cutoff (p75): 0.5705
2026-10-08 22:12:35 - hne.preprocessing.pipeline - INFO - Completed preprocessing for CH_L_364a.
2026-10-08 22:12:35 - __main__ - INFO - Preprocessing patient: CH_L_367a
2026-10-08 22:12:35 - hne.preprocessing.pipeline - INFO - Starting preprocessing patient: CH_L_367a
2026-10-08 22:12:51 - hne.preprocessing.tumor_purity - INFO - Attached tumor fraction to 4074 tissue spots
2026-10-08 22:12:53 - hne.preprocessing.tumor_purity - INFO - Created 61 initial tiles
2026-10-08 22:12:53 - hne.preprocessing.tumor_purity - INFO - Bayesian tile purtiy computed (k=2.0): mean=0.581
2026-10-08 22:12:53 - hne.preprocessing.tumor_purity - INFO - Filtered from 61 to 41 tumor tiles
2026-10-08 22:13:35 - hne.preprocessing.tiling - INFO - Saved 41 tumor tiles for patient CH_L_367a
2026-10-08 22:14:10 - hne.preprocessing.aggregation - INFO - Aggregated 41 tumor tiles with avg 87.93 spots per tile
2026-10-08 22:14:10 - hne.preprocessing.aggregation - DEBUG - 67.21% of tiles are tumor tiles
2026-10-08 22:14:10 - hne.preprocessing.aggregation - DEBUG - FMRP_signature_score binary cutoff (p75): 0.0121
2026-10-08 22:14:10 - hne.preprocessing.aggregation - DEBUG - Cell_cycle_signature_score binary cutoff (p75): 0.1256
2026-10-08 22:14:10 - hne.preprocessing.aggregation - DEBUG - YAP_signature_score binary cutoff (p75): 0.3564
2026-10-08 22:14:10 - hne.preprocessing.aggregation - DEBUG - WNT_signature_score binary cutoff (p75): 0.0274
2026-10-08 22:14:10 - hne.preprocessing.aggregation - DEBUG - EMT_signature_score binary cutoff (p75): 0.4251
2026-10-08 22:14:10 - hne.preprocessing.pipeline - INFO - Completed preprocessing for CH_L_367a.
2026-10-08 22:14:10 - __main__ - INFO - Preprocessing patient: CH_L_368a
2026-10-08 22:14:10 - hne.preprocessing.pipeline - INFO - Starting preprocessing patient: CH_L_368a
2026-10-08 22:14:26 - hne.preprocessing.tumor_purity - INFO - Attached tumor fraction to 4364 tissue spots
2026-10-08 22:14:28 - hne.preprocessing.tumor_purity - INFO - Created 54 initial tiles
2026-10-08 22:14:28 - hne.preprocessing.tumor_purity - INFO - Bayesian tile purtiy computed (k=2.0): mean=0.483
2026-10-08 22:14:28 - hne.preprocessing.tumor_purity - INFO - Filtered from 54 to 35 tumor tiles
2026-10-08 22:15:02 - hne.preprocessing.tiling - INFO - Saved 35 tumor tiles for patient CH_L_368a
2026-10-08 22:15:39 - hne.preprocessing.aggregation - INFO - Aggregated 35 tumor tiles with avg 103.97 spots per tile
2026-10-08 22:15:39 - hne.preprocessing.aggregation - DEBUG - 64.81% of tiles are tumor tiles
2026-10-08 22:15:39 - hne.preprocessing.aggregation - DEBUG - FMRP_signature_score binary cutoff (p75): 0.0464
2026-10-08 22:15:39 - hne.preprocessing.aggregation - DEBUG - Cell_cycle_signature_score binary cutoff (p75): 0.1243
2026-10-08 22:15:39 - hne.preprocessing.aggregation - DEBUG - YAP_signature_score binary cutoff (p75): 0.3865
2026-10-08 22:15:39 - hne.preprocessing.aggregation - DEBUG - WNT_signature_score binary cutoff (p75): 0.0611
2026-10-08 22:15:39 - hne.preprocessing.aggregation - DEBUG - EMT_signature_score binary cutoff (p75): 0.5902
2026-10-08 22:15:39 - hne.preprocessing.pipeline - INFO - Completed preprocessing for CH_L_368a.
2026-10-08 22:15:39 - __main__ - INFO - Preprocessing patient: CH_L_369a
2026-10-08 22:15:39 - hne.preprocessing.pipeline - INFO - Starting preprocessing patient: CH_L_369a
2026-10-08 22:15:58 - hne.preprocessing.tumor_purity - INFO - Attached tumor fraction to 4670 tissue spots
2026-10-08 22:15:59 - hne.preprocessing.tumor_purity - INFO - Created 50 initial tiles
2026-10-08 22:15:59 - hne.preprocessing.tumor_purity - INFO - Bayesian tile purtiy computed (k=2.0): mean=0.565
2026-10-08 22:15:59 - hne.preprocessing.tumor_purity - INFO - Filtered from 50 to 38 tumor tiles
2026-10-08 22:16:37 - hne.preprocessing.tiling - INFO - Saved 38 tumor tiles for patient CH_L_369a
2026-10-08 22:17:17 - hne.preprocessing.aggregation - INFO - Aggregated 38 tumor tiles with avg 96.66 spots per tile
2026-10-08 22:17:17 - hne.preprocessing.aggregation - DEBUG - 76.00% of tiles are tumor tiles
2026-10-08 22:17:17 - hne.preprocessing.aggregation - DEBUG - FMRP_signature_score binary cutoff (p75): 0.0301
2026-10-08 22:17:17 - hne.preprocessing.aggregation - DEBUG - Cell_cycle_signature_score binary cutoff (p75): 0.0276
2026-10-08 22:17:17 - hne.preprocessing.aggregation - DEBUG - YAP_signature_score binary cutoff (p75): 0.3454
2026-10-08 22:17:17 - hne.preprocessing.aggregation - DEBUG - WNT_signature_score binary cutoff (p75): 0.0489
2026-10-08 22:17:17 - hne.preprocessing.aggregation - DEBUG - EMT_signature_score binary cutoff (p75): 0.4126
2026-10-08 22:17:17 - hne.preprocessing.pipeline - INFO - Completed preprocessing for CH_L_369a.
2026-10-08 22:17:17 - __main__ - INFO - Preprocessing patient: CH_L_371a
2026-10-08 22:17:17 - hne.preprocessing.pipeline - INFO - Starting preprocessing patient: CH_L_371a
2026-10-08 22:17:34 - hne.preprocessing.tumor_purity - INFO - Attached tumor fraction to 4848 tissue spots
2026-10-08 22:17:36 - hne.preprocessing.tumor_purity - INFO - Created 64 initial tiles
2026-10-08 22:17:36 - hne.preprocessing.tumor_purity - INFO - Bayesian tile purtiy computed (k=2.0): mean=0.652
2026-10-08 22:17:36 - hne.preprocessing.tumor_purity - INFO - Filtered from 64 to 43 tumor tiles
2026-10-08 22:18:19 - hne.preprocessing.tiling - INFO - Saved 43 tumor tiles for patient CH_L_371a
2026-10-08 22:19:00 - hne.preprocessing.aggregation - INFO - Aggregated 43 tumor tiles with avg 102.37 spots per tile
2026-10-08 22:19:00 - hne.preprocessing.aggregation - DEBUG - 67.19% of tiles are tumor tiles
2026-10-08 22:19:00 - hne.preprocessing.aggregation - DEBUG - FMRP_signature_score binary cutoff (p75): 0.0127
2026-10-08 22:19:00 - hne.preprocessing.aggregation - DEBUG - Cell_cycle_signature_score binary cutoff (p75): 0.0941
2026-10-08 22:19:00 - hne.preprocessing.aggregation - DEBUG - YAP_signature_score binary cutoff (p75): 0.4118
2026-10-08 22:19:00 - hne.preprocessing.aggregation - DEBUG - WNT_signature_score binary cutoff (p75): 0.0365
2026-10-08 22:19:00 - hne.preprocessing.aggregation - DEBUG - EMT_signature_score binary cutoff (p75): 0.3749
2026-10-08 22:19:00 - hne.preprocessing.pipeline - INFO - Completed preprocessing for CH_L_371a.
2026-10-08 22:19:00 - __main__ - INFO - Preprocessing patient: CH_L_372a
2026-10-08 22:19:00 - hne.preprocessing.pipeline - INFO - Starting preprocessing patient: CH_L_372a
2026-10-08 22:19:16 - hne.preprocessing.tumor_purity - INFO - Attached tumor fraction to 4788 tissue spots
2026-10-08 22:19:19 - hne.preprocessing.tumor_purity - INFO - Created 59 initial tiles
2026-10-08 22:19:19 - hne.preprocessing.tumor_purity - INFO - Bayesian tile purtiy computed (k=2.0): mean=0.671
2026-10-08 22:19:19 - hne.preprocessing.tumor_purity - INFO - Filtered from 59 to 46 tumor tiles
2026-10-08 22:20:03 - hne.preprocessing.tiling - INFO - Saved 46 tumor tiles for patient CH_L_372a
2026-10-08 22:20:44 - hne.preprocessing.aggregation - INFO - Aggregated 46 tumor tiles with avg 97.48 spots per tile
2026-10-08 22:20:44 - hne.preprocessing.aggregation - DEBUG - 77.97% of tiles are tumor tiles
2026-10-08 22:20:44 - hne.preprocessing.aggregation - DEBUG - FMRP_signature_score binary cutoff (p75): 0.0204
2026-10-08 22:20:44 - hne.preprocessing.aggregation - DEBUG - Cell_cycle_signature_score binary cutoff (p75): 0.2188
2026-10-08 22:20:44 - hne.preprocessing.aggregation - DEBUG - YAP_signature_score binary cutoff (p75): 0.4501
2026-10-08 22:20:44 - hne.preprocessing.aggregation - DEBUG - WNT_signature_score binary cutoff (p75): 0.1434
2026-10-08 22:20:44 - hne.preprocessing.aggregation - DEBUG - EMT_signature_score binary cutoff (p75): 0.4162
2026-10-08 22:20:44 - hne.preprocessing.pipeline - INFO - Completed preprocessing for CH_L_372a.
2026-10-08 22:20:44 - __main__ - INFO - Preprocessing patient: CH_L_373a
2026-10-08 22:20:44 - hne.preprocessing.pipeline - INFO - Starting preprocessing patient: CH_L_373a
2026-10-08 22:20:59 - hne.preprocessing.tumor_purity - INFO - Attached tumor fraction to 3528 tissue spots
2026-10-08 22:21:00 - hne.preprocessing.tumor_purity - INFO - Created 53 initial tiles
2026-10-08 22:21:00 - hne.preprocessing.tumor_purity - INFO - Bayesian tile purtiy computed (k=2.0): mean=0.367
2026-10-08 22:21:00 - hne.preprocessing.tumor_purity - INFO - Filtered from 53 to 26 tumor tiles
2026-10-08 22:21:24 - hne.preprocessing.tiling - INFO - Saved 26 tumor tiles for patient CH_L_373a
2026-10-08 22:21:55 - hne.preprocessing.aggregation - INFO - Aggregated 26 tumor tiles with avg 89.73 spots per tile
2026-10-08 22:21:55 - hne.preprocessing.aggregation - DEBUG - 49.06% of tiles are tumor tiles
2026-10-08 22:21:55 - hne.preprocessing.aggregation - DEBUG - FMRP_signature_score binary cutoff (p75): -0.0013
2026-10-08 22:21:55 - hne.preprocessing.aggregation - DEBUG - Cell_cycle_signature_score binary cutoff (p75): 0.1255
2026-10-08 22:21:55 - hne.preprocessing.aggregation - DEBUG - YAP_signature_score binary cutoff (p75): 0.3572
2026-10-08 22:21:55 - hne.preprocessing.aggregation - DEBUG - WNT_signature_score binary cutoff (p75): 0.0364
2026-10-08 22:21:55 - hne.preprocessing.aggregation - DEBUG - EMT_signature_score binary cutoff (p75): 0.4886
2026-10-08 22:21:55 - hne.preprocessing.pipeline - INFO - Completed preprocessing for CH_L_373a.
2026-10-08 22:21:55 - __main__ - INFO - Preprocessing patient: CH_L_375a
2026-10-08 22:21:55 - hne.preprocessing.pipeline - INFO - Starting preprocessing patient: CH_L_375a
2026-10-08 22:21:58 - hne.preprocessing.tumor_purity - WARNING - CH_L_375a: missing deconv_sample_level_custom1_frac in obsm - skipping
2026-10-08 22:21:58 - __main__ - INFO - Preprocessing patient: CH_L_376a
2026-10-08 22:21:58 - hne.preprocessing.pipeline - INFO - Starting preprocessing patient: CH_L_376a
2026-10-08 22:22:04 - hne.preprocessing.tumor_purity - INFO - Attached tumor fraction to 1183 tissue spots
2026-10-08 22:22:04 - hne.preprocessing.tumor_purity - INFO - Created 11 initial tiles
2026-10-08 22:22:04 - hne.preprocessing.tumor_purity - WARNING - Very few initial tiles created: 11
2026-10-08 22:22:04 - hne.preprocessing.tumor_purity - INFO - Bayesian tile purtiy computed (k=2.0): mean=0.539
2026-10-08 22:22:04 - hne.preprocessing.tumor_purity - INFO - Filtered from 11 to 3 tumor tiles
2026-10-08 22:22:04 - hne.preprocessing.tumor_purity - WARNING - Only 3 tumor tiles - insufficient for MIL training
2026-10-08 22:22:06 - __main__ - ERROR - Failed preprocessing patient CH_L_376a
Traceback (most recent call last):
  File "/home/sagemaker-user/HNE/scripts/preprocessing/preprocess_cohort.py", line 74, in <module>
    metadata, tiles_sig, spot_df, sig_cols_patient = preprocess_patient(
  File "/home/sagemaker-user/HNE/src/hne/preprocessing/pipeline.py", line 83, in preprocess_patient
    _, meta = crop_and_save_tiles(tumor_tiles_df, tile_size_px, slide, patient_id)
  File "/home/sagemaker-user/HNE/src/hne/preprocessing/tiling.py", line 41, in crop_and_save_tiles
    raise ValueError(
ValueError: CH_L_376a: tile 0-9 starts at (17172, 0) px, outside the 17028x22457 slide. The opened image is not the one the fullres coordinates refer to.
2026-10-08 22:22:06 - __main__ - INFO - Preprocessing patient: CH_L_377a
2026-10-08 22:22:06 - hne.preprocessing.pipeline - INFO - Starting preprocessing patient: CH_L_377a
2026-10-08 22:22:10 - hne.preprocessing.tumor_purity - WARNING - CH_L_377a: missing deconv_sample_level_custom1_frac in obsm - skipping
2026-10-08 22:22:10 - __main__ - INFO - Preprocessing patient: CH_L_378a
2026-10-08 22:22:10 - hne.preprocessing.pipeline - INFO - Starting preprocessing patient: CH_L_378a
2026-10-08 22:22:15 - hne.preprocessing.tumor_purity - WARNING - CH_L_378a: missing deconv_sample_level_custom1_frac in obsm - skipping
2026-10-08 22:22:15 - __main__ - INFO - Preprocessing patient: CH_L_382a
2026-10-08 22:22:15 - hne.preprocessing.pipeline - INFO - Starting preprocessing patient: CH_L_382a
2026-10-08 22:22:20 - hne.preprocessing.tumor_purity - WARNING - CH_L_382a: missing deconv_sample_level_custom1_frac in obsm - skipping
2026-10-08 22:22:20 - __main__ - INFO - Preprocessing patient: CH_L_383a
2026-10-08 22:22:20 - hne.preprocessing.pipeline - INFO - Starting preprocessing patient: CH_L_383a
2026-10-08 22:22:23 - hne.preprocessing.tumor_purity - WARNING - CH_L_383a: missing deconv_sample_level_custom1_frac in obsm - skipping
2026-10-08 22:22:24 - __main__ - INFO - Preprocessing patient: CH_L_384a
2026-10-08 22:22:24 - hne.preprocessing.pipeline - INFO - Starting preprocessing patient: CH_L_384a
2026-10-08 22:22:28 - hne.preprocessing.tumor_purity - WARNING - CH_L_384a: missing deconv_sample_level_custom1_frac in obsm - skipping
2026-10-08 22:22:28 - __main__ - INFO - Preprocessing patient: CH_L_385a
2026-10-08 22:22:28 - hne.preprocessing.pipeline - INFO - Starting preprocessing patient: CH_L_385a
2026-10-08 22:22:35 - hne.preprocessing.tumor_purity - WARNING - CH_L_385a: missing deconv_sample_level_custom1_frac in obsm - skipping
2026-10-08 22:22:35 - __main__ - INFO - Preprocessing patient: CH_L_386a
2026-10-08 22:22:35 - hne.preprocessing.pipeline - INFO - Starting preprocessing patient: CH_L_386a
2026-10-08 22:22:41 - hne.preprocessing.tumor_purity - WARNING - CH_L_386a: missing deconv_sample_level_custom1_frac in obsm - skipping
2026-10-08 22:22:41 - __main__ - INFO - Preprocessing patient: CH_L_387a
2026-10-08 22:22:41 - hne.preprocessing.pipeline - INFO - Starting preprocessing patient: CH_L_387a
2026-10-08 22:22:46 - hne.preprocessing.tumor_purity - INFO - Attached tumor fraction to 789 tissue spots
2026-10-08 22:22:46 - hne.preprocessing.tumor_purity - INFO - Created 20 initial tiles
2026-10-08 22:22:46 - hne.preprocessing.tumor_purity - WARNING - Very few initial tiles created: 20
2026-10-08 22:22:46 - hne.preprocessing.tumor_purity - INFO - Bayesian tile purtiy computed (k=2.0): mean=0.494
2026-10-08 22:22:46 - hne.preprocessing.tumor_purity - INFO - Filtered from 20 to 9 tumor tiles
2026-10-08 22:22:46 - hne.preprocessing.tumor_purity - WARNING - Only 9 tumor tiles - insufficient for MIL training
2026-10-08 22:22:55 - hne.preprocessing.tiling - INFO - Saved 9 tumor tiles for patient CH_L_387a
2026-10-08 22:23:01 - hne.preprocessing.aggregation - INFO - Aggregated 9 tumor tiles with avg 74.78 spots per tile
2026-10-08 22:23:01 - hne.preprocessing.aggregation - DEBUG - 45.00% of tiles are tumor tiles
2026-10-08 22:23:01 - hne.preprocessing.aggregation - WARNING - Very few tumor tiles after aggregation: 9 tiles
2026-10-08 22:23:01 - hne.preprocessing.aggregation - DEBUG - FMRP_signature_score binary cutoff (p75): 0.0186
2026-10-08 22:23:01 - hne.preprocessing.aggregation - DEBUG - Cell_cycle_signature_score binary cutoff (p75): 0.3763
2026-10-08 22:23:01 - hne.preprocessing.aggregation - DEBUG - YAP_signature_score binary cutoff (p75): 0.4235
2026-10-08 22:23:01 - hne.preprocessing.aggregation - DEBUG - WNT_signature_score binary cutoff (p75): 0.1216
2026-10-08 22:23:01 - hne.preprocessing.aggregation - DEBUG - EMT_signature_score binary cutoff (p75): 0.4675
2026-10-08 22:23:01 - hne.preprocessing.pipeline - INFO - Completed preprocessing for CH_L_387a.
2026-10-08 22:23:01 - __main__ - INFO - Preprocessing patient: CH_L_388a
2026-10-08 22:23:01 - hne.preprocessing.pipeline - INFO - Starting preprocessing patient: CH_L_388a
2026-10-08 22:23:05 - hne.preprocessing.tumor_purity - INFO - Attached tumor fraction to 770 tissue spots
2026-10-08 22:23:05 - hne.preprocessing.tumor_purity - INFO - Created 22 initial tiles
2026-10-08 22:23:05 - hne.preprocessing.tumor_purity - WARNING - Very few initial tiles created: 22
2026-10-08 22:23:05 - hne.preprocessing.tumor_purity - INFO - Bayesian tile purtiy computed (k=2.0): mean=0.300
2026-10-08 22:23:05 - hne.preprocessing.tumor_purity - WARNING - Mean tile purity is very low: 0.29958185439754165
2026-10-08 22:23:05 - hne.preprocessing.tumor_purity - INFO - Filtered from 22 to 6 tumor tiles
2026-10-08 22:23:05 - hne.preprocessing.tumor_purity - WARNING - Only 6 tumor tiles - insufficient for MIL training
2026-10-08 22:23:11 - hne.preprocessing.tiling - INFO - Saved 6 tumor tiles for patient CH_L_388a
2026-10-08 22:23:17 - hne.preprocessing.aggregation - INFO - Aggregated 6 tumor tiles with avg 66.33 spots per tile
2026-10-08 22:23:17 - hne.preprocessing.aggregation - DEBUG - 27.27% of tiles are tumor tiles
2026-10-08 22:23:17 - hne.preprocessing.aggregation - WARNING - Very few tumor tiles after aggregation: 6 tiles
2026-10-08 22:23:17 - hne.preprocessing.aggregation - DEBUG - FMRP_signature_score binary cutoff (p75): -0.0226
2026-10-08 22:23:17 - hne.preprocessing.aggregation - DEBUG - Cell_cycle_signature_score binary cutoff (p75): 0.1541
2026-10-08 22:23:17 - hne.preprocessing.aggregation - DEBUG - YAP_signature_score binary cutoff (p75): 0.4090
2026-10-08 22:23:17 - hne.preprocessing.aggregation - DEBUG - WNT_signature_score binary cutoff (p75): 0.0368
2026-10-08 22:23:17 - hne.preprocessing.aggregation - DEBUG - EMT_signature_score binary cutoff (p75): 0.4413
2026-10-08 22:23:17 - hne.preprocessing.pipeline - INFO - Completed preprocessing for CH_L_388a.
2026-10-08 22:23:17 - __main__ - INFO - Preprocessing patient: CH_L_389a
2026-10-08 22:23:17 - hne.preprocessing.pipeline - INFO - Starting preprocessing patient: CH_L_389a
2026-10-08 22:23:24 - hne.preprocessing.tumor_purity - INFO - Attached tumor fraction to 1812 tissue spots
2026-10-08 22:23:24 - hne.preprocessing.tumor_purity - INFO - Created 42 initial tiles
2026-10-08 22:23:24 - hne.preprocessing.tumor_purity - INFO - Bayesian tile purtiy computed (k=2.0): mean=0.304
2026-10-08 22:23:24 - hne.preprocessing.tumor_purity - INFO - Filtered from 42 to 10 tumor tiles
2026-10-08 22:23:34 - hne.preprocessing.tiling - INFO - Saved 10 tumor tiles for patient CH_L_389a
2026-10-08 22:23:48 - hne.preprocessing.aggregation - INFO - Aggregated 10 tumor tiles with avg 68.8 spots per tile
2026-10-08 22:23:48 - hne.preprocessing.aggregation - DEBUG - 23.81% of tiles are tumor tiles
2026-10-08 22:23:48 - hne.preprocessing.aggregation - DEBUG - FMRP_signature_score binary cutoff (p75): -0.0149
2026-10-08 22:23:48 - hne.preprocessing.aggregation - DEBUG - Cell_cycle_signature_score binary cutoff (p75): 0.2489
2026-10-08 22:23:48 - hne.preprocessing.aggregation - DEBUG - YAP_signature_score binary cutoff (p75): 0.3651
2026-10-08 22:23:48 - hne.preprocessing.aggregation - DEBUG - WNT_signature_score binary cutoff (p75): 0.0987
2026-10-08 22:23:48 - hne.preprocessing.aggregation - DEBUG - EMT_signature_score binary cutoff (p75): 0.4777
2026-10-08 22:23:48 - hne.preprocessing.pipeline - INFO - Completed preprocessing for CH_L_389a.
2026-10-08 22:23:48 - __main__ - INFO - Preprocessing patient: CH_L_390a
2026-10-08 22:23:48 - hne.preprocessing.pipeline - INFO - Starting preprocessing patient: CH_L_390a
2026-10-08 22:23:52 - hne.preprocessing.tumor_purity - INFO - Attached tumor fraction to 772 tissue spots
2026-10-08 22:23:54 - hne.preprocessing.tumor_purity - INFO - Created 25 initial tiles
2026-10-08 22:23:54 - hne.preprocessing.tumor_purity - WARNING - Very few initial tiles created: 25
2026-10-08 22:23:54 - hne.preprocessing.tumor_purity - INFO - Bayesian tile purtiy computed (k=2.0): mean=0.477
2026-10-08 22:23:54 - hne.preprocessing.tumor_purity - INFO - Filtered from 25 to 7 tumor tiles
2026-10-08 22:23:54 - hne.preprocessing.tumor_purity - WARNING - Only 7 tumor tiles - insufficient for MIL training
2026-10-08 22:24:00 - hne.preprocessing.tiling - INFO - Saved 7 tumor tiles for patient CH_L_390a
2026-10-08 22:24:06 - hne.preprocessing.aggregation - INFO - Aggregated 7 tumor tiles with avg 74.71 spots per tile
2026-10-08 22:24:06 - hne.preprocessing.aggregation - DEBUG - 28.00% of tiles are tumor tiles
2026-10-08 22:24:06 - hne.preprocessing.aggregation - WARNING - Very few tumor tiles after aggregation: 7 tiles
2026-10-08 22:24:06 - hne.preprocessing.aggregation - DEBUG - FMRP_signature_score binary cutoff (p75): -0.0233
2026-10-08 22:24:06 - hne.preprocessing.aggregation - DEBUG - Cell_cycle_signature_score binary cutoff (p75): 0.2097
2026-10-08 22:24:06 - hne.preprocessing.aggregation - DEBUG - YAP_signature_score binary cutoff (p75): 0.4463
2026-10-08 22:24:06 - hne.preprocessing.aggregation - DEBUG - WNT_signature_score binary cutoff (p75): 0.0304
2026-10-08 22:24:06 - hne.preprocessing.aggregation - DEBUG - EMT_signature_score binary cutoff (p75): 0.2357
2026-10-08 22:24:06 - hne.preprocessing.pipeline - INFO - Completed preprocessing for CH_L_390a.
2026-10-08 22:24:06 - __main__ - INFO - Preprocessing patient: CH_L_391a
2026-10-08 22:24:06 - hne.preprocessing.pipeline - INFO - Starting preprocessing patient: CH_L_391a
2026-10-08 22:24:10 - hne.preprocessing.tumor_purity - WARNING - CH_L_391a: missing deconv_sample_level_custom1_frac in obsm - skipping
2026-10-08 22:24:10 - __main__ - INFO - Preprocessing patient: CH_L_392a
2026-10-08 22:24:10 - hne.preprocessing.pipeline - INFO - Starting preprocessing patient: CH_L_392a
2026-10-08 22:24:14 - hne.preprocessing.tumor_purity - WARNING - CH_L_392a: missing deconv_sample_level_custom1_frac in obsm - skipping
2026-10-08 22:24:14 - __main__ - INFO - Preprocessing patient: CH_L_393a
2026-10-08 22:24:14 - hne.preprocessing.pipeline - INFO - Starting preprocessing patient: CH_L_393a
2026-10-08 22:24:20 - hne.preprocessing.tumor_purity - WARNING - CH_L_393a: missing deconv_sample_level_custom1_frac in obsm - skipping
2026-10-08 22:24:20 - __main__ - INFO - Preprocessing patient: CH_L_394a
2026-10-08 22:24:20 - hne.preprocessing.pipeline - INFO - Starting preprocessing patient: CH_L_394a
2026-10-08 22:24:23 - hne.preprocessing.tumor_purity - WARNING - CH_L_394a: missing deconv_sample_level_custom1_frac in obsm - skipping
2026-10-08 22:24:23 - __main__ - INFO - Preprocessing patient: CH_L_395a
2026-10-08 22:24:23 - hne.preprocessing.pipeline - INFO - Starting preprocessing patient: CH_L_395a
2026-10-08 22:24:28 - hne.preprocessing.tumor_purity - INFO - Attached tumor fraction to 929 tissue spots
2026-10-08 22:24:28 - hne.preprocessing.tumor_purity - INFO - Created 20 initial tiles
2026-10-08 22:24:28 - hne.preprocessing.tumor_purity - WARNING - Very few initial tiles created: 20
2026-10-08 22:24:28 - hne.preprocessing.tumor_purity - INFO - Bayesian tile purtiy computed (k=2.0): mean=0.551
2026-10-08 22:24:28 - hne.preprocessing.tumor_purity - INFO - Filtered from 20 to 5 tumor tiles
2026-10-08 22:24:28 - hne.preprocessing.tumor_purity - WARNING - Only 5 tumor tiles - insufficient for MIL training
2026-10-08 22:24:33 - hne.preprocessing.tiling - INFO - Saved 5 tumor tiles for patient CH_L_395a
2026-10-08 22:24:40 - hne.preprocessing.aggregation - INFO - Aggregated 5 tumor tiles with avg 88.2 spots per tile
2026-10-08 22:24:40 - hne.preprocessing.aggregation - DEBUG - 25.00% of tiles are tumor tiles
2026-10-08 22:24:40 - hne.preprocessing.aggregation - WARNING - Very few tumor tiles after aggregation: 5 tiles
2026-10-08 22:24:40 - hne.preprocessing.aggregation - DEBUG - FMRP_signature_score binary cutoff (p75): 0.0543
2026-10-08 22:24:40 - hne.preprocessing.aggregation - DEBUG - Cell_cycle_signature_score binary cutoff (p75): 0.1530
2026-10-08 22:24:40 - hne.preprocessing.aggregation - DEBUG - YAP_signature_score binary cutoff (p75): 0.4545
2026-10-08 22:24:40 - hne.preprocessing.aggregation - DEBUG - WNT_signature_score binary cutoff (p75): 0.1279
2026-10-08 22:24:40 - hne.preprocessing.aggregation - DEBUG - EMT_signature_score binary cutoff (p75): 0.6302
2026-10-08 22:24:40 - hne.preprocessing.pipeline - INFO - Completed preprocessing for CH_L_395a.
2026-10-08 22:24:40 - __main__ - INFO - Preprocessing patient: CH_L_396a
2026-10-08 22:24:40 - hne.preprocessing.pipeline - INFO - Starting preprocessing patient: CH_L_396a
2026-10-08 22:24:44 - hne.preprocessing.tumor_purity - WARNING - CH_L_396a: missing deconv_sample_level_custom1_frac in obsm - skipping
2026-10-08 22:24:44 - __main__ - INFO - Preprocessing patient: CH_L_397a
2026-10-08 22:24:44 - hne.preprocessing.pipeline - INFO - Starting preprocessing patient: CH_L_397a
2026-10-08 22:24:52 - hne.preprocessing.tumor_purity - WARNING - CH_L_397a: missing deconv_sample_level_custom1_frac in obsm - skipping
2026-10-08 22:24:52 - __main__ - INFO - Preprocessing patient: CH_L_398a
2026-10-08 22:24:52 - hne.preprocessing.pipeline - INFO - Starting preprocessing patient: CH_L_398a
2026-10-08 22:24:59 - hne.preprocessing.tumor_purity - WARNING - CH_L_398a: missing deconv_sample_level_custom1_frac in obsm - skipping
2026-10-08 22:24:59 - __main__ - INFO - Preprocessing patient: CH_L_399a
2026-10-08 22:24:59 - hne.preprocessing.pipeline - INFO - Starting preprocessing patient: CH_L_399a
2026-10-08 22:25:06 - hne.preprocessing.tumor_purity - INFO - Attached tumor fraction to 2234 tissue spots
2026-10-08 22:25:07 - hne.preprocessing.tumor_purity - INFO - Created 38 initial tiles
2026-10-08 22:25:07 - hne.preprocessing.tumor_purity - INFO - Bayesian tile purtiy computed (k=2.0): mean=0.235
2026-10-08 22:25:07 - hne.preprocessing.tumor_purity - WARNING - Mean tile purity is very low: 0.23457679245712218
2026-10-08 22:25:07 - hne.preprocessing.tumor_purity - INFO - Filtered from 38 to 3 tumor tiles
2026-10-08 22:25:07 - hne.preprocessing.tumor_purity - WARNING - Only 3 tumor tiles - insufficient for MIL training
2026-10-08 22:25:10 - hne.preprocessing.tiling - INFO - Saved 3 tumor tiles for patient CH_L_399a
2026-10-08 22:25:27 - hne.preprocessing.aggregation - INFO - Aggregated 3 tumor tiles with avg 96.0 spots per tile
2026-10-08 22:25:27 - hne.preprocessing.aggregation - DEBUG - 7.89% of tiles are tumor tiles
2026-10-08 22:25:27 - hne.preprocessing.aggregation - WARNING - Very few tumor tiles after aggregation: 3 tiles
2026-10-08 22:25:27 - hne.preprocessing.aggregation - DEBUG - FMRP_signature_score binary cutoff (p75): -0.0177
2026-10-08 22:25:27 - hne.preprocessing.aggregation - DEBUG - Cell_cycle_signature_score binary cutoff (p75): 0.3379
2026-10-08 22:25:27 - hne.preprocessing.aggregation - DEBUG - YAP_signature_score binary cutoff (p75): 0.5045
2026-10-08 22:25:27 - hne.preprocessing.aggregation - DEBUG - WNT_signature_score binary cutoff (p75): 0.1321
2026-10-08 22:25:27 - hne.preprocessing.aggregation - DEBUG - EMT_signature_score binary cutoff (p75): 0.3847
2026-10-08 22:25:27 - hne.preprocessing.pipeline - INFO - Completed preprocessing for CH_L_399a.
2026-10-08 22:25:27 - __main__ - INFO - Preprocessing patient: CH_L_400a
2026-10-08 22:25:27 - hne.preprocessing.pipeline - INFO - Starting preprocessing patient: CH_L_400a
2026-10-08 22:25:31 - hne.preprocessing.tumor_purity - INFO - Attached tumor fraction to 628 tissue spots
2026-10-08 22:25:31 - hne.preprocessing.tumor_purity - INFO - Created 5 initial tiles
2026-10-08 22:25:31 - hne.preprocessing.tumor_purity - WARNING - Very few initial tiles created: 5
2026-10-08 22:25:31 - hne.preprocessing.tumor_purity - INFO - Bayesian tile purtiy computed (k=2.0): mean=0.671
2026-10-08 22:25:31 - hne.preprocessing.tumor_purity - INFO - Filtered from 5 to 3 tumor tiles
2026-10-08 22:25:31 - hne.preprocessing.tumor_purity - WARNING - Only 3 tumor tiles - insufficient for MIL training
2026-10-08 22:25:34 - hne.preprocessing.tiling - INFO - Saved 3 tumor tiles for patient CH_L_400a
2026-10-08 22:25:39 - hne.preprocessing.aggregation - INFO - Aggregated 3 tumor tiles with avg 49.67 spots per tile
2026-10-08 22:25:39 - hne.preprocessing.aggregation - DEBUG - 60.00% of tiles are tumor tiles
2026-10-08 22:25:39 - hne.preprocessing.aggregation - WARNING - Very few tumor tiles after aggregation: 3 tiles
2026-10-08 22:25:39 - hne.preprocessing.aggregation - DEBUG - FMRP_signature_score binary cutoff (p75): -0.0365
2026-10-08 22:25:39 - hne.preprocessing.aggregation - DEBUG - Cell_cycle_signature_score binary cutoff (p75): 0.3402
2026-10-08 22:25:39 - hne.preprocessing.aggregation - DEBUG - YAP_signature_score binary cutoff (p75): 0.3759
2026-10-08 22:25:39 - hne.preprocessing.aggregation - DEBUG - WNT_signature_score binary cutoff (p75): 0.0215
2026-10-08 22:25:39 - hne.preprocessing.aggregation - DEBUG - EMT_signature_score binary cutoff (p75): 0.5660
2026-10-08 22:25:39 - hne.preprocessing.pipeline - INFO - Completed preprocessing for CH_L_400a.
2026-10-08 22:25:39 - __main__ - INFO - Preprocessing patient: CH_L_401a
2026-10-08 22:25:39 - hne.preprocessing.pipeline - INFO - Starting preprocessing patient: CH_L_401a
2026-10-08 22:25:43 - hne.preprocessing.tumor_purity - WARNING - CH_L_401a: missing deconv_sample_level_custom1_frac in obsm - skipping
2026-10-08 22:25:43 - __main__ - INFO - Preprocessing patient: CH_L_402a
2026-10-08 22:25:43 - hne.preprocessing.pipeline - INFO - Starting preprocessing patient: CH_L_402a
2026-10-08 22:25:47 - hne.preprocessing.tumor_purity - WARNING - CH_L_402a: missing deconv_sample_level_custom1_frac in obsm - skipping
2026-10-08 22:25:47 - __main__ - INFO - Preprocessing patient: CH_L_403a
2026-10-08 22:25:47 - hne.preprocessing.pipeline - INFO - Starting preprocessing patient: CH_L_403a
2026-10-08 22:25:55 - hne.preprocessing.tumor_purity - INFO - Attached tumor fraction to 1467 tissue spots
2026-10-08 22:25:57 - hne.preprocessing.tumor_purity - INFO - Created 35 initial tiles
2026-10-08 22:25:57 - hne.preprocessing.tumor_purity - INFO - Bayesian tile purtiy computed (k=2.0): mean=0.627
2026-10-08 22:25:57 - hne.preprocessing.tumor_purity - INFO - Filtered from 35 to 18 tumor tiles
2026-10-08 22:26:14 - hne.preprocessing.tiling - INFO - Saved 18 tumor tiles for patient CH_L_403a
2026-10-08 22:26:27 - hne.preprocessing.aggregation - INFO - Aggregated 18 tumor tiles with avg 67.44 spots per tile
2026-10-08 22:26:27 - hne.preprocessing.aggregation - DEBUG - 51.43% of tiles are tumor tiles
2026-10-08 22:26:27 - hne.preprocessing.aggregation - DEBUG - FMRP_signature_score binary cutoff (p75): -0.0124
2026-10-08 22:26:27 - hne.preprocessing.aggregation - DEBUG - Cell_cycle_signature_score binary cutoff (p75): 0.2662
2026-10-08 22:26:27 - hne.preprocessing.aggregation - DEBUG - YAP_signature_score binary cutoff (p75): 0.4194
2026-10-08 22:26:27 - hne.preprocessing.aggregation - DEBUG - WNT_signature_score binary cutoff (p75): 0.1053
2026-10-08 22:26:27 - hne.preprocessing.aggregation - DEBUG - EMT_signature_score binary cutoff (p75): 0.4882
2026-10-08 22:26:27 - hne.preprocessing.pipeline - INFO - Completed preprocessing for CH_L_403a.
2026-10-08 22:26:27 - __main__ - INFO - Preprocessing patient: CH_L_405a
2026-10-08 22:26:27 - hne.preprocessing.pipeline - INFO - Starting preprocessing patient: CH_L_405a
2026-10-08 22:26:30 - hne.preprocessing.tumor_purity - WARNING - CH_L_405a: missing deconv_sample_level_custom1_frac in obsm - skipping
2026-10-08 22:26:31 - __main__ - INFO - Preprocessing patient: CH_L_406a
2026-10-08 22:26:31 - hne.preprocessing.pipeline - INFO - Starting preprocessing patient: CH_L_406a
2026-10-08 22:26:43 - hne.preprocessing.tumor_purity - WARNING - CH_L_406a: missing deconv_sample_level_custom1_frac in obsm - skipping
2026-10-08 22:26:44 - __main__ - INFO - Preprocessing patient: CH_L_407a
2026-10-08 22:26:44 - hne.preprocessing.pipeline - INFO - Starting preprocessing patient: CH_L_407a
2026-10-08 22:26:48 - hne.preprocessing.tumor_purity - WARNING - CH_L_407a: missing deconv_sample_level_custom1_frac in obsm - skipping
2026-10-08 22:26:48 - __main__ - INFO - Preprocessing patient: CH_L_409a
2026-10-08 22:26:48 - hne.preprocessing.pipeline - INFO - Starting preprocessing patient: CH_L_409a
2026-10-08 22:27:03 - hne.preprocessing.tumor_purity - WARNING - CH_L_409a: missing deconv_sample_level_custom1_frac in obsm - skipping
2026-10-08 22:27:04 - __main__ - INFO - Preprocessing patient: CH_L_410a
2026-10-08 22:27:04 - hne.preprocessing.pipeline - INFO - Starting preprocessing patient: CH_L_410a
2026-10-08 22:27:08 - hne.preprocessing.tumor_purity - WARNING - CH_L_410a: missing deconv_sample_level_custom1_frac in obsm - skipping
2026-10-08 22:27:08 - __main__ - INFO - Preprocessing patient: CH_L_410b
2026-10-08 22:27:08 - hne.preprocessing.pipeline - INFO - Starting preprocessing patient: CH_L_410b
2026-10-08 22:27:22 - hne.preprocessing.tumor_purity - WARNING - CH_L_410b: missing deconv_sample_level_custom1_frac in obsm - skipping
2026-10-08 22:27:22 - __main__ - INFO - Preprocessing patient: CH_L_411a
2026-10-08 22:27:22 - hne.preprocessing.pipeline - INFO - Starting preprocessing patient: CH_L_411a
2026-10-08 22:27:35 - hne.preprocessing.tumor_purity - WARNING - CH_L_411a: missing deconv_sample_level_custom1_frac in obsm - skipping
2026-10-08 22:27:35 - __main__ - INFO - Preprocessing patient: CH_L_412a
2026-10-08 22:27:35 - hne.preprocessing.pipeline - INFO - Starting preprocessing patient: CH_L_412a
2026-10-08 22:27:52 - hne.preprocessing.tumor_purity - WARNING - CH_L_412a: missing deconv_sample_level_custom1_frac in obsm - skipping
2026-10-08 22:27:52 - __main__ - INFO - Preprocessing patient: CH_L_413a
2026-10-08 22:27:52 - hne.preprocessing.pipeline - INFO - Starting preprocessing patient: CH_L_413a
2026-10-08 22:28:07 - hne.preprocessing.tumor_purity - WARNING - CH_L_413a: missing deconv_sample_level_custom1_frac in obsm - skipping
2026-10-08 22:28:07 - __main__ - INFO - Preprocessing patient: CH_L_414a
2026-10-08 22:28:07 - hne.preprocessing.pipeline - INFO - Starting preprocessing patient: CH_L_414a
2026-10-08 22:28:12 - hne.preprocessing.tumor_purity - WARNING - CH_L_414a: missing deconv_sample_level_custom1_frac in obsm - skipping
2026-10-08 22:28:12 - __main__ - INFO - Preprocessing patient: CH_L_414b
2026-10-08 22:28:12 - hne.preprocessing.pipeline - INFO - Starting preprocessing patient: CH_L_414b
2026-10-08 22:28:22 - hne.preprocessing.tumor_purity - WARNING - CH_L_414b: missing deconv_sample_level_custom1_frac in obsm - skipping
2026-10-08 22:28:22 - __main__ - INFO - Preprocessing patient: CH_L_414c
2026-10-08 22:28:22 - hne.preprocessing.pipeline - INFO - Starting preprocessing patient: CH_L_414c
2026-10-08 22:28:35 - hne.preprocessing.tumor_purity - WARNING - CH_L_414c: missing deconv_sample_level_custom1_frac in obsm - skipping
2026-10-08 22:28:35 - __main__ - INFO - Preprocessing patient: CH_L_415a
2026-10-08 22:28:35 - hne.preprocessing.pipeline - INFO - Starting preprocessing patient: CH_L_415a
2026-10-08 22:28:49 - hne.preprocessing.tumor_purity - WARNING - CH_L_415a: missing deconv_sample_level_custom1_frac in obsm - skipping
2026-10-08 22:28:49 - __main__ - INFO - Preprocessing patient: CH_L_416a
2026-10-08 22:28:49 - hne.preprocessing.pipeline - INFO - Starting preprocessing patient: CH_L_416a
2026-10-08 22:29:02 - hne.preprocessing.tumor_purity - WARNING - CH_L_416a: missing deconv_sample_level_custom1_frac in obsm - skipping
2026-10-08 22:29:02 - __main__ - INFO - Preprocessing patient: CH_L_417a
2026-10-08 22:29:02 - hne.preprocessing.pipeline - INFO - Starting preprocessing patient: CH_L_417a
2026-10-08 22:29:19 - hne.preprocessing.tumor_purity - WARNING - CH_L_417a: missing deconv_sample_level_custom1_frac in obsm - skipping
2026-10-08 22:29:19 - __main__ - INFO - Preprocessing patient: CH_L_418a
2026-10-08 22:29:19 - hne.preprocessing.pipeline - INFO - Starting preprocessing patient: CH_L_418a
2026-10-08 22:29:33 - hne.preprocessing.tumor_purity - WARNING - CH_L_418a: missing deconv_sample_level_custom1_frac in obsm - skipping
2026-10-08 22:29:33 - __main__ - INFO - Preprocessing patient: CH_L_419a
2026-10-08 22:29:33 - hne.preprocessing.pipeline - INFO - Starting preprocessing patient: CH_L_419a
2026-10-08 22:29:47 - hne.preprocessing.tumor_purity - WARNING - CH_L_419a: missing deconv_sample_level_custom1_frac in obsm - skipping
2026-10-08 22:29:47 - __main__ - INFO - Preprocessing patient: CH_L_420a
2026-10-08 22:29:47 - hne.preprocessing.pipeline - INFO - Starting preprocessing patient: CH_L_420a
2026-10-08 22:29:51 - hne.preprocessing.tumor_purity - WARNING - CH_L_420a: missing deconv_sample_level_custom1_frac in obsm - skipping
2026-10-08 22:29:51 - __main__ - INFO - Preprocessing patient: CH_L_420b
2026-10-08 22:29:51 - hne.preprocessing.pipeline - INFO - Starting preprocessing patient: CH_L_420b
2026-10-08 22:30:04 - hne.preprocessing.tumor_purity - WARNING - CH_L_420b: missing deconv_sample_level_custom1_frac in obsm - skipping
2026-10-08 22:30:05 - __main__ - INFO - Preprocessing patient: CH_L_421a
2026-10-08 22:30:05 - hne.preprocessing.pipeline - INFO - Starting preprocessing patient: CH_L_421a
2026-10-08 22:30:10 - hne.preprocessing.tumor_purity - WARNING - CH_L_421a: missing deconv_sample_level_custom1_frac in obsm - skipping
2026-10-08 22:30:10 - __main__ - INFO - Preprocessing patient: CH_L_421b
2026-10-08 22:30:10 - hne.preprocessing.pipeline - INFO - Starting preprocessing patient: CH_L_421b
2026-10-08 22:30:26 - hne.preprocessing.tumor_purity - WARNING - CH_L_421b: missing deconv_sample_level_custom1_frac in obsm - skipping
2026-10-08 22:30:27 - __main__ - INFO - Preprocessing patient: CH_L_422a
2026-10-08 22:30:27 - hne.preprocessing.pipeline - INFO - Starting preprocessing patient: CH_L_422a
2026-10-08 22:30:39 - hne.preprocessing.tumor_purity - WARNING - CH_L_422a: missing deconv_sample_level_custom1_frac in obsm - skipping
2026-10-08 22:30:39 - __main__ - INFO - Preprocessing patient: CH_L_423a
2026-10-08 22:30:39 - hne.preprocessing.pipeline - INFO - Starting preprocessing patient: CH_L_423a
2026-10-08 22:30:52 - hne.preprocessing.tumor_purity - WARNING - CH_L_423a: missing deconv_sample_level_custom1_frac in obsm - skipping
2026-10-08 22:30:53 - __main__ - INFO - Preprocessing patient: CH_L_424a
2026-10-08 22:30:53 - hne.preprocessing.pipeline - INFO - Starting preprocessing patient: CH_L_424a
2026-10-08 22:31:05 - hne.preprocessing.tumor_purity - WARNING - CH_L_424a: missing deconv_sample_level_custom1_frac in obsm - skipping
2026-10-08 22:31:05 - __main__ - INFO - Preprocessing patient: CH_L_425a
2026-10-08 22:31:05 - hne.preprocessing.pipeline - INFO - Starting preprocessing patient: CH_L_425a
2026-10-08 22:31:12 - hne.preprocessing.tumor_purity - WARNING - CH_L_425a: missing deconv_sample_level_custom1_frac in obsm - skipping
2026-10-08 22:31:12 - __main__ - INFO - Preprocessing patient: CH_L_426a
2026-10-08 22:31:12 - hne.preprocessing.pipeline - INFO - Starting preprocessing patient: CH_L_426a
2026-10-08 22:31:25 - hne.preprocessing.tumor_purity - WARNING - CH_L_426a: missing deconv_sample_level_custom1_frac in obsm - skipping
2026-10-08 22:31:25 - __main__ - INFO - Preprocessing patient: CH_L_427a
2026-10-08 22:31:25 - hne.preprocessing.pipeline - INFO - Starting preprocessing patient: CH_L_427a
2026-10-08 22:31:39 - hne.preprocessing.tumor_purity - WARNING - CH_L_427a: missing deconv_sample_level_custom1_frac in obsm - skipping
2026-10-08 22:31:39 - __main__ - INFO - Preprocessing patient: CH_L_428a
2026-10-08 22:31:39 - hne.preprocessing.pipeline - INFO - Starting preprocessing patient: CH_L_428a
2026-10-08 22:31:56 - hne.preprocessing.tumor_purity - WARNING - CH_L_428a: missing deconv_sample_level_custom1_frac in obsm - skipping
2026-10-08 22:31:56 - __main__ - INFO - Preprocessing patient: CH_L_429a
2026-10-08 22:31:56 - hne.preprocessing.pipeline - INFO - Starting preprocessing patient: CH_L_429a
2026-10-08 22:32:12 - hne.preprocessing.tumor_purity - WARNING - CH_L_429a: missing deconv_sample_level_custom1_frac in obsm - skipping
2026-10-08 22:32:12 - __main__ - INFO - Preprocessing patient: CH_L_430a
2026-10-08 22:32:12 - hne.preprocessing.pipeline - INFO - Starting preprocessing patient: CH_L_430a
2026-10-08 22:32:26 - hne.preprocessing.tumor_purity - WARNING - CH_L_430a: missing deconv_sample_level_custom1_frac in obsm - skipping
2026-10-08 22:32:26 - __main__ - INFO - Preprocessing patient: CH_L_431a
2026-10-08 22:32:26 - hne.preprocessing.pipeline - INFO - Starting preprocessing patient: CH_L_431a
2026-10-08 22:32:40 - hne.preprocessing.tumor_purity - WARNING - CH_L_431a: missing deconv_sample_level_custom1_frac in obsm - skipping
2026-10-08 22:32:40 - __main__ - INFO - Preprocessing patient: CH_L_432a
2026-10-08 22:32:40 - hne.preprocessing.pipeline - INFO - Starting preprocessing patient: CH_L_432a
2026-10-08 22:32:53 - hne.preprocessing.tumor_purity - WARNING - CH_L_432a: missing deconv_sample_level_custom1_frac in obsm - skipping
2026-10-08 22:32:53 - __main__ - INFO - Preprocessing patient: CH_L_433a
2026-10-08 22:32:53 - hne.preprocessing.pipeline - INFO - Starting preprocessing patient: CH_L_433a
2026-10-08 22:33:05 - hne.preprocessing.tumor_purity - WARNING - CH_L_433a: missing deconv_sample_level_custom1_frac in obsm - skipping
2026-10-08 22:33:05 - __main__ - INFO - Preprocessing patient: CH_L_437a
2026-10-08 22:33:05 - hne.preprocessing.pipeline - INFO - Starting preprocessing patient: CH_L_437a
2026-10-08 22:33:10 - hne.preprocessing.tumor_purity - WARNING - CH_L_437a: missing deconv_sample_level_custom1_frac in obsm - skipping
2026-10-08 22:33:10 - __main__ - INFO - Preprocessing patient: CH_L_437b
2026-10-08 22:33:10 - hne.preprocessing.pipeline - INFO - Starting preprocessing patient: CH_L_437b
2026-10-08 22:33:24 - hne.preprocessing.tumor_purity - WARNING - CH_L_437b: missing deconv_sample_level_custom1_frac in obsm - skipping
2026-10-08 22:33:24 - __main__ - INFO - Preprocessing patient: CH_L_438a
2026-10-08 22:33:24 - hne.preprocessing.pipeline - INFO - Starting preprocessing patient: CH_L_438a
2026-10-08 22:33:38 - hne.preprocessing.tumor_purity - WARNING - CH_L_438a: missing deconv_sample_level_custom1_frac in obsm - skipping
2026-10-08 22:33:38 - __main__ - INFO - Preprocessing patient: CH_L_439a
2026-10-08 22:33:38 - hne.preprocessing.pipeline - INFO - Starting preprocessing patient: CH_L_439a
2026-10-08 22:33:51 - hne.preprocessing.tumor_purity - WARNING - CH_L_439a: missing deconv_sample_level_custom1_frac in obsm - skipping
2026-10-08 22:33:51 - __main__ - INFO - Preprocessing patient: CH_L_439b
2026-10-08 22:33:51 - hne.preprocessing.pipeline - INFO - Starting preprocessing patient: CH_L_439b
2026-10-08 22:34:05 - hne.preprocessing.tumor_purity - WARNING - CH_L_439b: missing deconv_sample_level_custom1_frac in obsm - skipping
2026-10-08 22:34:05 - __main__ - INFO - Preprocessing patient: CH_L_440a
2026-10-08 22:34:05 - hne.preprocessing.pipeline - INFO - Starting preprocessing patient: CH_L_440a
2026-10-08 22:34:22 - hne.preprocessing.tumor_purity - WARNING - CH_L_440a: missing deconv_sample_level_custom1_frac in obsm - skipping
2026-10-08 22:34:22 - __main__ - INFO - Preprocessing patient: CH_L_442a
2026-10-08 22:34:22 - hne.preprocessing.pipeline - INFO - Starting preprocessing patient: CH_L_442a
2026-10-08 22:34:38 - hne.preprocessing.tumor_purity - WARNING - CH_L_442a: missing deconv_sample_level_custom1_frac in obsm - skipping
2026-10-08 22:34:38 - __main__ - INFO - Saved cohort tile signatures to tile_signature_matrix directory
2026-10-08 22:34:40 - __main__ - INFO - Generated cohort tile variation plots. Positivity rates:
                 Signature  Percentage Positive
      FMRP_signature_score            26.095684
Cell_cycle_signature_score            26.095684
       YAP_signature_score            26.095684
       WNT_signature_score            26.095684
       EMT_signature_score            26.095684
2026-10-08 22:34:49 - __main__ - INFO - ========================================
2026-10-08 22:34:49 - __main__ - INFO - Total patients discovered: 151
2026-10-08 22:34:49 - __main__ - INFO - Successfully processed: 149
2026-10-08 22:34:49 - __main__ - INFO - Failed patients: 2
2026-10-08 22:34:49 - __main__ - WARNING - Failed patients: ['CH_L_298a', 'CH_L_376a']
2026-10-08 22:34:49 - __main__ - INFO - Cohort preprocessing completed
